assay_chembl_id,canonical_smiles,molecule_chembl_id,standard_type,standard_units,standard_value,target_chembl_id,type,units,value,target_label
CHEMBL769665,CCCCOc1cc(Cc2cnc(N)nc2N)ccc1OCc1cc(OC)c(OC)c(OC)c1,CHEMBL416373,IC50,nM,330.0,CHEMBL1939,IC50,uM,0.33,"PfDHFR-TS K1 (P. falciparum, resistant)"
CHEMBL769666,CCCCOc1cc(Cc2cnc(N)nc2N)ccc1OCc1cc(OC)c(OC)c(OC)c1,CHEMBL416373,IC50,nM,50.0,CHEMBL1939,IC50,uM,0.05,"PfDHFR-TS K1 (P. falciparum, resistant)"
CHEMBL769492,CCCCOc1cc(Cc2cnc(N)nc2N)ccc1OCc1cc(OC)c(OC)c(OC)c1,CHEMBL416373,IC50,nM,10160.0,CHEMBL1939,IC50,uM,10.16,"PfDHFR-TS K1 (P. falciparum, resistant)"
CHEMBL769664,CCCCOc1cc(Cc2cnc(N)nc2N)ccc1OCc1cc(OC)c(OC)c(OC)c1,CHEMBL416373,IC50,nM,70.0,CHEMBL1939,IC50,uM,0.07,"PfDHFR-TS K1 (P. falciparum, resistant)"
CHEMBL769484,CCCCOc1cc(Cc2cnc(N)nc2N)ccc1OCc1cc(OC)c(OC)c(OC)c1,CHEMBL416373,IC50,nM,3400.0,CHEMBL1939,IC50,uM,3.4,"PfDHFR-TS K1 (P. falciparum, resistant)"
CHEMBL769485,CCCCOc1cc(Cc2cnc(N)nc2N)ccc1OCc1cc(OC)c(OC)c(OC)c1,CHEMBL416373,IC50,nM,30.0,CHEMBL1939,IC50,uM,0.03,"PfDHFR-TS K1 (P. falciparum, resistant)"
CHEMBL769667,CCCCOc1cc(Cc2cnc(N)nc2N)ccc1OCc1cc(OC)c(OC)c(OC)c1,CHEMBL416373,IC50,nM,15910.0,CHEMBL1939,IC50,uM,15.91,"PfDHFR-TS K1 (P. falciparum, resistant)"
CHEMBL769665,COc1ccc(Cc2cnc(N)nc2N)cc1OCc1ccccc1,CHEMBL291931,IC50,nM,17480.0,CHEMBL1939,IC50,uM,17.48,"PfDHFR-TS K1 (P. falciparum, resistant)"
CHEMBL769666,COc1ccc(Cc2cnc(N)nc2N)cc1OCc1ccccc1,CHEMBL291931,IC50,nM,2620.0,CHEMBL1939,IC50,uM,2.62,"PfDHFR-TS K1 (P. falciparum, resistant)"
CHEMBL769492,COc1ccc(Cc2cnc(N)nc2N)cc1OCc1ccccc1,CHEMBL291931,IC50,nM,3830.0,CHEMBL1939,IC50,uM,3.83,"PfDHFR-TS K1 (P. falciparum, resistant)"
CHEMBL769664,COc1ccc(Cc2cnc(N)nc2N)cc1OCc1ccccc1,CHEMBL291931,IC50,nM,30.0,CHEMBL1939,IC50,uM,0.03,"PfDHFR-TS K1 (P. falciparum, resistant)"
CHEMBL769484,COc1ccc(Cc2cnc(N)nc2N)cc1OCc1ccccc1,CHEMBL291931,IC50,nM,5730.0,CHEMBL1939,IC50,uM,5.73,"PfDHFR-TS K1 (P. falciparum, resistant)"
CHEMBL769485,COc1ccc(Cc2cnc(N)nc2N)cc1OCc1ccccc1,CHEMBL291931,IC50,nM,50.0,CHEMBL1939,IC50,uM,0.05,"PfDHFR-TS K1 (P. falciparum, resistant)"
CHEMBL769668,COc1ccc(Cc2cnc(N)nc2N)cc1OCc1ccccc1,CHEMBL291931,IC50,nM,250.0,CHEMBL1939,IC50,uM,0.25,"PfDHFR-TS K1 (P. falciparum, resistant)"
CHEMBL811758,CCc1nc(N)nc(N)c1-c1cccc(OC)c1,CHEMBL29773,IC50,nM,9.3,CHEMBL1939,IC50,nM,9.3,"PfDHFR-TS K1 (P. falciparum, resistant)"
CHEMBL811757,CCc1nc(N)nc(N)c1-c1cccc(OC)c1,CHEMBL29773,IC50,nM,73.0,CHEMBL1939,IC50,nM,73.0,"PfDHFR-TS K1 (P. falciparum, resistant)"
CHEMBL769665,Nc1ncc(Cc2ccc(OCc3ccccc3)c(OCc3ccccc3)c2)c(N)n1,CHEMBL22138,IC50,nM,3120.0,CHEMBL1939,IC50,uM,3.12,"PfDHFR-TS K1 (P. falciparum, resistant)"
CHEMBL769666,Nc1ncc(Cc2ccc(OCc3ccccc3)c(OCc3ccccc3)c2)c(N)n1,CHEMBL22138,IC50,nM,470.0,CHEMBL1939,IC50,uM,0.47,"PfDHFR-TS K1 (P. falciparum, resistant)"
CHEMBL769492,Nc1ncc(Cc2ccc(OCc3ccccc3)c(OCc3ccccc3)c2)c(N)n1,CHEMBL22138,IC50,nM,14580.0,CHEMBL1939,IC50,uM,14.58,"PfDHFR-TS K1 (P. falciparum, resistant)"
CHEMBL769664,Nc1ncc(Cc2ccc(OCc3ccccc3)c(OCc3ccccc3)c2)c(N)n1,CHEMBL22138,IC50,nM,110.0,CHEMBL1939,IC50,uM,0.11,"PfDHFR-TS K1 (P. falciparum, resistant)"
CHEMBL769484,Nc1ncc(Cc2ccc(OCc3ccccc3)c(OCc3ccccc3)c2)c(N)n1,CHEMBL22138,IC50,nM,6750.0,CHEMBL1939,IC50,uM,6.75,"PfDHFR-TS K1 (P. falciparum, resistant)"
CHEMBL769485,Nc1ncc(Cc2ccc(OCc3ccccc3)c(OCc3ccccc3)c2)c(N)n1,CHEMBL22138,IC50,nM,60.0,CHEMBL1939,IC50,uM,0.06,"PfDHFR-TS K1 (P. falciparum, resistant)"
CHEMBL769667,Nc1ncc(Cc2ccc(OCc3ccccc3)c(OCc3ccccc3)c2)c(N)n1,CHEMBL22138,IC50,nM,8130.0,CHEMBL1939,IC50,uM,8.13,"PfDHFR-TS K1 (P. falciparum, resistant)"
CHEMBL769665,Nc1ncc(Cc2ccc(OCc3ccccc3)cc2)c(N)n1,CHEMBL56146,IC50,nM,15150.0,CHEMBL1939,IC50,uM,15.15,"PfDHFR-TS K1 (P. falciparum, resistant)"
CHEMBL769666,Nc1ncc(Cc2ccc(OCc3ccccc3)cc2)c(N)n1,CHEMBL56146,IC50,nM,2270.0,CHEMBL1939,IC50,uM,2.27,"PfDHFR-TS K1 (P. falciparum, resistant)"
CHEMBL769492,Nc1ncc(Cc2ccc(OCc3ccccc3)cc2)c(N)n1,CHEMBL56146,IC50,nM,17140.0,CHEMBL1939,IC50,uM,17.14,"PfDHFR-TS K1 (P. falciparum, resistant)"
CHEMBL769664,Nc1ncc(Cc2ccc(OCc3ccccc3)cc2)c(N)n1,CHEMBL56146,IC50,nM,130.0,CHEMBL1939,IC50,uM,0.13,"PfDHFR-TS K1 (P. falciparum, resistant)"
CHEMBL769484,Nc1ncc(Cc2ccc(OCc3ccccc3)cc2)c(N)n1,CHEMBL56146,IC50,nM,15260.0,CHEMBL1939,IC50,uM,15.26,"PfDHFR-TS K1 (P. falciparum, resistant)"
CHEMBL769485,Nc1ncc(Cc2ccc(OCc3ccccc3)cc2)c(N)n1,CHEMBL56146,IC50,nM,130.0,CHEMBL1939,IC50,uM,0.13,"PfDHFR-TS K1 (P. falciparum, resistant)"
CHEMBL769667,Nc1ncc(Cc2ccc(OCc3ccccc3)cc2)c(N)n1,CHEMBL56146,IC50,nM,21490.0,CHEMBL1939,IC50,uM,21.49,"PfDHFR-TS K1 (P. falciparum, resistant)"
CHEMBL769665,COc1cc(Cc2c(C)nc(N)nc2N)cc(OC)c1OC,CHEMBL325533,IC50,nM,22730.0,CHEMBL1939,IC50,uM,22.73,"PfDHFR-TS K1 (P. falciparum, resistant)"
CHEMBL769666,COc1cc(Cc2c(C)nc(N)nc2N)cc(OC)c1OC,CHEMBL325533,IC50,nM,3410.0,CHEMBL1939,IC50,uM,3.41,"PfDHFR-TS K1 (P. falciparum, resistant)"
CHEMBL769484,COc1cc(Cc2c(C)nc(N)nc2N)cc(OC)c1OC,CHEMBL325533,IC50,nM,90810.0,CHEMBL1939,IC50,uM,90.81,"PfDHFR-TS K1 (P. falciparum, resistant)"
CHEMBL769485,COc1cc(Cc2c(C)nc(N)nc2N)cc(OC)c1OC,CHEMBL325533,IC50,nM,760.0,CHEMBL1939,IC50,uM,0.76,"PfDHFR-TS K1 (P. falciparum, resistant)"
CHEMBL769668,COc1cc(Cc2c(C)nc(N)nc2N)cc(OC)c1OC,CHEMBL325533,IC50,nM,500.0,CHEMBL1939,IC50,uM,0.5,"PfDHFR-TS K1 (P. falciparum, resistant)"
CHEMBL769665,CCCOc1cc(Cc2cnc(N)nc2N)ccc1OCc1cc(OC)c(OC)c(OC)c1,CHEMBL22139,IC50,nM,150.0,CHEMBL1939,IC50,uM,0.15,"PfDHFR-TS K1 (P. falciparum, resistant)"
CHEMBL769666,CCCOc1cc(Cc2cnc(N)nc2N)ccc1OCc1cc(OC)c(OC)c(OC)c1,CHEMBL22139,IC50,nM,20.0,CHEMBL1939,IC50,uM,0.02,"PfDHFR-TS K1 (P. falciparum, resistant)"
CHEMBL769492,CCCOc1cc(Cc2cnc(N)nc2N)ccc1OCc1cc(OC)c(OC)c(OC)c1,CHEMBL22139,IC50,nM,4290.0,CHEMBL1939,IC50,uM,4.29,"PfDHFR-TS K1 (P. falciparum, resistant)"
CHEMBL769664,CCCOc1cc(Cc2cnc(N)nc2N)ccc1OCc1cc(OC)c(OC)c(OC)c1,CHEMBL22139,IC50,nM,30.0,CHEMBL1939,IC50,uM,0.03,"PfDHFR-TS K1 (P. falciparum, resistant)"
CHEMBL769484,CCCOc1cc(Cc2cnc(N)nc2N)ccc1OCc1cc(OC)c(OC)c(OC)c1,CHEMBL22139,IC50,nM,7700.0,CHEMBL1939,IC50,uM,7.7,"PfDHFR-TS K1 (P. falciparum, resistant)"
CHEMBL769485,CCCOc1cc(Cc2cnc(N)nc2N)ccc1OCc1cc(OC)c(OC)c(OC)c1,CHEMBL22139,IC50,nM,60.0,CHEMBL1939,IC50,uM,0.06,"PfDHFR-TS K1 (P. falciparum, resistant)"
CHEMBL769667,CCCOc1cc(Cc2cnc(N)nc2N)ccc1OCc1cc(OC)c(OC)c(OC)c1,CHEMBL22139,IC50,nM,9750.0,CHEMBL1939,IC50,uM,9.75,"PfDHFR-TS K1 (P. falciparum, resistant)"
CHEMBL769665,Nc1ncc(Cc2cccc(OCc3ccccc3)c2)c(N)n1,CHEMBL274031,IC50,nM,15220.0,CHEMBL1939,IC50,uM,15.22,"PfDHFR-TS K1 (P. falciparum, resistant)"
CHEMBL769666,Nc1ncc(Cc2cccc(OCc3ccccc3)c2)c(N)n1,CHEMBL274031,IC50,nM,2280.0,CHEMBL1939,IC50,uM,2.28,"PfDHFR-TS K1 (P. falciparum, resistant)"
CHEMBL769492,Nc1ncc(Cc2cccc(OCc3ccccc3)c2)c(N)n1,CHEMBL274031,IC50,nM,3520.0,CHEMBL1939,IC50,uM,3.52,"PfDHFR-TS K1 (P. falciparum, resistant)"
CHEMBL769664,Nc1ncc(Cc2cccc(OCc3ccccc3)c2)c(N)n1,CHEMBL274031,IC50,nM,30.0,CHEMBL1939,IC50,uM,0.03,"PfDHFR-TS K1 (P. falciparum, resistant)"
CHEMBL769484,Nc1ncc(Cc2cccc(OCc3ccccc3)c2)c(N)n1,CHEMBL274031,IC50,nM,3330.0,CHEMBL1939,IC50,uM,3.33,"PfDHFR-TS K1 (P. falciparum, resistant)"
CHEMBL769485,Nc1ncc(Cc2cccc(OCc3ccccc3)c2)c(N)n1,CHEMBL274031,IC50,nM,30.0,CHEMBL1939,IC50,uM,0.03,"PfDHFR-TS K1 (P. falciparum, resistant)"
CHEMBL769667,Nc1ncc(Cc2cccc(OCc3ccccc3)c2)c(N)n1,CHEMBL274031,IC50,nM,12750.0,CHEMBL1939,IC50,uM,12.75,"PfDHFR-TS K1 (P. falciparum, resistant)"
CHEMBL769665,Nc1ncc(Cc2cccc(Oc3ccccc3)c2)c(N)n1,CHEMBL119224,IC50,nM,19080.0,CHEMBL1939,IC50,uM,19.08,"PfDHFR-TS K1 (P. falciparum, resistant)"
CHEMBL769666,Nc1ncc(Cc2cccc(Oc3ccccc3)c2)c(N)n1,CHEMBL119224,IC50,nM,2860.0,CHEMBL1939,IC50,uM,2.86,"PfDHFR-TS K1 (P. falciparum, resistant)"
CHEMBL769492,Nc1ncc(Cc2cccc(Oc3ccccc3)c2)c(N)n1,CHEMBL119224,IC50,nM,3690.0,CHEMBL1939,IC50,uM,3.69,"PfDHFR-TS K1 (P. falciparum, resistant)"
CHEMBL769664,Nc1ncc(Cc2cccc(Oc3ccccc3)c2)c(N)n1,CHEMBL119224,IC50,nM,30.0,CHEMBL1939,IC50,uM,0.03,"PfDHFR-TS K1 (P. falciparum, resistant)"
CHEMBL769484,Nc1ncc(Cc2cccc(Oc3ccccc3)c2)c(N)n1,CHEMBL119224,IC50,nM,3517.0,CHEMBL1939,IC50,uM,3.517,"PfDHFR-TS K1 (P. falciparum, resistant)"
CHEMBL769485,Nc1ncc(Cc2cccc(Oc3ccccc3)c2)c(N)n1,CHEMBL119224,IC50,nM,30.0,CHEMBL1939,IC50,uM,0.03,"PfDHFR-TS K1 (P. falciparum, resistant)"
CHEMBL769667,Nc1ncc(Cc2cccc(Oc3ccccc3)c2)c(N)n1,CHEMBL119224,IC50,nM,29610.0,CHEMBL1939,IC50,uM,29.61,"PfDHFR-TS K1 (P. falciparum, resistant)"
CHEMBL769665,CCc1nc(N)nc(N)c1Cc1ccc(OCc2ccccc2)c(OCc2ccccc2)c1,CHEMBL22137,IC50,nM,3570.0,CHEMBL1939,IC50,uM,3.57,"PfDHFR-TS K1 (P. falciparum, resistant)"
CHEMBL769666,CCc1nc(N)nc(N)c1Cc1ccc(OCc2ccccc2)c(OCc2ccccc2)c1,CHEMBL22137,IC50,nM,540.0,CHEMBL1939,IC50,uM,0.54,"PfDHFR-TS K1 (P. falciparum, resistant)"
CHEMBL769492,CCc1nc(N)nc(N)c1Cc1ccc(OCc2ccccc2)c(OCc2ccccc2)c1,CHEMBL22137,IC50,nM,4180.0,CHEMBL1939,IC50,uM,4.18,"PfDHFR-TS K1 (P. falciparum, resistant)"
CHEMBL769664,CCc1nc(N)nc(N)c1Cc1ccc(OCc2ccccc2)c(OCc2ccccc2)c1,CHEMBL22137,IC50,nM,30.0,CHEMBL1939,IC50,uM,0.03,"PfDHFR-TS K1 (P. falciparum, resistant)"
CHEMBL769484,CCc1nc(N)nc(N)c1Cc1ccc(OCc2ccccc2)c(OCc2ccccc2)c1,CHEMBL22137,IC50,nM,3460.0,CHEMBL1939,IC50,uM,3.46,"PfDHFR-TS K1 (P. falciparum, resistant)"
CHEMBL769485,CCc1nc(N)nc(N)c1Cc1ccc(OCc2ccccc2)c(OCc2ccccc2)c1,CHEMBL22137,IC50,nM,30.0,CHEMBL1939,IC50,uM,0.03,"PfDHFR-TS K1 (P. falciparum, resistant)"
CHEMBL769667,CCc1nc(N)nc(N)c1Cc1ccc(OCc2ccccc2)c(OCc2ccccc2)c1,CHEMBL22137,IC50,nM,3020.0,CHEMBL1939,IC50,uM,3.02,"PfDHFR-TS K1 (P. falciparum, resistant)"
CHEMBL811758,CCc1nc(N)nc(N)c1-c1cccc(Cl)c1,CHEMBL278847,IC50,nM,2.7,CHEMBL1939,IC50,nM,2.7,"PfDHFR-TS K1 (P. falciparum, resistant)"
CHEMBL811757,CCc1nc(N)nc(N)c1-c1cccc(Cl)c1,CHEMBL278847,IC50,nM,12.7,CHEMBL1939,IC50,nM,12.7,"PfDHFR-TS K1 (P. falciparum, resistant)"
CHEMBL769665,COc1cc(COc2ccc(Cc3cnc(N)nc3N)cc2)cc(OC)c1OC,CHEMBL416376,IC50,nM,680.0,CHEMBL1939,IC50,uM,0.68,"PfDHFR-TS K1 (P. falciparum, resistant)"
CHEMBL769666,COc1cc(COc2ccc(Cc3cnc(N)nc3N)cc2)cc(OC)c1OC,CHEMBL416376,IC50,nM,100.0,CHEMBL1939,IC50,uM,0.1,"PfDHFR-TS K1 (P. falciparum, resistant)"
CHEMBL769492,COc1cc(COc2ccc(Cc3cnc(N)nc3N)cc2)cc(OC)c1OC,CHEMBL416376,IC50,nM,19880.0,CHEMBL1939,IC50,uM,19.88,"PfDHFR-TS K1 (P. falciparum, resistant)"
CHEMBL769664,COc1cc(COc2ccc(Cc3cnc(N)nc3N)cc2)cc(OC)c1OC,CHEMBL416376,IC50,nM,150.0,CHEMBL1939,IC50,uM,0.15,"PfDHFR-TS K1 (P. falciparum, resistant)"
CHEMBL769484,COc1cc(COc2ccc(Cc3cnc(N)nc3N)cc2)cc(OC)c1OC,CHEMBL416376,IC50,nM,19850.0,CHEMBL1939,IC50,uM,19.85,"PfDHFR-TS K1 (P. falciparum, resistant)"
CHEMBL769485,COc1cc(COc2ccc(Cc3cnc(N)nc3N)cc2)cc(OC)c1OC,CHEMBL416376,IC50,nM,170.0,CHEMBL1939,IC50,uM,0.17,"PfDHFR-TS K1 (P. falciparum, resistant)"
CHEMBL769667,COc1cc(COc2ccc(Cc3cnc(N)nc3N)cc2)cc(OC)c1OC,CHEMBL416376,IC50,nM,21120.0,CHEMBL1939,IC50,uM,21.12,"PfDHFR-TS K1 (P. falciparum, resistant)"
CHEMBL769665,CCc1nc(N)nc(N)c1Cc1ccc(OCc2ccccc2)c(OC)c1,CHEMBL118602,IC50,nM,5060.0,CHEMBL1939,IC50,uM,5.06,"PfDHFR-TS K1 (P. falciparum, resistant)"
CHEMBL769666,CCc1nc(N)nc(N)c1Cc1ccc(OCc2ccccc2)c(OC)c1,CHEMBL118602,IC50,nM,760.0,CHEMBL1939,IC50,uM,0.76,"PfDHFR-TS K1 (P. falciparum, resistant)"
CHEMBL769492,CCc1nc(N)nc(N)c1Cc1ccc(OCc2ccccc2)c(OC)c1,CHEMBL118602,IC50,nM,16260.0,CHEMBL1939,IC50,uM,16.26,"PfDHFR-TS K1 (P. falciparum, resistant)"
CHEMBL769664,CCc1nc(N)nc(N)c1Cc1ccc(OCc2ccccc2)c(OC)c1,CHEMBL118602,IC50,nM,120.0,CHEMBL1939,IC50,uM,0.12,"PfDHFR-TS K1 (P. falciparum, resistant)"
CHEMBL769484,CCc1nc(N)nc(N)c1Cc1ccc(OCc2ccccc2)c(OC)c1,CHEMBL118602,IC50,nM,5370.0,CHEMBL1939,IC50,uM,5.37,"PfDHFR-TS K1 (P. falciparum, resistant)"
CHEMBL769485,CCc1nc(N)nc(N)c1Cc1ccc(OCc2ccccc2)c(OC)c1,CHEMBL118602,IC50,nM,50.0,CHEMBL1939,IC50,uM,0.05,"PfDHFR-TS K1 (P. falciparum, resistant)"
CHEMBL769667,CCc1nc(N)nc(N)c1Cc1ccc(OCc2ccccc2)c(OC)c1,CHEMBL118602,IC50,nM,11300.0,CHEMBL1939,IC50,uM,11.3,"PfDHFR-TS K1 (P. falciparum, resistant)"
CHEMBL769665,CCc1nc(N)nc(N)c1Cc1cc(OC)c(OC)c(OC)c1,CHEMBL419055,IC50,nM,2400.0,CHEMBL1939,IC50,uM,2.4,"PfDHFR-TS K1 (P. falciparum, resistant)"
CHEMBL769666,CCc1nc(N)nc(N)c1Cc1cc(OC)c(OC)c(OC)c1,CHEMBL419055,IC50,nM,360.0,CHEMBL1939,IC50,uM,0.36,"PfDHFR-TS K1 (P. falciparum, resistant)"
CHEMBL769668,CCc1nc(N)nc(N)c1Cc1cc(OC)c(OC)c(OC)c1,CHEMBL419055,IC50,nM,250.0,CHEMBL1939,IC50,uM,0.25,"PfDHFR-TS K1 (P. falciparum, resistant)"
CHEMBL769665,COc1cc(Cc2cnc(N)nc2N)ccc1OCc1ccccc1,CHEMBL22146,IC50,nM,4660.0,CHEMBL1939,IC50,uM,4.66,"PfDHFR-TS K1 (P. falciparum, resistant)"
CHEMBL769666,COc1cc(Cc2cnc(N)nc2N)ccc1OCc1ccccc1,CHEMBL22146,IC50,nM,700.0,CHEMBL1939,IC50,uM,0.7,"PfDHFR-TS K1 (P. falciparum, resistant)"
CHEMBL769484,COc1cc(Cc2cnc(N)nc2N)ccc1OCc1ccccc1,CHEMBL22146,IC50,nM,25610.0,CHEMBL1939,IC50,uM,25.61,"PfDHFR-TS K1 (P. falciparum, resistant)"
CHEMBL769485,COc1cc(Cc2cnc(N)nc2N)ccc1OCc1ccccc1,CHEMBL22146,IC50,nM,210.0,CHEMBL1939,IC50,uM,0.21,"PfDHFR-TS K1 (P. falciparum, resistant)"
CHEMBL769667,COc1cc(Cc2cnc(N)nc2N)ccc1OCc1ccccc1,CHEMBL22146,IC50,nM,38020.0,CHEMBL1939,IC50,uM,38.02,"PfDHFR-TS K1 (P. falciparum, resistant)"
CHEMBL769665,COc1cc(Cc2cnc(N)nc2N)ccc1OCc1cc(OC)c(OC)c(OC)c1,CHEMBL22811,IC50,nM,310.0,CHEMBL1939,IC50,uM,0.31,"PfDHFR-TS K1 (P. falciparum, resistant)"
CHEMBL769666,COc1cc(Cc2cnc(N)nc2N)ccc1OCc1cc(OC)c(OC)c(OC)c1,CHEMBL22811,IC50,nM,50.0,CHEMBL1939,IC50,uM,0.05,"PfDHFR-TS K1 (P. falciparum, resistant)"
CHEMBL769492,COc1cc(Cc2cnc(N)nc2N)ccc1OCc1cc(OC)c(OC)c(OC)c1,CHEMBL22811,IC50,nM,27760.0,CHEMBL1939,IC50,uM,27.76,"PfDHFR-TS K1 (P. falciparum, resistant)"
CHEMBL769664,COc1cc(Cc2cnc(N)nc2N)ccc1OCc1cc(OC)c(OC)c(OC)c1,CHEMBL22811,IC50,nM,130.0,CHEMBL1939,IC50,uM,0.13,"PfDHFR-TS K1 (P. falciparum, resistant)"
CHEMBL769484,COc1cc(Cc2cnc(N)nc2N)ccc1OCc1cc(OC)c(OC)c(OC)c1,CHEMBL22811,IC50,nM,30580.0,CHEMBL1939,IC50,uM,30.58,"PfDHFR-TS K1 (P. falciparum, resistant)"
CHEMBL769485,COc1cc(Cc2cnc(N)nc2N)ccc1OCc1cc(OC)c(OC)c(OC)c1,CHEMBL22811,IC50,nM,260.0,CHEMBL1939,IC50,uM,0.26,"PfDHFR-TS K1 (P. falciparum, resistant)"
CHEMBL769667,COc1cc(Cc2cnc(N)nc2N)ccc1OCc1cc(OC)c(OC)c(OC)c1,CHEMBL22811,IC50,nM,26080.0,CHEMBL1939,IC50,uM,26.08,"PfDHFR-TS K1 (P. falciparum, resistant)"
CHEMBL769665,CCOc1cc(Cc2cnc(N)nc2N)ccc1OCc1cc(OC)c(OC)c(OC)c1,CHEMBL22901,IC50,nM,70.0,CHEMBL1939,IC50,uM,0.07,"PfDHFR-TS K1 (P. falciparum, resistant)"
CHEMBL769666,CCOc1cc(Cc2cnc(N)nc2N)ccc1OCc1cc(OC)c(OC)c(OC)c1,CHEMBL22901,IC50,nM,10.0,CHEMBL1939,IC50,uM,0.01,"PfDHFR-TS K1 (P. falciparum, resistant)"
CHEMBL769492,CCOc1cc(Cc2cnc(N)nc2N)ccc1OCc1cc(OC)c(OC)c(OC)c1,CHEMBL22901,IC50,nM,5010.0,CHEMBL1939,IC50,uM,5.01,"PfDHFR-TS K1 (P. falciparum, resistant)"
CHEMBL769664,CCOc1cc(Cc2cnc(N)nc2N)ccc1OCc1cc(OC)c(OC)c(OC)c1,CHEMBL22901,IC50,nM,40.0,CHEMBL1939,IC50,uM,0.04,"PfDHFR-TS K1 (P. falciparum, resistant)"
CHEMBL769484,CCOc1cc(Cc2cnc(N)nc2N)ccc1OCc1cc(OC)c(OC)c(OC)c1,CHEMBL22901,IC50,nM,13150.0,CHEMBL1939,IC50,uM,13.15,"PfDHFR-TS K1 (P. falciparum, resistant)"
CHEMBL769485,CCOc1cc(Cc2cnc(N)nc2N)ccc1OCc1cc(OC)c(OC)c(OC)c1,CHEMBL22901,IC50,nM,110.0,CHEMBL1939,IC50,uM,0.11,"PfDHFR-TS K1 (P. falciparum, resistant)"
CHEMBL769667,CCOc1cc(Cc2cnc(N)nc2N)ccc1OCc1cc(OC)c(OC)c(OC)c1,CHEMBL22901,IC50,nM,19450.0,CHEMBL1939,IC50,uM,19.45,"PfDHFR-TS K1 (P. falciparum, resistant)"
CHEMBL769665,COc1cc(Cc2c(C)nc(N)nc2N)ccc1OCc1ccccc1,CHEMBL120123,IC50,nM,6840.0,CHEMBL1939,IC50,uM,6.84,"PfDHFR-TS K1 (P. falciparum, resistant)"
CHEMBL769666,COc1cc(Cc2c(C)nc(N)nc2N)ccc1OCc1ccccc1,CHEMBL120123,IC50,nM,1030.0,CHEMBL1939,IC50,uM,1.03,"PfDHFR-TS K1 (P. falciparum, resistant)"
CHEMBL769492,COc1cc(Cc2c(C)nc(N)nc2N)ccc1OCc1ccccc1,CHEMBL120123,IC50,nM,25240.0,CHEMBL1939,IC50,uM,25.24,"PfDHFR-TS K1 (P. falciparum, resistant)"
CHEMBL769664,COc1cc(Cc2c(C)nc(N)nc2N)ccc1OCc1ccccc1,CHEMBL120123,IC50,nM,180.0,CHEMBL1939,IC50,uM,0.18,"PfDHFR-TS K1 (P. falciparum, resistant)"
CHEMBL769484,COc1cc(Cc2c(C)nc(N)nc2N)ccc1OCc1ccccc1,CHEMBL120123,IC50,nM,2850.0,CHEMBL1939,IC50,uM,2.85,"PfDHFR-TS K1 (P. falciparum, resistant)"
CHEMBL769485,COc1cc(Cc2c(C)nc(N)nc2N)ccc1OCc1ccccc1,CHEMBL120123,IC50,nM,20.0,CHEMBL1939,IC50,uM,0.02,"PfDHFR-TS K1 (P. falciparum, resistant)"
CHEMBL769667,COc1cc(Cc2c(C)nc(N)nc2N)ccc1OCc1ccccc1,CHEMBL120123,IC50,nM,4820.0,CHEMBL1939,IC50,uM,4.82,"PfDHFR-TS K1 (P. falciparum, resistant)"
CHEMBL769665,Cc1nc(N)nc(N)c1Cc1ccc(OCc2ccccc2)c(OCc2ccccc2)c1,CHEMBL279948,IC50,nM,4480.0,CHEMBL1939,IC50,uM,4.48,"PfDHFR-TS K1 (P. falciparum, resistant)"
CHEMBL769666,Cc1nc(N)nc(N)c1Cc1ccc(OCc2ccccc2)c(OCc2ccccc2)c1,CHEMBL279948,IC50,nM,670.0,CHEMBL1939,IC50,uM,0.67,"PfDHFR-TS K1 (P. falciparum, resistant)"
CHEMBL769492,Cc1nc(N)nc(N)c1Cc1ccc(OCc2ccccc2)c(OCc2ccccc2)c1,CHEMBL279948,IC50,nM,4380.0,CHEMBL1939,IC50,uM,4.38,"PfDHFR-TS K1 (P. falciparum, resistant)"
CHEMBL769664,Cc1nc(N)nc(N)c1Cc1ccc(OCc2ccccc2)c(OCc2ccccc2)c1,CHEMBL279948,IC50,nM,30.0,CHEMBL1939,IC50,uM,0.03,"PfDHFR-TS K1 (P. falciparum, resistant)"
CHEMBL769484,Cc1nc(N)nc(N)c1Cc1ccc(OCc2ccccc2)c(OCc2ccccc2)c1,CHEMBL279948,IC50,nM,2640.0,CHEMBL1939,IC50,uM,2.64,"PfDHFR-TS K1 (P. falciparum, resistant)"
CHEMBL769485,Cc1nc(N)nc(N)c1Cc1ccc(OCc2ccccc2)c(OCc2ccccc2)c1,CHEMBL279948,IC50,nM,20.0,CHEMBL1939,IC50,uM,0.02,"PfDHFR-TS K1 (P. falciparum, resistant)"
CHEMBL769667,Cc1nc(N)nc(N)c1Cc1ccc(OCc2ccccc2)c(OCc2ccccc2)c1,CHEMBL279948,IC50,nM,3110.0,CHEMBL1939,IC50,uM,3.11,"PfDHFR-TS K1 (P. falciparum, resistant)"
CHEMBL769665,CCOc1cc(Cc2cnc(N)nc2N)ccc1OCc1ccccc1,CHEMBL21395,IC50,nM,470.0,CHEMBL1939,IC50,uM,0.47,"PfDHFR-TS K1 (P. falciparum, resistant)"
CHEMBL769666,CCOc1cc(Cc2cnc(N)nc2N)ccc1OCc1ccccc1,CHEMBL21395,IC50,nM,70.0,CHEMBL1939,IC50,uM,0.07,"PfDHFR-TS K1 (P. falciparum, resistant)"
CHEMBL769492,CCOc1cc(Cc2cnc(N)nc2N)ccc1OCc1ccccc1,CHEMBL21395,IC50,nM,16590.0,CHEMBL1939,IC50,uM,16.59,"PfDHFR-TS K1 (P. falciparum, resistant)"
CHEMBL769664,CCOc1cc(Cc2cnc(N)nc2N)ccc1OCc1ccccc1,CHEMBL21395,IC50,nM,120.0,CHEMBL1939,IC50,uM,0.12,"PfDHFR-TS K1 (P. falciparum, resistant)"
CHEMBL769484,CCOc1cc(Cc2cnc(N)nc2N)ccc1OCc1ccccc1,CHEMBL21395,IC50,nM,14360.0,CHEMBL1939,IC50,uM,14.36,"PfDHFR-TS K1 (P. falciparum, resistant)"
CHEMBL769485,CCOc1cc(Cc2cnc(N)nc2N)ccc1OCc1ccccc1,CHEMBL21395,IC50,nM,120.0,CHEMBL1939,IC50,uM,0.12,"PfDHFR-TS K1 (P. falciparum, resistant)"
CHEMBL769667,CCOc1cc(Cc2cnc(N)nc2N)ccc1OCc1ccccc1,CHEMBL21395,IC50,nM,16470.0,CHEMBL1939,IC50,uM,16.47,"PfDHFR-TS K1 (P. falciparum, resistant)"
CHEMBL762995,COc1cc(COc2cc(Cc3cnc(N)nc3N)ccc2OCc2ccccc2)cc(OC)c1OC,CHEMBL280410,IC50,nM,17500.0,CHEMBL1939,IC50,uM,17.5,"PfDHFR-TS K1 (P. falciparum, resistant)"
CHEMBL762995,CCCOc1cc(Cc2cnc(N)nc2N)ccc1OCc1cc(OC)c(OC)c(OC)c1,CHEMBL22139,IC50,nM,4300.0,CHEMBL1939,IC50,uM,4.3,"PfDHFR-TS K1 (P. falciparum, resistant)"
CHEMBL762995,COc1cc(COc2ccc(Cc3cnc(N)nc3N)cc2)cc(OC)c1OC,CHEMBL416376,IC50,nM,19900.0,CHEMBL1939,IC50,uM,19.9,"PfDHFR-TS K1 (P. falciparum, resistant)"
CHEMBL762995,CCc1nc(N)nc(N)c1-c1ccc(Cl)c(Cl)c1,CHEMBL21799,IC50,nM,17400.0,CHEMBL1939,IC50,uM,17.4,"PfDHFR-TS K1 (P. falciparum, resistant)"
CHEMBL762995,CCc1nc(N)nc(N)c1-c1ccc(Cl)cc1,CHEMBL36,IC50,nM,30900.0,CHEMBL1939,IC50,uM,30.9,"PfDHFR-TS K1 (P. falciparum, resistant)"
CHEMBL762995,Nc1ncc(-c2ccc(Cl)cc2)c(N)n1,CHEMBL279492,IC50,nM,26200.0,CHEMBL1939,IC50,uM,26.2,"PfDHFR-TS K1 (P. falciparum, resistant)"
CHEMBL762995,COc1cc(Cc2cnc(N)nc2N)ccc1OCCCc1ccccc1,CHEMBL22327,IC50,nM,11700.0,CHEMBL1939,IC50,uM,11.7,"PfDHFR-TS K1 (P. falciparum, resistant)"
CHEMBL762995,CCCCOc1cc(Cc2cnc(N)nc2N)ccc1OCc1cc(OC)c(OC)c(OC)c1,CHEMBL416373,IC50,nM,10100.0,CHEMBL1939,IC50,uM,10.1,"PfDHFR-TS K1 (P. falciparum, resistant)"
CHEMBL762995,CCc1nc(N)nc(N)c1-c1ccc(-c2ccccc2)cc1,CHEMBL279986,IC50,nM,4400.0,CHEMBL1939,IC50,uM,4.4,"PfDHFR-TS K1 (P. falciparum, resistant)"
CHEMBL762995,COC(=O)CCCc1nc(N)nc(N)c1-c1ccc(Cl)cc1,CHEMBL22405,IC50,nM,22300.0,CHEMBL1939,IC50,uM,22.3,"PfDHFR-TS K1 (P. falciparum, resistant)"
CHEMBL762995,Cc1nc(N)nc(N)c1Cc1ccc(OCc2ccccc2)c(OCc2ccccc2)c1,CHEMBL279948,IC50,nM,4400.0,CHEMBL1939,IC50,uM,4.4,"PfDHFR-TS K1 (P. falciparum, resistant)"
CHEMBL762995,CCOc1c(Br)cc(-c2c(N)nc(N)nc2CC)cc1Br,CHEMBL22271,IC50,nM,17400.0,CHEMBL1939,IC50,uM,17.4,"PfDHFR-TS K1 (P. falciparum, resistant)"
CHEMBL762995,COC(=O)CCCc1nc(N)nc(N)c1-c1cccc(Cl)c1,CHEMBL21494,IC50,nM,36300.0,CHEMBL1939,IC50,uM,36.3,"PfDHFR-TS K1 (P. falciparum, resistant)"
CHEMBL762995,CCc1nc(N)nc(N)c1-c1ccc(Br)cc1,CHEMBL282275,IC50,nM,25000.0,CHEMBL1939,IC50,uM,25.0,"PfDHFR-TS K1 (P. falciparum, resistant)"
CHEMBL762995,Nc1nc(N)c(-c2ccccc2)c(CCCc2ccccc2)n1,CHEMBL22693,IC50,nM,2300.0,CHEMBL1939,IC50,uM,2.3,"PfDHFR-TS K1 (P. falciparum, resistant)"
CHEMBL762995,Cc1nc(N)nc(N)c1-c1ccc(Cl)cc1,CHEMBL21357,IC50,nM,60100.0,CHEMBL1939,IC50,uM,60.1,"PfDHFR-TS K1 (P. falciparum, resistant)"
CHEMBL762995,Nc1nc(N)c(-c2ccc(Cl)cc2)c(CCCc2ccccc2)n1,CHEMBL21691,IC50,nM,10600.0,CHEMBL1939,IC50,uM,10.6,"PfDHFR-TS K1 (P. falciparum, resistant)"
CHEMBL762995,COc1ccc(CCCc2nc(N)nc(N)c2-c2cccc(Cl)c2)cc1,CHEMBL278813,IC50,nM,2700.0,CHEMBL1939,IC50,uM,2.7,"PfDHFR-TS K1 (P. falciparum, resistant)"
CHEMBL762995,CCc1nc(N)nc(N)c1-c1ccc(C)cc1,CHEMBL21778,IC50,nM,12700.0,CHEMBL1939,IC50,uM,12.7,"PfDHFR-TS K1 (P. falciparum, resistant)"
CHEMBL762995,CCOc1cc(Cc2cnc(N)nc2N)ccc1OCc1ccccc1,CHEMBL21395,IC50,nM,16600.0,CHEMBL1939,IC50,uM,16.6,"PfDHFR-TS K1 (P. falciparum, resistant)"
CHEMBL762995,CCc1nc(N)nc(N)c1-c1cccc(Cl)c1,CHEMBL278847,IC50,nM,1300.0,CHEMBL1939,IC50,uM,1.3,"PfDHFR-TS K1 (P. falciparum, resistant)"
CHEMBL762995,Nc1ncc(Cc2ccc(OCc3ccccc3)c(OCc3ccccc3)c2)c(N)n1,CHEMBL22138,IC50,nM,14600.0,CHEMBL1939,IC50,uM,14.6,"PfDHFR-TS K1 (P. falciparum, resistant)"
CHEMBL762995,CCc1nc(N)nc(N)c1Cc1ccc(OCc2ccccc2)c(OCc2ccccc2)c1,CHEMBL22137,IC50,nM,4200.0,CHEMBL1939,IC50,uM,4.2,"PfDHFR-TS K1 (P. falciparum, resistant)"
CHEMBL762995,CCc1nc(N)nc(N)c1-c1ccc(C(C)(C)C)cc1,CHEMBL21885,IC50,nM,3900.0,CHEMBL1939,IC50,uM,3.9,"PfDHFR-TS K1 (P. falciparum, resistant)"
CHEMBL762995,Nc1nc(N)c(-c2cccc(Cl)c2)c(CCOCCCOc2ccccc2)n1,CHEMBL22403,IC50,nM,3300.0,CHEMBL1939,IC50,uM,3.3,"PfDHFR-TS K1 (P. falciparum, resistant)"
CHEMBL762995,COc1cc(Cc2cnc(N)nc2N)ccc1OCc1cc(OC)c(OC)c(OC)c1,CHEMBL22811,IC50,nM,27800.0,CHEMBL1939,IC50,uM,27.8,"PfDHFR-TS K1 (P. falciparum, resistant)"
CHEMBL762995,Nc1ncc(Cc2ccc(OCCCOc3cc(Cl)c(Cl)cc3Cl)cc2)c(N)n1,CHEMBL25112,IC50,nM,3500.0,CHEMBL1939,IC50,uM,3.5,"PfDHFR-TS K1 (P. falciparum, resistant)"
CHEMBL762995,CCc1nc(N)nc(N)c1-c1ccccc1,CHEMBL22148,IC50,nM,3300.0,CHEMBL1939,IC50,uM,3.3,"PfDHFR-TS K1 (P. falciparum, resistant)"
CHEMBL762995,CCc1nc(N)nc(N)c1-c1ccc2c(c1)OCO2,CHEMBL434771,IC50,nM,21500.0,CHEMBL1939,IC50,uM,21.5,"PfDHFR-TS K1 (P. falciparum, resistant)"
CHEMBL762995,CCc1nc(N)nc(N)c1-c1ccc(Cl)cc1Cl,CHEMBL22357,IC50,nM,22500.0,CHEMBL1939,IC50,uM,22.5,"PfDHFR-TS K1 (P. falciparum, resistant)"
CHEMBL762995,Cc1nc(N)nc(N)c1-c1ccccc1,CHEMBL21408,IC50,nM,30800.0,CHEMBL1939,IC50,uM,30.8,"PfDHFR-TS K1 (P. falciparum, resistant)"
CHEMBL762995,CCCCCCc1nc(N)nc(N)c1-c1ccccc1,CHEMBL416552,IC50,nM,1300.0,CHEMBL1939,IC50,uM,1.3,"PfDHFR-TS K1 (P. falciparum, resistant)"
CHEMBL762995,Nc1ncc(-c2ccccc2)c(N)n1,CHEMBL21690,IC50,nM,19400.0,CHEMBL1939,IC50,uM,19.4,"PfDHFR-TS K1 (P. falciparum, resistant)"
CHEMBL762995,Nc1ncc(-c2cccc(Cl)c2)c(N)n1,CHEMBL21414,IC50,nM,8800.0,CHEMBL1939,IC50,uM,8.8,"PfDHFR-TS K1 (P. falciparum, resistant)"
CHEMBL762995,Nc1nc(N)c(-c2cccc(Cl)c2)c(CCCc2ccccc2)n1,CHEMBL21921,IC50,nM,3000.0,CHEMBL1939,IC50,uM,3.0,"PfDHFR-TS K1 (P. falciparum, resistant)"
CHEMBL762995,Cc1nc(N)nc(N)c1-c1cccc(Cl)c1,CHEMBL22039,IC50,nM,4800.0,CHEMBL1939,IC50,uM,4.8,"PfDHFR-TS K1 (P. falciparum, resistant)"
CHEMBL762995,COc1cc(Cc2cnc(N)nc2N)cc(OC)c1OC,CHEMBL22,IC50,nM,136500.0,CHEMBL1939,IC50,uM,136.5,"PfDHFR-TS K1 (P. falciparum, resistant)"
CHEMBL762995,COC(=O)CCCc1nc(N)nc(N)c1-c1ccccc1,CHEMBL21407,IC50,nM,31300.0,CHEMBL1939,IC50,uM,31.3,"PfDHFR-TS K1 (P. falciparum, resistant)"
CHEMBL762995,CCOc1cc(Cc2cnc(N)nc2N)ccc1OCc1cc(OC)c(OC)c(OC)c1,CHEMBL22901,IC50,nM,5000.0,CHEMBL1939,IC50,uM,5.0,"PfDHFR-TS K1 (P. falciparum, resistant)"
CHEMBL762995,COc1cc(Cc2cnc(N)nc2N)cc(OC)c1OCc1ccccc1,CHEMBL279509,IC50,nM,30100.0,CHEMBL1939,IC50,uM,30.1,"PfDHFR-TS K1 (P. falciparum, resistant)"
CHEMBL765486,NC1=NC(c2cccc(Oc3ccccc3)c2)N(c2cccc(Cl)c2)C(N)=N1,CHEMBL161117,IC50,nM,2200.0,CHEMBL1939,IC50,uM,2.2,"PfDHFR-TS K1 (P. falciparum, resistant)"
CHEMBL760281,NC1=NC(c2cccc(Oc3ccccc3)c2)N(c2cccc(Cl)c2)C(N)=N1,CHEMBL161117,IC50,nM,60.0,CHEMBL1939,IC50,uM,0.06,"PfDHFR-TS K1 (P. falciparum, resistant)"
CHEMBL760283,NC1=NC(c2cccc(Oc3ccccc3)c2)N(c2cccc(Cl)c2)C(N)=N1,CHEMBL161117,IC50,nM,2700.0,CHEMBL1939,IC50,uM,2.7,"PfDHFR-TS K1 (P. falciparum, resistant)"
CHEMBL765485,NC1=NC(c2cccc(Oc3ccccc3)c2)N(c2cccc(Cl)c2)C(N)=N1,CHEMBL161117,IC50,nM,3500.0,CHEMBL1939,IC50,uM,3.5,"PfDHFR-TS K1 (P. falciparum, resistant)"
CHEMBL760860,NC1=NC(c2cccc(Oc3ccccc3)c2)N(c2cccc(Cl)c2)C(N)=N1,CHEMBL161117,IC50,nM,3400.0,CHEMBL1939,IC50,uM,3.4,"PfDHFR-TS K1 (P. falciparum, resistant)"
CHEMBL765484,NC1=NC(c2cccc(Oc3ccccc3)c2)N(c2cccc(Cl)c2)C(N)=N1,CHEMBL161117,IC50,nM,3600.0,CHEMBL1939,IC50,uM,3.6,"PfDHFR-TS K1 (P. falciparum, resistant)"
CHEMBL765486,Nc1nc(N)c(-c2cccc(Cl)c2)c(CCCOC(=O)c2ccccc2)n1,CHEMBL346932,IC50,nM,2100.0,CHEMBL1939,IC50,uM,2.1,"PfDHFR-TS K1 (P. falciparum, resistant)"
CHEMBL765485,Nc1nc(N)c(-c2cccc(Cl)c2)c(CCCOC(=O)c2ccccc2)n1,CHEMBL346932,IC50,nM,2000.0,CHEMBL1939,IC50,uM,2.0,"PfDHFR-TS K1 (P. falciparum, resistant)"
CHEMBL760860,Nc1nc(N)c(-c2cccc(Cl)c2)c(CCCOC(=O)c2ccccc2)n1,CHEMBL346932,IC50,nM,1900.0,CHEMBL1939,IC50,uM,1.9,"PfDHFR-TS K1 (P. falciparum, resistant)"
CHEMBL765484,Nc1nc(N)c(-c2cccc(Cl)c2)c(CCCOC(=O)c2ccccc2)n1,CHEMBL346932,IC50,nM,7500.0,CHEMBL1939,IC50,uM,7.5,"PfDHFR-TS K1 (P. falciparum, resistant)"
CHEMBL765486,CCCC1(C)N=C(N)N=C(N)N1c1cccc(Cl)c1,CHEMBL158639,IC50,nM,180.0,CHEMBL1939,IC50,uM,0.18,"PfDHFR-TS K1 (P. falciparum, resistant)"
CHEMBL760283,CCCC1(C)N=C(N)N=C(N)N1c1cccc(Cl)c1,CHEMBL158639,IC50,nM,180.0,CHEMBL1939,IC50,uM,0.18,"PfDHFR-TS K1 (P. falciparum, resistant)"
CHEMBL765485,CCCC1(C)N=C(N)N=C(N)N1c1cccc(Cl)c1,CHEMBL158639,IC50,nM,280.0,CHEMBL1939,IC50,uM,0.28,"PfDHFR-TS K1 (P. falciparum, resistant)"
CHEMBL760860,CCCC1(C)N=C(N)N=C(N)N1c1cccc(Cl)c1,CHEMBL158639,IC50,nM,290.0,CHEMBL1939,IC50,uM,0.29,"PfDHFR-TS K1 (P. falciparum, resistant)"
CHEMBL765484,CCCC1(C)N=C(N)N=C(N)N1c1cccc(Cl)c1,CHEMBL158639,IC50,nM,1100.0,CHEMBL1939,IC50,uM,1.1,"PfDHFR-TS K1 (P. falciparum, resistant)"
CHEMBL765486,CCCOc1ccc(C2N=C(N)N=C(N)N2c2cccc(Cl)c2)cc1,CHEMBL346982,IC50,nM,250.0,CHEMBL1939,IC50,uM,0.25,"PfDHFR-TS K1 (P. falciparum, resistant)"
CHEMBL760281,CCCOc1ccc(C2N=C(N)N=C(N)N2c2cccc(Cl)c2)cc1,CHEMBL346982,IC50,nM,4.0,CHEMBL1939,IC50,uM,0.004,"PfDHFR-TS K1 (P. falciparum, resistant)"
CHEMBL760283,CCCOc1ccc(C2N=C(N)N=C(N)N2c2cccc(Cl)c2)cc1,CHEMBL346982,IC50,nM,1000.0,CHEMBL1939,IC50,uM,1.0,"PfDHFR-TS K1 (P. falciparum, resistant)"
CHEMBL765485,CCCOc1ccc(C2N=C(N)N=C(N)N2c2cccc(Cl)c2)cc1,CHEMBL346982,IC50,nM,380.0,CHEMBL1939,IC50,uM,0.38,"PfDHFR-TS K1 (P. falciparum, resistant)"
CHEMBL760860,CCCOc1ccc(C2N=C(N)N=C(N)N2c2cccc(Cl)c2)cc1,CHEMBL346982,IC50,nM,2900.0,CHEMBL1939,IC50,uM,2.9,"PfDHFR-TS K1 (P. falciparum, resistant)"
CHEMBL765484,CCCOc1ccc(C2N=C(N)N=C(N)N2c2cccc(Cl)c2)cc1,CHEMBL346982,IC50,nM,2900.0,CHEMBL1939,IC50,uM,2.9,"PfDHFR-TS K1 (P. falciparum, resistant)"
CHEMBL765486,NC1=NC(c2cccc(Oc3ccc(Cl)cc3)c2)N(c2ccc(Cl)cc2)C(N)=N1,CHEMBL352195,IC50,nM,2800.0,CHEMBL1939,IC50,uM,2.8,"PfDHFR-TS K1 (P. falciparum, resistant)"
CHEMBL760281,NC1=NC(c2cccc(Oc3ccc(Cl)cc3)c2)N(c2ccc(Cl)cc2)C(N)=N1,CHEMBL352195,IC50,nM,420.0,CHEMBL1939,IC50,uM,0.42,"PfDHFR-TS K1 (P. falciparum, resistant)"
CHEMBL760283,NC1=NC(c2cccc(Oc3ccc(Cl)cc3)c2)N(c2ccc(Cl)cc2)C(N)=N1,CHEMBL352195,IC50,nM,3300.0,CHEMBL1939,IC50,uM,3.3,"PfDHFR-TS K1 (P. falciparum, resistant)"
CHEMBL765485,NC1=NC(c2cccc(Oc3ccc(Cl)cc3)c2)N(c2ccc(Cl)cc2)C(N)=N1,CHEMBL352195,IC50,nM,4000.0,CHEMBL1939,IC50,uM,4.0,"PfDHFR-TS K1 (P. falciparum, resistant)"
CHEMBL760860,NC1=NC(c2cccc(Oc3ccc(Cl)cc3)c2)N(c2ccc(Cl)cc2)C(N)=N1,CHEMBL352195,IC50,nM,4000.0,CHEMBL1939,IC50,uM,4.0,"PfDHFR-TS K1 (P. falciparum, resistant)"
CHEMBL765484,NC1=NC(c2cccc(Oc3ccc(Cl)cc3)c2)N(c2ccc(Cl)cc2)C(N)=N1,CHEMBL352195,IC50,nM,3800.0,CHEMBL1939,IC50,uM,3.8,"PfDHFR-TS K1 (P. falciparum, resistant)"
CHEMBL765486,NC1=NC(c2cccc(Oc3cc(Cl)cc(Cl)c3)c2)N(c2cccc(Cl)c2)C(N)=N1,CHEMBL161757,IC50,nM,5500.0,CHEMBL1939,IC50,uM,5.5,"PfDHFR-TS K1 (P. falciparum, resistant)"
CHEMBL760281,NC1=NC(c2cccc(Oc3cc(Cl)cc(Cl)c3)c2)N(c2cccc(Cl)c2)C(N)=N1,CHEMBL161757,IC50,nM,50.0,CHEMBL1939,IC50,uM,0.05,"PfDHFR-TS K1 (P. falciparum, resistant)"
CHEMBL760283,NC1=NC(c2cccc(Oc3cc(Cl)cc(Cl)c3)c2)N(c2cccc(Cl)c2)C(N)=N1,CHEMBL161757,IC50,nM,3100.0,CHEMBL1939,IC50,uM,3.1,"PfDHFR-TS K1 (P. falciparum, resistant)"
CHEMBL765485,NC1=NC(c2cccc(Oc3cc(Cl)cc(Cl)c3)c2)N(c2cccc(Cl)c2)C(N)=N1,CHEMBL161757,IC50,nM,3400.0,CHEMBL1939,IC50,uM,3.4,"PfDHFR-TS K1 (P. falciparum, resistant)"
CHEMBL760860,NC1=NC(c2cccc(Oc3cc(Cl)cc(Cl)c3)c2)N(c2cccc(Cl)c2)C(N)=N1,CHEMBL161757,IC50,nM,3900.0,CHEMBL1939,IC50,uM,3.9,"PfDHFR-TS K1 (P. falciparum, resistant)"
CHEMBL765484,NC1=NC(c2cccc(Oc3cc(Cl)cc(Cl)c3)c2)N(c2cccc(Cl)c2)C(N)=N1,CHEMBL161757,IC50,nM,3900.0,CHEMBL1939,IC50,uM,3.9,"PfDHFR-TS K1 (P. falciparum, resistant)"
CHEMBL765486,NC1=NC(c2cccc(OCCCOc3cc(Cl)c(Cl)cc3Cl)c2)N(c2cccc(Cl)c2)C(N)=N1,CHEMBL159052,IC50,nM,3000.0,CHEMBL1939,IC50,uM,3.0,"PfDHFR-TS K1 (P. falciparum, resistant)"
CHEMBL760281,NC1=NC(c2cccc(OCCCOc3cc(Cl)c(Cl)cc3Cl)c2)N(c2cccc(Cl)c2)C(N)=N1,CHEMBL159052,IC50,nM,370.0,CHEMBL1939,IC50,uM,0.37,"PfDHFR-TS K1 (P. falciparum, resistant)"
CHEMBL760283,NC1=NC(c2cccc(OCCCOc3cc(Cl)c(Cl)cc3Cl)c2)N(c2cccc(Cl)c2)C(N)=N1,CHEMBL159052,IC50,nM,7400.0,CHEMBL1939,IC50,uM,7.4,"PfDHFR-TS K1 (P. falciparum, resistant)"
CHEMBL765485,NC1=NC(c2cccc(OCCCOc3cc(Cl)c(Cl)cc3Cl)c2)N(c2cccc(Cl)c2)C(N)=N1,CHEMBL159052,IC50,nM,3200.0,CHEMBL1939,IC50,uM,3.2,"PfDHFR-TS K1 (P. falciparum, resistant)"
CHEMBL760860,NC1=NC(c2cccc(OCCCOc3cc(Cl)c(Cl)cc3Cl)c2)N(c2cccc(Cl)c2)C(N)=N1,CHEMBL159052,IC50,nM,5200.0,CHEMBL1939,IC50,uM,5.2,"PfDHFR-TS K1 (P. falciparum, resistant)"
CHEMBL765484,NC1=NC(c2cccc(OCCCOc3cc(Cl)c(Cl)cc3Cl)c2)N(c2cccc(Cl)c2)C(N)=N1,CHEMBL159052,IC50,nM,8600.0,CHEMBL1939,IC50,uM,8.6,"PfDHFR-TS K1 (P. falciparum, resistant)"
CHEMBL765486,CC(=O)OCCCc1nc(N)nc(N)c1-c1cccc(Cl)c1,CHEMBL444605,IC50,nM,1600.0,CHEMBL1939,IC50,uM,1.6,"PfDHFR-TS K1 (P. falciparum, resistant)"
CHEMBL765485,CC(=O)OCCCc1nc(N)nc(N)c1-c1cccc(Cl)c1,CHEMBL444605,IC50,nM,2100.0,CHEMBL1939,IC50,uM,2.1,"PfDHFR-TS K1 (P. falciparum, resistant)"
CHEMBL760860,CC(=O)OCCCc1nc(N)nc(N)c1-c1cccc(Cl)c1,CHEMBL444605,IC50,nM,1800.0,CHEMBL1939,IC50,uM,1.8,"PfDHFR-TS K1 (P. falciparum, resistant)"
CHEMBL765484,CC(=O)OCCCc1nc(N)nc(N)c1-c1cccc(Cl)c1,CHEMBL444605,IC50,nM,5300.0,CHEMBL1939,IC50,uM,5.3,"PfDHFR-TS K1 (P. falciparum, resistant)"
CHEMBL765486,NC1=NC(c2cccc(OCc3ccccc3)c2)N(c2cccc(Cl)c2)C(N)=N1,CHEMBL354011,IC50,nM,4000.0,CHEMBL1939,IC50,uM,4.0,"PfDHFR-TS K1 (P. falciparum, resistant)"
CHEMBL760281,NC1=NC(c2cccc(OCc3ccccc3)c2)N(c2cccc(Cl)c2)C(N)=N1,CHEMBL354011,IC50,nM,190.0,CHEMBL1939,IC50,uM,0.19,"PfDHFR-TS K1 (P. falciparum, resistant)"
CHEMBL760283,NC1=NC(c2cccc(OCc3ccccc3)c2)N(c2cccc(Cl)c2)C(N)=N1,CHEMBL354011,IC50,nM,4900.0,CHEMBL1939,IC50,uM,4.9,"PfDHFR-TS K1 (P. falciparum, resistant)"
CHEMBL765485,NC1=NC(c2cccc(OCc3ccccc3)c2)N(c2cccc(Cl)c2)C(N)=N1,CHEMBL354011,IC50,nM,3300.0,CHEMBL1939,IC50,uM,3.3,"PfDHFR-TS K1 (P. falciparum, resistant)"
CHEMBL760860,NC1=NC(c2cccc(OCc3ccccc3)c2)N(c2cccc(Cl)c2)C(N)=N1,CHEMBL354011,IC50,nM,7500.0,CHEMBL1939,IC50,uM,7.5,"PfDHFR-TS K1 (P. falciparum, resistant)"
CHEMBL765484,NC1=NC(c2cccc(OCc3ccccc3)c2)N(c2cccc(Cl)c2)C(N)=N1,CHEMBL354011,IC50,nM,8200.0,CHEMBL1939,IC50,uM,8.2,"PfDHFR-TS K1 (P. falciparum, resistant)"
CHEMBL765486,CCCCCCC1(C)N=C(N)N=C(N)N1c1cccc(Cl)c1,CHEMBL161009,IC50,nM,60.0,CHEMBL1939,IC50,uM,0.06,"PfDHFR-TS K1 (P. falciparum, resistant)"
CHEMBL760283,CCCCCCC1(C)N=C(N)N=C(N)N1c1cccc(Cl)c1,CHEMBL161009,IC50,nM,480.0,CHEMBL1939,IC50,uM,0.48,"PfDHFR-TS K1 (P. falciparum, resistant)"
CHEMBL765485,CCCCCCC1(C)N=C(N)N=C(N)N1c1cccc(Cl)c1,CHEMBL161009,IC50,nM,510.0,CHEMBL1939,IC50,uM,0.51,"PfDHFR-TS K1 (P. falciparum, resistant)"
CHEMBL760860,CCCCCCC1(C)N=C(N)N=C(N)N1c1cccc(Cl)c1,CHEMBL161009,IC50,nM,490.0,CHEMBL1939,IC50,uM,0.49,"PfDHFR-TS K1 (P. falciparum, resistant)"
CHEMBL765484,CCCCCCC1(C)N=C(N)N=C(N)N1c1cccc(Cl)c1,CHEMBL161009,IC50,nM,3200.0,CHEMBL1939,IC50,uM,3.2,"PfDHFR-TS K1 (P. falciparum, resistant)"
CHEMBL765486,CCc1nc(N)nc(N)c1-c1cccc(Cl)c1,CHEMBL278847,IC50,nM,420.0,CHEMBL1939,IC50,uM,0.42,"PfDHFR-TS K1 (P. falciparum, resistant)"
CHEMBL765485,CCc1nc(N)nc(N)c1-c1cccc(Cl)c1,CHEMBL278847,IC50,nM,3900.0,CHEMBL1939,IC50,uM,3.9,"PfDHFR-TS K1 (P. falciparum, resistant)"
CHEMBL760860,CCc1nc(N)nc(N)c1-c1cccc(Cl)c1,CHEMBL278847,IC50,nM,2500.0,CHEMBL1939,IC50,uM,2.5,"PfDHFR-TS K1 (P. falciparum, resistant)"
CHEMBL765484,CCc1nc(N)nc(N)c1-c1cccc(Cl)c1,CHEMBL278847,IC50,nM,9100.0,CHEMBL1939,IC50,uM,9.1,"PfDHFR-TS K1 (P. falciparum, resistant)"
CHEMBL765486,Nc1nc(N)c(-c2cccc(Cl)c2)c(CCCc2ccccc2)n1,CHEMBL21921,IC50,nM,670.0,CHEMBL1939,IC50,uM,0.67,"PfDHFR-TS K1 (P. falciparum, resistant)"
CHEMBL765485,Nc1nc(N)c(-c2cccc(Cl)c2)c(CCCc2ccccc2)n1,CHEMBL21921,IC50,nM,4300.0,CHEMBL1939,IC50,uM,4.3,"PfDHFR-TS K1 (P. falciparum, resistant)"
CHEMBL760860,Nc1nc(N)c(-c2cccc(Cl)c2)c(CCCc2ccccc2)n1,CHEMBL21921,IC50,nM,3600.0,CHEMBL1939,IC50,uM,3.6,"PfDHFR-TS K1 (P. falciparum, resistant)"
CHEMBL765484,Nc1nc(N)c(-c2cccc(Cl)c2)c(CCCc2ccccc2)n1,CHEMBL21921,IC50,nM,5700.0,CHEMBL1939,IC50,uM,5.7,"PfDHFR-TS K1 (P. falciparum, resistant)"
CHEMBL765486,CC1(C)N=C(N)N=C(N)N1c1ccc(Cl)cc1,CHEMBL747,IC50,nM,40.0,CHEMBL1939,IC50,uM,0.04,"PfDHFR-TS K1 (P. falciparum, resistant)"
CHEMBL760281,CC1(C)N=C(N)N=C(N)N1c1ccc(Cl)cc1,CHEMBL747,IC50,nM,3700.0,CHEMBL1939,IC50,uM,3.7,"PfDHFR-TS K1 (P. falciparum, resistant)"
CHEMBL760283,CC1(C)N=C(N)N=C(N)N1c1ccc(Cl)cc1,CHEMBL747,IC50,nM,2400.0,CHEMBL1939,IC50,uM,2.4,"PfDHFR-TS K1 (P. falciparum, resistant)"
CHEMBL765485,CC1(C)N=C(N)N=C(N)N1c1ccc(Cl)cc1,CHEMBL747,IC50,nM,5800.0,CHEMBL1939,IC50,uM,5.8,"PfDHFR-TS K1 (P. falciparum, resistant)"
CHEMBL760860,CC1(C)N=C(N)N=C(N)N1c1ccc(Cl)cc1,CHEMBL747,IC50,nM,37900.0,CHEMBL1939,IC50,uM,37.9,"PfDHFR-TS K1 (P. falciparum, resistant)"
CHEMBL765486,Nc1nc(N)c(-c2cccc(Cl)c2)c(CCOCCCOc2ccccc2)n1,CHEMBL22403,IC50,nM,350.0,CHEMBL1939,IC50,uM,0.35,"PfDHFR-TS K1 (P. falciparum, resistant)"
CHEMBL765485,Nc1nc(N)c(-c2cccc(Cl)c2)c(CCOCCCOc2ccccc2)n1,CHEMBL22403,IC50,nM,4500.0,CHEMBL1939,IC50,uM,4.5,"PfDHFR-TS K1 (P. falciparum, resistant)"
CHEMBL760860,Nc1nc(N)c(-c2cccc(Cl)c2)c(CCOCCCOc2ccccc2)n1,CHEMBL22403,IC50,nM,2900.0,CHEMBL1939,IC50,uM,2.9,"PfDHFR-TS K1 (P. falciparum, resistant)"
CHEMBL765484,Nc1nc(N)c(-c2cccc(Cl)c2)c(CCOCCCOc2ccccc2)n1,CHEMBL22403,IC50,nM,4600.0,CHEMBL1939,IC50,uM,4.6,"PfDHFR-TS K1 (P. falciparum, resistant)"
CHEMBL765486,NC1=NC(c2ccccc2)N(c2cccc(Cl)c2)C(N)=N1,CHEMBL329687,IC50,nM,560.0,CHEMBL1939,IC50,uM,0.56,"PfDHFR-TS K1 (P. falciparum, resistant)"
CHEMBL760281,NC1=NC(c2ccccc2)N(c2cccc(Cl)c2)C(N)=N1,CHEMBL329687,IC50,nM,20.0,CHEMBL1939,IC50,uM,0.02,"PfDHFR-TS K1 (P. falciparum, resistant)"
CHEMBL760283,NC1=NC(c2ccccc2)N(c2cccc(Cl)c2)C(N)=N1,CHEMBL329687,IC50,nM,310.0,CHEMBL1939,IC50,uM,0.31,"PfDHFR-TS K1 (P. falciparum, resistant)"
CHEMBL765485,NC1=NC(c2ccccc2)N(c2cccc(Cl)c2)C(N)=N1,CHEMBL329687,IC50,nM,200.0,CHEMBL1939,IC50,uM,0.2,"PfDHFR-TS K1 (P. falciparum, resistant)"
CHEMBL760860,NC1=NC(c2ccccc2)N(c2cccc(Cl)c2)C(N)=N1,CHEMBL329687,IC50,nM,250.0,CHEMBL1939,IC50,uM,0.25,"PfDHFR-TS K1 (P. falciparum, resistant)"
CHEMBL765484,NC1=NC(c2ccccc2)N(c2cccc(Cl)c2)C(N)=N1,CHEMBL329687,IC50,nM,800.0,CHEMBL1939,IC50,uM,0.8,"PfDHFR-TS K1 (P. falciparum, resistant)"
CHEMBL765486,NC1=NC(c2ccc(Oc3ccccc3)cc2)N(c2cccc(Cl)c2)C(N)=N1,CHEMBL161451,IC50,nM,650.0,CHEMBL1939,IC50,uM,0.65,"PfDHFR-TS K1 (P. falciparum, resistant)"
CHEMBL760281,NC1=NC(c2ccc(Oc3ccccc3)cc2)N(c2cccc(Cl)c2)C(N)=N1,CHEMBL161451,IC50,nM,4.0,CHEMBL1939,IC50,uM,0.004,"PfDHFR-TS K1 (P. falciparum, resistant)"
CHEMBL760283,NC1=NC(c2ccc(Oc3ccccc3)cc2)N(c2cccc(Cl)c2)C(N)=N1,CHEMBL161451,IC50,nM,3100.0,CHEMBL1939,IC50,uM,3.1,"PfDHFR-TS K1 (P. falciparum, resistant)"
CHEMBL765485,NC1=NC(c2ccc(Oc3ccccc3)cc2)N(c2cccc(Cl)c2)C(N)=N1,CHEMBL161451,IC50,nM,740.0,CHEMBL1939,IC50,uM,0.74,"PfDHFR-TS K1 (P. falciparum, resistant)"
CHEMBL760860,NC1=NC(c2ccc(Oc3ccccc3)cc2)N(c2cccc(Cl)c2)C(N)=N1,CHEMBL161451,IC50,nM,3300.0,CHEMBL1939,IC50,uM,3.3,"PfDHFR-TS K1 (P. falciparum, resistant)"
CHEMBL765484,NC1=NC(c2ccc(Oc3ccccc3)cc2)N(c2cccc(Cl)c2)C(N)=N1,CHEMBL161451,IC50,nM,3300.0,CHEMBL1939,IC50,uM,3.3,"PfDHFR-TS K1 (P. falciparum, resistant)"
CHEMBL765486,Nc1nc(N)c(-c2cccc(Cl)c2)c(CCCO)n1,CHEMBL422005,IC50,nM,1100.0,CHEMBL1939,IC50,uM,1.1,"PfDHFR-TS K1 (P. falciparum, resistant)"
CHEMBL765485,Nc1nc(N)c(-c2cccc(Cl)c2)c(CCCO)n1,CHEMBL422005,IC50,nM,4500.0,CHEMBL1939,IC50,uM,4.5,"PfDHFR-TS K1 (P. falciparum, resistant)"
CHEMBL760860,Nc1nc(N)c(-c2cccc(Cl)c2)c(CCCO)n1,CHEMBL422005,IC50,nM,1900.0,CHEMBL1939,IC50,uM,1.9,"PfDHFR-TS K1 (P. falciparum, resistant)"
CHEMBL765484,Nc1nc(N)c(-c2cccc(Cl)c2)c(CCCO)n1,CHEMBL422005,IC50,nM,6200.0,CHEMBL1939,IC50,uM,6.2,"PfDHFR-TS K1 (P. falciparum, resistant)"
CHEMBL765486,CCCCCCc1nc(N)nc(N)c1-c1ccccc1,CHEMBL416552,IC50,nM,60.0,CHEMBL1939,IC50,uM,0.06,"PfDHFR-TS K1 (P. falciparum, resistant)"
CHEMBL765485,CCCCCCc1nc(N)nc(N)c1-c1ccccc1,CHEMBL416552,IC50,nM,2300.0,CHEMBL1939,IC50,uM,2.3,"PfDHFR-TS K1 (P. falciparum, resistant)"
CHEMBL760860,CCCCCCc1nc(N)nc(N)c1-c1ccccc1,CHEMBL416552,IC50,nM,3000.0,CHEMBL1939,IC50,uM,3.0,"PfDHFR-TS K1 (P. falciparum, resistant)"
CHEMBL765484,CCCCCCc1nc(N)nc(N)c1-c1ccccc1,CHEMBL416552,IC50,nM,6400.0,CHEMBL1939,IC50,uM,6.4,"PfDHFR-TS K1 (P. falciparum, resistant)"
CHEMBL765486,COc1ccc(CCCc2nc(N)nc(N)c2-c2cccc(Cl)c2)cc1,CHEMBL278813,IC50,nM,410.0,CHEMBL1939,IC50,uM,0.41,"PfDHFR-TS K1 (P. falciparum, resistant)"
CHEMBL765485,COc1ccc(CCCc2nc(N)nc(N)c2-c2cccc(Cl)c2)cc1,CHEMBL278813,IC50,nM,4000.0,CHEMBL1939,IC50,uM,4.0,"PfDHFR-TS K1 (P. falciparum, resistant)"
CHEMBL760860,COc1ccc(CCCc2nc(N)nc(N)c2-c2cccc(Cl)c2)cc1,CHEMBL278813,IC50,nM,2700.0,CHEMBL1939,IC50,uM,2.7,"PfDHFR-TS K1 (P. falciparum, resistant)"
CHEMBL765484,COc1ccc(CCCc2nc(N)nc(N)c2-c2cccc(Cl)c2)cc1,CHEMBL278813,IC50,nM,4700.0,CHEMBL1939,IC50,uM,4.7,"PfDHFR-TS K1 (P. falciparum, resistant)"
CHEMBL765486,Nc1nc(N)c(-c2cccc(Cl)c2)c(CCCOC(=O)OCc2ccccc2)n1,CHEMBL352441,IC50,nM,1900.0,CHEMBL1939,IC50,uM,1.9,"PfDHFR-TS K1 (P. falciparum, resistant)"
CHEMBL765485,Nc1nc(N)c(-c2cccc(Cl)c2)c(CCCOC(=O)OCc2ccccc2)n1,CHEMBL352441,IC50,nM,4100.0,CHEMBL1939,IC50,uM,4.1,"PfDHFR-TS K1 (P. falciparum, resistant)"
CHEMBL760860,Nc1nc(N)c(-c2cccc(Cl)c2)c(CCCOC(=O)OCc2ccccc2)n1,CHEMBL352441,IC50,nM,1900.0,CHEMBL1939,IC50,uM,1.9,"PfDHFR-TS K1 (P. falciparum, resistant)"
CHEMBL765484,Nc1nc(N)c(-c2cccc(Cl)c2)c(CCCOC(=O)OCc2ccccc2)n1,CHEMBL352441,IC50,nM,5900.0,CHEMBL1939,IC50,uM,5.9,"PfDHFR-TS K1 (P. falciparum, resistant)"
CHEMBL765486,NC1=NC(c2cccc(Oc3ccc(Cl)cc3)c2)N(c2cccc(Cl)c2)C(N)=N1,CHEMBL158570,IC50,nM,3900.0,CHEMBL1939,IC50,uM,3.9,"PfDHFR-TS K1 (P. falciparum, resistant)"
CHEMBL760281,NC1=NC(c2cccc(Oc3ccc(Cl)cc3)c2)N(c2cccc(Cl)c2)C(N)=N1,CHEMBL158570,IC50,nM,390.0,CHEMBL1939,IC50,uM,0.39,"PfDHFR-TS K1 (P. falciparum, resistant)"
CHEMBL760283,NC1=NC(c2cccc(Oc3ccc(Cl)cc3)c2)N(c2cccc(Cl)c2)C(N)=N1,CHEMBL158570,IC50,nM,2600.0,CHEMBL1939,IC50,uM,2.6,"PfDHFR-TS K1 (P. falciparum, resistant)"
CHEMBL765485,NC1=NC(c2cccc(Oc3ccc(Cl)cc3)c2)N(c2cccc(Cl)c2)C(N)=N1,CHEMBL158570,IC50,nM,2000.0,CHEMBL1939,IC50,uM,2.0,"PfDHFR-TS K1 (P. falciparum, resistant)"
CHEMBL760860,NC1=NC(c2cccc(Oc3ccc(Cl)cc3)c2)N(c2cccc(Cl)c2)C(N)=N1,CHEMBL158570,IC50,nM,3100.0,CHEMBL1939,IC50,uM,3.1,"PfDHFR-TS K1 (P. falciparum, resistant)"
CHEMBL765484,NC1=NC(c2cccc(Oc3ccc(Cl)cc3)c2)N(c2cccc(Cl)c2)C(N)=N1,CHEMBL158570,IC50,nM,3200.0,CHEMBL1939,IC50,uM,3.2,"PfDHFR-TS K1 (P. falciparum, resistant)"
CHEMBL765486,CCCCCCCC1N=C(N)N=C(N)N1c1cccc(Cl)c1,CHEMBL346963,IC50,nM,40.0,CHEMBL1939,IC50,uM,0.04,"PfDHFR-TS K1 (P. falciparum, resistant)"
CHEMBL760281,CCCCCCCC1N=C(N)N=C(N)N1c1cccc(Cl)c1,CHEMBL346963,IC50,nM,4.0,CHEMBL1939,IC50,uM,0.004,"PfDHFR-TS K1 (P. falciparum, resistant)"
CHEMBL760283,CCCCCCCC1N=C(N)N=C(N)N1c1cccc(Cl)c1,CHEMBL346963,IC50,nM,260.0,CHEMBL1939,IC50,uM,0.26,"PfDHFR-TS K1 (P. falciparum, resistant)"
CHEMBL765485,CCCCCCCC1N=C(N)N=C(N)N1c1cccc(Cl)c1,CHEMBL346963,IC50,nM,330.0,CHEMBL1939,IC50,uM,0.33,"PfDHFR-TS K1 (P. falciparum, resistant)"
CHEMBL760860,CCCCCCCC1N=C(N)N=C(N)N1c1cccc(Cl)c1,CHEMBL346963,IC50,nM,140.0,CHEMBL1939,IC50,uM,0.14,"PfDHFR-TS K1 (P. falciparum, resistant)"
CHEMBL765484,CCCCCCCC1N=C(N)N=C(N)N1c1cccc(Cl)c1,CHEMBL346963,IC50,nM,2500.0,CHEMBL1939,IC50,uM,2.5,"PfDHFR-TS K1 (P. falciparum, resistant)"
CHEMBL765486,CCc1nc(N)nc(N)c1-c1ccc(Cl)cc1,CHEMBL36,IC50,nM,80.0,CHEMBL1939,IC50,uM,0.08,"PfDHFR-TS K1 (P. falciparum, resistant)"
CHEMBL765485,CCc1nc(N)nc(N)c1-c1ccc(Cl)cc1,CHEMBL36,IC50,nM,73500.0,CHEMBL1939,IC50,uM,73.5,"PfDHFR-TS K1 (P. falciparum, resistant)"
CHEMBL760860,CCc1nc(N)nc(N)c1-c1ccc(Cl)cc1,CHEMBL36,IC50,nM,41700.0,CHEMBL1939,IC50,uM,41.7,"PfDHFR-TS K1 (P. falciparum, resistant)"
CHEMBL765486,NC1=NC(c2cccc(Oc3cccc(C(F)(F)F)c3)c2)N(c2cccc(Cl)c2)C(N)=N1,CHEMBL348151,IC50,nM,3200.0,CHEMBL1939,IC50,uM,3.2,"PfDHFR-TS K1 (P. falciparum, resistant)"
CHEMBL760281,NC1=NC(c2cccc(Oc3cccc(C(F)(F)F)c3)c2)N(c2cccc(Cl)c2)C(N)=N1,CHEMBL348151,IC50,nM,180.0,CHEMBL1939,IC50,uM,0.18,"PfDHFR-TS K1 (P. falciparum, resistant)"
CHEMBL760283,NC1=NC(c2cccc(Oc3cccc(C(F)(F)F)c3)c2)N(c2cccc(Cl)c2)C(N)=N1,CHEMBL348151,IC50,nM,2800.0,CHEMBL1939,IC50,uM,2.8,"PfDHFR-TS K1 (P. falciparum, resistant)"
CHEMBL765485,NC1=NC(c2cccc(Oc3cccc(C(F)(F)F)c3)c2)N(c2cccc(Cl)c2)C(N)=N1,CHEMBL348151,IC50,nM,2800.0,CHEMBL1939,IC50,uM,2.8,"PfDHFR-TS K1 (P. falciparum, resistant)"
CHEMBL760860,NC1=NC(c2cccc(Oc3cccc(C(F)(F)F)c3)c2)N(c2cccc(Cl)c2)C(N)=N1,CHEMBL348151,IC50,nM,3400.0,CHEMBL1939,IC50,uM,3.4,"PfDHFR-TS K1 (P. falciparum, resistant)"
CHEMBL765484,NC1=NC(c2cccc(Oc3cccc(C(F)(F)F)c3)c2)N(c2cccc(Cl)c2)C(N)=N1,CHEMBL348151,IC50,nM,3200.0,CHEMBL1939,IC50,uM,3.2,"PfDHFR-TS K1 (P. falciparum, resistant)"
CHEMBL765486,CCCCCCC1(C)N=C(N)N=C(N)N1c1ccc(Cl)cc1,CHEMBL161673,IC50,nM,20.0,CHEMBL1939,IC50,uM,0.02,"PfDHFR-TS K1 (P. falciparum, resistant)"
CHEMBL760281,CCCCCCC1(C)N=C(N)N=C(N)N1c1ccc(Cl)cc1,CHEMBL161673,IC50,nM,1900.0,CHEMBL1939,IC50,uM,1.9,"PfDHFR-TS K1 (P. falciparum, resistant)"
CHEMBL760283,CCCCCCC1(C)N=C(N)N=C(N)N1c1ccc(Cl)cc1,CHEMBL161673,IC50,nM,2400.0,CHEMBL1939,IC50,uM,2.4,"PfDHFR-TS K1 (P. falciparum, resistant)"
CHEMBL765485,CCCCCCC1(C)N=C(N)N=C(N)N1c1ccc(Cl)cc1,CHEMBL161673,IC50,nM,3300.0,CHEMBL1939,IC50,uM,3.3,"PfDHFR-TS K1 (P. falciparum, resistant)"
CHEMBL760860,CCCCCCC1(C)N=C(N)N=C(N)N1c1ccc(Cl)cc1,CHEMBL161673,IC50,nM,4100.0,CHEMBL1939,IC50,uM,4.1,"PfDHFR-TS K1 (P. falciparum, resistant)"
CHEMBL765484,CCCCCCC1(C)N=C(N)N=C(N)N1c1ccc(Cl)cc1,CHEMBL161673,IC50,nM,6400.0,CHEMBL1939,IC50,uM,6.4,"PfDHFR-TS K1 (P. falciparum, resistant)"
CHEMBL765486,Nc1nc(N)c(-c2ccccc2)c(CCCc2ccccc2)n1,CHEMBL22693,IC50,nM,210.0,CHEMBL1939,IC50,uM,0.21,"PfDHFR-TS K1 (P. falciparum, resistant)"
CHEMBL765485,Nc1nc(N)c(-c2ccccc2)c(CCCc2ccccc2)n1,CHEMBL22693,IC50,nM,2700.0,CHEMBL1939,IC50,uM,2.7,"PfDHFR-TS K1 (P. falciparum, resistant)"
CHEMBL760860,Nc1nc(N)c(-c2ccccc2)c(CCCc2ccccc2)n1,CHEMBL22693,IC50,nM,2700.0,CHEMBL1939,IC50,uM,2.7,"PfDHFR-TS K1 (P. falciparum, resistant)"
CHEMBL765484,Nc1nc(N)c(-c2ccccc2)c(CCCc2ccccc2)n1,CHEMBL22693,IC50,nM,8600.0,CHEMBL1939,IC50,uM,8.6,"PfDHFR-TS K1 (P. falciparum, resistant)"
CHEMBL765486,NC1=NC(c2ccc(Oc3ccccc3)cc2)N(c2ccc(Cl)cc2)C(N)=N1,CHEMBL161034,IC50,nM,120.0,CHEMBL1939,IC50,uM,0.12,"PfDHFR-TS K1 (P. falciparum, resistant)"
CHEMBL760281,NC1=NC(c2ccc(Oc3ccccc3)cc2)N(c2ccc(Cl)cc2)C(N)=N1,CHEMBL161034,IC50,nM,40.0,CHEMBL1939,IC50,uM,0.04,"PfDHFR-TS K1 (P. falciparum, resistant)"
CHEMBL760283,NC1=NC(c2ccc(Oc3ccccc3)cc2)N(c2ccc(Cl)cc2)C(N)=N1,CHEMBL161034,IC50,nM,3100.0,CHEMBL1939,IC50,uM,3.1,"PfDHFR-TS K1 (P. falciparum, resistant)"
CHEMBL765485,NC1=NC(c2ccc(Oc3ccccc3)cc2)N(c2ccc(Cl)cc2)C(N)=N1,CHEMBL161034,IC50,nM,3200.0,CHEMBL1939,IC50,uM,3.2,"PfDHFR-TS K1 (P. falciparum, resistant)"
CHEMBL760860,NC1=NC(c2ccc(Oc3ccccc3)cc2)N(c2ccc(Cl)cc2)C(N)=N1,CHEMBL161034,IC50,nM,4800.0,CHEMBL1939,IC50,uM,4.8,"PfDHFR-TS K1 (P. falciparum, resistant)"
CHEMBL765484,NC1=NC(c2ccc(Oc3ccccc3)cc2)N(c2ccc(Cl)cc2)C(N)=N1,CHEMBL161034,IC50,nM,6900.0,CHEMBL1939,IC50,uM,6.9,"PfDHFR-TS K1 (P. falciparum, resistant)"
CHEMBL765486,CC1(C)N=C(N)N=C(N)N1c1cccc(Cl)c1,CHEMBL7130,IC50,nM,50.0,CHEMBL1939,IC50,uM,0.05,"PfDHFR-TS K1 (P. falciparum, resistant)"
CHEMBL760281,CC1(C)N=C(N)N=C(N)N1c1cccc(Cl)c1,CHEMBL7130,IC50,nM,330.0,CHEMBL1939,IC50,uM,0.33,"PfDHFR-TS K1 (P. falciparum, resistant)"
CHEMBL760283,CC1(C)N=C(N)N=C(N)N1c1cccc(Cl)c1,CHEMBL7130,IC50,nM,220.0,CHEMBL1939,IC50,uM,0.22,"PfDHFR-TS K1 (P. falciparum, resistant)"
CHEMBL765485,CC1(C)N=C(N)N=C(N)N1c1cccc(Cl)c1,CHEMBL7130,IC50,nM,220.0,CHEMBL1939,IC50,uM,0.22,"PfDHFR-TS K1 (P. falciparum, resistant)"
CHEMBL760860,CC1(C)N=C(N)N=C(N)N1c1cccc(Cl)c1,CHEMBL7130,IC50,nM,520.0,CHEMBL1939,IC50,uM,0.52,"PfDHFR-TS K1 (P. falciparum, resistant)"
CHEMBL765484,CC1(C)N=C(N)N=C(N)N1c1cccc(Cl)c1,CHEMBL7130,IC50,nM,1300.0,CHEMBL1939,IC50,uM,1.3,"PfDHFR-TS K1 (P. falciparum, resistant)"
CHEMBL866104,COc1cc(Cc2cnc(N)nc2N)cc(OC)c1OC,CHEMBL22,IC50,nM,10.0,CHEMBL1939,IC50,uM,0.01,"PfDHFR-TS K1 (P. falciparum, resistant)"
CHEMBL866104,CCc1nc(N)nc(N)c1-c1ccc(Cl)cc1,CHEMBL36,IC50,nM,80.0,CHEMBL1939,IC50,uM,0.08,"PfDHFR-TS K1 (P. falciparum, resistant)"
CHEMBL4181677,O=C(CCc1ccc(S(=O)(=O)NCCc2ccccc2)cc1)Nc1ccc2c(c1)OCCO2,CHEMBL549325,IC50,nM,35500.0,CHEMBL1939,IC50,uM,35.5,"PfDHFR-TS K1 (P. falciparum, resistant)"
CHEMBL4181677,CCc1nnc(NC(=O)CCc2ccc(S(=O)(=O)Nc3ccc(F)cc3)cc2)s1,CHEMBL1939368,IC50,nM,6300.0,CHEMBL1939,IC50,uM,6.3,"PfDHFR-TS K1 (P. falciparum, resistant)"
CHEMBL4181677,CC1(C)N=C(N)N=C(N)N1OCCCOc1cc(Cl)c(Cl)cc1Cl.Cl,CHEMBL545921,IC50,nM,0.57,CHEMBL1939,IC50,nM,0.57,"PfDHFR-TS K1 (P. falciparum, resistant)"
CHEMBL4181677,CC1(C)N=C(N)N=C(N)N1c1ccc(Cl)cc1.Cl,CHEMBL544227,IC50,nM,1.5,CHEMBL1939,IC50,nM,1.5,"PfDHFR-TS K1 (P. falciparum, resistant)"
CHEMBL4181677,Cc1nc(N)nc(N)c1OCCCOc1cc(Cl)c(Cl)cc1Cl,CHEMBL3819601,IC50,nM,229.0,CHEMBL1939,IC50,nM,229.0,"PfDHFR-TS K1 (P. falciparum, resistant)"
CHEMBL4181677,CCc1nc(N)nc(N)c1OCCCOc1ccccc1CCC(=O)O.Cl,CHEMBL2387269,IC50,nM,4.6,CHEMBL1939,IC50,nM,4.6,"PfDHFR-TS K1 (P. falciparum, resistant)"
CHEMBL4181677,CCc1nc(N)nc(N)c1-c1ccc(Cl)cc1,CHEMBL36,IC50,nM,58.0,CHEMBL1939,IC50,nM,58.0,"PfDHFR-TS K1 (P. falciparum, resistant)"
CHEMBL4181677,COc1ccc(OC)c(CNc2ccc3nc(N)nc(N)c3c2Cl)c1,CHEMBL138060,IC50,nM,0.39,CHEMBL1939,IC50,nM,0.39,"PfDHFR-TS K1 (P. falciparum, resistant)"
CHEMBL4181677,CN(Cc1cnc2nc(N)nc(N)c2n1)c1ccc(C(=O)N[C@@H](CCC(=O)O)C(=O)O)cc1,CHEMBL34259,IC50,nM,84.0,CHEMBL1939,IC50,nM,84.0,"PfDHFR-TS K1 (P. falciparum, resistant)"
CHEMBL4181680,CCc1nc(N)nc(N)c1-c1ccc(Cl)cc1,CHEMBL36,IC50,nM,25.5,CHEMBL1939,IC50,nM,25.5,"PfDHFR-TS K1 (P. falciparum, resistant)"
CHEMBL4181680,CCc1nnc(NC(=O)CCc2ccc(S(=O)(=O)Nc3ccc(F)cc3)cc2)s1,CHEMBL1939368,IC50,nM,6.3,CHEMBL1939,IC50,nM,6.3,"PfDHFR-TS K1 (P. falciparum, resistant)"
CHEMBL4181680,Nc1nc(N)c2cc(NCc3ccc(CCNC(=O)c4ccc5c(c4)OCCO5)cc3)ccc2n1,CHEMBL4210735,IC50,nM,80.9,CHEMBL1939,IC50,nM,80.9,"PfDHFR-TS K1 (P. falciparum, resistant)"
CHEMBL4181680,Nc1nc(N)c2cc(NCc3ccc(CCNC(=O)c4ccc5c(c4)OCO5)cc3)ccc2n1,CHEMBL4207961,IC50,nM,26.2,CHEMBL1939,IC50,nM,26.2,"PfDHFR-TS K1 (P. falciparum, resistant)"
CHEMBL4181680,COc1ccc(C(=O)NCCc2ccc(CNc3ccc4nc(N)nc(N)c4c3)cc2)cc1OC,CHEMBL4210479,IC50,nM,61.1,CHEMBL1939,IC50,nM,61.1,"PfDHFR-TS K1 (P. falciparum, resistant)"
CHEMBL4181680,COc1cc(OC)cc(C(=O)NCCc2ccc(CNc3ccc4nc(N)nc(N)c4c3)cc2)c1,CHEMBL4209975,IC50,nM,32.1,CHEMBL1939,IC50,nM,32.1,"PfDHFR-TS K1 (P. falciparum, resistant)"
CHEMBL4181680,COc1cccc(C(=O)NCCc2ccc(CNc3ccc4nc(N)nc(N)c4c3)cc2)c1,CHEMBL4218177,IC50,nM,39.6,CHEMBL1939,IC50,nM,39.6,"PfDHFR-TS K1 (P. falciparum, resistant)"
CHEMBL4181680,COc1ccc(C(=O)NCCc2ccc(CNc3ccc4nc(N)nc(N)c4c3)cc2)cc1,CHEMBL4214368,IC50,nM,157.2,CHEMBL1939,IC50,nM,157.2,"PfDHFR-TS K1 (P. falciparum, resistant)"
CHEMBL4181680,Nc1nc(N)c2cc(NCc3ccc(CCNC(=O)c4ccc(F)cc4)cc3)ccc2n1,CHEMBL4218788,IC50,nM,118.0,CHEMBL1939,IC50,nM,118.0,"PfDHFR-TS K1 (P. falciparum, resistant)"
CHEMBL4181680,Nc1nc(N)c2cc(NCc3ccc(CCNC(=O)c4cccc(F)c4)cc3)ccc2n1,CHEMBL4207059,IC50,nM,50.6,CHEMBL1939,IC50,nM,50.6,"PfDHFR-TS K1 (P. falciparum, resistant)"
CHEMBL4181680,Nc1nc(N)c2cc(NCc3ccc(CCNC(=O)c4ccccc4F)cc3)ccc2n1,CHEMBL4206536,IC50,nM,180.2,CHEMBL1939,IC50,nM,180.2,"PfDHFR-TS K1 (P. falciparum, resistant)"
CHEMBL4181680,Nc1nc(N)c2cc(NCc3ccc(CCNC(=O)c4ccc(C(F)(F)F)cc4)cc3)ccc2n1,CHEMBL4213489,IC50,nM,21.3,CHEMBL1939,IC50,nM,21.3,"PfDHFR-TS K1 (P. falciparum, resistant)"
CHEMBL4181680,Nc1nc(N)c2cc(NCc3ccc(CCNC(=O)c4ccc([N+](=O)[O-])cc4)cc3)ccc2n1,CHEMBL4213904,IC50,nM,55.6,CHEMBL1939,IC50,nM,55.6,"PfDHFR-TS K1 (P. falciparum, resistant)"
CHEMBL4181680,Nc1nc(N)c2cc(NCc3ccc(CCNC(=O)c4ccco4)cc3)ccc2n1,CHEMBL4216274,IC50,nM,107.4,CHEMBL1939,IC50,nM,107.4,"PfDHFR-TS K1 (P. falciparum, resistant)"
CHEMBL4181680,Nc1nc(N)c2cc(NCc3ccc(CCNC(=O)c4cccs4)cc3)ccc2n1,CHEMBL4209486,IC50,nM,84.1,CHEMBL1939,IC50,nM,84.1,"PfDHFR-TS K1 (P. falciparum, resistant)"
CHEMBL4181680,Nc1nc(N)c2cc(NCc3ccc(CCNC(=O)c4ccc5ccccc5c4)cc3)ccc2n1,CHEMBL4213293,IC50,nM,67.9,CHEMBL1939,IC50,nM,67.9,"PfDHFR-TS K1 (P. falciparum, resistant)"
CHEMBL4181680,Nc1nc(N)c2cc(NCc3ccc(CCNC(=O)Cc4ccccc4)cc3)ccc2n1,CHEMBL4203015,IC50,nM,70.1,CHEMBL1939,IC50,nM,70.1,"PfDHFR-TS K1 (P. falciparum, resistant)"
CHEMBL4181680,Nc1nc(N)c2cc(NCc3ccc(CCNC(=O)CCc4ccccc4)cc3)ccc2n1,CHEMBL4211317,IC50,nM,185.4,CHEMBL1939,IC50,nM,185.4,"PfDHFR-TS K1 (P. falciparum, resistant)"
CHEMBL4181680,Nc1nc(N)c2cc(NCc3ccc(CCNC(=O)C4CCCCC4)cc3)ccc2n1,CHEMBL4212687,IC50,nM,225.5,CHEMBL1939,IC50,nM,225.5,"PfDHFR-TS K1 (P. falciparum, resistant)"
CHEMBL4181680,CC(C)(C)C1CCC(C(=O)NCCc2ccc(CNc3ccc4nc(N)nc(N)c4c3)cc2)CC1,CHEMBL4211543,IC50,nM,289.9,CHEMBL1939,IC50,nM,289.9,"PfDHFR-TS K1 (P. falciparum, resistant)"
CHEMBL5738783,CN(Cc1cnc2nc(N)nc(N)c2n1)c1ccc(C(=O)N[C@@H](CCC(=O)O)C(=O)O)cc1,CHEMBL34259,IC50,nM,0.891,CHEMBL1939,IC50,nM,0.891,"PfDHFR-TS K1 (P. falciparum, resistant)"
CHEMBL5738783,CCc1nc(N)nc(N)c1-c1ccc(Cl)cc1,CHEMBL36,IC50,nM,5.25,CHEMBL1939,IC50,nM,5.25,"PfDHFR-TS K1 (P. falciparum, resistant)"
CHEMBL5738783,Nc1ncc(N2CCN(c3ccccc3)CC2)c(N)n1,CHEMBL4553229,IC50,nM,1.91,CHEMBL1939,IC50,nM,1.91,"PfDHFR-TS K1 (P. falciparum, resistant)"
CHEMBL5738783,Nc1ncc(N2CCN(c3cccc(C4CCOCC4)c3)CC2)c(N)n1,CHEMBL5786336,IC50,nM,1.1,CHEMBL1939,IC50,nM,1.1,"PfDHFR-TS K1 (P. falciparum, resistant)"
CHEMBL5738783,COc1ncc(-c2cccc(N3CCN(c4cnc(N)nc4N)CC3)c2)cn1,CHEMBL4468777,IC50,nM,0.708,CHEMBL1939,IC50,nM,0.708,"PfDHFR-TS K1 (P. falciparum, resistant)"
CHEMBL5738783,CCCc1nc(N)nc(N)c1N1CCN(c2ccccc2)CC1,CHEMBL5822647,IC50,nM,14.1,CHEMBL1939,IC50,nM,14.1,"PfDHFR-TS K1 (P. falciparum, resistant)"
CHEMBL811761,NC(=O)c1ccc[n+]([C@H]2O[C@@H](COP(=O)([O-])OP(=O)(O)OC[C@H]3O[C@@H](n4cnc5c(N)ncnc54)[C@H](OP(=O)(O)O)[C@@H]3O)[C@H](O)[C@@H]2O)c1,CHEMBL2364573,Ki,nM,4.7,CHEMBL1939,Ki,nM,4.7,"PfDHFR-TS K1 (P. falciparum, resistant)"
CHEMBL811759,NC(=O)c1ccc[n+]([C@H]2O[C@@H](COP(=O)([O-])OP(=O)(O)OC[C@H]3O[C@@H](n4cnc5c(N)ncnc54)[C@H](OP(=O)(O)O)[C@@H]3O)[C@H](O)[C@@H]2O)c1,CHEMBL2364573,Ki,nM,14.5,CHEMBL1939,Ki,nM,14.5,"PfDHFR-TS K1 (P. falciparum, resistant)"
CHEMBL821379,CCCCCCCOc1cc(Cc2cnc(N)nc2N)ccc1OC,CHEMBL324775,Ki,nM,3.1,CHEMBL1939,Ki,nM,3.1,"PfDHFR-TS K1 (P. falciparum, resistant)"
CHEMBL668412,CCCCCCCOc1cc(Cc2cnc(N)nc2N)ccc1OC,CHEMBL324775,Ki,nM,103.5,CHEMBL1939,Ki,nM,103.5,"PfDHFR-TS K1 (P. falciparum, resistant)"
CHEMBL668414,CCCCCCCOc1cc(Cc2cnc(N)nc2N)ccc1OC,CHEMBL324775,Ki,nM,292.4,CHEMBL1939,Ki,nM,292.4,"PfDHFR-TS K1 (P. falciparum, resistant)"
CHEMBL668413,CCCCCCCOc1cc(Cc2cnc(N)nc2N)ccc1OC,CHEMBL324775,Ki,nM,445.1,CHEMBL1939,Ki,nM,445.1,"PfDHFR-TS K1 (P. falciparum, resistant)"
CHEMBL821379,CCCCOc1cc(Cc2cnc(N)nc2N)ccc1OCc1cc(OC)c(OC)c(OC)c1,CHEMBL416373,Ki,nM,0.4,CHEMBL1939,Ki,nM,0.4,"PfDHFR-TS K1 (P. falciparum, resistant)"
CHEMBL668412,CCCCOc1cc(Cc2cnc(N)nc2N)ccc1OCc1cc(OC)c(OC)c(OC)c1,CHEMBL416373,Ki,nM,5.6,CHEMBL1939,Ki,nM,5.6,"PfDHFR-TS K1 (P. falciparum, resistant)"
CHEMBL668414,CCCCOc1cc(Cc2cnc(N)nc2N)ccc1OCc1cc(OC)c(OC)c(OC)c1,CHEMBL416373,Ki,nM,105.6,CHEMBL1939,Ki,nM,105.6,"PfDHFR-TS K1 (P. falciparum, resistant)"
CHEMBL668413,CCCCOc1cc(Cc2cnc(N)nc2N)ccc1OCc1cc(OC)c(OC)c(OC)c1,CHEMBL416373,Ki,nM,258.6,CHEMBL1939,Ki,nM,258.6,"PfDHFR-TS K1 (P. falciparum, resistant)"
CHEMBL821379,COc1ccc(Cc2cnc(N)nc2N)cc1OCc1ccccc1,CHEMBL291931,Ki,nM,7.2,CHEMBL1939,Ki,nM,7.2,"PfDHFR-TS K1 (P. falciparum, resistant)"
CHEMBL668412,COc1ccc(Cc2cnc(N)nc2N)cc1OCc1ccccc1,CHEMBL291931,Ki,nM,143.4,CHEMBL1939,Ki,nM,143.4,"PfDHFR-TS K1 (P. falciparum, resistant)"
CHEMBL668414,COc1ccc(Cc2cnc(N)nc2N)cc1OCc1ccccc1,CHEMBL291931,Ki,nM,629.8,CHEMBL1939,Ki,nM,629.8,"PfDHFR-TS K1 (P. falciparum, resistant)"
CHEMBL668413,COc1ccc(Cc2cnc(N)nc2N)cc1OCc1ccccc1,CHEMBL291931,Ki,nM,1129.6,CHEMBL1939,Ki,nM,1129.6,"PfDHFR-TS K1 (P. falciparum, resistant)"
CHEMBL821379,CCOc1cc(Cc2cnc(N)nc2N)ccc1OCCCOc1ccccc1,CHEMBL119188,Ki,nM,0.6,CHEMBL1939,Ki,nM,0.6,"PfDHFR-TS K1 (P. falciparum, resistant)"
CHEMBL668412,CCOc1cc(Cc2cnc(N)nc2N)ccc1OCCCOc1ccccc1,CHEMBL119188,Ki,nM,47.7,CHEMBL1939,Ki,nM,47.7,"PfDHFR-TS K1 (P. falciparum, resistant)"
CHEMBL668414,CCOc1cc(Cc2cnc(N)nc2N)ccc1OCCCOc1ccccc1,CHEMBL119188,Ki,nM,166.4,CHEMBL1939,Ki,nM,166.4,"PfDHFR-TS K1 (P. falciparum, resistant)"
CHEMBL668413,CCOc1cc(Cc2cnc(N)nc2N)ccc1OCCCOc1ccccc1,CHEMBL119188,Ki,nM,770.1,CHEMBL1939,Ki,nM,770.1,"PfDHFR-TS K1 (P. falciparum, resistant)"
CHEMBL811761,CC1(C)N=C(N)N=C(N)N1c1ccc(Cl)cc1,CHEMBL747,Ki,nM,2.6,CHEMBL1939,Ki,nM,2.6,"PfDHFR-TS K1 (P. falciparum, resistant)"
CHEMBL811759,CC1(C)N=C(N)N=C(N)N1c1ccc(Cl)cc1,CHEMBL747,Ki,nM,82.1,CHEMBL1939,Ki,nM,82.1,"PfDHFR-TS K1 (P. falciparum, resistant)"
CHEMBL811761,CCc1nc(N)nc(N)c1-c1cccc(OC)c1,CHEMBL29773,Ki,nM,1.07,CHEMBL1939,Ki,nM,1.07,"PfDHFR-TS K1 (P. falciparum, resistant)"
CHEMBL811759,CCc1nc(N)nc(N)c1-c1cccc(OC)c1,CHEMBL29773,Ki,nM,14.0,CHEMBL1939,Ki,nM,14.0,"PfDHFR-TS K1 (P. falciparum, resistant)"
CHEMBL814296,CCc1nc(N)nc(N)c1-c1cccc(OC)c1,CHEMBL29773,Ki,nM,14.0,CHEMBL1939,Ki,nM,14.0,"PfDHFR-TS K1 (P. falciparum, resistant)"
CHEMBL821379,CCCCCCCOc1ccc(Cc2cnc(N)nc2N)cc1,CHEMBL30937,Ki,nM,17.8,CHEMBL1939,Ki,nM,17.8,"PfDHFR-TS K1 (P. falciparum, resistant)"
CHEMBL668412,CCCCCCCOc1ccc(Cc2cnc(N)nc2N)cc1,CHEMBL30937,Ki,nM,196.3,CHEMBL1939,Ki,nM,196.3,"PfDHFR-TS K1 (P. falciparum, resistant)"
CHEMBL668414,CCCCCCCOc1ccc(Cc2cnc(N)nc2N)cc1,CHEMBL30937,Ki,nM,2208.4,CHEMBL1939,Ki,nM,2208.4,"PfDHFR-TS K1 (P. falciparum, resistant)"
CHEMBL668413,CCCCCCCOc1ccc(Cc2cnc(N)nc2N)cc1,CHEMBL30937,Ki,nM,1380.0,CHEMBL1939,Ki,nM,1380.0,"PfDHFR-TS K1 (P. falciparum, resistant)"
CHEMBL821379,Nc1ncc(Cc2ccc(OCc3ccccc3)c(OCc3ccccc3)c2)c(N)n1,CHEMBL22138,Ki,nM,1.7,CHEMBL1939,Ki,nM,1.7,"PfDHFR-TS K1 (P. falciparum, resistant)"
CHEMBL668412,Nc1ncc(Cc2ccc(OCc3ccccc3)c(OCc3ccccc3)c2)c(N)n1,CHEMBL22138,Ki,nM,60.2,CHEMBL1939,Ki,nM,60.2,"PfDHFR-TS K1 (P. falciparum, resistant)"
CHEMBL668414,Nc1ncc(Cc2ccc(OCc3ccccc3)c(OCc3ccccc3)c2)c(N)n1,CHEMBL22138,Ki,nM,491.2,CHEMBL1939,Ki,nM,491.2,"PfDHFR-TS K1 (P. falciparum, resistant)"
CHEMBL668413,Nc1ncc(Cc2ccc(OCc3ccccc3)c(OCc3ccccc3)c2)c(N)n1,CHEMBL22138,Ki,nM,2454.0,CHEMBL1939,Ki,nM,2454.0,"PfDHFR-TS K1 (P. falciparum, resistant)"
CHEMBL821379,Nc1ncc(Cc2ccc(OCc3ccccc3)cc2)c(N)n1,CHEMBL56146,Ki,nM,6.5,CHEMBL1939,Ki,nM,6.5,"PfDHFR-TS K1 (P. falciparum, resistant)"
CHEMBL668412,Nc1ncc(Cc2ccc(OCc3ccccc3)cc2)c(N)n1,CHEMBL56146,Ki,nM,101.0,CHEMBL1939,Ki,nM,101.0,"PfDHFR-TS K1 (P. falciparum, resistant)"
CHEMBL668414,Nc1ncc(Cc2ccc(OCc3ccccc3)cc2)c(N)n1,CHEMBL56146,Ki,nM,994.0,CHEMBL1939,Ki,nM,994.0,"PfDHFR-TS K1 (P. falciparum, resistant)"
CHEMBL668413,Nc1ncc(Cc2ccc(OCc3ccccc3)cc2)c(N)n1,CHEMBL56146,Ki,nM,4636.7,CHEMBL1939,Ki,nM,4636.7,"PfDHFR-TS K1 (P. falciparum, resistant)"
CHEMBL821379,CCCOc1cc(Cc2c(N)nc(N)nc2CC)ccc1OCc1cc(OC)c(OC)c(OC)c1,CHEMBL119086,Ki,nM,1.8,CHEMBL1939,Ki,nM,1.8,"PfDHFR-TS K1 (P. falciparum, resistant)"
CHEMBL668412,CCCOc1cc(Cc2c(N)nc(N)nc2CC)ccc1OCc1cc(OC)c(OC)c(OC)c1,CHEMBL119086,Ki,nM,48.7,CHEMBL1939,Ki,nM,48.7,"PfDHFR-TS K1 (P. falciparum, resistant)"
CHEMBL668414,CCCOc1cc(Cc2c(N)nc(N)nc2CC)ccc1OCc1cc(OC)c(OC)c(OC)c1,CHEMBL119086,Ki,nM,154.2,CHEMBL1939,Ki,nM,154.2,"PfDHFR-TS K1 (P. falciparum, resistant)"
CHEMBL668413,CCCOc1cc(Cc2c(N)nc(N)nc2CC)ccc1OCc1cc(OC)c(OC)c(OC)c1,CHEMBL119086,Ki,nM,693.1,CHEMBL1939,Ki,nM,693.1,"PfDHFR-TS K1 (P. falciparum, resistant)"
CHEMBL821379,COc1cc(Cc2c(C)nc(N)nc2N)cc(OC)c1OC,CHEMBL325533,Ki,nM,38.2,CHEMBL1939,Ki,nM,38.2,"PfDHFR-TS K1 (P. falciparum, resistant)"
CHEMBL668412,COc1cc(Cc2c(C)nc(N)nc2N)cc(OC)c1OC,CHEMBL325533,Ki,nM,520.3,CHEMBL1939,Ki,nM,520.3,"PfDHFR-TS K1 (P. falciparum, resistant)"
CHEMBL668414,COc1cc(Cc2c(C)nc(N)nc2N)cc(OC)c1OC,CHEMBL325533,Ki,nM,1364.3,CHEMBL1939,Ki,nM,1364.3,"PfDHFR-TS K1 (P. falciparum, resistant)"
CHEMBL668413,COc1cc(Cc2c(C)nc(N)nc2N)cc(OC)c1OC,CHEMBL325533,Ki,nM,1634.3,CHEMBL1939,Ki,nM,1634.3,"PfDHFR-TS K1 (P. falciparum, resistant)"
CHEMBL821379,CCCOc1ccc(Cc2cnc(N)nc2N)cc1,CHEMBL326989,Ki,nM,15.1,CHEMBL1939,Ki,nM,15.1,"PfDHFR-TS K1 (P. falciparum, resistant)"
CHEMBL668412,CCCOc1ccc(Cc2cnc(N)nc2N)cc1,CHEMBL326989,Ki,nM,211.5,CHEMBL1939,Ki,nM,211.5,"PfDHFR-TS K1 (P. falciparum, resistant)"
CHEMBL668414,CCCOc1ccc(Cc2cnc(N)nc2N)cc1,CHEMBL326989,Ki,nM,1091.3,CHEMBL1939,Ki,nM,1091.3,"PfDHFR-TS K1 (P. falciparum, resistant)"
CHEMBL668413,CCCOc1ccc(Cc2cnc(N)nc2N)cc1,CHEMBL326989,Ki,nM,1518.0,CHEMBL1939,Ki,nM,1518.0,"PfDHFR-TS K1 (P. falciparum, resistant)"
CHEMBL821379,CCCOc1cc(Cc2cnc(N)nc2N)ccc1OCc1cc(OC)c(OC)c(OC)c1,CHEMBL22139,Ki,nM,0.4,CHEMBL1939,Ki,nM,0.4,"PfDHFR-TS K1 (P. falciparum, resistant)"
CHEMBL668412,CCCOc1cc(Cc2cnc(N)nc2N)ccc1OCc1cc(OC)c(OC)c(OC)c1,CHEMBL22139,Ki,nM,5.6,CHEMBL1939,Ki,nM,5.6,"PfDHFR-TS K1 (P. falciparum, resistant)"
CHEMBL668414,CCCOc1cc(Cc2cnc(N)nc2N)ccc1OCc1cc(OC)c(OC)c(OC)c1,CHEMBL22139,Ki,nM,105.6,CHEMBL1939,Ki,nM,105.6,"PfDHFR-TS K1 (P. falciparum, resistant)"
CHEMBL668413,CCCOc1cc(Cc2cnc(N)nc2N)ccc1OCc1cc(OC)c(OC)c(OC)c1,CHEMBL22139,Ki,nM,258.6,CHEMBL1939,Ki,nM,258.6,"PfDHFR-TS K1 (P. falciparum, resistant)"
CHEMBL821379,Nc1ncc(Cc2cccc(OCc3ccccc3)c2)c(N)n1,CHEMBL274031,Ki,nM,6.3,CHEMBL1939,Ki,nM,6.3,"PfDHFR-TS K1 (P. falciparum, resistant)"
CHEMBL668412,Nc1ncc(Cc2cccc(OCc3ccccc3)c2)c(N)n1,CHEMBL274031,Ki,nM,113.5,CHEMBL1939,Ki,nM,113.5,"PfDHFR-TS K1 (P. falciparum, resistant)"
CHEMBL668414,Nc1ncc(Cc2cccc(OCc3ccccc3)c2)c(N)n1,CHEMBL274031,Ki,nM,515.4,CHEMBL1939,Ki,nM,515.4,"PfDHFR-TS K1 (P. falciparum, resistant)"
CHEMBL668413,Nc1ncc(Cc2cccc(OCc3ccccc3)c2)c(N)n1,CHEMBL274031,Ki,nM,455.5,CHEMBL1939,Ki,nM,455.5,"PfDHFR-TS K1 (P. falciparum, resistant)"
CHEMBL821379,CCCCOc1cc(Cc2cnc(N)nc2N)ccc1OC,CHEMBL118581,Ki,nM,2.5,CHEMBL1939,Ki,nM,2.5,"PfDHFR-TS K1 (P. falciparum, resistant)"
CHEMBL668412,CCCCOc1cc(Cc2cnc(N)nc2N)ccc1OC,CHEMBL118581,Ki,nM,194.1,CHEMBL1939,Ki,nM,194.1,"PfDHFR-TS K1 (P. falciparum, resistant)"
CHEMBL668414,CCCCOc1cc(Cc2cnc(N)nc2N)ccc1OC,CHEMBL118581,Ki,nM,771.8,CHEMBL1939,Ki,nM,771.8,"PfDHFR-TS K1 (P. falciparum, resistant)"
CHEMBL668413,CCCCOc1cc(Cc2cnc(N)nc2N)ccc1OC,CHEMBL118581,Ki,nM,1033.3,CHEMBL1939,Ki,nM,1033.3,"PfDHFR-TS K1 (P. falciparum, resistant)"
CHEMBL821379,Nc1ncc(Cc2cccc(Oc3ccccc3)c2)c(N)n1,CHEMBL119224,Ki,nM,5.3,CHEMBL1939,Ki,nM,5.3,"PfDHFR-TS K1 (P. falciparum, resistant)"
CHEMBL668412,Nc1ncc(Cc2cccc(Oc3ccccc3)c2)c(N)n1,CHEMBL119224,Ki,nM,81.7,CHEMBL1939,Ki,nM,81.7,"PfDHFR-TS K1 (P. falciparum, resistant)"
CHEMBL668414,Nc1ncc(Cc2cccc(Oc3ccccc3)c2)c(N)n1,CHEMBL119224,Ki,nM,161.2,CHEMBL1939,Ki,nM,161.2,"PfDHFR-TS K1 (P. falciparum, resistant)"
CHEMBL668413,Nc1ncc(Cc2cccc(Oc3ccccc3)c2)c(N)n1,CHEMBL119224,Ki,nM,671.4,CHEMBL1939,Ki,nM,671.4,"PfDHFR-TS K1 (P. falciparum, resistant)"
CHEMBL821379,CCc1nc(N)nc(N)c1Cc1ccc(OCc2ccccc2)c(OCc2ccccc2)c1,CHEMBL22137,Ki,nM,3.7,CHEMBL1939,Ki,nM,3.7,"PfDHFR-TS K1 (P. falciparum, resistant)"
CHEMBL668412,CCc1nc(N)nc(N)c1Cc1ccc(OCc2ccccc2)c(OCc2ccccc2)c1,CHEMBL22137,Ki,nM,99.1,CHEMBL1939,Ki,nM,99.1,"PfDHFR-TS K1 (P. falciparum, resistant)"
CHEMBL668414,CCc1nc(N)nc(N)c1Cc1ccc(OCc2ccccc2)c(OCc2ccccc2)c1,CHEMBL22137,Ki,nM,273.4,CHEMBL1939,Ki,nM,273.4,"PfDHFR-TS K1 (P. falciparum, resistant)"
CHEMBL668413,CCc1nc(N)nc(N)c1Cc1ccc(OCc2ccccc2)c(OCc2ccccc2)c1,CHEMBL22137,Ki,nM,204.7,CHEMBL1939,Ki,nM,204.7,"PfDHFR-TS K1 (P. falciparum, resistant)"
CHEMBL821379,COc1ccc(Cc2cnc(N)nc2N)cc1,CHEMBL19023,Ki,nM,23.5,CHEMBL1939,Ki,nM,23.5,"PfDHFR-TS K1 (P. falciparum, resistant)"
CHEMBL668412,COc1ccc(Cc2cnc(N)nc2N)cc1,CHEMBL19023,Ki,nM,464.1,CHEMBL1939,Ki,nM,464.1,"PfDHFR-TS K1 (P. falciparum, resistant)"
CHEMBL668414,COc1ccc(Cc2cnc(N)nc2N)cc1,CHEMBL19023,Ki,nM,3957.8,CHEMBL1939,Ki,nM,3957.8,"PfDHFR-TS K1 (P. falciparum, resistant)"
CHEMBL668413,COc1ccc(Cc2cnc(N)nc2N)cc1,CHEMBL19023,Ki,nM,20491.0,CHEMBL1939,Ki,nM,20491.0,"PfDHFR-TS K1 (P. falciparum, resistant)"
CHEMBL821379,CCCCCOc1ccc(Cc2cnc(N)nc2N)cc1OCC,CHEMBL119189,Ki,nM,1.6,CHEMBL1939,Ki,nM,1.6,"PfDHFR-TS K1 (P. falciparum, resistant)"
CHEMBL668412,CCCCCOc1ccc(Cc2cnc(N)nc2N)cc1OCC,CHEMBL119189,Ki,nM,46.6,CHEMBL1939,Ki,nM,46.6,"PfDHFR-TS K1 (P. falciparum, resistant)"
CHEMBL668414,CCCCCOc1ccc(Cc2cnc(N)nc2N)cc1OCC,CHEMBL119189,Ki,nM,1162.5,CHEMBL1939,Ki,nM,1162.5,"PfDHFR-TS K1 (P. falciparum, resistant)"
CHEMBL668413,CCCCCOc1ccc(Cc2cnc(N)nc2N)cc1OCC,CHEMBL119189,Ki,nM,901.7,CHEMBL1939,Ki,nM,901.7,"PfDHFR-TS K1 (P. falciparum, resistant)"
CHEMBL821379,Nc1ncc(Cc2ccc(OCCCc3ccccc3)cc2)c(N)n1,CHEMBL118668,Ki,nM,5.9,CHEMBL1939,Ki,nM,5.9,"PfDHFR-TS K1 (P. falciparum, resistant)"
CHEMBL668412,Nc1ncc(Cc2ccc(OCCCc3ccccc3)cc2)c(N)n1,CHEMBL118668,Ki,nM,58.1,CHEMBL1939,Ki,nM,58.1,"PfDHFR-TS K1 (P. falciparum, resistant)"
CHEMBL668414,Nc1ncc(Cc2ccc(OCCCc3ccccc3)cc2)c(N)n1,CHEMBL118668,Ki,nM,3044.8,CHEMBL1939,Ki,nM,3044.8,"PfDHFR-TS K1 (P. falciparum, resistant)"
CHEMBL668413,Nc1ncc(Cc2ccc(OCCCc3ccccc3)cc2)c(N)n1,CHEMBL118668,Ki,nM,801.4,CHEMBL1939,Ki,nM,801.4,"PfDHFR-TS K1 (P. falciparum, resistant)"
CHEMBL811761,CCc1nc(N)nc(N)c1-c1cccc(Cl)c1,CHEMBL278847,Ki,nM,0.3,CHEMBL1939,Ki,nM,0.3,"PfDHFR-TS K1 (P. falciparum, resistant)"
CHEMBL811759,CCc1nc(N)nc(N)c1-c1cccc(Cl)c1,CHEMBL278847,Ki,nM,2.4,CHEMBL1939,Ki,nM,2.4,"PfDHFR-TS K1 (P. falciparum, resistant)"
CHEMBL821379,CCOc1cc(Cc2cnc(N)nc2N)ccc1OCCCc1ccccc1,CHEMBL333779,Ki,nM,1.0,CHEMBL1939,Ki,nM,1.0,"PfDHFR-TS K1 (P. falciparum, resistant)"
CHEMBL668412,CCOc1cc(Cc2cnc(N)nc2N)ccc1OCCCc1ccccc1,CHEMBL333779,Ki,nM,10.6,CHEMBL1939,Ki,nM,10.6,"PfDHFR-TS K1 (P. falciparum, resistant)"
CHEMBL668414,CCOc1cc(Cc2cnc(N)nc2N)ccc1OCCCc1ccccc1,CHEMBL333779,Ki,nM,374.1,CHEMBL1939,Ki,nM,374.1,"PfDHFR-TS K1 (P. falciparum, resistant)"
CHEMBL668413,CCOc1cc(Cc2cnc(N)nc2N)ccc1OCCCc1ccccc1,CHEMBL333779,Ki,nM,525.3,CHEMBL1939,Ki,nM,525.3,"PfDHFR-TS K1 (P. falciparum, resistant)"
CHEMBL821379,Nc1ncc(Cc2ccc(OCCCOCCCOc3ccccc3)cc2)c(N)n1,CHEMBL118425,Ki,nM,7.0,CHEMBL1939,Ki,nM,7.0,"PfDHFR-TS K1 (P. falciparum, resistant)"
CHEMBL668412,Nc1ncc(Cc2ccc(OCCCOCCCOc3ccccc3)cc2)c(N)n1,CHEMBL118425,Ki,nM,107.7,CHEMBL1939,Ki,nM,107.7,"PfDHFR-TS K1 (P. falciparum, resistant)"
CHEMBL668414,Nc1ncc(Cc2ccc(OCCCOCCCOc3ccccc3)cc2)c(N)n1,CHEMBL118425,Ki,nM,263.6,CHEMBL1939,Ki,nM,263.6,"PfDHFR-TS K1 (P. falciparum, resistant)"
CHEMBL668413,Nc1ncc(Cc2ccc(OCCCOCCCOc3ccccc3)cc2)c(N)n1,CHEMBL118425,Ki,nM,1589.0,CHEMBL1939,Ki,nM,1589.0,"PfDHFR-TS K1 (P. falciparum, resistant)"
CHEMBL821379,COc1cc(COc2ccc(Cc3cnc(N)nc3N)cc2)cc(OC)c1OC,CHEMBL416376,Ki,nM,1.3,CHEMBL1939,Ki,nM,1.3,"PfDHFR-TS K1 (P. falciparum, resistant)"
CHEMBL668412,COc1cc(COc2ccc(Cc3cnc(N)nc3N)cc2)cc(OC)c1OC,CHEMBL416376,Ki,nM,5.2,CHEMBL1939,Ki,nM,5.2,"PfDHFR-TS K1 (P. falciparum, resistant)"
CHEMBL668414,COc1cc(COc2ccc(Cc3cnc(N)nc3N)cc2)cc(OC)c1OC,CHEMBL416376,Ki,nM,511.9,CHEMBL1939,Ki,nM,511.9,"PfDHFR-TS K1 (P. falciparum, resistant)"
CHEMBL668413,COc1cc(COc2ccc(Cc3cnc(N)nc3N)cc2)cc(OC)c1OC,CHEMBL416376,Ki,nM,76.5,CHEMBL1939,Ki,nM,76.5,"PfDHFR-TS K1 (P. falciparum, resistant)"
CHEMBL821379,COc1cc(Cc2cnc(N)nc2N)ccc1OCCCOCCCOc1ccccc1,CHEMBL118652,Ki,nM,1.8,CHEMBL1939,Ki,nM,1.8,"PfDHFR-TS K1 (P. falciparum, resistant)"
CHEMBL668412,COc1cc(Cc2cnc(N)nc2N)ccc1OCCCOCCCOc1ccccc1,CHEMBL118652,Ki,nM,153.5,CHEMBL1939,Ki,nM,153.5,"PfDHFR-TS K1 (P. falciparum, resistant)"
CHEMBL668414,COc1cc(Cc2cnc(N)nc2N)ccc1OCCCOCCCOc1ccccc1,CHEMBL118652,Ki,nM,424.8,CHEMBL1939,Ki,nM,424.8,"PfDHFR-TS K1 (P. falciparum, resistant)"
CHEMBL668413,COc1cc(Cc2cnc(N)nc2N)ccc1OCCCOCCCOc1ccccc1,CHEMBL118652,Ki,nM,2191.7,CHEMBL1939,Ki,nM,2191.7,"PfDHFR-TS K1 (P. falciparum, resistant)"
CHEMBL821379,CCc1nc(N)nc(N)c1Cc1ccc(OCc2ccccc2)c(OC)c1,CHEMBL118602,Ki,nM,3.5,CHEMBL1939,Ki,nM,3.5,"PfDHFR-TS K1 (P. falciparum, resistant)"
CHEMBL668412,CCc1nc(N)nc(N)c1Cc1ccc(OCc2ccccc2)c(OC)c1,CHEMBL118602,Ki,nM,60.1,CHEMBL1939,Ki,nM,60.1,"PfDHFR-TS K1 (P. falciparum, resistant)"
CHEMBL668414,CCc1nc(N)nc(N)c1Cc1ccc(OCc2ccccc2)c(OC)c1,CHEMBL118602,Ki,nM,3737.7,CHEMBL1939,Ki,nM,3737.7,"PfDHFR-TS K1 (P. falciparum, resistant)"
CHEMBL668413,CCc1nc(N)nc(N)c1Cc1ccc(OCc2ccccc2)c(OC)c1,CHEMBL118602,Ki,nM,732.5,CHEMBL1939,Ki,nM,732.5,"PfDHFR-TS K1 (P. falciparum, resistant)"
CHEMBL821379,CCOc1cc(Cc2cnc(N)nc2N)ccc1OCCCOCCCOc1ccccc1,CHEMBL118202,Ki,nM,2.3,CHEMBL1939,Ki,nM,2.3,"PfDHFR-TS K1 (P. falciparum, resistant)"
CHEMBL668412,CCOc1cc(Cc2cnc(N)nc2N)ccc1OCCCOCCCOc1ccccc1,CHEMBL118202,Ki,nM,46.9,CHEMBL1939,Ki,nM,46.9,"PfDHFR-TS K1 (P. falciparum, resistant)"
CHEMBL668414,CCOc1cc(Cc2cnc(N)nc2N)ccc1OCCCOCCCOc1ccccc1,CHEMBL118202,Ki,nM,313.7,CHEMBL1939,Ki,nM,313.7,"PfDHFR-TS K1 (P. falciparum, resistant)"
CHEMBL668413,CCOc1cc(Cc2cnc(N)nc2N)ccc1OCCCOCCCOc1ccccc1,CHEMBL118202,Ki,nM,937.4,CHEMBL1939,Ki,nM,937.4,"PfDHFR-TS K1 (P. falciparum, resistant)"
CHEMBL821379,COc1cc(Cc2cnc(N)nc2N)cc(OC)c1OC,CHEMBL22,Ki,nM,10.3,CHEMBL1939,Ki,nM,10.3,"PfDHFR-TS K1 (P. falciparum, resistant)"
CHEMBL668412,COc1cc(Cc2cnc(N)nc2N)cc(OC)c1OC,CHEMBL22,Ki,nM,242.1,CHEMBL1939,Ki,nM,242.1,"PfDHFR-TS K1 (P. falciparum, resistant)"
CHEMBL668414,COc1cc(Cc2cnc(N)nc2N)cc(OC)c1OC,CHEMBL22,Ki,nM,5688.7,CHEMBL1939,Ki,nM,5688.7,"PfDHFR-TS K1 (P. falciparum, resistant)"
CHEMBL668413,COc1cc(Cc2cnc(N)nc2N)cc(OC)c1OC,CHEMBL22,Ki,nM,6664.5,CHEMBL1939,Ki,nM,6664.5,"PfDHFR-TS K1 (P. falciparum, resistant)"
CHEMBL821379,CCc1nc(N)nc(N)c1Cc1cc(OC)c(OC)c(OC)c1,CHEMBL419055,Ki,nM,4.3,CHEMBL1939,Ki,nM,4.3,"PfDHFR-TS K1 (P. falciparum, resistant)"
CHEMBL668412,CCc1nc(N)nc(N)c1Cc1cc(OC)c(OC)c(OC)c1,CHEMBL419055,Ki,nM,116.4,CHEMBL1939,Ki,nM,116.4,"PfDHFR-TS K1 (P. falciparum, resistant)"
CHEMBL668414,CCc1nc(N)nc(N)c1Cc1cc(OC)c(OC)c(OC)c1,CHEMBL419055,Ki,nM,466.8,CHEMBL1939,Ki,nM,466.8,"PfDHFR-TS K1 (P. falciparum, resistant)"
CHEMBL668413,CCc1nc(N)nc(N)c1Cc1cc(OC)c(OC)c(OC)c1,CHEMBL419055,Ki,nM,697.6,CHEMBL1939,Ki,nM,697.6,"PfDHFR-TS K1 (P. falciparum, resistant)"
CHEMBL821379,COc1ccc(Cc2cnc(N)nc2N)cc1OC,CHEMBL19633,Ki,nM,11.5,CHEMBL1939,Ki,nM,11.5,"PfDHFR-TS K1 (P. falciparum, resistant)"
CHEMBL668412,COc1ccc(Cc2cnc(N)nc2N)cc1OC,CHEMBL19633,Ki,nM,234.8,CHEMBL1939,Ki,nM,234.8,"PfDHFR-TS K1 (P. falciparum, resistant)"
CHEMBL668414,COc1ccc(Cc2cnc(N)nc2N)cc1OC,CHEMBL19633,Ki,nM,2646.8,CHEMBL1939,Ki,nM,2646.8,"PfDHFR-TS K1 (P. falciparum, resistant)"
CHEMBL668413,COc1ccc(Cc2cnc(N)nc2N)cc1OC,CHEMBL19633,Ki,nM,13858.0,CHEMBL1939,Ki,nM,13858.0,"PfDHFR-TS K1 (P. falciparum, resistant)"
CHEMBL821379,COc1cc(Cc2cnc(N)nc2N)ccc1OCCCc1ccccc1,CHEMBL22327,Ki,nM,1.8,CHEMBL1939,Ki,nM,1.8,"PfDHFR-TS K1 (P. falciparum, resistant)"
CHEMBL668412,COc1cc(Cc2cnc(N)nc2N)ccc1OCCCc1ccccc1,CHEMBL22327,Ki,nM,44.2,CHEMBL1939,Ki,nM,44.2,"PfDHFR-TS K1 (P. falciparum, resistant)"
CHEMBL668414,COc1cc(Cc2cnc(N)nc2N)ccc1OCCCc1ccccc1,CHEMBL22327,Ki,nM,3100.2,CHEMBL1939,Ki,nM,3100.2,"PfDHFR-TS K1 (P. falciparum, resistant)"
CHEMBL668413,COc1cc(Cc2cnc(N)nc2N)ccc1OCCCc1ccccc1,CHEMBL22327,Ki,nM,1122.8,CHEMBL1939,Ki,nM,1122.8,"PfDHFR-TS K1 (P. falciparum, resistant)"
CHEMBL821379,Nc1ncc(Cc2ccc(OCCCOc3ccccc3)cc2)c(N)n1,CHEMBL119568,Ki,nM,6.5,CHEMBL1939,Ki,nM,6.5,"PfDHFR-TS K1 (P. falciparum, resistant)"
CHEMBL668412,Nc1ncc(Cc2ccc(OCCCOc3ccccc3)cc2)c(N)n1,CHEMBL119568,Ki,nM,169.9,CHEMBL1939,Ki,nM,169.9,"PfDHFR-TS K1 (P. falciparum, resistant)"
CHEMBL668414,Nc1ncc(Cc2ccc(OCCCOc3ccccc3)cc2)c(N)n1,CHEMBL119568,Ki,nM,470.6,CHEMBL1939,Ki,nM,470.6,"PfDHFR-TS K1 (P. falciparum, resistant)"
CHEMBL668413,Nc1ncc(Cc2ccc(OCCCOc3ccccc3)cc2)c(N)n1,CHEMBL119568,Ki,nM,2261.0,CHEMBL1939,Ki,nM,2261.0,"PfDHFR-TS K1 (P. falciparum, resistant)"
CHEMBL821379,CCCCCOc1cc(Cc2cnc(N)nc2N)ccc1OC,CHEMBL119669,Ki,nM,2.2,CHEMBL1939,Ki,nM,2.2,"PfDHFR-TS K1 (P. falciparum, resistant)"
CHEMBL668412,CCCCCOc1cc(Cc2cnc(N)nc2N)ccc1OC,CHEMBL119669,Ki,nM,134.5,CHEMBL1939,Ki,nM,134.5,"PfDHFR-TS K1 (P. falciparum, resistant)"
CHEMBL668414,CCCCCOc1cc(Cc2cnc(N)nc2N)ccc1OC,CHEMBL119669,Ki,nM,252.6,CHEMBL1939,Ki,nM,252.6,"PfDHFR-TS K1 (P. falciparum, resistant)"
CHEMBL668413,CCCCCOc1cc(Cc2cnc(N)nc2N)ccc1OC,CHEMBL119669,Ki,nM,444.2,CHEMBL1939,Ki,nM,444.2,"PfDHFR-TS K1 (P. falciparum, resistant)"
CHEMBL821379,COc1cc(Cc2cnc(N)nc2N)ccc1OCc1ccccc1,CHEMBL22146,Ki,nM,2.2,CHEMBL1939,Ki,nM,2.2,"PfDHFR-TS K1 (P. falciparum, resistant)"
CHEMBL668412,COc1cc(Cc2cnc(N)nc2N)ccc1OCc1ccccc1,CHEMBL22146,Ki,nM,60.7,CHEMBL1939,Ki,nM,60.7,"PfDHFR-TS K1 (P. falciparum, resistant)"
CHEMBL668414,COc1cc(Cc2cnc(N)nc2N)ccc1OCc1ccccc1,CHEMBL22146,Ki,nM,1974.1,CHEMBL1939,Ki,nM,1974.1,"PfDHFR-TS K1 (P. falciparum, resistant)"
CHEMBL668413,COc1cc(Cc2cnc(N)nc2N)ccc1OCc1ccccc1,CHEMBL22146,Ki,nM,1375.7,CHEMBL1939,Ki,nM,1375.7,"PfDHFR-TS K1 (P. falciparum, resistant)"
CHEMBL821379,COc1cc(Cc2cnc(N)nc2N)ccc1OCc1cc(OC)c(OC)c(OC)c1,CHEMBL22811,Ki,nM,0.6,CHEMBL1939,Ki,nM,0.6,"PfDHFR-TS K1 (P. falciparum, resistant)"
CHEMBL668412,COc1cc(Cc2cnc(N)nc2N)ccc1OCc1cc(OC)c(OC)c(OC)c1,CHEMBL22811,Ki,nM,8.7,CHEMBL1939,Ki,nM,8.7,"PfDHFR-TS K1 (P. falciparum, resistant)"
CHEMBL668414,COc1cc(Cc2cnc(N)nc2N)ccc1OCc1cc(OC)c(OC)c(OC)c1,CHEMBL22811,Ki,nM,47.6,CHEMBL1939,Ki,nM,47.6,"PfDHFR-TS K1 (P. falciparum, resistant)"
CHEMBL668413,COc1cc(Cc2cnc(N)nc2N)ccc1OCc1cc(OC)c(OC)c(OC)c1,CHEMBL22811,Ki,nM,124.0,CHEMBL1939,Ki,nM,124.0,"PfDHFR-TS K1 (P. falciparum, resistant)"
CHEMBL821379,CCOc1cc(Cc2cnc(N)nc2N)ccc1OCc1cc(OC)c(OC)c(OC)c1,CHEMBL22901,Ki,nM,0.3,CHEMBL1939,Ki,nM,0.3,"PfDHFR-TS K1 (P. falciparum, resistant)"
CHEMBL668412,CCOc1cc(Cc2cnc(N)nc2N)ccc1OCc1cc(OC)c(OC)c(OC)c1,CHEMBL22901,Ki,nM,2.2,CHEMBL1939,Ki,nM,2.2,"PfDHFR-TS K1 (P. falciparum, resistant)"
CHEMBL668414,CCOc1cc(Cc2cnc(N)nc2N)ccc1OCc1cc(OC)c(OC)c(OC)c1,CHEMBL22901,Ki,nM,24.7,CHEMBL1939,Ki,nM,24.7,"PfDHFR-TS K1 (P. falciparum, resistant)"
CHEMBL668413,CCOc1cc(Cc2cnc(N)nc2N)ccc1OCc1cc(OC)c(OC)c(OC)c1,CHEMBL22901,Ki,nM,119.3,CHEMBL1939,Ki,nM,119.3,"PfDHFR-TS K1 (P. falciparum, resistant)"
CHEMBL821379,COc1cc(Cc2c(C)nc(N)nc2N)ccc1OCc1ccccc1,CHEMBL120123,Ki,nM,3.4,CHEMBL1939,Ki,nM,3.4,"PfDHFR-TS K1 (P. falciparum, resistant)"
CHEMBL668412,COc1cc(Cc2c(C)nc(N)nc2N)ccc1OCc1ccccc1,CHEMBL120123,Ki,nM,89.5,CHEMBL1939,Ki,nM,89.5,"PfDHFR-TS K1 (P. falciparum, resistant)"
CHEMBL668414,COc1cc(Cc2c(C)nc(N)nc2N)ccc1OCc1ccccc1,CHEMBL120123,Ki,nM,66.3,CHEMBL1939,Ki,nM,66.3,"PfDHFR-TS K1 (P. falciparum, resistant)"
CHEMBL668413,COc1cc(Cc2c(C)nc(N)nc2N)ccc1OCc1ccccc1,CHEMBL120123,Ki,nM,93.4,CHEMBL1939,Ki,nM,93.4,"PfDHFR-TS K1 (P. falciparum, resistant)"
CHEMBL821379,CCCCCOc1ccc(Cc2cnc(N)nc2N)cc1,CHEMBL118870,Ki,nM,8.6,CHEMBL1939,Ki,nM,8.6,"PfDHFR-TS K1 (P. falciparum, resistant)"
CHEMBL668412,CCCCCOc1ccc(Cc2cnc(N)nc2N)cc1,CHEMBL118870,Ki,nM,137.3,CHEMBL1939,Ki,nM,137.3,"PfDHFR-TS K1 (P. falciparum, resistant)"
CHEMBL668414,CCCCCOc1ccc(Cc2cnc(N)nc2N)cc1,CHEMBL118870,Ki,nM,539.5,CHEMBL1939,Ki,nM,539.5,"PfDHFR-TS K1 (P. falciparum, resistant)"
CHEMBL668413,CCCCCOc1ccc(Cc2cnc(N)nc2N)cc1,CHEMBL118870,Ki,nM,914.6,CHEMBL1939,Ki,nM,914.6,"PfDHFR-TS K1 (P. falciparum, resistant)"
CHEMBL821379,CCCOc1cc(Cc2cnc(N)nc2N)ccc1OC,CHEMBL419231,Ki,nM,1.8,CHEMBL1939,Ki,nM,1.8,"PfDHFR-TS K1 (P. falciparum, resistant)"
CHEMBL668412,CCCOc1cc(Cc2cnc(N)nc2N)ccc1OC,CHEMBL419231,Ki,nM,52.1,CHEMBL1939,Ki,nM,52.1,"PfDHFR-TS K1 (P. falciparum, resistant)"
CHEMBL668414,CCCOc1cc(Cc2cnc(N)nc2N)ccc1OC,CHEMBL419231,Ki,nM,144.4,CHEMBL1939,Ki,nM,144.4,"PfDHFR-TS K1 (P. falciparum, resistant)"
CHEMBL668413,CCCOc1cc(Cc2cnc(N)nc2N)ccc1OC,CHEMBL419231,Ki,nM,919.6,CHEMBL1939,Ki,nM,919.6,"PfDHFR-TS K1 (P. falciparum, resistant)"
CHEMBL821379,CCOc1ccc(Cc2cnc(N)nc2N)cc1OC,CHEMBL332013,Ki,nM,15.4,CHEMBL1939,Ki,nM,15.4,"PfDHFR-TS K1 (P. falciparum, resistant)"
CHEMBL668412,CCOc1ccc(Cc2cnc(N)nc2N)cc1OC,CHEMBL332013,Ki,nM,187.4,CHEMBL1939,Ki,nM,187.4,"PfDHFR-TS K1 (P. falciparum, resistant)"
CHEMBL668414,CCOc1ccc(Cc2cnc(N)nc2N)cc1OC,CHEMBL332013,Ki,nM,3541.8,CHEMBL1939,Ki,nM,3541.8,"PfDHFR-TS K1 (P. falciparum, resistant)"
CHEMBL668413,CCOc1ccc(Cc2cnc(N)nc2N)cc1OC,CHEMBL332013,Ki,nM,11817.9,CHEMBL1939,Ki,nM,11817.9,"PfDHFR-TS K1 (P. falciparum, resistant)"
CHEMBL821379,Cc1nc(N)nc(N)c1Cc1ccc(OCc2ccccc2)c(OCc2ccccc2)c1,CHEMBL279948,Ki,nM,8.6,CHEMBL1939,Ki,nM,8.6,"PfDHFR-TS K1 (P. falciparum, resistant)"
CHEMBL668412,Cc1nc(N)nc(N)c1Cc1ccc(OCc2ccccc2)c(OCc2ccccc2)c1,CHEMBL279948,Ki,nM,80.0,CHEMBL1939,Ki,nM,80.0,"PfDHFR-TS K1 (P. falciparum, resistant)"
CHEMBL668414,Cc1nc(N)nc(N)c1Cc1ccc(OCc2ccccc2)c(OCc2ccccc2)c1,CHEMBL279948,Ki,nM,174.6,CHEMBL1939,Ki,nM,174.6,"PfDHFR-TS K1 (P. falciparum, resistant)"
CHEMBL668413,Cc1nc(N)nc(N)c1Cc1ccc(OCc2ccccc2)c(OCc2ccccc2)c1,CHEMBL279948,Ki,nM,241.0,CHEMBL1939,Ki,nM,241.0,"PfDHFR-TS K1 (P. falciparum, resistant)"
CHEMBL821379,COc1cc(Cc2cnc(N)nc2N)ccc1OCCCOc1ccccc1,CHEMBL115483,Ki,nM,2.0,CHEMBL1939,Ki,nM,2.0,"PfDHFR-TS K1 (P. falciparum, resistant)"
CHEMBL668412,COc1cc(Cc2cnc(N)nc2N)ccc1OCCCOc1ccccc1,CHEMBL115483,Ki,nM,37.1,CHEMBL1939,Ki,nM,37.1,"PfDHFR-TS K1 (P. falciparum, resistant)"
CHEMBL668414,COc1cc(Cc2cnc(N)nc2N)ccc1OCCCOc1ccccc1,CHEMBL115483,Ki,nM,256.9,CHEMBL1939,Ki,nM,256.9,"PfDHFR-TS K1 (P. falciparum, resistant)"
CHEMBL668413,COc1cc(Cc2cnc(N)nc2N)ccc1OCCCOc1ccccc1,CHEMBL115483,Ki,nM,605.8,CHEMBL1939,Ki,nM,605.8,"PfDHFR-TS K1 (P. falciparum, resistant)"
CHEMBL811761,CCc1nc(N)nc(N)c1-c1ccc(Cl)cc1,CHEMBL36,Ki,nM,1.5,CHEMBL1939,Ki,nM,1.5,"PfDHFR-TS K1 (P. falciparum, resistant)"
CHEMBL811760,CCc1nc(N)nc(N)c1-c1ccc(Cl)cc1,CHEMBL36,Ki,nM,71.7,CHEMBL1939,Ki,nM,71.7,"PfDHFR-TS K1 (P. falciparum, resistant)"
CHEMBL821379,CCOc1cc(Cc2cnc(N)nc2N)ccc1OCc1ccccc1,CHEMBL21395,Ki,nM,0.8,CHEMBL1939,Ki,nM,0.8,"PfDHFR-TS K1 (P. falciparum, resistant)"
CHEMBL668412,CCOc1cc(Cc2cnc(N)nc2N)ccc1OCc1ccccc1,CHEMBL21395,Ki,nM,9.7,CHEMBL1939,Ki,nM,9.7,"PfDHFR-TS K1 (P. falciparum, resistant)"
CHEMBL668414,CCOc1cc(Cc2cnc(N)nc2N)ccc1OCc1ccccc1,CHEMBL21395,Ki,nM,570.0,CHEMBL1939,Ki,nM,570.0,"PfDHFR-TS K1 (P. falciparum, resistant)"
CHEMBL668413,CCOc1cc(Cc2cnc(N)nc2N)ccc1OCc1ccccc1,CHEMBL21395,Ki,nM,431.4,CHEMBL1939,Ki,nM,431.4,"PfDHFR-TS K1 (P. falciparum, resistant)"
CHEMBL821378,Cc1ccc(N2C(N)=NC(N)=NC2(C)C)cc1,CHEMBL7004,Ki,nM,1.8,CHEMBL1939,Ki,nM,1.8,"PfDHFR-TS K1 (P. falciparum, resistant)"
CHEMBL749723,Cc1ccc(N2C(N)=NC(N)=NC2(C)C)cc1,CHEMBL7004,Ki,nM,1584.0,CHEMBL1939,Ki,nM,1584.0,"PfDHFR-TS K1 (P. falciparum, resistant)"
CHEMBL821378,CC1(C)N=C(N)N=C(N)N1c1ccc(Cl)cc1,CHEMBL747,Ki,nM,1.5,CHEMBL1939,Ki,nM,1.5,"PfDHFR-TS K1 (P. falciparum, resistant)"
CHEMBL749723,CC1(C)N=C(N)N=C(N)N1c1ccc(Cl)cc1,CHEMBL747,Ki,nM,1314.0,CHEMBL1939,Ki,nM,1314.0,"PfDHFR-TS K1 (P. falciparum, resistant)"
CHEMBL821378,CC(C)(C)C1N=C(N)N=C(N)N1c1ccc(Cl)cc1,CHEMBL433204,Ki,nM,3838.0,CHEMBL1939,Ki,nM,3838.0,"PfDHFR-TS K1 (P. falciparum, resistant)"
CHEMBL749723,CC(C)(C)C1N=C(N)N=C(N)N1c1ccc(Cl)cc1,CHEMBL433204,Ki,nM,82721.0,CHEMBL1939,Ki,nM,82721.0,"PfDHFR-TS K1 (P. falciparum, resistant)"
CHEMBL821378,Cc1ccc(N2C(N)=NC(N)=NC2C)cc1,CHEMBL92182,Ki,nM,23.0,CHEMBL1939,Ki,nM,23.0,"PfDHFR-TS K1 (P. falciparum, resistant)"
CHEMBL749723,Cc1ccc(N2C(N)=NC(N)=NC2C)cc1,CHEMBL92182,Ki,nM,185.0,CHEMBL1939,Ki,nM,185.0,"PfDHFR-TS K1 (P. falciparum, resistant)"
CHEMBL821378,CCC1N=C(N)N=C(N)N1c1ccc(C)cc1,CHEMBL89959,Ki,nM,5.9,CHEMBL1939,Ki,nM,5.9,"PfDHFR-TS K1 (P. falciparum, resistant)"
CHEMBL749723,CCC1N=C(N)N=C(N)N1c1ccc(C)cc1,CHEMBL89959,Ki,nM,128.0,CHEMBL1939,Ki,nM,128.0,"PfDHFR-TS K1 (P. falciparum, resistant)"
CHEMBL821378,CCCCC1N=C(N)N=C(N)N1c1ccc(Cl)cc1,CHEMBL90292,Ki,nM,3.7,CHEMBL1939,Ki,nM,3.7,"PfDHFR-TS K1 (P. falciparum, resistant)"
CHEMBL748154,CCCCC1N=C(N)N=C(N)N1c1ccc(Cl)cc1,CHEMBL90292,Ki,nM,167.0,CHEMBL1939,Ki,nM,167.0,"PfDHFR-TS K1 (P. falciparum, resistant)"
CHEMBL821378,CC1N=C(N)N=C(N)N1c1ccc(Cl)c(Cl)c1,CHEMBL93153,Ki,nM,1.4,CHEMBL1939,Ki,nM,1.4,"PfDHFR-TS K1 (P. falciparum, resistant)"
CHEMBL749723,CC1N=C(N)N=C(N)N1c1ccc(Cl)c(Cl)c1,CHEMBL93153,Ki,nM,17.8,CHEMBL1939,Ki,nM,17.8,"PfDHFR-TS K1 (P. falciparum, resistant)"
CHEMBL821378,CC(C)C1N=C(N)N=C(N)N1c1ccc(Br)cc1,CHEMBL94281,Ki,nM,30.0,CHEMBL1939,Ki,nM,30.0,"PfDHFR-TS K1 (P. falciparum, resistant)"
CHEMBL749723,CC(C)C1N=C(N)N=C(N)N1c1ccc(Br)cc1,CHEMBL94281,Ki,nM,1195.0,CHEMBL1939,Ki,nM,1195.0,"PfDHFR-TS K1 (P. falciparum, resistant)"
CHEMBL821378,NC1=NCN(c2ccc(F)cc2)C(N)=N1,CHEMBL93001,Ki,nM,270.0,CHEMBL1939,Ki,nM,270.0,"PfDHFR-TS K1 (P. falciparum, resistant)"
CHEMBL749723,NC1=NCN(c2ccc(F)cc2)C(N)=N1,CHEMBL93001,Ki,nM,469.0,CHEMBL1939,Ki,nM,469.0,"PfDHFR-TS K1 (P. falciparum, resistant)"
CHEMBL821378,CCCC1N=C(N)N=C(N)N1c1ccc(Cl)cc1,CHEMBL90703,Ki,nM,4.6,CHEMBL1939,Ki,nM,4.6,"PfDHFR-TS K1 (P. falciparum, resistant)"
CHEMBL748154,CCCC1N=C(N)N=C(N)N1c1ccc(Cl)cc1,CHEMBL90703,Ki,nM,107.0,CHEMBL1939,Ki,nM,107.0,"PfDHFR-TS K1 (P. falciparum, resistant)"
CHEMBL821378,Cc1ccc(N2C(N)=NC(N)=NC2C(C)C)cc1,CHEMBL90358,Ki,nM,167.0,CHEMBL1939,Ki,nM,167.0,"PfDHFR-TS K1 (P. falciparum, resistant)"
CHEMBL749723,Cc1ccc(N2C(N)=NC(N)=NC2C(C)C)cc1,CHEMBL90358,Ki,nM,1460.0,CHEMBL1939,Ki,nM,1460.0,"PfDHFR-TS K1 (P. falciparum, resistant)"
CHEMBL821378,CC1N=C(N)N=C(N)N1c1ccc(Cl)cc1,CHEMBL93484,Ki,nM,4.1,CHEMBL1939,Ki,nM,4.1,"PfDHFR-TS K1 (P. falciparum, resistant)"
CHEMBL749723,CC1N=C(N)N=C(N)N1c1ccc(Cl)cc1,CHEMBL93484,Ki,nM,127.0,CHEMBL1939,Ki,nM,127.0,"PfDHFR-TS K1 (P. falciparum, resistant)"
CHEMBL821378,NC1=NC(c2ccccc2)N(c2ccc(Cl)c(Cl)c2)C(N)=N1,CHEMBL93974,Ki,nM,1.6,CHEMBL1939,Ki,nM,1.6,"PfDHFR-TS K1 (P. falciparum, resistant)"
CHEMBL748154,NC1=NC(c2ccccc2)N(c2ccc(Cl)c(Cl)c2)C(N)=N1,CHEMBL93974,Ki,nM,11.0,CHEMBL1939,Ki,nM,11.0,"PfDHFR-TS K1 (P. falciparum, resistant)"
CHEMBL821378,CC1(C)N=C(N)N=C(N)N1c1ccc(Cl)c(Cl)c1,CHEMBL92583,Ki,nM,1.1,CHEMBL1939,Ki,nM,1.1,"PfDHFR-TS K1 (P. falciparum, resistant)"
CHEMBL749723,CC1(C)N=C(N)N=C(N)N1c1ccc(Cl)c(Cl)c1,CHEMBL92583,Ki,nM,130.7,CHEMBL1939,Ki,nM,130.7,"PfDHFR-TS K1 (P. falciparum, resistant)"
CHEMBL821378,NC1=NC(c2ccccc2)N(c2ccc(Br)cc2)C(N)=N1,CHEMBL93893,Ki,nM,2.9,CHEMBL1939,Ki,nM,2.9,"PfDHFR-TS K1 (P. falciparum, resistant)"
CHEMBL748154,NC1=NC(c2ccccc2)N(c2ccc(Br)cc2)C(N)=N1,CHEMBL93893,Ki,nM,90.0,CHEMBL1939,Ki,nM,90.0,"PfDHFR-TS K1 (P. falciparum, resistant)"
CHEMBL821378,CC1(C)N=C(N)N=C(N)N1c1ccccc1,CHEMBL6742,Ki,nM,20.0,CHEMBL1939,Ki,nM,20.0,"PfDHFR-TS K1 (P. falciparum, resistant)"
CHEMBL749723,CC1(C)N=C(N)N=C(N)N1c1ccccc1,CHEMBL6742,Ki,nM,1375.0,CHEMBL1939,Ki,nM,1375.0,"PfDHFR-TS K1 (P. falciparum, resistant)"
CHEMBL821378,CC1N=C(N)N=C(N)N1c1cccc(Cl)c1,CHEMBL13636,Ki,nM,10.2,CHEMBL1939,Ki,nM,10.2,"PfDHFR-TS K1 (P. falciparum, resistant)"
CHEMBL749723,CC1N=C(N)N=C(N)N1c1cccc(Cl)c1,CHEMBL13636,Ki,nM,38.7,CHEMBL1939,Ki,nM,38.7,"PfDHFR-TS K1 (P. falciparum, resistant)"
CHEMBL821378,CC1(C)N=C(N)N=C(N)N1c1ccc(F)cc1,CHEMBL7005,Ki,nM,4.6,CHEMBL1939,Ki,nM,4.6,"PfDHFR-TS K1 (P. falciparum, resistant)"
CHEMBL749723,CC1(C)N=C(N)N=C(N)N1c1ccc(F)cc1,CHEMBL7005,Ki,nM,1633.0,CHEMBL1939,Ki,nM,1633.0,"PfDHFR-TS K1 (P. falciparum, resistant)"
CHEMBL821378,CC1(C)N=C(N)N=C(N)N1c1ccc(Br)cc1,CHEMBL6741,Ki,nM,1.1,CHEMBL1939,Ki,nM,1.1,"PfDHFR-TS K1 (P. falciparum, resistant)"
CHEMBL749723,CC1(C)N=C(N)N=C(N)N1c1ccc(Br)cc1,CHEMBL6741,Ki,nM,1947.0,CHEMBL1939,Ki,nM,1947.0,"PfDHFR-TS K1 (P. falciparum, resistant)"
CHEMBL821378,NC1=NC(c2ccccc2)N(c2ccc(Cl)cc2)C(N)=N1,CHEMBL93889,Ki,nM,4.5,CHEMBL1939,Ki,nM,4.5,"PfDHFR-TS K1 (P. falciparum, resistant)"
CHEMBL748154,NC1=NC(c2ccccc2)N(c2ccc(Cl)cc2)C(N)=N1,CHEMBL93889,Ki,nM,49.0,CHEMBL1939,Ki,nM,49.0,"PfDHFR-TS K1 (P. falciparum, resistant)"
CHEMBL821378,CCCC1N=C(N)N=C(N)N1c1ccc(C)cc1,CHEMBL443013,Ki,nM,13.7,CHEMBL1939,Ki,nM,13.7,"PfDHFR-TS K1 (P. falciparum, resistant)"
CHEMBL749723,CCCC1N=C(N)N=C(N)N1c1ccc(C)cc1,CHEMBL443013,Ki,nM,188.0,CHEMBL1939,Ki,nM,188.0,"PfDHFR-TS K1 (P. falciparum, resistant)"
CHEMBL821378,NC1=NCN(c2ccccc2)C(N)=N1,CHEMBL92846,Ki,nM,329.0,CHEMBL1939,Ki,nM,329.0,"PfDHFR-TS K1 (P. falciparum, resistant)"
CHEMBL749723,NC1=NCN(c2ccccc2)C(N)=N1,CHEMBL92846,Ki,nM,585.0,CHEMBL1939,Ki,nM,585.0,"PfDHFR-TS K1 (P. falciparum, resistant)"
CHEMBL821378,NC1=NCN(c2ccc(Cl)cc2)C(N)=N1,CHEMBL90018,Ki,nM,24.4,CHEMBL1939,Ki,nM,24.4,"PfDHFR-TS K1 (P. falciparum, resistant)"
CHEMBL748154,NC1=NCN(c2ccc(Cl)cc2)C(N)=N1,CHEMBL90018,Ki,nM,646.0,CHEMBL1939,Ki,nM,646.0,"PfDHFR-TS K1 (P. falciparum, resistant)"
CHEMBL821378,CCCC1N=C(N)N=C(N)N1c1ccc(Br)cc1,CHEMBL93888,Ki,nM,2.6,CHEMBL1939,Ki,nM,2.6,"PfDHFR-TS K1 (P. falciparum, resistant)"
CHEMBL748154,CCCC1N=C(N)N=C(N)N1c1ccc(Br)cc1,CHEMBL93888,Ki,nM,127.0,CHEMBL1939,Ki,nM,127.0,"PfDHFR-TS K1 (P. falciparum, resistant)"
CHEMBL821378,NC1=NC(c2ccccc2)N(c2cccc(Cl)c2)C(N)=N1,CHEMBL329687,Ki,nM,11.7,CHEMBL1939,Ki,nM,11.7,"PfDHFR-TS K1 (P. falciparum, resistant)"
CHEMBL748154,NC1=NC(c2ccccc2)N(c2cccc(Cl)c2)C(N)=N1,CHEMBL329687,Ki,nM,10.0,CHEMBL1939,Ki,nM,10.0,"PfDHFR-TS K1 (P. falciparum, resistant)"
CHEMBL821378,CCC1N=C(N)N=C(N)N1c1ccc(Br)cc1,CHEMBL90461,Ki,nM,5.7,CHEMBL1939,Ki,nM,5.7,"PfDHFR-TS K1 (P. falciparum, resistant)"
CHEMBL749723,CCC1N=C(N)N=C(N)N1c1ccc(Br)cc1,CHEMBL90461,Ki,nM,202.0,CHEMBL1939,Ki,nM,202.0,"PfDHFR-TS K1 (P. falciparum, resistant)"
CHEMBL821378,CCC1N=C(N)N=C(N)N1c1ccc(Cl)cc1,CHEMBL92047,Ki,nM,3.6,CHEMBL1939,Ki,nM,3.6,"PfDHFR-TS K1 (P. falciparum, resistant)"
CHEMBL749723,CCC1N=C(N)N=C(N)N1c1ccc(Cl)cc1,CHEMBL92047,Ki,nM,189.0,CHEMBL1939,Ki,nM,189.0,"PfDHFR-TS K1 (P. falciparum, resistant)"
CHEMBL821378,Cc1ccc(N2C(N)=NC(N)=NC2c2ccccc2)cc1,CHEMBL91345,Ki,nM,7.7,CHEMBL1939,Ki,nM,7.7,"PfDHFR-TS K1 (P. falciparum, resistant)"
CHEMBL748154,Cc1ccc(N2C(N)=NC(N)=NC2c2ccccc2)cc1,CHEMBL91345,Ki,nM,170.0,CHEMBL1939,Ki,nM,170.0,"PfDHFR-TS K1 (P. falciparum, resistant)"
CHEMBL821378,CC(C)C1N=C(N)N=C(N)N1c1ccc(Cl)cc1,CHEMBL264392,Ki,nM,60.5,CHEMBL1939,Ki,nM,60.5,"PfDHFR-TS K1 (P. falciparum, resistant)"
CHEMBL749723,CC(C)C1N=C(N)N=C(N)N1c1ccc(Cl)cc1,CHEMBL264392,Ki,nM,1538.0,CHEMBL1939,Ki,nM,1538.0,"PfDHFR-TS K1 (P. falciparum, resistant)"
CHEMBL821378,CC1N=C(N)N=C(N)N1c1ccc(Br)cc1,CHEMBL93748,Ki,nM,5.7,CHEMBL1939,Ki,nM,5.7,"PfDHFR-TS K1 (P. falciparum, resistant)"
CHEMBL749723,CC1N=C(N)N=C(N)N1c1ccc(Br)cc1,CHEMBL93748,Ki,nM,202.0,CHEMBL1939,Ki,nM,202.0,"PfDHFR-TS K1 (P. falciparum, resistant)"
CHEMBL821378,CC1(C)N=C(N)N=C(N)N1c1cccc(Cl)c1,CHEMBL7130,Ki,nM,3.7,CHEMBL1939,Ki,nM,3.7,"PfDHFR-TS K1 (P. falciparum, resistant)"
CHEMBL749723,CC1(C)N=C(N)N=C(N)N1c1cccc(Cl)c1,CHEMBL7130,Ki,nM,340.0,CHEMBL1939,Ki,nM,340.0,"PfDHFR-TS K1 (P. falciparum, resistant)"
CHEMBL668408,N/C(=N/O)c1ccc(Oc2c(Cl)cncc2Cl)cc1,CHEMBL365894,Ki,nM,25200.0,CHEMBL1939,Ki,uM,25.2,"PfDHFR-TS K1 (P. falciparum, resistant)"
CHEMBL667624,N/C(=N/O)c1ccc(Oc2c(Cl)cncc2Cl)cc1,CHEMBL365894,Ki,nM,23600.0,CHEMBL1939,Ki,uM,23.6,"PfDHFR-TS K1 (P. falciparum, resistant)"
CHEMBL667625,N/C(=N/O)c1ccc(Oc2c(Cl)cncc2Cl)cc1,CHEMBL365894,Ki,nM,16000.0,CHEMBL1939,Ki,uM,16.0,"PfDHFR-TS K1 (P. falciparum, resistant)"
CHEMBL667622,N/C(=N/O)c1ccc(Oc2c(Cl)cncc2Cl)cc1,CHEMBL365894,Ki,nM,6200.0,CHEMBL1939,Ki,uM,6.2,"PfDHFR-TS K1 (P. falciparum, resistant)"
CHEMBL667626,N/C(=N/O)c1ccc(Oc2c(Cl)cncc2Cl)cc1,CHEMBL365894,Ki,nM,24400.0,CHEMBL1939,Ki,uM,24.4,"PfDHFR-TS K1 (P. falciparum, resistant)"
CHEMBL667623,N/C(=N/O)c1ccc(Oc2c(Cl)cncc2Cl)cc1,CHEMBL365894,Ki,nM,27800.0,CHEMBL1939,Ki,uM,27.8,"PfDHFR-TS K1 (P. falciparum, resistant)"
CHEMBL668408,CCc1nc(N)nc(N)c1-c1ccc(Cl)cc1,CHEMBL36,Ki,nM,1.5,CHEMBL1939,Ki,uM,0.0015,"PfDHFR-TS K1 (P. falciparum, resistant)"
CHEMBL667624,CCc1nc(N)nc(N)c1-c1ccc(Cl)cc1,CHEMBL36,Ki,nM,6.0,CHEMBL1939,Ki,uM,0.006,"PfDHFR-TS K1 (P. falciparum, resistant)"
CHEMBL667625,CCc1nc(N)nc(N)c1-c1ccc(Cl)cc1,CHEMBL36,Ki,nM,1.4,CHEMBL1939,Ki,uM,0.0014,"PfDHFR-TS K1 (P. falciparum, resistant)"
CHEMBL667622,CCc1nc(N)nc(N)c1-c1ccc(Cl)cc1,CHEMBL36,Ki,nM,3.6,CHEMBL1939,Ki,uM,0.0036,"PfDHFR-TS K1 (P. falciparum, resistant)"
CHEMBL667626,CCc1nc(N)nc(N)c1-c1ccc(Cl)cc1,CHEMBL36,Ki,nM,380.0,CHEMBL1939,Ki,uM,0.38,"PfDHFR-TS K1 (P. falciparum, resistant)"
CHEMBL667623,CCc1nc(N)nc(N)c1-c1ccc(Cl)cc1,CHEMBL36,Ki,nM,860.0,CHEMBL1939,Ki,uM,0.86,"PfDHFR-TS K1 (P. falciparum, resistant)"
CHEMBL668408,CC1(C)N=C(N)N=C(N)N1c1ccc(Cl)cc1,CHEMBL747,Ki,nM,2.6,CHEMBL1939,Ki,uM,0.0026,"PfDHFR-TS K1 (P. falciparum, resistant)"
CHEMBL667624,CC1(C)N=C(N)N=C(N)N1c1ccc(Cl)cc1,CHEMBL747,Ki,nM,570.0,CHEMBL1939,Ki,uM,0.57,"PfDHFR-TS K1 (P. falciparum, resistant)"
CHEMBL667625,CC1(C)N=C(N)N=C(N)N1c1ccc(Cl)cc1,CHEMBL747,Ki,nM,1.6,CHEMBL1939,Ki,uM,0.0016,"PfDHFR-TS K1 (P. falciparum, resistant)"
CHEMBL667622,CC1(C)N=C(N)N=C(N)N1c1ccc(Cl)cc1,CHEMBL747,Ki,nM,2130.0,CHEMBL1939,Ki,uM,2.13,"PfDHFR-TS K1 (P. falciparum, resistant)"
CHEMBL667626,CC1(C)N=C(N)N=C(N)N1c1ccc(Cl)cc1,CHEMBL747,Ki,nM,1140.0,CHEMBL1939,Ki,uM,1.14,"PfDHFR-TS K1 (P. falciparum, resistant)"
CHEMBL667623,CC1(C)N=C(N)N=C(N)N1c1ccc(Cl)cc1,CHEMBL747,Ki,nM,730.0,CHEMBL1939,Ki,uM,0.73,"PfDHFR-TS K1 (P. falciparum, resistant)"
CHEMBL668408,N/C(=N\O)c1ccc(CNC(=O)c2ccc(Cl)cc2)cc1,CHEMBL95274,Ki,nM,77200.0,CHEMBL1939,Ki,uM,77.2,"PfDHFR-TS K1 (P. falciparum, resistant)"
CHEMBL667624,N/C(=N\O)c1ccc(CNC(=O)c2ccc(Cl)cc2)cc1,CHEMBL95274,Ki,nM,58000.0,CHEMBL1939,Ki,uM,58.0,"PfDHFR-TS K1 (P. falciparum, resistant)"
CHEMBL667625,N/C(=N\O)c1ccc(CNC(=O)c2ccc(Cl)cc2)cc1,CHEMBL95274,Ki,nM,12300.0,CHEMBL1939,Ki,uM,12.3,"PfDHFR-TS K1 (P. falciparum, resistant)"
CHEMBL667622,N/C(=N\O)c1ccc(CNC(=O)c2ccc(Cl)cc2)cc1,CHEMBL95274,Ki,nM,57000.0,CHEMBL1939,Ki,uM,57.0,"PfDHFR-TS K1 (P. falciparum, resistant)"
CHEMBL667626,N/C(=N\O)c1ccc(CNC(=O)c2ccc(Cl)cc2)cc1,CHEMBL95274,Ki,nM,93000.0,CHEMBL1939,Ki,uM,93.0,"PfDHFR-TS K1 (P. falciparum, resistant)"
CHEMBL667623,N/C(=N\O)c1ccc(CNC(=O)c2ccc(Cl)cc2)cc1,CHEMBL95274,Ki,nM,36600.0,CHEMBL1939,Ki,uM,36.6,"PfDHFR-TS K1 (P. falciparum, resistant)"
CHEMBL668408,C/C(=N\N=C(/N)S)c1ccc(Oc2c(Cl)cncc2Cl)cc1,CHEMBL97598,Ki,nM,900.0,CHEMBL1939,Ki,uM,0.9,"PfDHFR-TS K1 (P. falciparum, resistant)"
CHEMBL667624,C/C(=N\N=C(/N)S)c1ccc(Oc2c(Cl)cncc2Cl)cc1,CHEMBL97598,Ki,nM,700.0,CHEMBL1939,Ki,uM,0.7,"PfDHFR-TS K1 (P. falciparum, resistant)"
CHEMBL667625,C/C(=N\N=C(/N)S)c1ccc(Oc2c(Cl)cncc2Cl)cc1,CHEMBL97598,Ki,nM,1000.0,CHEMBL1939,Ki,uM,1.0,"PfDHFR-TS K1 (P. falciparum, resistant)"
CHEMBL667622,C/C(=N\N=C(/N)S)c1ccc(Oc2c(Cl)cncc2Cl)cc1,CHEMBL97598,Ki,nM,2100.0,CHEMBL1939,Ki,uM,2.1,"PfDHFR-TS K1 (P. falciparum, resistant)"
CHEMBL667626,C/C(=N\N=C(/N)S)c1ccc(Oc2c(Cl)cncc2Cl)cc1,CHEMBL97598,Ki,nM,600.0,CHEMBL1939,Ki,uM,0.6,"PfDHFR-TS K1 (P. falciparum, resistant)"
CHEMBL667623,C/C(=N\N=C(/N)S)c1ccc(Oc2c(Cl)cncc2Cl)cc1,CHEMBL97598,Ki,nM,1500.0,CHEMBL1939,Ki,uM,1.5,"PfDHFR-TS K1 (P. falciparum, resistant)"
CHEMBL668408,N=C(S)N/N=C/c1ccc(Oc2ncc(C(F)(F)F)cc2Cl)cc1,CHEMBL94470,Ki,nM,5200.0,CHEMBL1939,Ki,uM,5.2,"PfDHFR-TS K1 (P. falciparum, resistant)"
CHEMBL667624,N=C(S)N/N=C/c1ccc(Oc2ncc(C(F)(F)F)cc2Cl)cc1,CHEMBL94470,Ki,nM,6800.0,CHEMBL1939,Ki,uM,6.8,"PfDHFR-TS K1 (P. falciparum, resistant)"
CHEMBL667625,N=C(S)N/N=C/c1ccc(Oc2ncc(C(F)(F)F)cc2Cl)cc1,CHEMBL94470,Ki,nM,2300.0,CHEMBL1939,Ki,uM,2.3,"PfDHFR-TS K1 (P. falciparum, resistant)"
CHEMBL667622,N=C(S)N/N=C/c1ccc(Oc2ncc(C(F)(F)F)cc2Cl)cc1,CHEMBL94470,Ki,nM,34000.0,CHEMBL1939,Ki,uM,34.0,"PfDHFR-TS K1 (P. falciparum, resistant)"
CHEMBL667626,N=C(S)N/N=C/c1ccc(Oc2ncc(C(F)(F)F)cc2Cl)cc1,CHEMBL94470,Ki,nM,12500.0,CHEMBL1939,Ki,uM,12.5,"PfDHFR-TS K1 (P. falciparum, resistant)"
CHEMBL667623,N=C(S)N/N=C/c1ccc(Oc2ncc(C(F)(F)F)cc2Cl)cc1,CHEMBL94470,Ki,nM,9300.0,CHEMBL1939,Ki,uM,9.3,"PfDHFR-TS K1 (P. falciparum, resistant)"
CHEMBL668408,NC(=S)N/N=C/c1ccccc1,CHEMBL243185,Ki,nM,23600.0,CHEMBL1939,Ki,uM,23.6,"PfDHFR-TS K1 (P. falciparum, resistant)"
CHEMBL667624,NC(=S)N/N=C/c1ccccc1,CHEMBL243185,Ki,nM,29600.0,CHEMBL1939,Ki,uM,29.6,"PfDHFR-TS K1 (P. falciparum, resistant)"
CHEMBL667625,NC(=S)N/N=C/c1ccccc1,CHEMBL243185,Ki,nM,9000.0,CHEMBL1939,Ki,uM,9.0,"PfDHFR-TS K1 (P. falciparum, resistant)"
CHEMBL667622,NC(=S)N/N=C/c1ccccc1,CHEMBL243185,Ki,nM,50000.0,CHEMBL1939,Ki,uM,50.0,"PfDHFR-TS K1 (P. falciparum, resistant)"
CHEMBL667626,NC(=S)N/N=C/c1ccccc1,CHEMBL243185,Ki,nM,28900.0,CHEMBL1939,Ki,uM,28.9,"PfDHFR-TS K1 (P. falciparum, resistant)"
CHEMBL667623,NC(=S)N/N=C/c1ccccc1,CHEMBL243185,Ki,nM,37200.0,CHEMBL1939,Ki,uM,37.2,"PfDHFR-TS K1 (P. falciparum, resistant)"
CHEMBL668408,N/C(=N\O)c1cccc(CS(=O)(=O)c2ccc(Cl)cc2)c1,CHEMBL95609,Ki,nM,102000.0,CHEMBL1939,Ki,uM,102.0,"PfDHFR-TS K1 (P. falciparum, resistant)"
CHEMBL667624,N/C(=N\O)c1cccc(CS(=O)(=O)c2ccc(Cl)cc2)c1,CHEMBL95609,Ki,nM,38000.0,CHEMBL1939,Ki,uM,38.0,"PfDHFR-TS K1 (P. falciparum, resistant)"
CHEMBL667625,N/C(=N\O)c1cccc(CS(=O)(=O)c2ccc(Cl)cc2)c1,CHEMBL95609,Ki,nM,30000.0,CHEMBL1939,Ki,uM,30.0,"PfDHFR-TS K1 (P. falciparum, resistant)"
CHEMBL667622,N/C(=N\O)c1cccc(CS(=O)(=O)c2ccc(Cl)cc2)c1,CHEMBL95609,Ki,nM,106000.0,CHEMBL1939,Ki,uM,106.0,"PfDHFR-TS K1 (P. falciparum, resistant)"
CHEMBL667626,N/C(=N\O)c1cccc(CS(=O)(=O)c2ccc(Cl)cc2)c1,CHEMBL95609,Ki,nM,105000.0,CHEMBL1939,Ki,uM,105.0,"PfDHFR-TS K1 (P. falciparum, resistant)"
CHEMBL667623,N/C(=N\O)c1cccc(CS(=O)(=O)c2ccc(Cl)cc2)c1,CHEMBL95609,Ki,nM,34500.0,CHEMBL1939,Ki,uM,34.5,"PfDHFR-TS K1 (P. falciparum, resistant)"
CHEMBL668408,N/C(=N/O)c1ccc(Oc2cc(Cl)cc(Cl)c2)c([N+](=O)[O-])c1,CHEMBL186838,Ki,nM,2400.0,CHEMBL1939,Ki,uM,2.4,"PfDHFR-TS K1 (P. falciparum, resistant)"
CHEMBL667624,N/C(=N/O)c1ccc(Oc2cc(Cl)cc(Cl)c2)c([N+](=O)[O-])c1,CHEMBL186838,Ki,nM,36800.0,CHEMBL1939,Ki,uM,36.8,"PfDHFR-TS K1 (P. falciparum, resistant)"
CHEMBL667625,N/C(=N/O)c1ccc(Oc2cc(Cl)cc(Cl)c2)c([N+](=O)[O-])c1,CHEMBL186838,Ki,nM,4200.0,CHEMBL1939,Ki,uM,4.2,"PfDHFR-TS K1 (P. falciparum, resistant)"
CHEMBL667622,N/C(=N/O)c1ccc(Oc2cc(Cl)cc(Cl)c2)c([N+](=O)[O-])c1,CHEMBL186838,Ki,nM,9800.0,CHEMBL1939,Ki,uM,9.8,"PfDHFR-TS K1 (P. falciparum, resistant)"
CHEMBL667626,N/C(=N/O)c1ccc(Oc2cc(Cl)cc(Cl)c2)c([N+](=O)[O-])c1,CHEMBL186838,Ki,nM,22200.0,CHEMBL1939,Ki,uM,22.2,"PfDHFR-TS K1 (P. falciparum, resistant)"
CHEMBL667623,N/C(=N/O)c1ccc(Oc2cc(Cl)cc(Cl)c2)c([N+](=O)[O-])c1,CHEMBL186838,Ki,nM,32600.0,CHEMBL1939,Ki,uM,32.6,"PfDHFR-TS K1 (P. falciparum, resistant)"
CHEMBL668408,N/N=C(\S)Nc1ccc(OCc2ccccc2)cc1,CHEMBL95783,Ki,nM,13700.0,CHEMBL1939,Ki,uM,13.7,"PfDHFR-TS K1 (P. falciparum, resistant)"
CHEMBL667624,N/N=C(\S)Nc1ccc(OCc2ccccc2)cc1,CHEMBL95783,Ki,nM,15400.0,CHEMBL1939,Ki,uM,15.4,"PfDHFR-TS K1 (P. falciparum, resistant)"
CHEMBL667625,N/N=C(\S)Nc1ccc(OCc2ccccc2)cc1,CHEMBL95783,Ki,nM,5200.0,CHEMBL1939,Ki,uM,5.2,"PfDHFR-TS K1 (P. falciparum, resistant)"
CHEMBL667622,N/N=C(\S)Nc1ccc(OCc2ccccc2)cc1,CHEMBL95783,Ki,nM,55600.0,CHEMBL1939,Ki,uM,55.6,"PfDHFR-TS K1 (P. falciparum, resistant)"
CHEMBL667626,N/N=C(\S)Nc1ccc(OCc2ccccc2)cc1,CHEMBL95783,Ki,nM,13400.0,CHEMBL1939,Ki,uM,13.4,"PfDHFR-TS K1 (P. falciparum, resistant)"
CHEMBL667623,N/N=C(\S)Nc1ccc(OCc2ccccc2)cc1,CHEMBL95783,Ki,nM,26500.0,CHEMBL1939,Ki,uM,26.5,"PfDHFR-TS K1 (P. falciparum, resistant)"
CHEMBL668408,C=CCNC(=S)NNC(=O)c1cccn(Cc2cccc(Cl)c2)c1=O,CHEMBL95615,Ki,nM,15200.0,CHEMBL1939,Ki,uM,15.2,"PfDHFR-TS K1 (P. falciparum, resistant)"
CHEMBL667624,C=CCNC(=S)NNC(=O)c1cccn(Cc2cccc(Cl)c2)c1=O,CHEMBL95615,Ki,nM,13000.0,CHEMBL1939,Ki,uM,13.0,"PfDHFR-TS K1 (P. falciparum, resistant)"
CHEMBL667625,C=CCNC(=S)NNC(=O)c1cccn(Cc2cccc(Cl)c2)c1=O,CHEMBL95615,Ki,nM,1700.0,CHEMBL1939,Ki,uM,1.7,"PfDHFR-TS K1 (P. falciparum, resistant)"
CHEMBL667622,C=CCNC(=S)NNC(=O)c1cccn(Cc2cccc(Cl)c2)c1=O,CHEMBL95615,Ki,nM,17000.0,CHEMBL1939,Ki,uM,17.0,"PfDHFR-TS K1 (P. falciparum, resistant)"
CHEMBL667626,C=CCNC(=S)NNC(=O)c1cccn(Cc2cccc(Cl)c2)c1=O,CHEMBL95615,Ki,nM,10000.0,CHEMBL1939,Ki,uM,10.0,"PfDHFR-TS K1 (P. falciparum, resistant)"
CHEMBL667623,C=CCNC(=S)NNC(=O)c1cccn(Cc2cccc(Cl)c2)c1=O,CHEMBL95615,Ki,nM,10600.0,CHEMBL1939,Ki,uM,10.6,"PfDHFR-TS K1 (P. falciparum, resistant)"
CHEMBL668408,C/N=C(\S)NNC(=O)c1cccn(Cc2cccc(Cl)c2)c1=O,CHEMBL323554,Ki,nM,11300.0,CHEMBL1939,Ki,uM,11.3,"PfDHFR-TS K1 (P. falciparum, resistant)"
CHEMBL667624,C/N=C(\S)NNC(=O)c1cccn(Cc2cccc(Cl)c2)c1=O,CHEMBL323554,Ki,nM,5900.0,CHEMBL1939,Ki,uM,5.9,"PfDHFR-TS K1 (P. falciparum, resistant)"
CHEMBL667625,C/N=C(\S)NNC(=O)c1cccn(Cc2cccc(Cl)c2)c1=O,CHEMBL323554,Ki,nM,1800.0,CHEMBL1939,Ki,uM,1.8,"PfDHFR-TS K1 (P. falciparum, resistant)"
CHEMBL667622,C/N=C(\S)NNC(=O)c1cccn(Cc2cccc(Cl)c2)c1=O,CHEMBL323554,Ki,nM,13600.0,CHEMBL1939,Ki,uM,13.6,"PfDHFR-TS K1 (P. falciparum, resistant)"
CHEMBL667626,C/N=C(\S)NNC(=O)c1cccn(Cc2cccc(Cl)c2)c1=O,CHEMBL323554,Ki,nM,7100.0,CHEMBL1939,Ki,uM,7.1,"PfDHFR-TS K1 (P. falciparum, resistant)"
CHEMBL667623,C/N=C(\S)NNC(=O)c1cccn(Cc2cccc(Cl)c2)c1=O,CHEMBL323554,Ki,nM,19400.0,CHEMBL1939,Ki,uM,19.4,"PfDHFR-TS K1 (P. falciparum, resistant)"
CHEMBL668408,NNc1nc2ccccc2nc1NN,CHEMBL95567,Ki,nM,3600.0,CHEMBL1939,Ki,uM,3.6,"PfDHFR-TS K1 (P. falciparum, resistant)"
CHEMBL667624,NNc1nc2ccccc2nc1NN,CHEMBL95567,Ki,nM,3400.0,CHEMBL1939,Ki,uM,3.4,"PfDHFR-TS K1 (P. falciparum, resistant)"
CHEMBL667625,NNc1nc2ccccc2nc1NN,CHEMBL95567,Ki,nM,800.0,CHEMBL1939,Ki,uM,0.8,"PfDHFR-TS K1 (P. falciparum, resistant)"
CHEMBL667622,NNc1nc2ccccc2nc1NN,CHEMBL95567,Ki,nM,11400.0,CHEMBL1939,Ki,uM,11.4,"PfDHFR-TS K1 (P. falciparum, resistant)"
CHEMBL667626,NNc1nc2ccccc2nc1NN,CHEMBL95567,Ki,nM,2700.0,CHEMBL1939,Ki,uM,2.7,"PfDHFR-TS K1 (P. falciparum, resistant)"
CHEMBL667623,NNc1nc2ccccc2nc1NN,CHEMBL95567,Ki,nM,9700.0,CHEMBL1939,Ki,uM,9.7,"PfDHFR-TS K1 (P. falciparum, resistant)"
CHEMBL668408,COC(=O)c1sccc1-c1ccc(/C(C)=N/NC(N)=O)o1,CHEMBL95725,Ki,nM,9700.0,CHEMBL1939,Ki,uM,9.7,"PfDHFR-TS K1 (P. falciparum, resistant)"
CHEMBL667624,COC(=O)c1sccc1-c1ccc(/C(C)=N/NC(N)=O)o1,CHEMBL95725,Ki,nM,15300.0,CHEMBL1939,Ki,uM,15.3,"PfDHFR-TS K1 (P. falciparum, resistant)"
CHEMBL667625,COC(=O)c1sccc1-c1ccc(/C(C)=N/NC(N)=O)o1,CHEMBL95725,Ki,nM,4200.0,CHEMBL1939,Ki,uM,4.2,"PfDHFR-TS K1 (P. falciparum, resistant)"
CHEMBL667622,COC(=O)c1sccc1-c1ccc(/C(C)=N/NC(N)=O)o1,CHEMBL95725,Ki,nM,19700.0,CHEMBL1939,Ki,uM,19.7,"PfDHFR-TS K1 (P. falciparum, resistant)"
CHEMBL667626,COC(=O)c1sccc1-c1ccc(/C(C)=N/NC(N)=O)o1,CHEMBL95725,Ki,nM,7500.0,CHEMBL1939,Ki,uM,7.5,"PfDHFR-TS K1 (P. falciparum, resistant)"
CHEMBL667623,COC(=O)c1sccc1-c1ccc(/C(C)=N/NC(N)=O)o1,CHEMBL95725,Ki,nM,16000.0,CHEMBL1939,Ki,uM,16.0,"PfDHFR-TS K1 (P. falciparum, resistant)"
CHEMBL668411,COc1cc(COc2cc(Cc3cnc(N)nc3N)ccc2OCc2ccccc2)cc(OC)c1OC,CHEMBL280410,Ki,nM,12.1,CHEMBL1939,Ki,nM,12.1,"PfDHFR-TS K1 (P. falciparum, resistant)"
CHEMBL668410,COc1cc(COc2cc(Cc3cnc(N)nc3N)ccc2OCc2ccccc2)cc(OC)c1OC,CHEMBL280410,Ki,nM,179.6,CHEMBL1939,Ki,nM,179.6,"PfDHFR-TS K1 (P. falciparum, resistant)"
CHEMBL668409,COc1cc(COc2cc(Cc3cnc(N)nc3N)ccc2OCc2ccccc2)cc(OC)c1OC,CHEMBL280410,Ki,nM,502.8,CHEMBL1939,Ki,nM,502.8,"PfDHFR-TS K1 (P. falciparum, resistant)"
CHEMBL668411,CCCOc1cc(Cc2cnc(N)nc2N)ccc1OCc1cc(OC)c(OC)c(OC)c1,CHEMBL22139,Ki,nM,0.4,CHEMBL1939,Ki,nM,0.4,"PfDHFR-TS K1 (P. falciparum, resistant)"
CHEMBL668410,CCCOc1cc(Cc2cnc(N)nc2N)ccc1OCc1cc(OC)c(OC)c(OC)c1,CHEMBL22139,Ki,nM,1.6,CHEMBL1939,Ki,nM,1.6,"PfDHFR-TS K1 (P. falciparum, resistant)"
CHEMBL668409,CCCOc1cc(Cc2cnc(N)nc2N)ccc1OCc1cc(OC)c(OC)c(OC)c1,CHEMBL22139,Ki,nM,3.5,CHEMBL1939,Ki,nM,3.5,"PfDHFR-TS K1 (P. falciparum, resistant)"
CHEMBL668411,COc1cc(COc2ccc(Cc3cnc(N)nc3N)cc2)cc(OC)c1OC,CHEMBL416376,Ki,nM,1.3,CHEMBL1939,Ki,nM,1.3,"PfDHFR-TS K1 (P. falciparum, resistant)"
CHEMBL668410,COc1cc(COc2ccc(Cc3cnc(N)nc3N)cc2)cc(OC)c1OC,CHEMBL416376,Ki,nM,3.3,CHEMBL1939,Ki,nM,3.3,"PfDHFR-TS K1 (P. falciparum, resistant)"
CHEMBL668409,COc1cc(COc2ccc(Cc3cnc(N)nc3N)cc2)cc(OC)c1OC,CHEMBL416376,Ki,nM,5.2,CHEMBL1939,Ki,nM,5.2,"PfDHFR-TS K1 (P. falciparum, resistant)"
CHEMBL668411,CCc1nc(N)nc(N)c1-c1ccc(Cl)c(Cl)c1,CHEMBL21799,Ki,nM,1.0,CHEMBL1939,Ki,nM,1.0,"PfDHFR-TS K1 (P. falciparum, resistant)"
CHEMBL668410,CCc1nc(N)nc(N)c1-c1ccc(Cl)c(Cl)c1,CHEMBL21799,Ki,nM,9.0,CHEMBL1939,Ki,nM,9.0,"PfDHFR-TS K1 (P. falciparum, resistant)"
CHEMBL668409,CCc1nc(N)nc(N)c1-c1ccc(Cl)c(Cl)c1,CHEMBL21799,Ki,nM,12.6,CHEMBL1939,Ki,nM,12.6,"PfDHFR-TS K1 (P. falciparum, resistant)"
CHEMBL668411,CCc1nc(N)nc(N)c1-c1ccc(Cl)cc1,CHEMBL36,Ki,nM,0.6,CHEMBL1939,Ki,nM,0.6,"PfDHFR-TS K1 (P. falciparum, resistant)"
CHEMBL668410,CCc1nc(N)nc(N)c1-c1ccc(Cl)cc1,CHEMBL36,Ki,nM,28.6,CHEMBL1939,Ki,nM,28.6,"PfDHFR-TS K1 (P. falciparum, resistant)"
CHEMBL668409,CCc1nc(N)nc(N)c1-c1ccc(Cl)cc1,CHEMBL36,Ki,nM,53.9,CHEMBL1939,Ki,nM,53.9,"PfDHFR-TS K1 (P. falciparum, resistant)"
CHEMBL668411,Nc1ncc(-c2ccc(Cl)cc2)c(N)n1,CHEMBL279492,Ki,nM,2.4,CHEMBL1939,Ki,nM,2.4,"PfDHFR-TS K1 (P. falciparum, resistant)"
CHEMBL668410,Nc1ncc(-c2ccc(Cl)cc2)c(N)n1,CHEMBL279492,Ki,nM,368.7,CHEMBL1939,Ki,nM,368.7,"PfDHFR-TS K1 (P. falciparum, resistant)"
CHEMBL668409,Nc1ncc(-c2ccc(Cl)cc2)c(N)n1,CHEMBL279492,Ki,nM,555.8,CHEMBL1939,Ki,nM,555.8,"PfDHFR-TS K1 (P. falciparum, resistant)"
CHEMBL668411,COc1cc(Cc2cnc(N)nc2N)ccc1OCCCc1ccccc1,CHEMBL22327,Ki,nM,1.8,CHEMBL1939,Ki,nM,1.8,"PfDHFR-TS K1 (P. falciparum, resistant)"
CHEMBL668410,COc1cc(Cc2cnc(N)nc2N)ccc1OCCCc1ccccc1,CHEMBL22327,Ki,nM,26.6,CHEMBL1939,Ki,nM,26.6,"PfDHFR-TS K1 (P. falciparum, resistant)"
CHEMBL668409,COc1cc(Cc2cnc(N)nc2N)ccc1OCCCc1ccccc1,CHEMBL22327,Ki,nM,44.2,CHEMBL1939,Ki,nM,44.2,"PfDHFR-TS K1 (P. falciparum, resistant)"
CHEMBL668411,CCCCOc1cc(Cc2cnc(N)nc2N)ccc1OCc1cc(OC)c(OC)c(OC)c1,CHEMBL416373,Ki,nM,0.4,CHEMBL1939,Ki,nM,0.4,"PfDHFR-TS K1 (P. falciparum, resistant)"
CHEMBL668410,CCCCOc1cc(Cc2cnc(N)nc2N)ccc1OCc1cc(OC)c(OC)c(OC)c1,CHEMBL416373,Ki,nM,1.7,CHEMBL1939,Ki,nM,1.7,"PfDHFR-TS K1 (P. falciparum, resistant)"
CHEMBL668409,CCCCOc1cc(Cc2cnc(N)nc2N)ccc1OCc1cc(OC)c(OC)c(OC)c1,CHEMBL416373,Ki,nM,5.6,CHEMBL1939,Ki,nM,5.6,"PfDHFR-TS K1 (P. falciparum, resistant)"
CHEMBL668411,CCc1nc(N)nc(N)c1-c1ccc(-c2ccccc2)cc1,CHEMBL279986,Ki,nM,188.0,CHEMBL1939,Ki,nM,188.0,"PfDHFR-TS K1 (P. falciparum, resistant)"
CHEMBL668410,CCc1nc(N)nc(N)c1-c1ccc(-c2ccccc2)cc1,CHEMBL279986,Ki,nM,421.3,CHEMBL1939,Ki,nM,421.3,"PfDHFR-TS K1 (P. falciparum, resistant)"
CHEMBL668409,CCc1nc(N)nc(N)c1-c1ccc(-c2ccccc2)cc1,CHEMBL279986,Ki,nM,730.1,CHEMBL1939,Ki,nM,730.1,"PfDHFR-TS K1 (P. falciparum, resistant)"
CHEMBL668411,COC(=O)CCCc1nc(N)nc(N)c1-c1ccc(Cl)cc1,CHEMBL22405,Ki,nM,0.3,CHEMBL1939,Ki,nM,0.3,"PfDHFR-TS K1 (P. falciparum, resistant)"
CHEMBL668410,COC(=O)CCCc1nc(N)nc(N)c1-c1ccc(Cl)cc1,CHEMBL22405,Ki,nM,16.9,CHEMBL1939,Ki,nM,16.9,"PfDHFR-TS K1 (P. falciparum, resistant)"
CHEMBL668409,COC(=O)CCCc1nc(N)nc(N)c1-c1ccc(Cl)cc1,CHEMBL22405,Ki,nM,27.4,CHEMBL1939,Ki,nM,27.4,"PfDHFR-TS K1 (P. falciparum, resistant)"
CHEMBL668411,Cc1nc(N)nc(N)c1Cc1ccc(OCc2ccccc2)c(OCc2ccccc2)c1,CHEMBL279948,Ki,nM,8.6,CHEMBL1939,Ki,nM,8.6,"PfDHFR-TS K1 (P. falciparum, resistant)"
CHEMBL668410,Cc1nc(N)nc(N)c1Cc1ccc(OCc2ccccc2)c(OCc2ccccc2)c1,CHEMBL279948,Ki,nM,51.0,CHEMBL1939,Ki,nM,51.0,"PfDHFR-TS K1 (P. falciparum, resistant)"
CHEMBL668409,Cc1nc(N)nc(N)c1Cc1ccc(OCc2ccccc2)c(OCc2ccccc2)c1,CHEMBL279948,Ki,nM,80.0,CHEMBL1939,Ki,nM,80.0,"PfDHFR-TS K1 (P. falciparum, resistant)"
CHEMBL668411,CCOc1c(Br)cc(-c2c(N)nc(N)nc2CC)cc1Br,CHEMBL22271,Ki,nM,7.0,CHEMBL1939,Ki,nM,7.0,"PfDHFR-TS K1 (P. falciparum, resistant)"
CHEMBL668410,CCOc1c(Br)cc(-c2c(N)nc(N)nc2CC)cc1Br,CHEMBL22271,Ki,nM,415.2,CHEMBL1939,Ki,nM,415.2,"PfDHFR-TS K1 (P. falciparum, resistant)"
CHEMBL668409,CCOc1c(Br)cc(-c2c(N)nc(N)nc2CC)cc1Br,CHEMBL22271,Ki,nM,534.5,CHEMBL1939,Ki,nM,534.5,"PfDHFR-TS K1 (P. falciparum, resistant)"
CHEMBL668411,COC(=O)CCCc1nc(N)nc(N)c1-c1cccc(Cl)c1,CHEMBL21494,Ki,nM,0.5,CHEMBL1939,Ki,nM,0.5,"PfDHFR-TS K1 (P. falciparum, resistant)"
CHEMBL668410,COC(=O)CCCc1nc(N)nc(N)c1-c1cccc(Cl)c1,CHEMBL21494,Ki,nM,1.7,CHEMBL1939,Ki,nM,1.7,"PfDHFR-TS K1 (P. falciparum, resistant)"
CHEMBL668409,COC(=O)CCCc1nc(N)nc(N)c1-c1cccc(Cl)c1,CHEMBL21494,Ki,nM,2.8,CHEMBL1939,Ki,nM,2.8,"PfDHFR-TS K1 (P. falciparum, resistant)"
CHEMBL668411,CCc1nc(N)nc(N)c1-c1ccc(Br)cc1,CHEMBL282275,Ki,nM,0.3,CHEMBL1939,Ki,nM,0.3,"PfDHFR-TS K1 (P. falciparum, resistant)"
CHEMBL668410,CCc1nc(N)nc(N)c1-c1ccc(Br)cc1,CHEMBL282275,Ki,nM,31.5,CHEMBL1939,Ki,nM,31.5,"PfDHFR-TS K1 (P. falciparum, resistant)"
CHEMBL668409,CCc1nc(N)nc(N)c1-c1ccc(Br)cc1,CHEMBL282275,Ki,nM,44.3,CHEMBL1939,Ki,nM,44.3,"PfDHFR-TS K1 (P. falciparum, resistant)"
CHEMBL668411,Nc1nc(N)c(-c2ccccc2)c(CCCc2ccccc2)n1,CHEMBL22693,Ki,nM,0.5,CHEMBL1939,Ki,nM,0.5,"PfDHFR-TS K1 (P. falciparum, resistant)"
CHEMBL668410,Nc1nc(N)c(-c2ccccc2)c(CCCc2ccccc2)n1,CHEMBL22693,Ki,nM,0.9,CHEMBL1939,Ki,nM,0.9,"PfDHFR-TS K1 (P. falciparum, resistant)"
CHEMBL668409,Nc1nc(N)c(-c2ccccc2)c(CCCc2ccccc2)n1,CHEMBL22693,Ki,nM,2.4,CHEMBL1939,Ki,nM,2.4,"PfDHFR-TS K1 (P. falciparum, resistant)"
CHEMBL668411,Cc1nc(N)nc(N)c1-c1ccc(Cl)cc1,CHEMBL21357,Ki,nM,2.0,CHEMBL1939,Ki,nM,2.0,"PfDHFR-TS K1 (P. falciparum, resistant)"
CHEMBL668410,Cc1nc(N)nc(N)c1-c1ccc(Cl)cc1,CHEMBL21357,Ki,nM,103.7,CHEMBL1939,Ki,nM,103.7,"PfDHFR-TS K1 (P. falciparum, resistant)"
CHEMBL668409,Cc1nc(N)nc(N)c1-c1ccc(Cl)cc1,CHEMBL21357,Ki,nM,142.0,CHEMBL1939,Ki,nM,142.0,"PfDHFR-TS K1 (P. falciparum, resistant)"
CHEMBL668411,Nc1nc(N)c(-c2ccc(Cl)cc2)c(CCCc2ccccc2)n1,CHEMBL21691,Ki,nM,0.7,CHEMBL1939,Ki,nM,0.7,"PfDHFR-TS K1 (P. falciparum, resistant)"
CHEMBL668410,Nc1nc(N)c(-c2ccc(Cl)cc2)c(CCCc2ccccc2)n1,CHEMBL21691,Ki,nM,13.9,CHEMBL1939,Ki,nM,13.9,"PfDHFR-TS K1 (P. falciparum, resistant)"
CHEMBL668409,Nc1nc(N)c(-c2ccc(Cl)cc2)c(CCCc2ccccc2)n1,CHEMBL21691,Ki,nM,23.3,CHEMBL1939,Ki,nM,23.3,"PfDHFR-TS K1 (P. falciparum, resistant)"
CHEMBL668411,COc1ccc(CCCc2nc(N)nc(N)c2-c2cccc(Cl)c2)cc1,CHEMBL278813,Ki,nM,2.2,CHEMBL1939,Ki,nM,2.2,"PfDHFR-TS K1 (P. falciparum, resistant)"
CHEMBL668410,COc1ccc(CCCc2nc(N)nc(N)c2-c2cccc(Cl)c2)cc1,CHEMBL278813,Ki,nM,4.0,CHEMBL1939,Ki,nM,4.0,"PfDHFR-TS K1 (P. falciparum, resistant)"
CHEMBL668409,COc1ccc(CCCc2nc(N)nc(N)c2-c2cccc(Cl)c2)cc1,CHEMBL278813,Ki,nM,6.0,CHEMBL1939,Ki,nM,6.0,"PfDHFR-TS K1 (P. falciparum, resistant)"
CHEMBL668411,CCc1nc(N)nc(N)c1-c1ccc(C)cc1,CHEMBL21778,Ki,nM,0.4,CHEMBL1939,Ki,nM,0.4,"PfDHFR-TS K1 (P. falciparum, resistant)"
CHEMBL668410,CCc1nc(N)nc(N)c1-c1ccc(C)cc1,CHEMBL21778,Ki,nM,10.6,CHEMBL1939,Ki,nM,10.6,"PfDHFR-TS K1 (P. falciparum, resistant)"
CHEMBL668409,CCc1nc(N)nc(N)c1-c1ccc(C)cc1,CHEMBL21778,Ki,nM,14.7,CHEMBL1939,Ki,nM,14.7,"PfDHFR-TS K1 (P. falciparum, resistant)"
CHEMBL668411,CCOc1cc(Cc2cnc(N)nc2N)ccc1OCc1ccccc1,CHEMBL21395,Ki,nM,0.9,CHEMBL1939,Ki,nM,0.9,"PfDHFR-TS K1 (P. falciparum, resistant)"
CHEMBL668410,CCOc1cc(Cc2cnc(N)nc2N)ccc1OCc1ccccc1,CHEMBL21395,Ki,nM,7.1,CHEMBL1939,Ki,nM,7.1,"PfDHFR-TS K1 (P. falciparum, resistant)"
CHEMBL668409,CCOc1cc(Cc2cnc(N)nc2N)ccc1OCc1ccccc1,CHEMBL21395,Ki,nM,9.7,CHEMBL1939,Ki,nM,9.7,"PfDHFR-TS K1 (P. falciparum, resistant)"
CHEMBL668411,CCc1nc(N)nc(N)c1-c1cccc(Cl)c1,CHEMBL278847,Ki,nM,0.8,CHEMBL1939,Ki,nM,0.8,"PfDHFR-TS K1 (P. falciparum, resistant)"
CHEMBL668410,CCc1nc(N)nc(N)c1-c1cccc(Cl)c1,CHEMBL278847,Ki,nM,1.6,CHEMBL1939,Ki,nM,1.6,"PfDHFR-TS K1 (P. falciparum, resistant)"
CHEMBL668409,CCc1nc(N)nc(N)c1-c1cccc(Cl)c1,CHEMBL278847,Ki,nM,1.4,CHEMBL1939,Ki,nM,1.4,"PfDHFR-TS K1 (P. falciparum, resistant)"
CHEMBL668411,Nc1ncc(Cc2ccc(OCc3ccccc3)c(OCc3ccccc3)c2)c(N)n1,CHEMBL22138,Ki,nM,1.7,CHEMBL1939,Ki,nM,1.7,"PfDHFR-TS K1 (P. falciparum, resistant)"
CHEMBL668410,Nc1ncc(Cc2ccc(OCc3ccccc3)c(OCc3ccccc3)c2)c(N)n1,CHEMBL22138,Ki,nM,14.5,CHEMBL1939,Ki,nM,14.5,"PfDHFR-TS K1 (P. falciparum, resistant)"
CHEMBL668409,Nc1ncc(Cc2ccc(OCc3ccccc3)c(OCc3ccccc3)c2)c(N)n1,CHEMBL22138,Ki,nM,60.2,CHEMBL1939,Ki,nM,60.2,"PfDHFR-TS K1 (P. falciparum, resistant)"
CHEMBL668411,CCc1nc(N)nc(N)c1Cc1ccc(OCc2ccccc2)c(OCc2ccccc2)c1,CHEMBL22137,Ki,nM,3.7,CHEMBL1939,Ki,nM,3.7,"PfDHFR-TS K1 (P. falciparum, resistant)"
CHEMBL668410,CCc1nc(N)nc(N)c1Cc1ccc(OCc2ccccc2)c(OCc2ccccc2)c1,CHEMBL22137,Ki,nM,46.4,CHEMBL1939,Ki,nM,46.4,"PfDHFR-TS K1 (P. falciparum, resistant)"
CHEMBL668409,CCc1nc(N)nc(N)c1Cc1ccc(OCc2ccccc2)c(OCc2ccccc2)c1,CHEMBL22137,Ki,nM,99.1,CHEMBL1939,Ki,nM,99.1,"PfDHFR-TS K1 (P. falciparum, resistant)"
CHEMBL668411,CCc1nc(N)nc(N)c1-c1ccc(C(C)(C)C)cc1,CHEMBL21885,Ki,nM,0.6,CHEMBL1939,Ki,nM,0.6,"PfDHFR-TS K1 (P. falciparum, resistant)"
CHEMBL668410,CCc1nc(N)nc(N)c1-c1ccc(C(C)(C)C)cc1,CHEMBL21885,Ki,nM,66.2,CHEMBL1939,Ki,nM,66.2,"PfDHFR-TS K1 (P. falciparum, resistant)"
CHEMBL668409,CCc1nc(N)nc(N)c1-c1ccc(C(C)(C)C)cc1,CHEMBL21885,Ki,nM,126.9,CHEMBL1939,Ki,nM,126.9,"PfDHFR-TS K1 (P. falciparum, resistant)"
CHEMBL668411,Nc1nc(N)c(-c2cccc(Cl)c2)c(CCOCCCOc2ccccc2)n1,CHEMBL22403,Ki,nM,0.4,CHEMBL1939,Ki,nM,0.4,"PfDHFR-TS K1 (P. falciparum, resistant)"
CHEMBL668410,Nc1nc(N)c(-c2cccc(Cl)c2)c(CCOCCCOc2ccccc2)n1,CHEMBL22403,Ki,nM,1.8,CHEMBL1939,Ki,nM,1.8,"PfDHFR-TS K1 (P. falciparum, resistant)"
CHEMBL668409,Nc1nc(N)c(-c2cccc(Cl)c2)c(CCOCCCOc2ccccc2)n1,CHEMBL22403,Ki,nM,1.9,CHEMBL1939,Ki,nM,1.9,"PfDHFR-TS K1 (P. falciparum, resistant)"
CHEMBL668411,COc1cc(Cc2cnc(N)nc2N)ccc1OCc1cc(OC)c(OC)c(OC)c1,CHEMBL22811,Ki,nM,0.6,CHEMBL1939,Ki,nM,0.6,"PfDHFR-TS K1 (P. falciparum, resistant)"
CHEMBL668410,COc1cc(Cc2cnc(N)nc2N)ccc1OCc1cc(OC)c(OC)c(OC)c1,CHEMBL22811,Ki,nM,6.2,CHEMBL1939,Ki,nM,6.2,"PfDHFR-TS K1 (P. falciparum, resistant)"
CHEMBL668409,COc1cc(Cc2cnc(N)nc2N)ccc1OCc1cc(OC)c(OC)c(OC)c1,CHEMBL22811,Ki,nM,8.7,CHEMBL1939,Ki,nM,8.7,"PfDHFR-TS K1 (P. falciparum, resistant)"
CHEMBL668411,Nc1ncc(Cc2ccc(OCCCOc3cc(Cl)c(Cl)cc3Cl)cc2)c(N)n1,CHEMBL25112,Ki,nM,0.9,CHEMBL1939,Ki,nM,0.9,"PfDHFR-TS K1 (P. falciparum, resistant)"
CHEMBL668410,Nc1ncc(Cc2ccc(OCCCOc3cc(Cl)c(Cl)cc3Cl)cc2)c(N)n1,CHEMBL25112,Ki,nM,23.5,CHEMBL1939,Ki,nM,23.5,"PfDHFR-TS K1 (P. falciparum, resistant)"
CHEMBL668409,Nc1ncc(Cc2ccc(OCCCOc3cc(Cl)c(Cl)cc3Cl)cc2)c(N)n1,CHEMBL25112,Ki,nM,39.1,CHEMBL1939,Ki,nM,39.1,"PfDHFR-TS K1 (P. falciparum, resistant)"
CHEMBL668411,CCc1nc(N)nc(N)c1-c1ccc(OC)cc1,CHEMBL281412,Ki,nM,0.9,CHEMBL1939,Ki,nM,0.9,"PfDHFR-TS K1 (P. falciparum, resistant)"
CHEMBL668410,CCc1nc(N)nc(N)c1-c1ccc(OC)cc1,CHEMBL281412,Ki,nM,39.0,CHEMBL1939,Ki,nM,39.0,"PfDHFR-TS K1 (P. falciparum, resistant)"
CHEMBL668409,CCc1nc(N)nc(N)c1-c1ccc(OC)cc1,CHEMBL281412,Ki,nM,86.0,CHEMBL1939,Ki,nM,86.0,"PfDHFR-TS K1 (P. falciparum, resistant)"
CHEMBL668411,CCc1nc(N)nc(N)c1-c1ccccc1,CHEMBL22148,Ki,nM,2.3,CHEMBL1939,Ki,nM,2.3,"PfDHFR-TS K1 (P. falciparum, resistant)"
CHEMBL668410,CCc1nc(N)nc(N)c1-c1ccccc1,CHEMBL22148,Ki,nM,4.5,CHEMBL1939,Ki,nM,4.5,"PfDHFR-TS K1 (P. falciparum, resistant)"
CHEMBL668409,CCc1nc(N)nc(N)c1-c1ccccc1,CHEMBL22148,Ki,nM,8.7,CHEMBL1939,Ki,nM,8.7,"PfDHFR-TS K1 (P. falciparum, resistant)"
CHEMBL668411,CCc1nc(N)nc(N)c1-c1ccc2c(c1)OCO2,CHEMBL434771,Ki,nM,1.1,CHEMBL1939,Ki,nM,1.1,"PfDHFR-TS K1 (P. falciparum, resistant)"
CHEMBL668410,CCc1nc(N)nc(N)c1-c1ccc2c(c1)OCO2,CHEMBL434771,Ki,nM,17.2,CHEMBL1939,Ki,nM,17.2,"PfDHFR-TS K1 (P. falciparum, resistant)"
CHEMBL668409,CCc1nc(N)nc(N)c1-c1ccc2c(c1)OCO2,CHEMBL434771,Ki,nM,34.6,CHEMBL1939,Ki,nM,34.6,"PfDHFR-TS K1 (P. falciparum, resistant)"
CHEMBL668411,CCc1nc(N)nc(N)c1-c1ccc(Cl)cc1Cl,CHEMBL22357,Ki,nM,12.6,CHEMBL1939,Ki,nM,12.6,"PfDHFR-TS K1 (P. falciparum, resistant)"
CHEMBL668410,CCc1nc(N)nc(N)c1-c1ccc(Cl)cc1Cl,CHEMBL22357,Ki,nM,1173.0,CHEMBL1939,Ki,nM,1173.0,"PfDHFR-TS K1 (P. falciparum, resistant)"
CHEMBL668409,CCc1nc(N)nc(N)c1-c1ccc(Cl)cc1Cl,CHEMBL22357,Ki,nM,1141.3,CHEMBL1939,Ki,nM,1141.3,"PfDHFR-TS K1 (P. falciparum, resistant)"
CHEMBL668411,Cc1nc(N)nc(N)c1-c1ccccc1,CHEMBL21408,Ki,nM,10.9,CHEMBL1939,Ki,nM,10.9,"PfDHFR-TS K1 (P. falciparum, resistant)"
CHEMBL668410,Cc1nc(N)nc(N)c1-c1ccccc1,CHEMBL21408,Ki,nM,25.6,CHEMBL1939,Ki,nM,25.6,"PfDHFR-TS K1 (P. falciparum, resistant)"
CHEMBL668409,Cc1nc(N)nc(N)c1-c1ccccc1,CHEMBL21408,Ki,nM,36.7,CHEMBL1939,Ki,nM,36.7,"PfDHFR-TS K1 (P. falciparum, resistant)"
CHEMBL668411,CCCCCCc1nc(N)nc(N)c1-c1ccccc1,CHEMBL416552,Ki,nM,0.3,CHEMBL1939,Ki,nM,0.3,"PfDHFR-TS K1 (P. falciparum, resistant)"
CHEMBL668410,CCCCCCc1nc(N)nc(N)c1-c1ccccc1,CHEMBL416552,Ki,nM,1.2,CHEMBL1939,Ki,nM,1.2,"PfDHFR-TS K1 (P. falciparum, resistant)"
CHEMBL668409,CCCCCCc1nc(N)nc(N)c1-c1ccccc1,CHEMBL416552,Ki,nM,0.7,CHEMBL1939,Ki,nM,0.7,"PfDHFR-TS K1 (P. falciparum, resistant)"
CHEMBL668411,Nc1ncc(-c2ccccc2)c(N)n1,CHEMBL21690,Ki,nM,41.9,CHEMBL1939,Ki,nM,41.9,"PfDHFR-TS K1 (P. falciparum, resistant)"
CHEMBL668410,Nc1ncc(-c2ccccc2)c(N)n1,CHEMBL21690,Ki,nM,81.0,CHEMBL1939,Ki,nM,81.0,"PfDHFR-TS K1 (P. falciparum, resistant)"
CHEMBL668409,Nc1ncc(-c2ccccc2)c(N)n1,CHEMBL21690,Ki,nM,76.2,CHEMBL1939,Ki,nM,76.2,"PfDHFR-TS K1 (P. falciparum, resistant)"
CHEMBL668411,Nc1ncc(-c2cccc(Cl)c2)c(N)n1,CHEMBL21414,Ki,nM,6.3,CHEMBL1939,Ki,nM,6.3,"PfDHFR-TS K1 (P. falciparum, resistant)"
CHEMBL668410,Nc1ncc(-c2cccc(Cl)c2)c(N)n1,CHEMBL21414,Ki,nM,26.3,CHEMBL1939,Ki,nM,26.3,"PfDHFR-TS K1 (P. falciparum, resistant)"
CHEMBL668409,Nc1ncc(-c2cccc(Cl)c2)c(N)n1,CHEMBL21414,Ki,nM,31.6,CHEMBL1939,Ki,nM,31.6,"PfDHFR-TS K1 (P. falciparum, resistant)"
CHEMBL668411,Nc1nc(N)c(-c2cccc(Cl)c2)c(CCCc2ccccc2)n1,CHEMBL21921,Ki,nM,1.2,CHEMBL1939,Ki,nM,1.2,"PfDHFR-TS K1 (P. falciparum, resistant)"
CHEMBL668410,Nc1nc(N)c(-c2cccc(Cl)c2)c(CCCc2ccccc2)n1,CHEMBL21921,Ki,nM,3.0,CHEMBL1939,Ki,nM,3.0,"PfDHFR-TS K1 (P. falciparum, resistant)"
CHEMBL668409,Nc1nc(N)c(-c2cccc(Cl)c2)c(CCCc2ccccc2)n1,CHEMBL21921,Ki,nM,4.2,CHEMBL1939,Ki,nM,4.2,"PfDHFR-TS K1 (P. falciparum, resistant)"
CHEMBL668411,Cc1nc(N)nc(N)c1-c1cccc(Cl)c1,CHEMBL22039,Ki,nM,1.9,CHEMBL1939,Ki,nM,1.9,"PfDHFR-TS K1 (P. falciparum, resistant)"
CHEMBL668410,Cc1nc(N)nc(N)c1-c1cccc(Cl)c1,CHEMBL22039,Ki,nM,3.2,CHEMBL1939,Ki,nM,3.2,"PfDHFR-TS K1 (P. falciparum, resistant)"
CHEMBL668409,Cc1nc(N)nc(N)c1-c1cccc(Cl)c1,CHEMBL22039,Ki,nM,3.1,CHEMBL1939,Ki,nM,3.1,"PfDHFR-TS K1 (P. falciparum, resistant)"
CHEMBL668411,COc1cc(Cc2cnc(N)nc2N)cc(OC)c1OC,CHEMBL22,Ki,nM,10.3,CHEMBL1939,Ki,nM,10.3,"PfDHFR-TS K1 (P. falciparum, resistant)"
CHEMBL668410,COc1cc(Cc2cnc(N)nc2N)cc(OC)c1OC,CHEMBL22,Ki,nM,132.3,CHEMBL1939,Ki,nM,132.3,"PfDHFR-TS K1 (P. falciparum, resistant)"
CHEMBL668409,COc1cc(Cc2cnc(N)nc2N)cc(OC)c1OC,CHEMBL22,Ki,nM,242.1,CHEMBL1939,Ki,nM,242.1,"PfDHFR-TS K1 (P. falciparum, resistant)"
CHEMBL668411,COC(=O)CCCc1nc(N)nc(N)c1-c1ccccc1,CHEMBL21407,Ki,nM,0.6,CHEMBL1939,Ki,nM,0.6,"PfDHFR-TS K1 (P. falciparum, resistant)"
CHEMBL668410,COC(=O)CCCc1nc(N)nc(N)c1-c1ccccc1,CHEMBL21407,Ki,nM,1.8,CHEMBL1939,Ki,nM,1.8,"PfDHFR-TS K1 (P. falciparum, resistant)"
CHEMBL668409,COC(=O)CCCc1nc(N)nc(N)c1-c1ccccc1,CHEMBL21407,Ki,nM,5.5,CHEMBL1939,Ki,nM,5.5,"PfDHFR-TS K1 (P. falciparum, resistant)"
CHEMBL668411,CCOc1cc(Cc2cnc(N)nc2N)ccc1OCc1cc(OC)c(OC)c(OC)c1,CHEMBL22901,Ki,nM,0.3,CHEMBL1939,Ki,nM,0.3,"PfDHFR-TS K1 (P. falciparum, resistant)"
CHEMBL668410,CCOc1cc(Cc2cnc(N)nc2N)ccc1OCc1cc(OC)c(OC)c(OC)c1,CHEMBL22901,Ki,nM,1.8,CHEMBL1939,Ki,nM,1.8,"PfDHFR-TS K1 (P. falciparum, resistant)"
CHEMBL668409,CCOc1cc(Cc2cnc(N)nc2N)ccc1OCc1cc(OC)c(OC)c(OC)c1,CHEMBL22901,Ki,nM,2.2,CHEMBL1939,Ki,nM,2.2,"PfDHFR-TS K1 (P. falciparum, resistant)"
CHEMBL668411,COc1cc(Cc2cnc(N)nc2N)ccc1OCc1ccccc1,CHEMBL22146,Ki,nM,2.2,CHEMBL1939,Ki,nM,2.2,"PfDHFR-TS K1 (P. falciparum, resistant)"
CHEMBL668410,COc1cc(Cc2cnc(N)nc2N)ccc1OCc1ccccc1,CHEMBL22146,Ki,nM,34.9,CHEMBL1939,Ki,nM,34.9,"PfDHFR-TS K1 (P. falciparum, resistant)"
CHEMBL668409,COc1cc(Cc2cnc(N)nc2N)ccc1OCc1ccccc1,CHEMBL22146,Ki,nM,60.7,CHEMBL1939,Ki,nM,60.7,"PfDHFR-TS K1 (P. falciparum, resistant)"
CHEMBL668411,CCc1nc(N)nc(N)c1-c1ccc(OCc2ccc(Cl)cc2Cl)c(OC)c1,CHEMBL22129,Ki,nM,1.0,CHEMBL1939,Ki,nM,1.0,"PfDHFR-TS K1 (P. falciparum, resistant)"
CHEMBL668410,CCc1nc(N)nc(N)c1-c1ccc(OCc2ccc(Cl)cc2Cl)c(OC)c1,CHEMBL22129,Ki,nM,20.9,CHEMBL1939,Ki,nM,20.9,"PfDHFR-TS K1 (P. falciparum, resistant)"
CHEMBL668409,CCc1nc(N)nc(N)c1-c1ccc(OCc2ccc(Cl)cc2Cl)c(OC)c1,CHEMBL22129,Ki,nM,42.3,CHEMBL1939,Ki,nM,42.3,"PfDHFR-TS K1 (P. falciparum, resistant)"
CHEMBL668411,COc1cc(Cc2cnc(N)nc2N)cc(OC)c1OCc1ccccc1,CHEMBL279509,Ki,nM,4.2,CHEMBL1939,Ki,nM,4.2,"PfDHFR-TS K1 (P. falciparum, resistant)"
CHEMBL668410,COc1cc(Cc2cnc(N)nc2N)cc(OC)c1OCc1ccccc1,CHEMBL279509,Ki,nM,61.9,CHEMBL1939,Ki,nM,61.9,"PfDHFR-TS K1 (P. falciparum, resistant)"
CHEMBL668409,COc1cc(Cc2cnc(N)nc2N)cc(OC)c1OCc1ccccc1,CHEMBL279509,Ki,nM,71.9,CHEMBL1939,Ki,nM,71.9,"PfDHFR-TS K1 (P. falciparum, resistant)"
CHEMBL821377,NC1=NC(c2cccc(Oc3ccccc3)c2)N(c2cccc(Cl)c2)C(N)=N1,CHEMBL161117,Ki,nM,1.1,CHEMBL1939,Ki,nM,1.1,"PfDHFR-TS K1 (P. falciparum, resistant)"
CHEMBL667200,NC1=NC(c2cccc(Oc3ccccc3)c2)N(c2cccc(Cl)c2)C(N)=N1,CHEMBL161117,Ki,nM,2.5,CHEMBL1939,Ki,nM,2.5,"PfDHFR-TS K1 (P. falciparum, resistant)"
CHEMBL663728,NC1=NC(c2cccc(Oc3ccccc3)c2)N(c2cccc(Cl)c2)C(N)=N1,CHEMBL161117,Ki,nM,3.0,CHEMBL1939,Ki,nM,3.0,"PfDHFR-TS K1 (P. falciparum, resistant)"
CHEMBL880697,NC1=NC(c2cccc(Oc3ccccc3)c2)N(c2cccc(Cl)c2)C(N)=N1,CHEMBL161117,Ki,nM,5.8,CHEMBL1939,Ki,nM,5.8,"PfDHFR-TS K1 (P. falciparum, resistant)"
CHEMBL663727,NC1=NC(c2cccc(Oc3ccccc3)c2)N(c2cccc(Cl)c2)C(N)=N1,CHEMBL161117,Ki,nM,2.5,CHEMBL1939,Ki,nM,2.5,"PfDHFR-TS K1 (P. falciparum, resistant)"
CHEMBL821377,Nc1nc(N)c(-c2cccc(Cl)c2)c(CCCOC(=O)c2ccccc2)n1,CHEMBL346932,Ki,nM,1.5,CHEMBL1939,Ki,nM,1.5,"PfDHFR-TS K1 (P. falciparum, resistant)"
CHEMBL667200,Nc1nc(N)c(-c2cccc(Cl)c2)c(CCCOC(=O)c2ccccc2)n1,CHEMBL346932,Ki,nM,0.8,CHEMBL1939,Ki,nM,0.8,"PfDHFR-TS K1 (P. falciparum, resistant)"
CHEMBL663728,Nc1nc(N)c(-c2cccc(Cl)c2)c(CCCOC(=O)c2ccccc2)n1,CHEMBL346932,Ki,nM,0.8,CHEMBL1939,Ki,nM,0.8,"PfDHFR-TS K1 (P. falciparum, resistant)"
CHEMBL880697,Nc1nc(N)c(-c2cccc(Cl)c2)c(CCCOC(=O)c2ccccc2)n1,CHEMBL346932,Ki,nM,3.6,CHEMBL1939,Ki,nM,3.6,"PfDHFR-TS K1 (P. falciparum, resistant)"
CHEMBL821377,CCCC1(C)N=C(N)N=C(N)N1c1cccc(Cl)c1,CHEMBL158639,Ki,nM,4.6,CHEMBL1939,Ki,nM,4.6,"PfDHFR-TS K1 (P. falciparum, resistant)"
CHEMBL667200,CCCC1(C)N=C(N)N=C(N)N1c1cccc(Cl)c1,CHEMBL158639,Ki,nM,9.7,CHEMBL1939,Ki,nM,9.7,"PfDHFR-TS K1 (P. falciparum, resistant)"
CHEMBL663728,CCCC1(C)N=C(N)N=C(N)N1c1cccc(Cl)c1,CHEMBL158639,Ki,nM,33.1,CHEMBL1939,Ki,nM,33.1,"PfDHFR-TS K1 (P. falciparum, resistant)"
CHEMBL880697,CCCC1(C)N=C(N)N=C(N)N1c1cccc(Cl)c1,CHEMBL158639,Ki,nM,39.4,CHEMBL1939,Ki,nM,39.4,"PfDHFR-TS K1 (P. falciparum, resistant)"
CHEMBL663727,CCCC1(C)N=C(N)N=C(N)N1c1cccc(Cl)c1,CHEMBL158639,Ki,nM,471.0,CHEMBL1939,Ki,nM,471.0,"PfDHFR-TS K1 (P. falciparum, resistant)"
CHEMBL821377,CCCOc1ccc(C2N=C(N)N=C(N)N2c2cccc(Cl)c2)cc1,CHEMBL346982,Ki,nM,3.3,CHEMBL1939,Ki,nM,3.3,"PfDHFR-TS K1 (P. falciparum, resistant)"
CHEMBL667200,CCCOc1ccc(C2N=C(N)N=C(N)N2c2cccc(Cl)c2)cc1,CHEMBL346982,Ki,nM,2.1,CHEMBL1939,Ki,nM,2.1,"PfDHFR-TS K1 (P. falciparum, resistant)"
CHEMBL663728,CCCOc1ccc(C2N=C(N)N=C(N)N2c2cccc(Cl)c2)cc1,CHEMBL346982,Ki,nM,0.5,CHEMBL1939,Ki,nM,0.5,"PfDHFR-TS K1 (P. falciparum, resistant)"
CHEMBL880697,CCCOc1ccc(C2N=C(N)N=C(N)N2c2cccc(Cl)c2)cc1,CHEMBL346982,Ki,nM,2.7,CHEMBL1939,Ki,nM,2.7,"PfDHFR-TS K1 (P. falciparum, resistant)"
CHEMBL663727,CCCOc1ccc(C2N=C(N)N=C(N)N2c2cccc(Cl)c2)cc1,CHEMBL346982,Ki,nM,9.3,CHEMBL1939,Ki,nM,9.3,"PfDHFR-TS K1 (P. falciparum, resistant)"
CHEMBL821377,NC1=NC(c2cccc(Oc3ccc(Cl)cc3)c2)N(c2ccc(Cl)cc2)C(N)=N1,CHEMBL352195,Ki,nM,1.4,CHEMBL1939,Ki,nM,1.4,"PfDHFR-TS K1 (P. falciparum, resistant)"
CHEMBL667200,NC1=NC(c2cccc(Oc3ccc(Cl)cc3)c2)N(c2ccc(Cl)cc2)C(N)=N1,CHEMBL352195,Ki,nM,85.5,CHEMBL1939,Ki,nM,85.5,"PfDHFR-TS K1 (P. falciparum, resistant)"
CHEMBL663728,NC1=NC(c2cccc(Oc3ccc(Cl)cc3)c2)N(c2ccc(Cl)cc2)C(N)=N1,CHEMBL352195,Ki,nM,151.0,CHEMBL1939,Ki,nM,151.0,"PfDHFR-TS K1 (P. falciparum, resistant)"
CHEMBL880697,NC1=NC(c2cccc(Oc3ccc(Cl)cc3)c2)N(c2ccc(Cl)cc2)C(N)=N1,CHEMBL352195,Ki,nM,121.0,CHEMBL1939,Ki,nM,121.0,"PfDHFR-TS K1 (P. falciparum, resistant)"
CHEMBL663727,NC1=NC(c2cccc(Oc3ccc(Cl)cc3)c2)N(c2ccc(Cl)cc2)C(N)=N1,CHEMBL352195,Ki,nM,7.5,CHEMBL1939,Ki,nM,7.5,"PfDHFR-TS K1 (P. falciparum, resistant)"
CHEMBL821377,NC1=NC(c2cccc(Oc3cc(Cl)cc(Cl)c3)c2)N(c2cccc(Cl)c2)C(N)=N1,CHEMBL161757,Ki,nM,1.8,CHEMBL1939,Ki,nM,1.8,"PfDHFR-TS K1 (P. falciparum, resistant)"
CHEMBL667200,NC1=NC(c2cccc(Oc3cc(Cl)cc(Cl)c3)c2)N(c2cccc(Cl)c2)C(N)=N1,CHEMBL161757,Ki,nM,1.0,CHEMBL1939,Ki,nM,1.0,"PfDHFR-TS K1 (P. falciparum, resistant)"
CHEMBL663728,NC1=NC(c2cccc(Oc3cc(Cl)cc(Cl)c3)c2)N(c2cccc(Cl)c2)C(N)=N1,CHEMBL161757,Ki,nM,0.6,CHEMBL1939,Ki,nM,0.6,"PfDHFR-TS K1 (P. falciparum, resistant)"
CHEMBL880697,NC1=NC(c2cccc(Oc3cc(Cl)cc(Cl)c3)c2)N(c2cccc(Cl)c2)C(N)=N1,CHEMBL161757,Ki,nM,2.7,CHEMBL1939,Ki,nM,2.7,"PfDHFR-TS K1 (P. falciparum, resistant)"
CHEMBL663727,NC1=NC(c2cccc(Oc3cc(Cl)cc(Cl)c3)c2)N(c2cccc(Cl)c2)C(N)=N1,CHEMBL161757,Ki,nM,4.7,CHEMBL1939,Ki,nM,4.7,"PfDHFR-TS K1 (P. falciparum, resistant)"
CHEMBL821377,COC(=O)CCCc1nc(N)nc(N)c1-c1ccc(Cl)cc1,CHEMBL22405,Ki,nM,0.3,CHEMBL1939,Ki,nM,0.3,"PfDHFR-TS K1 (P. falciparum, resistant)"
CHEMBL667200,COC(=O)CCCc1nc(N)nc(N)c1-c1ccc(Cl)cc1,CHEMBL22405,Ki,nM,29.3,CHEMBL1939,Ki,nM,29.3,"PfDHFR-TS K1 (P. falciparum, resistant)"
CHEMBL663728,COC(=O)CCCc1nc(N)nc(N)c1-c1ccc(Cl)cc1,CHEMBL22405,Ki,nM,145.0,CHEMBL1939,Ki,nM,145.0,"PfDHFR-TS K1 (P. falciparum, resistant)"
CHEMBL880697,COC(=O)CCCc1nc(N)nc(N)c1-c1ccc(Cl)cc1,CHEMBL22405,Ki,nM,360.0,CHEMBL1939,Ki,nM,360.0,"PfDHFR-TS K1 (P. falciparum, resistant)"
CHEMBL821377,NC1=NC(c2cccc(OCCCOc3cc(Cl)c(Cl)cc3Cl)c2)N(c2cccc(Cl)c2)C(N)=N1,CHEMBL159052,Ki,nM,4.0,CHEMBL1939,Ki,nM,4.0,"PfDHFR-TS K1 (P. falciparum, resistant)"
CHEMBL667200,NC1=NC(c2cccc(OCCCOc3cc(Cl)c(Cl)cc3Cl)c2)N(c2cccc(Cl)c2)C(N)=N1,CHEMBL159052,Ki,nM,2.0,CHEMBL1939,Ki,nM,2.0,"PfDHFR-TS K1 (P. falciparum, resistant)"
CHEMBL663728,NC1=NC(c2cccc(OCCCOc3cc(Cl)c(Cl)cc3Cl)c2)N(c2cccc(Cl)c2)C(N)=N1,CHEMBL159052,Ki,nM,2.2,CHEMBL1939,Ki,nM,2.2,"PfDHFR-TS K1 (P. falciparum, resistant)"
CHEMBL880697,NC1=NC(c2cccc(OCCCOc3cc(Cl)c(Cl)cc3Cl)c2)N(c2cccc(Cl)c2)C(N)=N1,CHEMBL159052,Ki,nM,4.5,CHEMBL1939,Ki,nM,4.5,"PfDHFR-TS K1 (P. falciparum, resistant)"
CHEMBL663727,NC1=NC(c2cccc(OCCCOc3cc(Cl)c(Cl)cc3Cl)c2)N(c2cccc(Cl)c2)C(N)=N1,CHEMBL159052,Ki,nM,2.6,CHEMBL1939,Ki,nM,2.6,"PfDHFR-TS K1 (P. falciparum, resistant)"
CHEMBL821377,CC(=O)OCCCc1nc(N)nc(N)c1-c1cccc(Cl)c1,CHEMBL444605,Ki,nM,3.1,CHEMBL1939,Ki,nM,3.1,"PfDHFR-TS K1 (P. falciparum, resistant)"
CHEMBL667200,CC(=O)OCCCc1nc(N)nc(N)c1-c1cccc(Cl)c1,CHEMBL444605,Ki,nM,1.8,CHEMBL1939,Ki,nM,1.8,"PfDHFR-TS K1 (P. falciparum, resistant)"
CHEMBL663728,CC(=O)OCCCc1nc(N)nc(N)c1-c1cccc(Cl)c1,CHEMBL444605,Ki,nM,3.2,CHEMBL1939,Ki,nM,3.2,"PfDHFR-TS K1 (P. falciparum, resistant)"
CHEMBL880697,CC(=O)OCCCc1nc(N)nc(N)c1-c1cccc(Cl)c1,CHEMBL444605,Ki,nM,31.4,CHEMBL1939,Ki,nM,31.4,"PfDHFR-TS K1 (P. falciparum, resistant)"
CHEMBL821377,NC1=NC(c2cccc(OCc3ccccc3)c2)N(c2cccc(Cl)c2)C(N)=N1,CHEMBL354011,Ki,nM,2.3,CHEMBL1939,Ki,nM,2.3,"PfDHFR-TS K1 (P. falciparum, resistant)"
CHEMBL667200,NC1=NC(c2cccc(OCc3ccccc3)c2)N(c2cccc(Cl)c2)C(N)=N1,CHEMBL354011,Ki,nM,3.2,CHEMBL1939,Ki,nM,3.2,"PfDHFR-TS K1 (P. falciparum, resistant)"
CHEMBL663728,NC1=NC(c2cccc(OCc3ccccc3)c2)N(c2cccc(Cl)c2)C(N)=N1,CHEMBL354011,Ki,nM,3.6,CHEMBL1939,Ki,nM,3.6,"PfDHFR-TS K1 (P. falciparum, resistant)"
CHEMBL880697,NC1=NC(c2cccc(OCc3ccccc3)c2)N(c2cccc(Cl)c2)C(N)=N1,CHEMBL354011,Ki,nM,7.7,CHEMBL1939,Ki,nM,7.7,"PfDHFR-TS K1 (P. falciparum, resistant)"
CHEMBL663727,NC1=NC(c2cccc(OCc3ccccc3)c2)N(c2cccc(Cl)c2)C(N)=N1,CHEMBL354011,Ki,nM,3.2,CHEMBL1939,Ki,nM,3.2,"PfDHFR-TS K1 (P. falciparum, resistant)"
CHEMBL821377,CCc1nc(N)nc(N)c1-c1ccc(C)cc1,CHEMBL21778,Ki,nM,0.4,CHEMBL1939,Ki,nM,0.4,"PfDHFR-TS K1 (P. falciparum, resistant)"
CHEMBL667200,CCc1nc(N)nc(N)c1-c1ccc(C)cc1,CHEMBL21778,Ki,nM,6.9,CHEMBL1939,Ki,nM,6.9,"PfDHFR-TS K1 (P. falciparum, resistant)"
CHEMBL663728,CCc1nc(N)nc(N)c1-c1ccc(C)cc1,CHEMBL21778,Ki,nM,88.0,CHEMBL1939,Ki,nM,88.0,"PfDHFR-TS K1 (P. falciparum, resistant)"
CHEMBL880697,CCc1nc(N)nc(N)c1-c1ccc(C)cc1,CHEMBL21778,Ki,nM,284.0,CHEMBL1939,Ki,nM,284.0,"PfDHFR-TS K1 (P. falciparum, resistant)"
CHEMBL821377,CCCCCCC1(C)N=C(N)N=C(N)N1c1cccc(Cl)c1,CHEMBL161009,Ki,nM,2.4,CHEMBL1939,Ki,nM,2.4,"PfDHFR-TS K1 (P. falciparum, resistant)"
CHEMBL667200,CCCCCCC1(C)N=C(N)N=C(N)N1c1cccc(Cl)c1,CHEMBL161009,Ki,nM,5.5,CHEMBL1939,Ki,nM,5.5,"PfDHFR-TS K1 (P. falciparum, resistant)"
CHEMBL663728,CCCCCCC1(C)N=C(N)N=C(N)N1c1cccc(Cl)c1,CHEMBL161009,Ki,nM,12.1,CHEMBL1939,Ki,nM,12.1,"PfDHFR-TS K1 (P. falciparum, resistant)"
CHEMBL880697,CCCCCCC1(C)N=C(N)N=C(N)N1c1cccc(Cl)c1,CHEMBL161009,Ki,nM,15.9,CHEMBL1939,Ki,nM,15.9,"PfDHFR-TS K1 (P. falciparum, resistant)"
CHEMBL663727,CCCCCCC1(C)N=C(N)N=C(N)N1c1cccc(Cl)c1,CHEMBL161009,Ki,nM,101.0,CHEMBL1939,Ki,nM,101.0,"PfDHFR-TS K1 (P. falciparum, resistant)"
CHEMBL821377,CCc1nc(N)nc(N)c1-c1cccc(Cl)c1,CHEMBL278847,Ki,nM,0.8,CHEMBL1939,Ki,nM,0.8,"PfDHFR-TS K1 (P. falciparum, resistant)"
CHEMBL667200,CCc1nc(N)nc(N)c1-c1cccc(Cl)c1,CHEMBL278847,Ki,nM,2.1,CHEMBL1939,Ki,nM,2.1,"PfDHFR-TS K1 (P. falciparum, resistant)"
CHEMBL663728,CCc1nc(N)nc(N)c1-c1cccc(Cl)c1,CHEMBL278847,Ki,nM,2.7,CHEMBL1939,Ki,nM,2.7,"PfDHFR-TS K1 (P. falciparum, resistant)"
CHEMBL880697,CCc1nc(N)nc(N)c1-c1cccc(Cl)c1,CHEMBL278847,Ki,nM,3.3,CHEMBL1939,Ki,nM,3.3,"PfDHFR-TS K1 (P. falciparum, resistant)"
CHEMBL821377,Nc1nc(N)c(-c2ccc(Cl)cc2)c(CCCc2ccccc2)n1,CHEMBL21691,Ki,nM,0.7,CHEMBL1939,Ki,nM,0.7,"PfDHFR-TS K1 (P. falciparum, resistant)"
CHEMBL667200,Nc1nc(N)c(-c2ccc(Cl)cc2)c(CCCc2ccccc2)n1,CHEMBL21691,Ki,nM,15.1,CHEMBL1939,Ki,nM,15.1,"PfDHFR-TS K1 (P. falciparum, resistant)"
CHEMBL663728,Nc1nc(N)c(-c2ccc(Cl)cc2)c(CCCc2ccccc2)n1,CHEMBL21691,Ki,nM,63.0,CHEMBL1939,Ki,nM,63.0,"PfDHFR-TS K1 (P. falciparum, resistant)"
CHEMBL880697,Nc1nc(N)c(-c2ccc(Cl)cc2)c(CCCc2ccccc2)n1,CHEMBL21691,Ki,nM,170.0,CHEMBL1939,Ki,nM,170.0,"PfDHFR-TS K1 (P. falciparum, resistant)"
CHEMBL821377,Nc1nc(N)c(-c2cccc(Cl)c2)c(CCCc2ccccc2)n1,CHEMBL21921,Ki,nM,1.2,CHEMBL1939,Ki,nM,1.2,"PfDHFR-TS K1 (P. falciparum, resistant)"
CHEMBL667200,Nc1nc(N)c(-c2cccc(Cl)c2)c(CCCc2ccccc2)n1,CHEMBL21921,Ki,nM,2.0,CHEMBL1939,Ki,nM,2.0,"PfDHFR-TS K1 (P. falciparum, resistant)"
CHEMBL663728,Nc1nc(N)c(-c2cccc(Cl)c2)c(CCCc2ccccc2)n1,CHEMBL21921,Ki,nM,2.2,CHEMBL1939,Ki,nM,2.2,"PfDHFR-TS K1 (P. falciparum, resistant)"
CHEMBL880697,Nc1nc(N)c(-c2cccc(Cl)c2)c(CCCc2ccccc2)n1,CHEMBL21921,Ki,nM,2.0,CHEMBL1939,Ki,nM,2.0,"PfDHFR-TS K1 (P. falciparum, resistant)"
CHEMBL821377,CC(=O)OCCCc1nc(N)nc(N)c1-c1ccccc1,CHEMBL347190,Ki,nM,10.6,CHEMBL1939,Ki,nM,10.6,"PfDHFR-TS K1 (P. falciparum, resistant)"
CHEMBL667200,CC(=O)OCCCc1nc(N)nc(N)c1-c1ccccc1,CHEMBL347190,Ki,nM,5.0,CHEMBL1939,Ki,nM,5.0,"PfDHFR-TS K1 (P. falciparum, resistant)"
CHEMBL663728,CC(=O)OCCCc1nc(N)nc(N)c1-c1ccccc1,CHEMBL347190,Ki,nM,18.0,CHEMBL1939,Ki,nM,18.0,"PfDHFR-TS K1 (P. falciparum, resistant)"
CHEMBL880697,CC(=O)OCCCc1nc(N)nc(N)c1-c1ccccc1,CHEMBL347190,Ki,nM,237.0,CHEMBL1939,Ki,nM,237.0,"PfDHFR-TS K1 (P. falciparum, resistant)"
CHEMBL821377,CCCC1(C)N=C(N)N=C(N)N1c1ccc(Cl)cc1,CHEMBL158054,Ki,nM,3.5,CHEMBL1939,Ki,nM,3.5,"PfDHFR-TS K1 (P. falciparum, resistant)"
CHEMBL667200,CCCC1(C)N=C(N)N=C(N)N1c1ccc(Cl)cc1,CHEMBL158054,Ki,nM,560.0,CHEMBL1939,Ki,nM,560.0,"PfDHFR-TS K1 (P. falciparum, resistant)"
CHEMBL663728,CCCC1(C)N=C(N)N=C(N)N1c1ccc(Cl)cc1,CHEMBL158054,Ki,nM,3654.0,CHEMBL1939,Ki,nM,3654.0,"PfDHFR-TS K1 (P. falciparum, resistant)"
CHEMBL880697,CCCC1(C)N=C(N)N=C(N)N1c1ccc(Cl)cc1,CHEMBL158054,Ki,nM,4432.0,CHEMBL1939,Ki,nM,4432.0,"PfDHFR-TS K1 (P. falciparum, resistant)"
CHEMBL663727,CCCC1(C)N=C(N)N=C(N)N1c1ccc(Cl)cc1,CHEMBL158054,Ki,nM,9229.0,CHEMBL1939,Ki,nM,9229.0,"PfDHFR-TS K1 (P. falciparum, resistant)"
CHEMBL821377,CC1(C)N=C(N)N=C(N)N1c1ccc(Cl)cc1,CHEMBL747,Ki,nM,1.5,CHEMBL1939,Ki,nM,1.5,"PfDHFR-TS K1 (P. falciparum, resistant)"
CHEMBL667200,CC1(C)N=C(N)N=C(N)N1c1ccc(Cl)cc1,CHEMBL747,Ki,nM,31.4,CHEMBL1939,Ki,nM,31.4,"PfDHFR-TS K1 (P. falciparum, resistant)"
CHEMBL663728,CC1(C)N=C(N)N=C(N)N1c1ccc(Cl)cc1,CHEMBL747,Ki,nM,285.0,CHEMBL1939,Ki,nM,285.0,"PfDHFR-TS K1 (P. falciparum, resistant)"
CHEMBL880697,CC1(C)N=C(N)N=C(N)N1c1ccc(Cl)cc1,CHEMBL747,Ki,nM,420.0,CHEMBL1939,Ki,nM,420.0,"PfDHFR-TS K1 (P. falciparum, resistant)"
CHEMBL663727,CC1(C)N=C(N)N=C(N)N1c1ccc(Cl)cc1,CHEMBL747,Ki,nM,1314.0,CHEMBL1939,Ki,nM,1314.0,"PfDHFR-TS K1 (P. falciparum, resistant)"
CHEMBL821377,Nc1nc(N)c(-c2cccc(Cl)c2)c(CCOCCCOc2ccccc2)n1,CHEMBL22403,Ki,nM,0.4,CHEMBL1939,Ki,nM,0.4,"PfDHFR-TS K1 (P. falciparum, resistant)"
CHEMBL667200,Nc1nc(N)c(-c2cccc(Cl)c2)c(CCOCCCOc2ccccc2)n1,CHEMBL22403,Ki,nM,0.7,CHEMBL1939,Ki,nM,0.7,"PfDHFR-TS K1 (P. falciparum, resistant)"
CHEMBL663728,Nc1nc(N)c(-c2cccc(Cl)c2)c(CCOCCCOc2ccccc2)n1,CHEMBL22403,Ki,nM,1.3,CHEMBL1939,Ki,nM,1.3,"PfDHFR-TS K1 (P. falciparum, resistant)"
CHEMBL880697,Nc1nc(N)c(-c2cccc(Cl)c2)c(CCOCCCOc2ccccc2)n1,CHEMBL22403,Ki,nM,1.7,CHEMBL1939,Ki,nM,1.7,"PfDHFR-TS K1 (P. falciparum, resistant)"
CHEMBL821377,NC1=NC(c2cccc(Oc3ccccc3)c2)N(c2ccc(Cl)cc2)C(N)=N1,CHEMBL159032,Ki,nM,0.5,CHEMBL1939,Ki,nM,0.5,"PfDHFR-TS K1 (P. falciparum, resistant)"
CHEMBL667200,NC1=NC(c2cccc(Oc3ccccc3)c2)N(c2ccc(Cl)cc2)C(N)=N1,CHEMBL159032,Ki,nM,23.6,CHEMBL1939,Ki,nM,23.6,"PfDHFR-TS K1 (P. falciparum, resistant)"
CHEMBL663728,NC1=NC(c2cccc(Oc3ccccc3)c2)N(c2ccc(Cl)cc2)C(N)=N1,CHEMBL159032,Ki,nM,132.0,CHEMBL1939,Ki,nM,132.0,"PfDHFR-TS K1 (P. falciparum, resistant)"
CHEMBL880697,NC1=NC(c2cccc(Oc3ccccc3)c2)N(c2ccc(Cl)cc2)C(N)=N1,CHEMBL159032,Ki,nM,239.0,CHEMBL1939,Ki,nM,239.0,"PfDHFR-TS K1 (P. falciparum, resistant)"
CHEMBL663727,NC1=NC(c2cccc(Oc3ccccc3)c2)N(c2ccc(Cl)cc2)C(N)=N1,CHEMBL159032,Ki,nM,2.7,CHEMBL1939,Ki,nM,2.7,"PfDHFR-TS K1 (P. falciparum, resistant)"
CHEMBL821377,CC(C)C1(C)N=C(N)N=C(N)N1c1cccc(Cl)c1,CHEMBL158691,Ki,nM,25.5,CHEMBL1939,Ki,nM,25.5,"PfDHFR-TS K1 (P. falciparum, resistant)"
CHEMBL667200,CC(C)C1(C)N=C(N)N=C(N)N1c1cccc(Cl)c1,CHEMBL158691,Ki,nM,196.0,CHEMBL1939,Ki,nM,196.0,"PfDHFR-TS K1 (P. falciparum, resistant)"
CHEMBL663728,CC(C)C1(C)N=C(N)N=C(N)N1c1cccc(Cl)c1,CHEMBL158691,Ki,nM,213.0,CHEMBL1939,Ki,nM,213.0,"PfDHFR-TS K1 (P. falciparum, resistant)"
CHEMBL880697,CC(C)C1(C)N=C(N)N=C(N)N1c1cccc(Cl)c1,CHEMBL158691,Ki,nM,472.0,CHEMBL1939,Ki,nM,472.0,"PfDHFR-TS K1 (P. falciparum, resistant)"
CHEMBL663727,CC(C)C1(C)N=C(N)N=C(N)N1c1cccc(Cl)c1,CHEMBL158691,Ki,nM,2177.0,CHEMBL1939,Ki,nM,2177.0,"PfDHFR-TS K1 (P. falciparum, resistant)"
CHEMBL821377,NC1=NC(c2ccccc2)N(c2cccc(Cl)c2)C(N)=N1,CHEMBL329687,Ki,nM,11.7,CHEMBL1939,Ki,nM,11.7,"PfDHFR-TS K1 (P. falciparum, resistant)"
CHEMBL667200,NC1=NC(c2ccccc2)N(c2cccc(Cl)c2)C(N)=N1,CHEMBL329687,Ki,nM,111.0,CHEMBL1939,Ki,nM,111.0,"PfDHFR-TS K1 (P. falciparum, resistant)"
CHEMBL663728,NC1=NC(c2ccccc2)N(c2cccc(Cl)c2)C(N)=N1,CHEMBL329687,Ki,nM,217.0,CHEMBL1939,Ki,nM,217.0,"PfDHFR-TS K1 (P. falciparum, resistant)"
CHEMBL880697,NC1=NC(c2ccccc2)N(c2cccc(Cl)c2)C(N)=N1,CHEMBL329687,Ki,nM,984.0,CHEMBL1939,Ki,nM,984.0,"PfDHFR-TS K1 (P. falciparum, resistant)"
CHEMBL663727,NC1=NC(c2ccccc2)N(c2cccc(Cl)c2)C(N)=N1,CHEMBL329687,Ki,nM,10.5,CHEMBL1939,Ki,nM,10.5,"PfDHFR-TS K1 (P. falciparum, resistant)"
CHEMBL821377,CCc1nc(N)nc(N)c1-c1ccc(Cl)c(Cl)c1,CHEMBL21799,Ki,nM,1.0,CHEMBL1939,Ki,nM,1.0,"PfDHFR-TS K1 (P. falciparum, resistant)"
CHEMBL667200,CCc1nc(N)nc(N)c1-c1ccc(Cl)c(Cl)c1,CHEMBL21799,Ki,nM,3.1,CHEMBL1939,Ki,nM,3.1,"PfDHFR-TS K1 (P. falciparum, resistant)"
CHEMBL663728,CCc1nc(N)nc(N)c1-c1ccc(Cl)c(Cl)c1,CHEMBL21799,Ki,nM,41.0,CHEMBL1939,Ki,nM,41.0,"PfDHFR-TS K1 (P. falciparum, resistant)"
CHEMBL880697,CCc1nc(N)nc(N)c1-c1ccc(Cl)c(Cl)c1,CHEMBL21799,Ki,nM,53.0,CHEMBL1939,Ki,nM,53.0,"PfDHFR-TS K1 (P. falciparum, resistant)"
CHEMBL821377,CCc1nc(N)nc(N)c1-c1ccccc1,CHEMBL22148,Ki,nM,2.3,CHEMBL1939,Ki,nM,2.3,"PfDHFR-TS K1 (P. falciparum, resistant)"
CHEMBL667200,CCc1nc(N)nc(N)c1-c1ccccc1,CHEMBL22148,Ki,nM,3.0,CHEMBL1939,Ki,nM,3.0,"PfDHFR-TS K1 (P. falciparum, resistant)"
CHEMBL663728,CCc1nc(N)nc(N)c1-c1ccccc1,CHEMBL22148,Ki,nM,25.0,CHEMBL1939,Ki,nM,25.0,"PfDHFR-TS K1 (P. falciparum, resistant)"
CHEMBL880697,CCc1nc(N)nc(N)c1-c1ccccc1,CHEMBL22148,Ki,nM,32.0,CHEMBL1939,Ki,nM,32.0,"PfDHFR-TS K1 (P. falciparum, resistant)"
CHEMBL821377,CC(C)C1(C)N=C(N)N=C(N)N1c1ccc(Cl)cc1,CHEMBL345146,Ki,nM,36.5,CHEMBL1939,Ki,nM,36.5,"PfDHFR-TS K1 (P. falciparum, resistant)"
CHEMBL667200,CC(C)C1(C)N=C(N)N=C(N)N1c1ccc(Cl)cc1,CHEMBL345146,Ki,nM,1367.0,CHEMBL1939,Ki,nM,1367.0,"PfDHFR-TS K1 (P. falciparum, resistant)"
CHEMBL663728,CC(C)C1(C)N=C(N)N=C(N)N1c1ccc(Cl)cc1,CHEMBL345146,Ki,nM,4622.0,CHEMBL1939,Ki,nM,4622.0,"PfDHFR-TS K1 (P. falciparum, resistant)"
CHEMBL663727,CC(C)C1(C)N=C(N)N=C(N)N1c1ccc(Cl)cc1,CHEMBL345146,Ki,nM,44791.0,CHEMBL1939,Ki,nM,44791.0,"PfDHFR-TS K1 (P. falciparum, resistant)"
CHEMBL821377,NC1=NC(c2ccc(Oc3ccccc3)cc2)N(c2cccc(Cl)c2)C(N)=N1,CHEMBL161451,Ki,nM,0.7,CHEMBL1939,Ki,nM,0.7,"PfDHFR-TS K1 (P. falciparum, resistant)"
CHEMBL667200,NC1=NC(c2ccc(Oc3ccccc3)cc2)N(c2cccc(Cl)c2)C(N)=N1,CHEMBL161451,Ki,nM,0.9,CHEMBL1939,Ki,nM,0.9,"PfDHFR-TS K1 (P. falciparum, resistant)"
CHEMBL663728,NC1=NC(c2ccc(Oc3ccccc3)cc2)N(c2cccc(Cl)c2)C(N)=N1,CHEMBL161451,Ki,nM,0.3,CHEMBL1939,Ki,nM,0.3,"PfDHFR-TS K1 (P. falciparum, resistant)"
CHEMBL880697,NC1=NC(c2ccc(Oc3ccccc3)cc2)N(c2cccc(Cl)c2)C(N)=N1,CHEMBL161451,Ki,nM,1.3,CHEMBL1939,Ki,nM,1.3,"PfDHFR-TS K1 (P. falciparum, resistant)"
CHEMBL663727,NC1=NC(c2ccc(Oc3ccccc3)cc2)N(c2cccc(Cl)c2)C(N)=N1,CHEMBL161451,Ki,nM,2.7,CHEMBL1939,Ki,nM,2.7,"PfDHFR-TS K1 (P. falciparum, resistant)"
CHEMBL821377,NC1=NC(c2cccc(OCc3ccccc3)c2)N(c2ccc(Cl)cc2)C(N)=N1,CHEMBL351099,Ki,nM,0.7,CHEMBL1939,Ki,nM,0.7,"PfDHFR-TS K1 (P. falciparum, resistant)"
CHEMBL667200,NC1=NC(c2cccc(OCc3ccccc3)c2)N(c2ccc(Cl)cc2)C(N)=N1,CHEMBL351099,Ki,nM,220.0,CHEMBL1939,Ki,nM,220.0,"PfDHFR-TS K1 (P. falciparum, resistant)"
CHEMBL663728,NC1=NC(c2cccc(OCc3ccccc3)c2)N(c2ccc(Cl)cc2)C(N)=N1,CHEMBL351099,Ki,nM,771.0,CHEMBL1939,Ki,nM,771.0,"PfDHFR-TS K1 (P. falciparum, resistant)"
CHEMBL880697,NC1=NC(c2cccc(OCc3ccccc3)c2)N(c2ccc(Cl)cc2)C(N)=N1,CHEMBL351099,Ki,nM,638.0,CHEMBL1939,Ki,nM,638.0,"PfDHFR-TS K1 (P. falciparum, resistant)"
CHEMBL663727,NC1=NC(c2cccc(OCc3ccccc3)c2)N(c2ccc(Cl)cc2)C(N)=N1,CHEMBL351099,Ki,nM,6.2,CHEMBL1939,Ki,nM,6.2,"PfDHFR-TS K1 (P. falciparum, resistant)"
CHEMBL821377,Nc1nc(N)c(-c2ccccc2)c(CCCO)n1,CHEMBL159040,Ki,nM,85.0,CHEMBL1939,Ki,nM,85.0,"PfDHFR-TS K1 (P. falciparum, resistant)"
CHEMBL667200,Nc1nc(N)c(-c2ccccc2)c(CCCO)n1,CHEMBL159040,Ki,nM,58.5,CHEMBL1939,Ki,nM,58.5,"PfDHFR-TS K1 (P. falciparum, resistant)"
CHEMBL663728,Nc1nc(N)c(-c2ccccc2)c(CCCO)n1,CHEMBL159040,Ki,nM,121.0,CHEMBL1939,Ki,nM,121.0,"PfDHFR-TS K1 (P. falciparum, resistant)"
CHEMBL880697,Nc1nc(N)c(-c2ccccc2)c(CCCO)n1,CHEMBL159040,Ki,nM,549.0,CHEMBL1939,Ki,nM,549.0,"PfDHFR-TS K1 (P. falciparum, resistant)"
CHEMBL821377,Nc1nc(N)c(-c2cccc(Cl)c2)c(CCCO)n1,CHEMBL422005,Ki,nM,9.2,CHEMBL1939,Ki,nM,9.2,"PfDHFR-TS K1 (P. falciparum, resistant)"
CHEMBL667200,Nc1nc(N)c(-c2cccc(Cl)c2)c(CCCO)n1,CHEMBL422005,Ki,nM,2.3,CHEMBL1939,Ki,nM,2.3,"PfDHFR-TS K1 (P. falciparum, resistant)"
CHEMBL663728,Nc1nc(N)c(-c2cccc(Cl)c2)c(CCCO)n1,CHEMBL422005,Ki,nM,29.0,CHEMBL1939,Ki,nM,29.0,"PfDHFR-TS K1 (P. falciparum, resistant)"
CHEMBL880697,Nc1nc(N)c(-c2cccc(Cl)c2)c(CCCO)n1,CHEMBL422005,Ki,nM,57.0,CHEMBL1939,Ki,nM,57.0,"PfDHFR-TS K1 (P. falciparum, resistant)"
CHEMBL821377,CCCCCCc1nc(N)nc(N)c1-c1ccccc1,CHEMBL416552,Ki,nM,0.3,CHEMBL1939,Ki,nM,0.3,"PfDHFR-TS K1 (P. falciparum, resistant)"
CHEMBL667200,CCCCCCc1nc(N)nc(N)c1-c1ccccc1,CHEMBL416552,Ki,nM,0.4,CHEMBL1939,Ki,nM,0.4,"PfDHFR-TS K1 (P. falciparum, resistant)"
CHEMBL663728,CCCCCCc1nc(N)nc(N)c1-c1ccccc1,CHEMBL416552,Ki,nM,0.7,CHEMBL1939,Ki,nM,0.7,"PfDHFR-TS K1 (P. falciparum, resistant)"
CHEMBL880697,CCCCCCc1nc(N)nc(N)c1-c1ccccc1,CHEMBL416552,Ki,nM,1.4,CHEMBL1939,Ki,nM,1.4,"PfDHFR-TS K1 (P. falciparum, resistant)"
CHEMBL821377,NC1=NC(c2ccccc2)N(c2ccc(Cl)cc2)C(N)=N1,CHEMBL93889,Ki,nM,4.5,CHEMBL1939,Ki,nM,4.5,"PfDHFR-TS K1 (P. falciparum, resistant)"
CHEMBL667200,NC1=NC(c2ccccc2)N(c2ccc(Cl)cc2)C(N)=N1,CHEMBL93889,Ki,nM,196.0,CHEMBL1939,Ki,nM,196.0,"PfDHFR-TS K1 (P. falciparum, resistant)"
CHEMBL663728,NC1=NC(c2ccccc2)N(c2ccc(Cl)cc2)C(N)=N1,CHEMBL93889,Ki,nM,1866.0,CHEMBL1939,Ki,nM,1866.0,"PfDHFR-TS K1 (P. falciparum, resistant)"
CHEMBL880697,NC1=NC(c2ccccc2)N(c2ccc(Cl)cc2)C(N)=N1,CHEMBL93889,Ki,nM,2436.0,CHEMBL1939,Ki,nM,2436.0,"PfDHFR-TS K1 (P. falciparum, resistant)"
CHEMBL663727,NC1=NC(c2ccccc2)N(c2ccc(Cl)cc2)C(N)=N1,CHEMBL93889,Ki,nM,49.3,CHEMBL1939,Ki,nM,49.3,"PfDHFR-TS K1 (P. falciparum, resistant)"
CHEMBL821377,COc1ccc(CCCc2nc(N)nc(N)c2-c2cccc(Cl)c2)cc1,CHEMBL278813,Ki,nM,2.2,CHEMBL1939,Ki,nM,2.2,"PfDHFR-TS K1 (P. falciparum, resistant)"
CHEMBL667200,COc1ccc(CCCc2nc(N)nc(N)c2-c2cccc(Cl)c2)cc1,CHEMBL278813,Ki,nM,1.3,CHEMBL1939,Ki,nM,1.3,"PfDHFR-TS K1 (P. falciparum, resistant)"
CHEMBL663728,COc1ccc(CCCc2nc(N)nc(N)c2-c2cccc(Cl)c2)cc1,CHEMBL278813,Ki,nM,2.9,CHEMBL1939,Ki,nM,2.9,"PfDHFR-TS K1 (P. falciparum, resistant)"
CHEMBL880697,COc1ccc(CCCc2nc(N)nc(N)c2-c2cccc(Cl)c2)cc1,CHEMBL278813,Ki,nM,2.0,CHEMBL1939,Ki,nM,2.0,"PfDHFR-TS K1 (P. falciparum, resistant)"
CHEMBL821377,Nc1nc(N)c(-c2cccc(Cl)c2)c(CCCOC(=O)OCc2ccccc2)n1,CHEMBL352441,Ki,nM,1.2,CHEMBL1939,Ki,nM,1.2,"PfDHFR-TS K1 (P. falciparum, resistant)"
CHEMBL667200,Nc1nc(N)c(-c2cccc(Cl)c2)c(CCCOC(=O)OCc2ccccc2)n1,CHEMBL352441,Ki,nM,1.1,CHEMBL1939,Ki,nM,1.1,"PfDHFR-TS K1 (P. falciparum, resistant)"
CHEMBL663728,Nc1nc(N)c(-c2cccc(Cl)c2)c(CCCOC(=O)OCc2ccccc2)n1,CHEMBL352441,Ki,nM,0.8,CHEMBL1939,Ki,nM,0.8,"PfDHFR-TS K1 (P. falciparum, resistant)"
CHEMBL880697,Nc1nc(N)c(-c2cccc(Cl)c2)c(CCCOC(=O)OCc2ccccc2)n1,CHEMBL352441,Ki,nM,3.6,CHEMBL1939,Ki,nM,3.6,"PfDHFR-TS K1 (P. falciparum, resistant)"
CHEMBL821377,Cc1nc(N)nc(N)c1-c1cccc(Cl)c1,CHEMBL22039,Ki,nM,1.9,CHEMBL1939,Ki,nM,1.9,"PfDHFR-TS K1 (P. falciparum, resistant)"
CHEMBL667200,Cc1nc(N)nc(N)c1-c1cccc(Cl)c1,CHEMBL22039,Ki,nM,6.5,CHEMBL1939,Ki,nM,6.5,"PfDHFR-TS K1 (P. falciparum, resistant)"
CHEMBL663728,Cc1nc(N)nc(N)c1-c1cccc(Cl)c1,CHEMBL22039,Ki,nM,9.8,CHEMBL1939,Ki,nM,9.8,"PfDHFR-TS K1 (P. falciparum, resistant)"
CHEMBL880697,Cc1nc(N)nc(N)c1-c1cccc(Cl)c1,CHEMBL22039,Ki,nM,14.0,CHEMBL1939,Ki,nM,14.0,"PfDHFR-TS K1 (P. falciparum, resistant)"
CHEMBL821377,NC1=NC(c2cccc(Oc3ccc(Cl)cc3)c2)N(c2cccc(Cl)c2)C(N)=N1,CHEMBL158570,Ki,nM,1.3,CHEMBL1939,Ki,nM,1.3,"PfDHFR-TS K1 (P. falciparum, resistant)"
CHEMBL667200,NC1=NC(c2cccc(Oc3ccc(Cl)cc3)c2)N(c2cccc(Cl)c2)C(N)=N1,CHEMBL158570,Ki,nM,1.9,CHEMBL1939,Ki,nM,1.9,"PfDHFR-TS K1 (P. falciparum, resistant)"
CHEMBL663728,NC1=NC(c2cccc(Oc3ccc(Cl)cc3)c2)N(c2cccc(Cl)c2)C(N)=N1,CHEMBL158570,Ki,nM,5.1,CHEMBL1939,Ki,nM,5.1,"PfDHFR-TS K1 (P. falciparum, resistant)"
CHEMBL880697,NC1=NC(c2cccc(Oc3ccc(Cl)cc3)c2)N(c2cccc(Cl)c2)C(N)=N1,CHEMBL158570,Ki,nM,8.0,CHEMBL1939,Ki,nM,8.0,"PfDHFR-TS K1 (P. falciparum, resistant)"
CHEMBL663727,NC1=NC(c2cccc(Oc3ccc(Cl)cc3)c2)N(c2cccc(Cl)c2)C(N)=N1,CHEMBL158570,Ki,nM,3.5,CHEMBL1939,Ki,nM,3.5,"PfDHFR-TS K1 (P. falciparum, resistant)"
CHEMBL821377,CCCCCCCC1N=C(N)N=C(N)N1c1cccc(Cl)c1,CHEMBL346963,Ki,nM,2.7,CHEMBL1939,Ki,nM,2.7,"PfDHFR-TS K1 (P. falciparum, resistant)"
CHEMBL667200,CCCCCCCC1N=C(N)N=C(N)N1c1cccc(Cl)c1,CHEMBL346963,Ki,nM,1.0,CHEMBL1939,Ki,nM,1.0,"PfDHFR-TS K1 (P. falciparum, resistant)"
CHEMBL663728,CCCCCCCC1N=C(N)N=C(N)N1c1cccc(Cl)c1,CHEMBL346963,Ki,nM,0.3,CHEMBL1939,Ki,nM,0.3,"PfDHFR-TS K1 (P. falciparum, resistant)"
CHEMBL880697,CCCCCCCC1N=C(N)N=C(N)N1c1cccc(Cl)c1,CHEMBL346963,Ki,nM,0.8,CHEMBL1939,Ki,nM,0.8,"PfDHFR-TS K1 (P. falciparum, resistant)"
CHEMBL663727,CCCCCCCC1N=C(N)N=C(N)N1c1cccc(Cl)c1,CHEMBL346963,Ki,nM,3.8,CHEMBL1939,Ki,nM,3.8,"PfDHFR-TS K1 (P. falciparum, resistant)"
CHEMBL821377,CCc1nc(N)nc(N)c1-c1ccc(Cl)cc1,CHEMBL36,Ki,nM,0.6,CHEMBL1939,Ki,nM,0.6,"PfDHFR-TS K1 (P. falciparum, resistant)"
CHEMBL667200,CCc1nc(N)nc(N)c1-c1ccc(Cl)cc1,CHEMBL36,Ki,nM,67.1,CHEMBL1939,Ki,nM,67.1,"PfDHFR-TS K1 (P. falciparum, resistant)"
CHEMBL663728,CCc1nc(N)nc(N)c1-c1ccc(Cl)cc1,CHEMBL36,Ki,nM,112.0,CHEMBL1939,Ki,nM,112.0,"PfDHFR-TS K1 (P. falciparum, resistant)"
CHEMBL880697,CCc1nc(N)nc(N)c1-c1ccc(Cl)cc1,CHEMBL36,Ki,nM,385.0,CHEMBL1939,Ki,nM,385.0,"PfDHFR-TS K1 (P. falciparum, resistant)"
CHEMBL821377,CC1N=C(N)N=C(N)N1c1cccc(Cl)c1,CHEMBL13636,Ki,nM,10.2,CHEMBL1939,Ki,nM,10.2,"PfDHFR-TS K1 (P. falciparum, resistant)"
CHEMBL667200,CC1N=C(N)N=C(N)N1c1cccc(Cl)c1,CHEMBL13636,Ki,nM,4.2,CHEMBL1939,Ki,nM,4.2,"PfDHFR-TS K1 (P. falciparum, resistant)"
CHEMBL663728,CC1N=C(N)N=C(N)N1c1cccc(Cl)c1,CHEMBL13636,Ki,nM,9.9,CHEMBL1939,Ki,nM,9.9,"PfDHFR-TS K1 (P. falciparum, resistant)"
CHEMBL880697,CC1N=C(N)N=C(N)N1c1cccc(Cl)c1,CHEMBL13636,Ki,nM,14.3,CHEMBL1939,Ki,nM,14.3,"PfDHFR-TS K1 (P. falciparum, resistant)"
CHEMBL663727,CC1N=C(N)N=C(N)N1c1cccc(Cl)c1,CHEMBL13636,Ki,nM,39.0,CHEMBL1939,Ki,nM,39.0,"PfDHFR-TS K1 (P. falciparum, resistant)"
CHEMBL821377,NC1=NC(c2cccc(Oc3cccc(C(F)(F)F)c3)c2)N(c2cccc(Cl)c2)C(N)=N1,CHEMBL348151,Ki,nM,2.7,CHEMBL1939,Ki,nM,2.7,"PfDHFR-TS K1 (P. falciparum, resistant)"
CHEMBL667200,NC1=NC(c2cccc(Oc3cccc(C(F)(F)F)c3)c2)N(c2cccc(Cl)c2)C(N)=N1,CHEMBL348151,Ki,nM,2.0,CHEMBL1939,Ki,nM,2.0,"PfDHFR-TS K1 (P. falciparum, resistant)"
CHEMBL663728,NC1=NC(c2cccc(Oc3cccc(C(F)(F)F)c3)c2)N(c2cccc(Cl)c2)C(N)=N1,CHEMBL348151,Ki,nM,0.6,CHEMBL1939,Ki,nM,0.6,"PfDHFR-TS K1 (P. falciparum, resistant)"
CHEMBL880697,NC1=NC(c2cccc(Oc3cccc(C(F)(F)F)c3)c2)N(c2cccc(Cl)c2)C(N)=N1,CHEMBL348151,Ki,nM,4.8,CHEMBL1939,Ki,nM,4.8,"PfDHFR-TS K1 (P. falciparum, resistant)"
CHEMBL663727,NC1=NC(c2cccc(Oc3cccc(C(F)(F)F)c3)c2)N(c2cccc(Cl)c2)C(N)=N1,CHEMBL348151,Ki,nM,6.5,CHEMBL1939,Ki,nM,6.5,"PfDHFR-TS K1 (P. falciparum, resistant)"
CHEMBL821377,Nc1nc(N)c(-c2ccccc2)c(CCCOC(=O)c2ccccc2)n1,CHEMBL162126,Ki,nM,3.4,CHEMBL1939,Ki,nM,3.4,"PfDHFR-TS K1 (P. falciparum, resistant)"
CHEMBL667200,Nc1nc(N)c(-c2ccccc2)c(CCCOC(=O)c2ccccc2)n1,CHEMBL162126,Ki,nM,0.7,CHEMBL1939,Ki,nM,0.7,"PfDHFR-TS K1 (P. falciparum, resistant)"
CHEMBL663728,Nc1nc(N)c(-c2ccccc2)c(CCCOC(=O)c2ccccc2)n1,CHEMBL162126,Ki,nM,2.7,CHEMBL1939,Ki,nM,2.7,"PfDHFR-TS K1 (P. falciparum, resistant)"
CHEMBL880697,Nc1nc(N)c(-c2ccccc2)c(CCCOC(=O)c2ccccc2)n1,CHEMBL162126,Ki,nM,14.0,CHEMBL1939,Ki,nM,14.0,"PfDHFR-TS K1 (P. falciparum, resistant)"
CHEMBL821377,CCCCCCC1(C)N=C(N)N=C(N)N1c1ccc(Cl)cc1,CHEMBL161673,Ki,nM,0.6,CHEMBL1939,Ki,nM,0.6,"PfDHFR-TS K1 (P. falciparum, resistant)"
CHEMBL667200,CCCCCCC1(C)N=C(N)N=C(N)N1c1ccc(Cl)cc1,CHEMBL161673,Ki,nM,11.3,CHEMBL1939,Ki,nM,11.3,"PfDHFR-TS K1 (P. falciparum, resistant)"
CHEMBL663728,CCCCCCC1(C)N=C(N)N=C(N)N1c1ccc(Cl)cc1,CHEMBL161673,Ki,nM,41.8,CHEMBL1939,Ki,nM,41.8,"PfDHFR-TS K1 (P. falciparum, resistant)"
CHEMBL880697,CCCCCCC1(C)N=C(N)N=C(N)N1c1ccc(Cl)cc1,CHEMBL161673,Ki,nM,69.2,CHEMBL1939,Ki,nM,69.2,"PfDHFR-TS K1 (P. falciparum, resistant)"
CHEMBL663727,CCCCCCC1(C)N=C(N)N=C(N)N1c1ccc(Cl)cc1,CHEMBL161673,Ki,nM,955.0,CHEMBL1939,Ki,nM,955.0,"PfDHFR-TS K1 (P. falciparum, resistant)"
CHEMBL821377,COC(=O)CCCc1nc(N)nc(N)c1-c1ccccc1,CHEMBL21407,Ki,nM,0.6,CHEMBL1939,Ki,nM,0.6,"PfDHFR-TS K1 (P. falciparum, resistant)"
CHEMBL667200,COC(=O)CCCc1nc(N)nc(N)c1-c1ccccc1,CHEMBL21407,Ki,nM,3.3,CHEMBL1939,Ki,nM,3.3,"PfDHFR-TS K1 (P. falciparum, resistant)"
CHEMBL663728,COC(=O)CCCc1nc(N)nc(N)c1-c1ccccc1,CHEMBL21407,Ki,nM,15.0,CHEMBL1939,Ki,nM,15.0,"PfDHFR-TS K1 (P. falciparum, resistant)"
CHEMBL880697,COC(=O)CCCc1nc(N)nc(N)c1-c1ccccc1,CHEMBL21407,Ki,nM,24.0,CHEMBL1939,Ki,nM,24.0,"PfDHFR-TS K1 (P. falciparum, resistant)"
CHEMBL821377,Nc1nc(N)c(-c2ccccc2)c(CCCc2ccccc2)n1,CHEMBL22693,Ki,nM,0.5,CHEMBL1939,Ki,nM,0.5,"PfDHFR-TS K1 (P. falciparum, resistant)"
CHEMBL667200,Nc1nc(N)c(-c2ccccc2)c(CCCc2ccccc2)n1,CHEMBL22693,Ki,nM,1.1,CHEMBL1939,Ki,nM,1.1,"PfDHFR-TS K1 (P. falciparum, resistant)"
CHEMBL663728,Nc1nc(N)c(-c2ccccc2)c(CCCc2ccccc2)n1,CHEMBL22693,Ki,nM,1.9,CHEMBL1939,Ki,nM,1.9,"PfDHFR-TS K1 (P. falciparum, resistant)"
CHEMBL880697,Nc1nc(N)c(-c2ccccc2)c(CCCc2ccccc2)n1,CHEMBL22693,Ki,nM,4.7,CHEMBL1939,Ki,nM,4.7,"PfDHFR-TS K1 (P. falciparum, resistant)"
CHEMBL821377,CC1N=C(N)N=C(N)N1c1ccc(Cl)cc1,CHEMBL93484,Ki,nM,4.1,CHEMBL1939,Ki,nM,4.1,"PfDHFR-TS K1 (P. falciparum, resistant)"
CHEMBL667200,CC1N=C(N)N=C(N)N1c1ccc(Cl)cc1,CHEMBL93484,Ki,nM,134.0,CHEMBL1939,Ki,nM,134.0,"PfDHFR-TS K1 (P. falciparum, resistant)"
CHEMBL663728,CC1N=C(N)N=C(N)N1c1ccc(Cl)cc1,CHEMBL93484,Ki,nM,1582.0,CHEMBL1939,Ki,nM,1582.0,"PfDHFR-TS K1 (P. falciparum, resistant)"
CHEMBL880697,CC1N=C(N)N=C(N)N1c1ccc(Cl)cc1,CHEMBL93484,Ki,nM,2427.0,CHEMBL1939,Ki,nM,2427.0,"PfDHFR-TS K1 (P. falciparum, resistant)"
CHEMBL663727,CC1N=C(N)N=C(N)N1c1ccc(Cl)cc1,CHEMBL93484,Ki,nM,127.0,CHEMBL1939,Ki,nM,127.0,"PfDHFR-TS K1 (P. falciparum, resistant)"
CHEMBL821377,NC1=NC(c2ccc(Oc3ccccc3)cc2)N(c2ccc(Cl)cc2)C(N)=N1,CHEMBL161034,Ki,nM,0.4,CHEMBL1939,Ki,nM,0.4,"PfDHFR-TS K1 (P. falciparum, resistant)"
CHEMBL667200,NC1=NC(c2ccc(Oc3ccccc3)cc2)N(c2ccc(Cl)cc2)C(N)=N1,CHEMBL161034,Ki,nM,29.3,CHEMBL1939,Ki,nM,29.3,"PfDHFR-TS K1 (P. falciparum, resistant)"
CHEMBL663728,NC1=NC(c2ccc(Oc3ccccc3)cc2)N(c2ccc(Cl)cc2)C(N)=N1,CHEMBL161034,Ki,nM,145.0,CHEMBL1939,Ki,nM,145.0,"PfDHFR-TS K1 (P. falciparum, resistant)"
CHEMBL880697,NC1=NC(c2ccc(Oc3ccccc3)cc2)N(c2ccc(Cl)cc2)C(N)=N1,CHEMBL161034,Ki,nM,222.0,CHEMBL1939,Ki,nM,222.0,"PfDHFR-TS K1 (P. falciparum, resistant)"
CHEMBL663727,NC1=NC(c2ccc(Oc3ccccc3)cc2)N(c2ccc(Cl)cc2)C(N)=N1,CHEMBL161034,Ki,nM,3.8,CHEMBL1939,Ki,nM,3.8,"PfDHFR-TS K1 (P. falciparum, resistant)"
CHEMBL821377,CCc1nc(N)nc(N)c1-c1ccc2c(c1)OCO2,CHEMBL434771,Ki,nM,1.1,CHEMBL1939,Ki,nM,1.1,"PfDHFR-TS K1 (P. falciparum, resistant)"
CHEMBL667200,CCc1nc(N)nc(N)c1-c1ccc2c(c1)OCO2,CHEMBL434771,Ki,nM,8.3,CHEMBL1939,Ki,nM,8.3,"PfDHFR-TS K1 (P. falciparum, resistant)"
CHEMBL663728,CCc1nc(N)nc(N)c1-c1ccc2c(c1)OCO2,CHEMBL434771,Ki,nM,121.0,CHEMBL1939,Ki,nM,121.0,"PfDHFR-TS K1 (P. falciparum, resistant)"
CHEMBL880697,CCc1nc(N)nc(N)c1-c1ccc2c(c1)OCO2,CHEMBL434771,Ki,nM,269.0,CHEMBL1939,Ki,nM,269.0,"PfDHFR-TS K1 (P. falciparum, resistant)"
CHEMBL821377,COC(=O)CCCc1nc(N)nc(N)c1-c1cccc(Cl)c1,CHEMBL21494,Ki,nM,0.5,CHEMBL1939,Ki,nM,0.5,"PfDHFR-TS K1 (P. falciparum, resistant)"
CHEMBL667200,COC(=O)CCCc1nc(N)nc(N)c1-c1cccc(Cl)c1,CHEMBL21494,Ki,nM,0.77,CHEMBL1939,Ki,nM,0.77,"PfDHFR-TS K1 (P. falciparum, resistant)"
CHEMBL663728,COC(=O)CCCc1nc(N)nc(N)c1-c1cccc(Cl)c1,CHEMBL21494,Ki,nM,1.8,CHEMBL1939,Ki,nM,1.8,"PfDHFR-TS K1 (P. falciparum, resistant)"
CHEMBL880697,COC(=O)CCCc1nc(N)nc(N)c1-c1cccc(Cl)c1,CHEMBL21494,Ki,nM,2.7,CHEMBL1939,Ki,nM,2.7,"PfDHFR-TS K1 (P. falciparum, resistant)"
CHEMBL821377,CC1(C)N=C(N)N=C(N)N1c1cccc(Cl)c1,CHEMBL7130,Ki,nM,3.0,CHEMBL1939,Ki,nM,3.0,"PfDHFR-TS K1 (P. falciparum, resistant)"
CHEMBL667200,CC1(C)N=C(N)N=C(N)N1c1cccc(Cl)c1,CHEMBL7130,Ki,nM,2.2,CHEMBL1939,Ki,nM,2.2,"PfDHFR-TS K1 (P. falciparum, resistant)"
CHEMBL663728,CC1(C)N=C(N)N=C(N)N1c1cccc(Cl)c1,CHEMBL7130,Ki,nM,14.0,CHEMBL1939,Ki,nM,14.0,"PfDHFR-TS K1 (P. falciparum, resistant)"
CHEMBL880697,CC1(C)N=C(N)N=C(N)N1c1cccc(Cl)c1,CHEMBL7130,Ki,nM,25.0,CHEMBL1939,Ki,nM,25.0,"PfDHFR-TS K1 (P. falciparum, resistant)"
CHEMBL663727,CC1(C)N=C(N)N=C(N)N1c1cccc(Cl)c1,CHEMBL7130,Ki,nM,308.0,CHEMBL1939,Ki,nM,308.0,"PfDHFR-TS K1 (P. falciparum, resistant)"
CHEMBL663722,CCc1nc(N)nc(N)c1-c1ccc(Cl)cc1,CHEMBL36,Ki,nM,0.19,CHEMBL1939,Ki,nM,0.19,"PfDHFR-TS K1 (P. falciparum, resistant)"
CHEMBL663721,CCc1nc(N)nc(N)c1-c1ccc(Cl)cc1,CHEMBL36,Ki,nM,2.0,CHEMBL1939,Ki,nM,2.0,"PfDHFR-TS K1 (P. falciparum, resistant)"
CHEMBL828776,CCc1nc(N)nc(N)c1-c1ccc(Cl)cc1,CHEMBL36,Ki,nM,0.87,CHEMBL1939,Ki,nM,0.87,"PfDHFR-TS K1 (P. falciparum, resistant)"
CHEMBL828776,CCc1nc(N)nc(N)c1-c1ccc(Br)cc1,CHEMBL282275,Ki,nM,0.84,CHEMBL1939,Ki,nM,0.84,"PfDHFR-TS K1 (P. falciparum, resistant)"
CHEMBL828776,CCc1nc(N)nc(N)c1-c1ccc(C)cc1,CHEMBL21778,Ki,nM,1.1,CHEMBL1939,Ki,nM,1.1,"PfDHFR-TS K1 (P. falciparum, resistant)"
CHEMBL828776,CCc1nc(N)nc(N)c1-c1ccc(C(C)(C)C)cc1,CHEMBL21885,Ki,nM,0.77,CHEMBL1939,Ki,nM,0.77,"PfDHFR-TS K1 (P. falciparum, resistant)"
CHEMBL828776,CCc1nc(N)nc(N)c1-c1ccc(-c2ccccc2)cc1,CHEMBL279986,Ki,nM,90.0,CHEMBL1939,Ki,nM,90.0,"PfDHFR-TS K1 (P. falciparum, resistant)"
CHEMBL828776,Nc1ncc(-c2ccc(Cl)cc2)c(N)n1,CHEMBL279492,Ki,nM,0.74,CHEMBL1939,Ki,nM,0.74,"PfDHFR-TS K1 (P. falciparum, resistant)"
CHEMBL828776,Cc1nc(N)nc(N)c1-c1ccc(Cl)cc1,CHEMBL21357,Ki,nM,0.84,CHEMBL1939,Ki,nM,0.84,"PfDHFR-TS K1 (P. falciparum, resistant)"
CHEMBL828776,Nc1ncc(-c2ccccc2)c(N)n1,CHEMBL21690,Ki,nM,100.0,CHEMBL1939,Ki,nM,100.0,"PfDHFR-TS K1 (P. falciparum, resistant)"
CHEMBL828776,Cc1nc(N)nc(N)c1-c1ccccc1,CHEMBL21408,Ki,nM,110.0,CHEMBL1939,Ki,nM,110.0,"PfDHFR-TS K1 (P. falciparum, resistant)"
CHEMBL828776,CC1(C)N=C(N)N=C(N)N1c1ccc(Cl)cc1,CHEMBL747,Ki,nM,1.1,CHEMBL1939,Ki,nM,1.1,"PfDHFR-TS K1 (P. falciparum, resistant)"
CHEMBL828776,Cc1ccc(N2C(N)=NC(N)=NC2(C)C)cc1,CHEMBL7004,Ki,nM,1.6,CHEMBL1939,Ki,nM,1.6,"PfDHFR-TS K1 (P. falciparum, resistant)"
CHEMBL828776,CC1(C)N=C(N)N=C(N)N1c1ccccc1,CHEMBL6742,Ki,nM,140.0,CHEMBL1939,Ki,nM,140.0,"PfDHFR-TS K1 (P. falciparum, resistant)"
CHEMBL828776,NC1=NCN(c2ccccc2)C(N)=N1,CHEMBL92846,Ki,nM,85.0,CHEMBL1939,Ki,nM,85.0,"PfDHFR-TS K1 (P. falciparum, resistant)"
CHEMBL828776,NC1=NCN(c2ccc(F)cc2)C(N)=N1,CHEMBL93001,Ki,nM,88.0,CHEMBL1939,Ki,nM,88.0,"PfDHFR-TS K1 (P. falciparum, resistant)"
CHEMBL828776,CC1(C)N=C(N)N=C(N)N1OCCCOc1cc(Cl)c(Cl)cc1Cl,CHEMBL129788,Ki,nM,1.1,CHEMBL1939,Ki,nM,1.1,"PfDHFR-TS K1 (P. falciparum, resistant)"
CHEMBL828776,Cc1cc2nc3n(c2cc1C)C(C)(C)NC(N)=N3,CHEMBL185800,Ki,nM,180.0,CHEMBL1939,Ki,nM,180.0,"PfDHFR-TS K1 (P. falciparum, resistant)"
CHEMBL828776,Cc1[nH]c(N)cc2nc3ccccc3c1-2,CHEMBL365481,Ki,nM,2300.0,CHEMBL1939,Ki,nM,2300.0,"PfDHFR-TS K1 (P. falciparum, resistant)"
CHEMBL828776,COC(=O)c1sccc1-c1ccc(/C(C)=N/NC(N)=O)o1,CHEMBL95725,Ki,nM,20000.0,CHEMBL1939,Ki,nM,20000.0,"PfDHFR-TS K1 (P. falciparum, resistant)"
CHEMBL828776,N=C(S)N/N=C/c1ccc(Oc2ncc(C(F)(F)F)cc2Cl)cc1,CHEMBL94470,Ki,nM,9000.0,CHEMBL1939,Ki,nM,9000.0,"PfDHFR-TS K1 (P. falciparum, resistant)"
CHEMBL828776,C/C(=N\N=C(/N)S)c1ccc(Oc2c(Cl)cncc2Cl)cc1,CHEMBL97598,Ki,nM,1400.0,CHEMBL1939,Ki,nM,1400.0,"PfDHFR-TS K1 (P. falciparum, resistant)"
CHEMBL828776,C/N=C(\S)NNC(=O)c1cccn(Cc2cccc(Cl)c2)c1=O,CHEMBL323554,Ki,nM,900.0,CHEMBL1939,Ki,nM,900.0,"PfDHFR-TS K1 (P. falciparum, resistant)"
CHEMBL828776,N/C(=N/O)c1ccc(Oc2cc(Cl)cc(Cl)c2)c([N+](=O)[O-])c1,CHEMBL186838,Ki,nM,1700.0,CHEMBL1939,Ki,nM,1700.0,"PfDHFR-TS K1 (P. falciparum, resistant)"
CHEMBL828776,NNc1nc2ccccc2nc1NN,CHEMBL95567,Ki,nM,8600.0,CHEMBL1939,Ki,nM,8600.0,"PfDHFR-TS K1 (P. falciparum, resistant)"
CHEMBL828776,CCc1nc(N)nc(N)c1-c1cccc(OC)c1,CHEMBL29773,Ki,nM,36.0,CHEMBL1939,Ki,nM,36.0,"PfDHFR-TS K1 (P. falciparum, resistant)"
CHEMBL828776,CCc1nc(N)nc(N)c1-c1ccc(OC)cc1,CHEMBL281412,Ki,nM,1.3,CHEMBL1939,Ki,nM,1.3,"PfDHFR-TS K1 (P. falciparum, resistant)"
CHEMBL828776,CCc1nc(N)nc(N)c1-c1ccccc1,CHEMBL22148,Ki,nM,100.0,CHEMBL1939,Ki,nM,100.0,"PfDHFR-TS K1 (P. falciparum, resistant)"
CHEMBL828776,CCc1nc(N)nc(N)c1-c1cccc(Cl)c1,CHEMBL278847,Ki,nM,72.0,CHEMBL1939,Ki,nM,72.0,"PfDHFR-TS K1 (P. falciparum, resistant)"
CHEMBL828776,CCc1nc(N)nc(N)c1-c1ccc(Cl)c(Cl)c1,CHEMBL21799,Ki,nM,0.79,CHEMBL1939,Ki,nM,0.79,"PfDHFR-TS K1 (P. falciparum, resistant)"
CHEMBL828776,CCc1nc(N)nc(N)c1-c1ccc2c(c1)OCO2,CHEMBL434771,Ki,nM,72.0,CHEMBL1939,Ki,nM,72.0,"PfDHFR-TS K1 (P. falciparum, resistant)"
CHEMBL828776,CCc1nc(N)nc(N)c1-c1ccc(Cl)cc1Cl,CHEMBL22357,Ki,nM,0.92,CHEMBL1939,Ki,nM,0.92,"PfDHFR-TS K1 (P. falciparum, resistant)"
CHEMBL828776,CCc1nc(N)nc(N)c1-c1ccc(OCc2ccc(Cl)cc2Cl)c(OC)c1,CHEMBL22129,Ki,nM,9.6,CHEMBL1939,Ki,nM,9.6,"PfDHFR-TS K1 (P. falciparum, resistant)"
CHEMBL828776,CCOc1c(Br)cc(-c2c(N)nc(N)nc2CC)cc1Br,CHEMBL22271,Ki,nM,37.0,CHEMBL1939,Ki,nM,37.0,"PfDHFR-TS K1 (P. falciparum, resistant)"
CHEMBL828776,COC(=O)CCCc1nc(N)nc(N)c1-c1ccc(Cl)cc1,CHEMBL22405,Ki,nM,0.14,CHEMBL1939,Ki,nM,0.14,"PfDHFR-TS K1 (P. falciparum, resistant)"
CHEMBL828776,COC(=O)CCCc1nc(N)nc(N)c1-c1ccccc1,CHEMBL21407,Ki,nM,10.0,CHEMBL1939,Ki,nM,10.0,"PfDHFR-TS K1 (P. falciparum, resistant)"
CHEMBL828776,Nc1nc(N)c(-c2ccc(Cl)cc2)c(CCCc2ccccc2)n1,CHEMBL21691,Ki,nM,0.74,CHEMBL1939,Ki,nM,0.74,"PfDHFR-TS K1 (P. falciparum, resistant)"
CHEMBL828776,Nc1nc(N)c(-c2cccc(Cl)c2)c(CCCc2ccccc2)n1,CHEMBL21921,Ki,nM,42.0,CHEMBL1939,Ki,nM,42.0,"PfDHFR-TS K1 (P. falciparum, resistant)"
CHEMBL828776,COc1ccc(CCCc2nc(N)nc(N)c2-c2cccc(Cl)c2)cc1,CHEMBL278813,Ki,nM,11.0,CHEMBL1939,Ki,nM,11.0,"PfDHFR-TS K1 (P. falciparum, resistant)"
CHEMBL828776,Nc1ncc(-c2cccc(Cl)c2)c(N)n1,CHEMBL21414,Ki,nM,75.0,CHEMBL1939,Ki,nM,75.0,"PfDHFR-TS K1 (P. falciparum, resistant)"
CHEMBL828776,Cc1nc(N)nc(N)c1-c1cccc(Cl)c1,CHEMBL22039,Ki,nM,83.0,CHEMBL1939,Ki,nM,83.0,"PfDHFR-TS K1 (P. falciparum, resistant)"
CHEMBL828776,CCCCCCc1nc(N)nc(N)c1-c1ccccc1,CHEMBL416552,Ki,nM,10.0,CHEMBL1939,Ki,nM,10.0,"PfDHFR-TS K1 (P. falciparum, resistant)"
CHEMBL828776,Nc1nc(N)c(-c2cccc(Cl)c2)c(CCOCCCOc2ccccc2)n1,CHEMBL22403,Ki,nM,13.0,CHEMBL1939,Ki,nM,13.0,"PfDHFR-TS K1 (P. falciparum, resistant)"
CHEMBL828776,CC1(C)N=C(N)N=C(N)N1c1ccc(Br)cc1,CHEMBL6741,Ki,nM,1.2,CHEMBL1939,Ki,nM,1.2,"PfDHFR-TS K1 (P. falciparum, resistant)"
CHEMBL828776,NC1=NCN(c2ccc(Cl)cc2)C(N)=N1,CHEMBL90018,Ki,nM,0.84,CHEMBL1939,Ki,nM,0.84,"PfDHFR-TS K1 (P. falciparum, resistant)"
CHEMBL828776,CC1(C)N=C(N)N=C(N)N1c1ccc(F)cc1,CHEMBL7005,Ki,nM,170.0,CHEMBL1939,Ki,nM,170.0,"PfDHFR-TS K1 (P. falciparum, resistant)"
CHEMBL828776,CC1(C)N=C(N)N=C(N)N1c1cccc(Cl)c1,CHEMBL7130,Ki,nM,90.0,CHEMBL1939,Ki,nM,90.0,"PfDHFR-TS K1 (P. falciparum, resistant)"
CHEMBL828776,CC1(C)N=C(N)N=C(N)N1c1ccc(Cl)c(Cl)c1,CHEMBL92583,Ki,nM,1.1,CHEMBL1939,Ki,nM,1.1,"PfDHFR-TS K1 (P. falciparum, resistant)"
CHEMBL828776,N/N=C(\S)Nc1ccc(OCc2ccccc2)cc1,CHEMBL95783,Ki,nM,2000.0,CHEMBL1939,Ki,nM,2000.0,"PfDHFR-TS K1 (P. falciparum, resistant)"
CHEMBL828776,C=CCNC(=S)NNC(=O)c1cccn(Cc2cccc(Cl)c2)c1=O,CHEMBL95615,Ki,nM,410.0,CHEMBL1939,Ki,nM,410.0,"PfDHFR-TS K1 (P. falciparum, resistant)"
CHEMBL828776,N/C(=N/O)c1ccc(Oc2c(Cl)cncc2Cl)cc1,CHEMBL365894,Ki,nM,930.0,CHEMBL1939,Ki,nM,930.0,"PfDHFR-TS K1 (P. falciparum, resistant)"
CHEMBL828776,N/C(=N\O)c1cccc(CS(=O)(=O)c2ccc(Cl)cc2)c1,CHEMBL95609,Ki,nM,800.0,CHEMBL1939,Ki,nM,800.0,"PfDHFR-TS K1 (P. falciparum, resistant)"
CHEMBL828776,N/C(=N\O)c1ccc(CNC(=O)c2ccc(Cl)cc2)cc1,CHEMBL95274,Ki,nM,1500.0,CHEMBL1939,Ki,nM,1500.0,"PfDHFR-TS K1 (P. falciparum, resistant)"
CHEMBL828776,NC(=S)N/N=C/c1ccccc1,CHEMBL243185,Ki,nM,31000.0,CHEMBL1939,Ki,nM,31000.0,"PfDHFR-TS K1 (P. falciparum, resistant)"
CHEMBL5357326,CCc1nc(N)nc(N)c1OCCCOc1ccccc1CCC(=O)O,CHEMBL3040038,Ki,nM,0.43,CHEMBL1939,Ki,nM,0.43,"PfDHFR-TS K1 (P. falciparum, resistant)"
CHEMBL5357326,COc1cc(Cc2cnc(N)nc2N)cc(OC)c1OC,CHEMBL22,Ki,nM,0.59,CHEMBL1939,Ki,nM,0.59,"PfDHFR-TS K1 (P. falciparum, resistant)"
CHEMBL5357326,CCc1nc(N)nc(N)c1Cc1ccc(-c2ccc(C(=O)OC)cc2)cc1.Cl,CHEMBL5440218,Ki,nM,1.06,CHEMBL1939,Ki,nM,1.06,"PfDHFR-TS K1 (P. falciparum, resistant)"
CHEMBL5357326,CCc1nc(N)nc(N)c1Cc1ccc(-c2ccc(C(=O)O)cc2)cc1.Cl,CHEMBL5404134,Ki,nM,1.59,CHEMBL1939,Ki,nM,1.59,"PfDHFR-TS K1 (P. falciparum, resistant)"
CHEMBL5357326,CCc1nc(N)nc(N)c1Cc1ccc(-c2cccc(C(=O)OC)c2)cc1.Cl,CHEMBL5406769,Ki,nM,0.29,CHEMBL1939,Ki,nM,0.29,"PfDHFR-TS K1 (P. falciparum, resistant)"
CHEMBL5357326,CCc1nc(N)nc(N)c1Cc1ccc(-c2cccc(C(=O)O)c2)cc1.Cl,CHEMBL5417784,Ki,nM,0.29,CHEMBL1939,Ki,nM,0.29,"PfDHFR-TS K1 (P. falciparum, resistant)"
CHEMBL5357326,CCc1nc(N)nc(N)c1Cc1cccc(-c2ccc(C(=O)OC)cc2)c1.Cl,CHEMBL5421199,Ki,nM,0.25,CHEMBL1939,Ki,nM,0.25,"PfDHFR-TS K1 (P. falciparum, resistant)"
CHEMBL5357326,CCc1nc(N)nc(N)c1Cc1cccc(-c2ccc(C(=O)O)cc2)c1.Cl.Cl,CHEMBL5432011,Ki,nM,0.48,CHEMBL1939,Ki,nM,0.48,"PfDHFR-TS K1 (P. falciparum, resistant)"
CHEMBL5357326,CCc1nc(N)nc(N)c1Cc1cccc(-c2cccc(C(=O)OC)c2)c1.Cl,CHEMBL5415214,Ki,nM,0.21,CHEMBL1939,Ki,nM,0.21,"PfDHFR-TS K1 (P. falciparum, resistant)"
CHEMBL5357326,CCc1nc(N)nc(N)c1Cc1cccc(-c2cccc(C(=O)O)c2)c1.Cl,CHEMBL5397904,Ki,nM,0.23,CHEMBL1939,Ki,nM,0.23,"PfDHFR-TS K1 (P. falciparum, resistant)"
CHEMBL5586201,CCc1nc(N)nc(N)c1OCCCOc1ccccc1CCC(=O)O,CHEMBL3040038,Ki,nM,0.43,CHEMBL1939,Ki,nM,0.43,"PfDHFR-TS K1 (P. falciparum, resistant)"
CHEMBL5586208,CCc1nc(N)nc(N)c1OCCCOc1cccc(-c2ccccc2)c1.Cl,CHEMBL5598010,Ki,nM,0.6,CHEMBL1939,Ki,nM,0.6,"PfDHFR-TS K1 (P. falciparum, resistant)"
CHEMBL5586208,CCc1nc(N)nc(N)c1OCCCCOc1cccc(-c2ccccc2)c1.Cl,CHEMBL5597998,Ki,nM,0.25,CHEMBL1939,Ki,nM,0.25,"PfDHFR-TS K1 (P. falciparum, resistant)"
CHEMBL5586208,CCc1nc(N)nc(N)c1OCCCOc1ccc(-c2ccccc2)cc1,CHEMBL5596188,Ki,nM,0.24,CHEMBL1939,Ki,nM,0.24,"PfDHFR-TS K1 (P. falciparum, resistant)"
CHEMBL5586208,CCc1nc(N)nc(N)c1OCCCCOc1ccc(-c2ccccc2)cc1.Cl,CHEMBL5597854,Ki,nM,0.26,CHEMBL1939,Ki,nM,0.26,"PfDHFR-TS K1 (P. falciparum, resistant)"
CHEMBL5586208,CCOC(=O)c1ccc(-c2ccc(OCCCOc3c(N)nc(N)nc3CC)cc2)cc1.Cl,CHEMBL5597280,Ki,nM,0.58,CHEMBL1939,Ki,nM,0.58,"PfDHFR-TS K1 (P. falciparum, resistant)"
CHEMBL5586208,CCc1nc(N)nc(N)c1OCCCOc1ccc(-c2ccc(C(=O)O)cc2)cc1.Cl,CHEMBL5598041,Ki,nM,0.16,CHEMBL1939,Ki,nM,0.16,"PfDHFR-TS K1 (P. falciparum, resistant)"
CHEMBL5586208,CCOC(=O)c1ccc(-c2ccc(OCCCCOc3c(N)nc(N)nc3CC)cc2)cc1.Cl,CHEMBL5590041,Ki,nM,0.67,CHEMBL1939,Ki,nM,0.67,"PfDHFR-TS K1 (P. falciparum, resistant)"
CHEMBL5586208,CCc1nc(N)nc(N)c1OCCCCOc1ccc(-c2ccc(C(=O)O)cc2)cc1.Cl,CHEMBL5597152,Ki,nM,0.24,CHEMBL1939,Ki,nM,0.24,"PfDHFR-TS K1 (P. falciparum, resistant)"
CHEMBL5636755,C#CCC(Cc1cnc2nc(N)nc(N)c2n1)c1ccc(C(=O)N[C@@H](CCC(=O)O)C(=O)O)cc1,CHEMBL1201746,Ki,nM,0.0134,CHEMBL1939,Ki,pM,13.4,"PfDHFR-TS K1 (P. falciparum, resistant)"
CHEMBL999680,CCc1nc(N)nc(N)c1-c1ccc(Cl)cc1,CHEMBL36,IC50,nM,2480.0,CHEMBL4296323,IC50,uM,2.48,"PfDHFR-TS 3D7 (P. falciparum, wild-type)"
CHEMBL999680,CC1(C)N=C(N)N=C(N)N1OCCCOc1cc(Cl)c(Cl)cc1Cl,CHEMBL129788,IC50,nM,90.0,CHEMBL4296323,IC50,uM,0.09,"PfDHFR-TS 3D7 (P. falciparum, wild-type)"
CHEMBL998901,CCc1nc(N)nc(N)c1-c1ccc(Cl)cc1,CHEMBL36,Ki,nM,0.85,CHEMBL4296323,Ki,nM,0.85,"PfDHFR-TS 3D7 (P. falciparum, wild-type)"
CHEMBL998901,CC1(C)N=C(N)N=C(N)N1OCCCOc1cc(Cl)c(Cl)cc1Cl,CHEMBL129788,Ki,nM,292.3,CHEMBL4296323,Ki,nM,292.3,"PfDHFR-TS 3D7 (P. falciparum, wild-type)"
CHEMBL667609,CCCc1cc(Cc2cnc(N)nc2N)cc2c1OC(C)C2,CHEMBL61356,IC50,nM,93.0,CHEMBL3963,I50,M,9.3E-8,"PbDHFR-TS (P. berghei, rodent malaria)"
CHEMBL667609,CCCc1cc(Cc2cnc(N)nc2N)cc2c1OC(C)(C)C2,CHEMBL301629,IC50,nM,240.0,CHEMBL3963,I50,M,2.4E-7,"PbDHFR-TS (P. berghei, rodent malaria)"
CHEMBL664136,COc1cc(Cc2cnc(N)nc2N)cc(OC)c1OC,CHEMBL22,IC50,nM,120.0,CHEMBL3963,I50,M,1.2E-7,"PbDHFR-TS (P. berghei, rodent malaria)"
CHEMBL667609,CCCc1cc(Cc2cnc(N)nc2N)cc2c1OC(C)C2C,CHEMBL61857,IC50,nM,12.0,CHEMBL3963,I50,M,1.2E-8,"PbDHFR-TS (P. berghei, rodent malaria)"
CHEMBL667609,CCc1cc(Cc2cnc(N)nc2N)cc2c1OC(C)C2,CHEMBL58481,IC50,nM,100.0,CHEMBL3963,I50,M,1E-7,"PbDHFR-TS (P. berghei, rodent malaria)"
CHEMBL667766,CC(C)(C)c1cc(Cc2cnc(N)nc2N)cc(C(C)(C)C)c1O,CHEMBL277176,IC50,nM,140.0,CHEMBL3963,I50,M,1.4E-7,"PbDHFR-TS (P. berghei, rodent malaria)"
CHEMBL667766,CCc1cc(Cc2cnc(N)nc2N)cc(CC)c1OC,CHEMBL23250,IC50,nM,12.1,CHEMBL3963,I50,M,1.21E-8,"PbDHFR-TS (P. berghei, rodent malaria)"
CHEMBL667766,CCCc1cc(Cc2cnc(N)nc2N)cc(CCC)c1O,CHEMBL23746,IC50,nM,5.7,CHEMBL3963,I50,M,5.7E-9,"PbDHFR-TS (P. berghei, rodent malaria)"
CHEMBL667766,COc1cc(Cc2cnc(N)nc2N)cc(OC)c1OC,CHEMBL22,IC50,nM,120.0,CHEMBL3963,I50,M,1.2E-7,"PbDHFR-TS (P. berghei, rodent malaria)"
CHEMBL667766,CCc1cc(Cc2cnc(N)nc2N)cc(CC)c1O,CHEMBL25817,IC50,nM,28.0,CHEMBL3963,I50,M,2.8E-8,"PbDHFR-TS (P. berghei, rodent malaria)"
CHEMBL667766,CCCc1cc(Cc2cnc(N)nc2N)cc(CCC)c1OC,CHEMBL26337,IC50,nM,20.0,CHEMBL3963,I50,M,2E-8,"PbDHFR-TS (P. berghei, rodent malaria)"
CHEMBL667766,COc1c(C)cc(Cc2cnc(N)nc2N)cc1C,CHEMBL287553,IC50,nM,120.0,CHEMBL3963,I50,M,1.2E-7,"PbDHFR-TS (P. berghei, rodent malaria)"
CHEMBL667766,CCOc1c(CC)cc(Cc2cnc(N)nc2N)cc1CC,CHEMBL332481,IC50,nM,35.0,CHEMBL3963,I50,M,3.5E-8,"PbDHFR-TS (P. berghei, rodent malaria)"
CHEMBL667766,COc1c(C(C)C)cc(Cc2cnc(N)nc2N)cc1C(C)C,CHEMBL280374,IC50,nM,23.0,CHEMBL3963,I50,M,2.3E-8,"PbDHFR-TS (P. berghei, rodent malaria)"
CHEMBL667766,COc1c(C)cc(Cc2cnc(N)nc2N)cc1C(C)(C)C,CHEMBL24155,IC50,nM,77.0,CHEMBL3963,I50,M,7.7E-8,"PbDHFR-TS (P. berghei, rodent malaria)"
CHEMBL667766,CCCc1cc(Cc2cnc(N)nc2N)cc(CC)c1OC,CHEMBL279455,IC50,nM,10.0,CHEMBL3963,I50,M,1E-8,"PbDHFR-TS (P. berghei, rodent malaria)"
CHEMBL667766,CCOc1cc(Cc2cnc(N)nc2N)cc(OCC)c1OCC,CHEMBL116183,IC50,nM,7.5,CHEMBL3963,I50,M,7.5E-9,"PbDHFR-TS (P. berghei, rodent malaria)"
CHEMBL667766,CCCCC(CC)COc1c(CC)cc(Cc2cnc(N)nc2N)cc1CC,CHEMBL118367,IC50,nM,42.0,CHEMBL3963,I50,M,4.2E-8,"PbDHFR-TS (P. berghei, rodent malaria)"
CHEMBL667766,CCc1cc(Cc2cnc(N)nc2N)cc(C)c1OC,CHEMBL23447,IC50,nM,120.0,CHEMBL3963,I50,M,1.2E-7,"PbDHFR-TS (P. berghei, rodent malaria)"
CHEMBL667766,CCCc1cc(Cc2cnc(N)nc2N)cc(CC)c1O,CHEMBL25888,IC50,nM,15.0,CHEMBL3963,I50,M,1.5E-8,"PbDHFR-TS (P. berghei, rodent malaria)"
CHEMBL667766,Nc1ncc(Cc2cc(I)c(O)c(I)c2)c(N)n1,CHEMBL118480,IC50,nM,53.0,CHEMBL3963,I50,M,5.3E-8,"PbDHFR-TS (P. berghei, rodent malaria)"
CHEMBL667766,COc1c(I)cc(Cc2cnc(N)nc2N)cc1I,CHEMBL120366,IC50,nM,31.0,CHEMBL3963,I50,M,3.1E-8,"PbDHFR-TS (P. berghei, rodent malaria)"
CHEMBL667765,CCCCCCCCCCCCOc1c(CC)cc(Cc2cnc(N)nc2N)cc1CC,CHEMBL120368,IC50,nM,350.0,CHEMBL3963,I50,M,3.5E-7,"PbDHFR-TS (P. berghei, rodent malaria)"
CHEMBL667766,CCc1cc(Cc2cnc(N)nc2N)cc(CC)c1OCCOCc1ccccc1,CHEMBL116993,IC50,nM,34.0,CHEMBL3963,I50,M,3.4E-8,"PbDHFR-TS (P. berghei, rodent malaria)"
CHEMBL667766,CC(C)c1cc(Cc2cnc(N)nc2N)cc(C(C)C)c1O,CHEMBL440946,IC50,nM,110.0,CHEMBL3963,I50,M,1.1E-7,"PbDHFR-TS (P. berghei, rodent malaria)"
CHEMBL667766,COc1cc(Cc2cnc(N)nc2N)cc(OC)c1O,CHEMBL1181,IC50,nM,300.0,CHEMBL3963,I50,M,3E-7,"PbDHFR-TS (P. berghei, rodent malaria)"
CHEMBL667766,CCCCOc1c(CCC)cc(Cc2cnc(N)nc2N)cc1CCC,CHEMBL440334,IC50,nM,5.8,CHEMBL3963,I50,M,5.8E-9,"PbDHFR-TS (P. berghei, rodent malaria)"
CHEMBL667766,CCc1cc(Cc2cnc(N)nc2N)cc(CC)c1OCCCOc1ccccc1,CHEMBL118877,IC50,nM,10.0,CHEMBL3963,I50,M,1E-8,"PbDHFR-TS (P. berghei, rodent malaria)"
CHEMBL667766,COc1c(C(C)(C)C)cc(Cc2cnc(N)nc2N)cc1C(C)(C)C,CHEMBL24374,IC50,nM,13.0,CHEMBL3963,I50,M,1.3E-8,"PbDHFR-TS (P. berghei, rodent malaria)"
CHEMBL667608,COc1cc(Cc2c(C)nc(N)nc2N)cc(OC)c1O,CHEMBL339058,IC50,nM,480.0,CHEMBL3963,I50,M,4.8E-7,"PbDHFR-TS (P. berghei, rodent malaria)"
CHEMBL667608,CCCc1nc(N)nc(N)c1Cc1cc(OC)c(O)c(OC)c1,CHEMBL149353,IC50,nM,1500.0,CHEMBL3963,I50,M,0.0000015,"PbDHFR-TS (P. berghei, rodent malaria)"
CHEMBL667608,COc1cc(Cc2cnc(N)nc2N)cc(OC)c1OC,CHEMBL22,IC50,nM,120.0,CHEMBL3963,I50,M,1.2E-7,"PbDHFR-TS (P. berghei, rodent malaria)"
CHEMBL667608,COc1cc(Cc2c(C)nc(N)nc2N)cc(OC)c1OC,CHEMBL325533,IC50,nM,340.0,CHEMBL3963,I50,M,3.4E-7,"PbDHFR-TS (P. berghei, rodent malaria)"
CHEMBL667764,COc1cc(Cc2c(N)nc(N)nc2SC)cc(OC)c1OC,CHEMBL150538,IC50,nM,20000.0,CHEMBL3963,I50,M,0.00002,"PbDHFR-TS (P. berghei, rodent malaria)"
CHEMBL667610,COc1ccc(Cc2cnc(N)nc2N)cc1OC,CHEMBL19633,IC50,nM,210.0,CHEMBL3963,I50,M,2.1E-7,"PbDHFR-TS (P. berghei, rodent malaria)"
CHEMBL667610,CCc1cc(Cc2cnc(N)nc2N)cc(CC)c1CC,CHEMBL57582,IC50,nM,73.0,CHEMBL3963,I50,M,7.3E-8,"PbDHFR-TS (P. berghei, rodent malaria)"
CHEMBL879984,CCc1ccc(Cc2cnc(N)nc2N)cc1CC,CHEMBL293013,IC50,nM,68.0,CHEMBL3963,I50,M,6.8E-8,"PbDHFR-TS (P. berghei, rodent malaria)"
CHEMBL667610,COc1cc(Cc2cnc(N)nc2N)cc(OC)c1OC,CHEMBL22,IC50,nM,120.0,CHEMBL3963,I50,M,1.2E-7,"PbDHFR-TS (P. berghei, rodent malaria)"
CHEMBL667607,COc1cc(Cc2c(C)nc(N)nc2N)cc(OC)c1OC,CHEMBL325533,IC50,nM,340.0,CHEMBL3963,I50,M,3.4E-7,"PbDHFR-TS (P. berghei, rodent malaria)"
CHEMBL667607,COc1cc(Cc2cnc(N)nc2N)cc(OC)c1OC,CHEMBL22,IC50,nM,120.0,CHEMBL3963,I50,M,1.2E-7,"PbDHFR-TS (P. berghei, rodent malaria)"
CHEMBL667607,COc1cc(Cc2cnc(N)nc2N)cc(OC)c1O,CHEMBL1181,IC50,nM,300.0,CHEMBL3963,I50,M,3E-7,"PbDHFR-TS (P. berghei, rodent malaria)"
CHEMBL667607,COc1cc(Cc2c(C)nc(N)nc2N)cc(OC)c1O,CHEMBL339058,IC50,nM,480.0,CHEMBL3963,I50,M,4.8E-7,"PbDHFR-TS (P. berghei, rodent malaria)"
CHEMBL665591,COc1cc(/C=C/c2cnc3nc(N)nc(N)c3c2)cc(OC)c1OC,CHEMBL145169,IC50,nM,1400.0,CHEMBL2425,IC50,uM,1.4,"TgDHFR-TS (T. gondii, apicomplexan)"
CHEMBL664916,CCN(Cc1cnc2nc(N)nc(N)c2c1C)c1cc(OC)c(OC)c(OC)c1,CHEMBL52433,IC50,nM,2.7,CHEMBL2425,IC50,nM,2.7,"TgDHFR-TS (T. gondii, apicomplexan)"
CHEMBL665591,COc1cc(CCC2CNc3nc(N)nc(N)c3C2)cc(OC)c1OC,CHEMBL423558,IC50,nM,470.0,CHEMBL2425,IC50,uM,0.47,"TgDHFR-TS (T. gondii, apicomplexan)"
CHEMBL664916,COc1ccc(N(C)Cc2cnc3nc(N)nc(N)c3c2C)c(OC)c1,CHEMBL23705,IC50,nM,38.0,CHEMBL2425,IC50,nM,38.0,"TgDHFR-TS (T. gondii, apicomplexan)"
CHEMBL664911,Nc1nc(N)c2nc(Cc3ccccc3)[nH]c2n1,CHEMBL102303,IC50,nM,500.0,CHEMBL2425,IC50,uM,0.5,"TgDHFR-TS (T. gondii, apicomplexan)"
CHEMBL665591,COc1cc(N(C)Cc2cnc3nc(N)nc(N)c3c2C)cc(OC)c1OC,CHEMBL50514,IC50,nM,0.85,CHEMBL2425,IC50,uM,0.00085,"TgDHFR-TS (T. gondii, apicomplexan)"
CHEMBL665591,COc1cc(CCc2cnc3nc(N)nc(N)c3c2)cc(OC)c1OC,CHEMBL142624,IC50,nM,200.0,CHEMBL2425,IC50,uM,0.2,"TgDHFR-TS (T. gondii, apicomplexan)"
CHEMBL664911,COc1ccc(-c2nc3[nH]c(N)nc(N)c-3n2)c2ccccc12,CHEMBL106383,IC50,nM,13000.0,CHEMBL2425,IC50,uM,13.0,"TgDHFR-TS (T. gondii, apicomplexan)"
CHEMBL664911,COc1ccc(OC)c(Cc2cnc3nc(N)nc(N)c3c2C)c1,CHEMBL7492,IC50,nM,17.0,CHEMBL2425,IC50,uM,0.017,"TgDHFR-TS (T. gondii, apicomplexan)"
CHEMBL664916,COc1ccc(NCc2cnc3nc(N)nc(N)c3c2C)c(OC)c1,CHEMBL279983,IC50,nM,56.5,CHEMBL2425,IC50,nM,56.5,"TgDHFR-TS (T. gondii, apicomplexan)"
CHEMBL664916,C#CCN(Cc1cnc2nc(N)nc(N)c2c1C)c1cc(OC)c(OC)c(OC)c1,CHEMBL49454,IC50,nM,7.7,CHEMBL2425,IC50,nM,7.7,"TgDHFR-TS (T. gondii, apicomplexan)"
CHEMBL664911,Nc1nc(N)c2nc(-c3ccc4ccccc4c3)[nH]c2n1,CHEMBL105906,IC50,nM,27000.0,CHEMBL2425,IC50,uM,27.0,"TgDHFR-TS (T. gondii, apicomplexan)"
CHEMBL665591,COc1ccc(/C=C/c2cnc3nc(N)nc(N)c3c2)cc1,CHEMBL145005,IC50,nM,1500.0,CHEMBL2425,IC50,uM,1.5,"TgDHFR-TS (T. gondii, apicomplexan)"
CHEMBL665591,CCN(Cc1cnc2nc(N)nc(N)c2c1)c1cc(OC)c(OC)c(OC)c1,CHEMBL356490,IC50,nM,49.0,CHEMBL2425,IC50,uM,0.049,"TgDHFR-TS (T. gondii, apicomplexan)"
CHEMBL664916,COc1cc(N(C)Cc2cnc3nc(N)nc(N)c3c2C)cc(OC)c1OC,CHEMBL50514,IC50,nM,0.85,CHEMBL2425,IC50,nM,0.85,"TgDHFR-TS (T. gondii, apicomplexan)"
CHEMBL664916,COc1cc(OC)cc(N(C)Cc2cnc3nc(N)nc(N)c3c2C)c1,CHEMBL22623,IC50,nM,58.0,CHEMBL2425,IC50,nM,58.0,"TgDHFR-TS (T. gondii, apicomplexan)"
CHEMBL664911,COc1cc(OC)c(-c2nc3c(N)nc(N)nc3[nH]2)cc1OC,CHEMBL105523,IC50,nM,1500.0,CHEMBL2425,IC50,uM,1.5,"TgDHFR-TS (T. gondii, apicomplexan)"
CHEMBL664911,Nc1nc(N)c2nc(-c3ccc(Cl)c(Cl)c3)[nH]c2n1,CHEMBL312688,IC50,nM,6700.0,CHEMBL2425,IC50,uM,6.7,"TgDHFR-TS (T. gondii, apicomplexan)"
CHEMBL664916,CCOc1ccc(OCC)c(NCc2cnc3nc(N)nc(N)c3c2C)c1,CHEMBL279679,IC50,nM,17.0,CHEMBL2425,IC50,nM,17.0,"TgDHFR-TS (T. gondii, apicomplexan)"
CHEMBL665591,COc1cc(NCc2cnc3nc(N)nc(N)c3c2)cc(OC)c1OC,CHEMBL23288,IC50,nM,300.0,CHEMBL2425,IC50,uM,0.3,"TgDHFR-TS (T. gondii, apicomplexan)"
CHEMBL665591,COc1ccc(CCC2CNc3nc(N)nc(N)c3C2)cc1OC,CHEMBL145691,IC50,nM,1100.0,CHEMBL2425,IC50,uM,1.1,"TgDHFR-TS (T. gondii, apicomplexan)"
CHEMBL665591,COc1ccc(OC)c(Cc2cnc3nc(N)nc(N)c3c2C)c1,CHEMBL7492,IC50,nM,11.0,CHEMBL2425,IC50,uM,0.011,"TgDHFR-TS (T. gondii, apicomplexan)"
CHEMBL664916,COc1cc(N(Cc2cnc3nc(N)nc(N)c3c2C)C(C)C)cc(OC)c1OC,CHEMBL53693,IC50,nM,6.7,CHEMBL2425,IC50,nM,6.7,"TgDHFR-TS (T. gondii, apicomplexan)"
CHEMBL664916,COc1cc(Cc2cnc(N)nc2N)cc(OC)c1OC,CHEMBL22,IC50,nM,2700.0,CHEMBL2425,IC50,nM,2700.0,"TgDHFR-TS (T. gondii, apicomplexan)"
CHEMBL664916,COc1cc(NCc2ccc3nc(N)nc(N)c3c2C)cc(OC)c1OC,CHEMBL119,IC50,nM,10.0,CHEMBL2425,IC50,nM,10.0,"TgDHFR-TS (T. gondii, apicomplexan)"
CHEMBL664911,COc1ccc(OC)c(NCc2nc3c(N)nc(N)nc3[nH]2)c1,CHEMBL102432,IC50,nM,49000.0,CHEMBL2425,IC50,uM,49.0,"TgDHFR-TS (T. gondii, apicomplexan)"
CHEMBL664911,COc1ccc(-c2nc3c(N)nc(N)nc3[nH]2)c(OC)c1OC,CHEMBL105759,IC50,nM,1800.0,CHEMBL2425,IC50,uM,1.8,"TgDHFR-TS (T. gondii, apicomplexan)"
CHEMBL664911,COc1cc(-c2nc3c(N)nc(N)nc3[nH]2)cc(OC)c1O,CHEMBL105020,IC50,nM,1000.0,CHEMBL2425,IC50,uM,1.0,"TgDHFR-TS (T. gondii, apicomplexan)"
CHEMBL665591,COc1ccc(CCc2cnc3nc(N)nc(N)c3c2)cc1,CHEMBL145528,IC50,nM,250.0,CHEMBL2425,IC50,uM,0.25,"TgDHFR-TS (T. gondii, apicomplexan)"
CHEMBL664916,COc1ccc(N(C)Cc2cnc3nc(N)nc(N)c3c2C)cc1OC,CHEMBL279680,IC50,nM,29.0,CHEMBL2425,IC50,nM,29.0,"TgDHFR-TS (T. gondii, apicomplexan)"
CHEMBL664911,COc1ccc(-c2nc3c(N)nc(N)nc3[nH]2)cc1OC,CHEMBL102518,IC50,nM,14200.0,CHEMBL2425,IC50,uM,14.2,"TgDHFR-TS (T. gondii, apicomplexan)"
CHEMBL664916,CCOc1ccc(OCC)c(N(C)Cc2cnc3nc(N)nc(N)c3c2C)c1,CHEMBL23844,IC50,nM,100.0,CHEMBL2425,IC50,nM,100.0,"TgDHFR-TS (T. gondii, apicomplexan)"
CHEMBL665591,COc1cc(NCc2ccc3nc(N)nc(N)c3c2C)cc(OC)c1OC,CHEMBL119,IC50,nM,10.0,CHEMBL2425,IC50,uM,0.01,"TgDHFR-TS (T. gondii, apicomplexan)"
CHEMBL664911,Nc1nc(N)c2[nH]c(-c3c(Cl)cccc3Cl)nc2n1,CHEMBL318601,IC50,nM,11000.0,CHEMBL2425,IC50,uM,11.0,"TgDHFR-TS (T. gondii, apicomplexan)"
CHEMBL664911,Nc1nc(N)c2[nH]c(-c3ccccc3)nc2n1,CHEMBL66077,IC50,nM,28000.0,CHEMBL2425,IC50,uM,28.0,"TgDHFR-TS (T. gondii, apicomplexan)"
CHEMBL664911,COc1cc(-c2nc3c(N)nc(N)nc3[nH]2)cc(OC)c1OC,CHEMBL431257,IC50,nM,2200.0,CHEMBL2425,IC50,uM,2.2,"TgDHFR-TS (T. gondii, apicomplexan)"
CHEMBL664911,COc1ccc(OC)c(-c2nc3c(N)nc(N)nc3[nH]2)c1,CHEMBL106070,IC50,nM,1700.0,CHEMBL2425,IC50,uM,1.7,"TgDHFR-TS (T. gondii, apicomplexan)"
CHEMBL664911,Nc1nc(N)c2nc(CSc3ccc4ccccc4c3)[nH]c2n1,CHEMBL101908,IC50,nM,45000.0,CHEMBL2425,IC50,uM,45.0,"TgDHFR-TS (T. gondii, apicomplexan)"
CHEMBL664911,COc1ccc(-c2nc3c(N)nc(N)nc3[nH]2)c(OC)c1,CHEMBL421594,IC50,nM,2400.0,CHEMBL2425,IC50,uM,2.4,"TgDHFR-TS (T. gondii, apicomplexan)"
CHEMBL664911,Nc1nc(N)c2nc(-c3ccc(-c4ccccc4)cc3)[nH]c2n1,CHEMBL103203,IC50,nM,32900.0,CHEMBL2425,IC50,uM,32.9,"TgDHFR-TS (T. gondii, apicomplexan)"
CHEMBL664911,COc1ccc(OC)c(Cc2cnc3nc(N)nc(N)c3c2C)c1,CHEMBL7492,IC50,nM,17.0,CHEMBL2425,IC50,uM,0.017,"TgDHFR-TS (T. gondii, apicomplexan)"
CHEMBL664916,COc1ccc(OC)c(NCc2cnc3nc(N)nc(N)c3c2C)c1,CHEMBL23021,IC50,nM,16.0,CHEMBL2425,IC50,nM,16.0,"TgDHFR-TS (T. gondii, apicomplexan)"
CHEMBL664916,Cc1c(CNc2cccc3ccccc23)cnc2nc(N)nc(N)c12,CHEMBL23867,IC50,nM,14.5,CHEMBL2425,IC50,nM,14.5,"TgDHFR-TS (T. gondii, apicomplexan)"
CHEMBL664911,COc1cc(NCc2nc3[nH]c(N)nc(N)c-3n2)cc(OC)c1OC,CHEMBL102444,IC50,nM,34000.0,CHEMBL2425,IC50,uM,34.0,"TgDHFR-TS (T. gondii, apicomplexan)"
CHEMBL664916,COc1ccc(NCc2cnc3nc(N)nc(N)c3c2C)c2ccccc12,CHEMBL53903,IC50,nM,23.0,CHEMBL2425,IC50,nM,23.0,"TgDHFR-TS (T. gondii, apicomplexan)"
CHEMBL664916,COc1ccc(OC)c(Cc2cnc3nc(N)nc(N)c3c2C)c1,CHEMBL7492,IC50,nM,11.0,CHEMBL2425,IC50,nM,11.0,"TgDHFR-TS (T. gondii, apicomplexan)"
CHEMBL664916,COc1cc(NCc2cnc3nc(N)nc(N)c3c2C)cc(OC)c1OC,CHEMBL23532,IC50,nM,7.4,CHEMBL2425,IC50,nM,7.4,"TgDHFR-TS (T. gondii, apicomplexan)"
CHEMBL665612,COc1cc(NCc2cnc3nc(N)nc(N)c3c2C)cc(OC)c1OC,CHEMBL23532,IC50,nM,23000.0,CHEMBL2425,IC50,uM,23.0,"TgDHFR-TS (T. gondii, apicomplexan)"
CHEMBL665591,COc1ccc(CCc2cnc3nc(N)nc(N)c3c2)cc1OC,CHEMBL145068,IC50,nM,200.0,CHEMBL2425,IC50,uM,0.2,"TgDHFR-TS (T. gondii, apicomplexan)"
CHEMBL665591,COc1cc(N(C=O)Cc2cnc3nc(N)nc(N)c3c2)cc(OC)c1OC,CHEMBL342555,IC50,nM,1100.0,CHEMBL2425,IC50,uM,1.1,"TgDHFR-TS (T. gondii, apicomplexan)"
CHEMBL664911,COc1cc(OC)c(-c2nc3c(N)nc(N)nc3[nH]2)c(OC)c1,CHEMBL103474,IC50,nM,840.0,CHEMBL2425,IC50,uM,0.84,"TgDHFR-TS (T. gondii, apicomplexan)"
CHEMBL665591,COc1cc(Cc2cnc(N)nc2N)cc(OC)c1OC,CHEMBL22,IC50,nM,2700.0,CHEMBL2425,IC50,uM,2.7,"TgDHFR-TS (T. gondii, apicomplexan)"
CHEMBL664911,COc1cc(-c2nc3[nH]c(N)nc(N)c-3n2)c([N+](=O)[O-])cc1OC,CHEMBL101378,IC50,nM,16800.0,CHEMBL2425,IC50,uM,16.8,"TgDHFR-TS (T. gondii, apicomplexan)"
CHEMBL665591,COc1cc(N(C)Cc2cnc3nc(N)nc(N)c3c2)cc(OC)c1OC,CHEMBL142741,IC50,nM,9.0,CHEMBL2425,IC50,uM,0.009,"TgDHFR-TS (T. gondii, apicomplexan)"
CHEMBL664911,COc1cc(OC)cc(-c2nc3c(N)nc(N)nc3[nH]2)c1,CHEMBL105323,IC50,nM,3000.0,CHEMBL2425,IC50,uM,3.0,"TgDHFR-TS (T. gondii, apicomplexan)"
CHEMBL664911,Nc1nc(N)c2nc(C3c4ccccc4-c4ccccc43)[nH]c2n1,CHEMBL103108,IC50,nM,30500.0,CHEMBL2425,IC50,uM,30.5,"TgDHFR-TS (T. gondii, apicomplexan)"
CHEMBL665591,COc1ccc(/C=C/c2cnc3nc(N)nc(N)c3c2)cc1OC,CHEMBL141708,IC50,nM,1400.0,CHEMBL2425,IC50,uM,1.4,"TgDHFR-TS (T. gondii, apicomplexan)"
CHEMBL664916,COc1ccc(OC)c(N(C)Cc2cnc3nc(N)nc(N)c3c2C)c1,CHEMBL281803,IC50,nM,30.1,CHEMBL2425,IC50,nM,30.1,"TgDHFR-TS (T. gondii, apicomplexan)"
CHEMBL664916,COc1ccc(NCc2cnc3nc(N)nc(N)c3c2C)cc1OC,CHEMBL283518,IC50,nM,8.8,CHEMBL2425,IC50,nM,8.8,"TgDHFR-TS (T. gondii, apicomplexan)"
CHEMBL664911,Nc1nc(N)c2[nH]c(-c3ccncc3)nc2n1,CHEMBL317618,IC50,nM,20000.0,CHEMBL2425,IC50,uM,20.0,"TgDHFR-TS (T. gondii, apicomplexan)"
CHEMBL664916,COc1cc(NCc2cnc3nc(N)nc(N)c3c2C)cc(OC)c1,CHEMBL23569,IC50,nM,4.8,CHEMBL2425,IC50,nM,4.8,"TgDHFR-TS (T. gondii, apicomplexan)"
CHEMBL664911,COc1cc(NCc2ccc3nc(N)nc(N)c3c2C)cc(OC)c1OC,CHEMBL119,IC50,nM,10.0,CHEMBL2425,IC50,uM,0.01,"TgDHFR-TS (T. gondii, apicomplexan)"
CHEMBL664920,COc1ccc(NCc2c[nH]c3nc(N)nc(O)c23)c(OC)c1,CHEMBL294131,IC50,nM,7100.0,CHEMBL2425,IC50,uM,7.1,"TgDHFR-TS (T. gondii, apicomplexan)"
CHEMBL664920,Nc1nc(O)c2c(CNc3cccc(Cl)c3)c[nH]c2n1,CHEMBL61110,IC50,nM,3500.0,CHEMBL2425,IC50,uM,3.5,"TgDHFR-TS (T. gondii, apicomplexan)"
CHEMBL664920,COc1cc(NCc2c[nH]c3nc(N)nc(O)c23)cc(OC)c1OC,CHEMBL64729,IC50,nM,9300.0,CHEMBL2425,IC50,uM,9.3,"TgDHFR-TS (T. gondii, apicomplexan)"
CHEMBL664920,COc1cc(Cc2cnc(N)nc2N)cc(OC)c1OC,CHEMBL22,IC50,nM,3700.0,CHEMBL2425,IC50,uM,3.7,"TgDHFR-TS (T. gondii, apicomplexan)"
CHEMBL664920,COc1ccc(OC)c(NCc2c[nH]c3nc(N)nc(O)c23)c1,CHEMBL302633,IC50,nM,2200.0,CHEMBL2425,IC50,uM,2.2,"TgDHFR-TS (T. gondii, apicomplexan)"
CHEMBL664920,Nc1nc(O)c2c(CNc3ccc(C(=O)N[C@@H](CCC(=O)O)C(=O)O)cc3)c[nH]c2n1,CHEMBL61708,IC50,nM,8000.0,CHEMBL2425,IC50,uM,8.0,"TgDHFR-TS (T. gondii, apicomplexan)"
CHEMBL664920,COc1ccc(OC)c(N(C)Cc2c[nH]c3nc(N)nc(O)c23)c1,CHEMBL61927,IC50,nM,10300.0,CHEMBL2425,IC50,uM,10.3,"TgDHFR-TS (T. gondii, apicomplexan)"
CHEMBL664920,COc1cc(N(C)Cc2c[nH]c3nc(N)nc(O)c23)cc(OC)c1OC,CHEMBL293415,IC50,nM,37000.0,CHEMBL2425,IC50,uM,37.0,"TgDHFR-TS (T. gondii, apicomplexan)"
CHEMBL664920,Nc1nc2[nH]cc(CCc3ccc(C(=O)N[C@@H](CCC(=O)O)C(=O)O)cc3)c2c(=O)[nH]1,CHEMBL225072,IC50,nM,2300.0,CHEMBL2425,IC50,uM,2.3,"TgDHFR-TS (T. gondii, apicomplexan)"
CHEMBL664920,COc1cc(OC)cc(N(C)Cc2c[nH]c3nc(N)nc(O)c23)c1,CHEMBL61415,IC50,nM,4200.0,CHEMBL2425,IC50,uM,4.2,"TgDHFR-TS (T. gondii, apicomplexan)"
CHEMBL664920,Nc1nc(O)c2c(CNc3cc(Cl)cc(Cl)c3)c[nH]c2n1,CHEMBL61108,IC50,nM,4100.0,CHEMBL2425,IC50,uM,4.1,"TgDHFR-TS (T. gondii, apicomplexan)"
CHEMBL664920,Nc1nc(O)c2c(CNc3ccc(Cl)cc3Cl)c[nH]c2n1,CHEMBL303102,IC50,nM,2200.0,CHEMBL2425,IC50,uM,2.2,"TgDHFR-TS (T. gondii, apicomplexan)"
CHEMBL664920,COc1cc(NCc2ccc3nc(N)nc(N)c3c2C)cc(OC)c1OC,CHEMBL119,IC50,nM,5400.0,CHEMBL2425,IC50,uM,5.4,"TgDHFR-TS (T. gondii, apicomplexan)"
CHEMBL664920,Cc1cn(C2CC(O)C(OP(=O)(O)O)O2)c(=O)[nH]c1=O,CHEMBL293258,IC50,nM,2700.0,CHEMBL2425,IC50,uM,2.7,"TgDHFR-TS (T. gondii, apicomplexan)"
CHEMBL664920,COc1cc(NCc2c[nH]c3nc(N)nc(O)c23)cc(OC)c1,CHEMBL64785,IC50,nM,2600.0,CHEMBL2425,IC50,uM,2.6,"TgDHFR-TS (T. gondii, apicomplexan)"
CHEMBL664920,CN(Cc1cnc2nc(N)nc(N)c2n1)c1ccc(C(=O)N[C@@H](CCC(=O)O)C(=O)O)cc1,CHEMBL34259,IC50,nM,1100.0,CHEMBL2425,IC50,uM,1.1,"TgDHFR-TS (T. gondii, apicomplexan)"
CHEMBL664920,Nc1nc(O)c2c(CNc3cc(Cl)ccc3Cl)c[nH]c2n1,CHEMBL418502,IC50,nM,660.0,CHEMBL2425,IC50,uM,0.66,"TgDHFR-TS (T. gondii, apicomplexan)"
CHEMBL662240,Cc1[nH]c2nc(N)[nH]c(=O)c2c1Sc1ccc([N+](=O)[O-])cc1,CHEMBL400364,IC50,nM,244000.0,CHEMBL2425,IC50,uM,244.0,"TgDHFR-TS (T. gondii, apicomplexan)"
CHEMBL665703,COc1cc(CC2CCc3nc(N)nc(N)c32)cc(OC)c1OC,CHEMBL441668,IC50,nM,21000.0,CHEMBL2425,IC50,uM,21.0,"TgDHFR-TS (T. gondii, apicomplexan)"
CHEMBL665703,COc1cc(CCCC2CCc3nc(N)nc(N)c32)cc(OC)c1OC,CHEMBL176332,IC50,nM,140.0,CHEMBL2425,IC50,uM,0.14,"TgDHFR-TS (T. gondii, apicomplexan)"
CHEMBL662240,Cc1[nH]c2nc(N)nc(O)c2c1Sc1ccc(Cl)cc1,CHEMBL142176,IC50,nM,3100.0,CHEMBL2425,IC50,uM,3.1,"TgDHFR-TS (T. gondii, apicomplexan)"
CHEMBL662240,COc1ccc(Sc2c(C)[nH]c3nc(N)nc(O)c23)cc1OC,CHEMBL140323,IC50,nM,20000.0,CHEMBL2425,IC50,uM,20.0,"TgDHFR-TS (T. gondii, apicomplexan)"
CHEMBL665703,COc1cc(CCC2CCc3nc(N)nc(N)c32)cc(OC)c1OC,CHEMBL172353,IC50,nM,1400.0,CHEMBL2425,IC50,uM,1.4,"TgDHFR-TS (T. gondii, apicomplexan)"
CHEMBL662240,Cc1[nH]c2nc(N)[nH]c(=O)c2c1Sc1ccc(Cl)c(Cl)c1,CHEMBL400485,IC50,nM,11700.0,CHEMBL2425,IC50,uM,11.7,"TgDHFR-TS (T. gondii, apicomplexan)"
CHEMBL665703,COc1cc(NCc2ccc3nc(N)nc(N)c3c2C)cc(OC)c1OC,CHEMBL119,IC50,nM,10.0,CHEMBL2425,IC50,uM,0.01,"TgDHFR-TS (T. gondii, apicomplexan)"
CHEMBL665703,COc1ccc(OC)c(Cc2cnc3nc(N)nc(N)c3c2C)c1,CHEMBL7492,IC50,nM,17.0,CHEMBL2425,IC50,uM,0.017,"TgDHFR-TS (T. gondii, apicomplexan)"
CHEMBL665703,CCc1nc(N)nc(N)c1-c1ccc(Cl)cc1,CHEMBL36,IC50,nM,390.0,CHEMBL2425,IC50,uM,0.39,"TgDHFR-TS (T. gondii, apicomplexan)"
CHEMBL876696,COc1cc(Cc2cnc(N)nc2N)cc(OC)c1OC,CHEMBL22,IC50,nM,2700.0,CHEMBL2425,IC50,uM,2.7,"TgDHFR-TS (T. gondii, apicomplexan)"
CHEMBL665702,Nc1nc(N)c2nc(CNc3cccc(Cl)c3)ccc2n1,CHEMBL54618,IC50,nM,130.0,CHEMBL2425,IC50,uM,0.13,"TgDHFR-TS (T. gondii, apicomplexan)"
CHEMBL665702,COc1cccc(N(C)Cc2ccc3nc(N)nc(N)c3n2)c1,CHEMBL54792,IC50,nM,15.0,CHEMBL2425,IC50,uM,0.015,"TgDHFR-TS (T. gondii, apicomplexan)"
CHEMBL665702,Nc1nc(N)c2nc(CNc3c(Cl)cc(Cl)cc3Cl)ccc2n1,CHEMBL51706,IC50,nM,46.0,CHEMBL2425,IC50,uM,0.046,"TgDHFR-TS (T. gondii, apicomplexan)"
CHEMBL665702,C#CCN(Cc1ccc2nc(N)nc(N)c2n1)c1ccc(C(=O)C(F)(F)F)cc1,CHEMBL53872,IC50,nM,54.0,CHEMBL2425,IC50,uM,0.054,"TgDHFR-TS (T. gondii, apicomplexan)"
CHEMBL665702,COc1cccc(NCc2ccc3nc(N)nc(N)c3n2)c1,CHEMBL52836,IC50,nM,100.0,CHEMBL2425,IC50,uM,0.1,"TgDHFR-TS (T. gondii, apicomplexan)"
CHEMBL665702,COc1ccc(OC)c(NCc2ccc3nc(N)nc(N)c3n2)c1,CHEMBL52947,IC50,nM,120.0,CHEMBL2425,IC50,uM,0.12,"TgDHFR-TS (T. gondii, apicomplexan)"
CHEMBL665702,Nc1nc(N)c2nc(CNc3cc(Cl)c(Cl)c(Cl)c3)ccc2n1,CHEMBL53420,IC50,nM,87.0,CHEMBL2425,IC50,uM,0.087,"TgDHFR-TS (T. gondii, apicomplexan)"
CHEMBL665702,CC(=O)c1ccc(N(C)Cc2ccc3nc(N)nc(N)c3n2)cc1,CHEMBL55012,IC50,nM,15.0,CHEMBL2425,IC50,uM,0.015,"TgDHFR-TS (T. gondii, apicomplexan)"
CHEMBL665702,COc1ccc(OC)c(Cc2cnc3nc(N)nc(N)c3c2C)c1,CHEMBL7492,IC50,nM,17.0,CHEMBL2425,IC50,uM,0.017,"TgDHFR-TS (T. gondii, apicomplexan)"
CHEMBL665702,Nc1nc(N)c2nc(CSc3ccccc3)cnc2n1,CHEMBL279243,IC50,nM,770.0,CHEMBL2425,IC50,uM,0.77,"TgDHFR-TS (T. gondii, apicomplexan)"
CHEMBL665702,Nc1nc(N)c2nc(CNc3c(Cl)cccc3Cl)ccc2n1,CHEMBL54913,IC50,nM,28.0,CHEMBL2425,IC50,uM,0.028,"TgDHFR-TS (T. gondii, apicomplexan)"
CHEMBL665702,CN(Cc1ccc2nc(N)nc(N)c2n1)c1ccc(Cl)c(Cl)c1,CHEMBL300603,IC50,nM,27.0,CHEMBL2425,IC50,uM,0.027,"TgDHFR-TS (T. gondii, apicomplexan)"
CHEMBL665702,COc1cc(Cc2cnc(N)nc2N)cc(OC)c1OC,CHEMBL22,IC50,nM,2700.0,CHEMBL2425,IC50,uM,2.7,"TgDHFR-TS (T. gondii, apicomplexan)"
CHEMBL665702,COc1ccc(NCc2ccc3nc(N)nc(N)c3n2)cc1OC,CHEMBL55928,IC50,nM,90.0,CHEMBL2425,IC50,uM,0.09,"TgDHFR-TS (T. gondii, apicomplexan)"
CHEMBL665702,Nc1nc(N)c2nc(CNc3ccc4ccccc4c3)ccc2n1,CHEMBL417746,IC50,nM,160.0,CHEMBL2425,IC50,uM,0.16,"TgDHFR-TS (T. gondii, apicomplexan)"
CHEMBL665702,COc1ccc(N(C)Cc2ccc3nc(N)nc(N)c3n2)c(OC)c1,CHEMBL299174,IC50,nM,14.0,CHEMBL2425,IC50,uM,0.014,"TgDHFR-TS (T. gondii, apicomplexan)"
CHEMBL665702,Nc1nc(N)c2nc(CNc3ccc(Cl)cc3Cl)ccc2n1,CHEMBL292634,IC50,nM,50.0,CHEMBL2425,IC50,uM,0.05,"TgDHFR-TS (T. gondii, apicomplexan)"
CHEMBL665702,Nc1nc(N)c2nc(CNc3cc(Cl)ccc3Cl)ccc2n1,CHEMBL292212,IC50,nM,91.0,CHEMBL2425,IC50,uM,0.091,"TgDHFR-TS (T. gondii, apicomplexan)"
CHEMBL665702,COc1ccccc1NCc1ccc2nc(N)nc(N)c2n1,CHEMBL54523,IC50,nM,120.0,CHEMBL2425,IC50,uM,0.12,"TgDHFR-TS (T. gondii, apicomplexan)"
CHEMBL665702,CN(Cc1ccc2nc(N)nc(N)c2n1)c1ccc(Cl)cc1Cl,CHEMBL54732,IC50,nM,50.0,CHEMBL2425,IC50,uM,0.05,"TgDHFR-TS (T. gondii, apicomplexan)"
CHEMBL665702,CN(Cc1ccc2nc(N)nc(N)c2n1)c1ccc2ccccc2c1,CHEMBL55727,IC50,nM,16.0,CHEMBL2425,IC50,uM,0.016,"TgDHFR-TS (T. gondii, apicomplexan)"
CHEMBL665702,CN(Cc1ccc2nc(N)nc(N)c2n1)c1ccccc1Cl,CHEMBL53318,IC50,nM,15.0,CHEMBL2425,IC50,uM,0.015,"TgDHFR-TS (T. gondii, apicomplexan)"
CHEMBL665702,Nc1nc(N)c2nc(CSc3ccccc3)ccc2n1,CHEMBL300886,IC50,nM,130.0,CHEMBL2425,IC50,uM,0.13,"TgDHFR-TS (T. gondii, apicomplexan)"
CHEMBL665702,C#CCN(Cc1ccc2nc(N)nc(N)c2n1)c1ccc(C(C)=O)cc1,CHEMBL52953,IC50,nM,20.0,CHEMBL2425,IC50,uM,0.02,"TgDHFR-TS (T. gondii, apicomplexan)"
CHEMBL665702,Nc1nc(N)c2nc(CSc3cccc4ccccc34)ccc2n1,CHEMBL55656,IC50,nM,49.0,CHEMBL2425,IC50,uM,0.049,"TgDHFR-TS (T. gondii, apicomplexan)"
CHEMBL665702,COc1cc(NCc2ccc3nc(N)nc(N)c3c2C)cc(OC)c1OC,CHEMBL119,IC50,nM,10.0,CHEMBL2425,IC50,uM,0.01,"TgDHFR-TS (T. gondii, apicomplexan)"
CHEMBL665702,CN(Cc1ccc2nc(N)nc(N)c2n1)c1c(Cl)cccc1Cl,CHEMBL445359,IC50,nM,30.0,CHEMBL2425,IC50,uM,0.03,"TgDHFR-TS (T. gondii, apicomplexan)"
CHEMBL665702,COc1ccc(OC)c(N(C)Cc2ccc3nc(N)nc(N)c3n2)c1,CHEMBL301105,IC50,nM,25.0,CHEMBL2425,IC50,uM,0.025,"TgDHFR-TS (T. gondii, apicomplexan)"
CHEMBL665702,COc1cc(N(C)Cc2ccc3nc(N)nc(N)c3n2)cc(OC)c1OC,CHEMBL52688,IC50,nM,4.7,CHEMBL2425,IC50,uM,0.0047,"TgDHFR-TS (T. gondii, apicomplexan)"
CHEMBL665702,CN(Cc1ccc2nc(N)nc(N)c2n1)c1ccccc1,CHEMBL55063,IC50,nM,8.4,CHEMBL2425,IC50,uM,0.0084,"TgDHFR-TS (T. gondii, apicomplexan)"
CHEMBL665702,COc1ccc(NCc2ccc3nc(N)nc(N)c3n2)c(OC)c1,CHEMBL296382,IC50,nM,140.0,CHEMBL2425,IC50,uM,0.14,"TgDHFR-TS (T. gondii, apicomplexan)"
CHEMBL665702,Nc1nc(N)c2nc(CNc3cccc4ccccc34)ccc2n1,CHEMBL299140,IC50,nM,26.0,CHEMBL2425,IC50,uM,0.026,"TgDHFR-TS (T. gondii, apicomplexan)"
CHEMBL665619,Nc1nc(N)c2c3c(sc2n1)CN(Cc1ccccc1)CC3,CHEMBL317017,IC50,nM,850.0,CHEMBL2425,IC50,uM,0.85,"TgDHFR-TS (T. gondii, apicomplexan)"
CHEMBL665702,Nc1nc(N)c2nc(CNc3ccccc3)ccc2n1,CHEMBL54733,IC50,nM,85.0,CHEMBL2425,IC50,uM,0.085,"TgDHFR-TS (T. gondii, apicomplexan)"
CHEMBL665702,Nc1nc(N)c2nc(CNc3ccccc3Cl)ccc2n1,CHEMBL53165,IC50,nM,110.0,CHEMBL2425,IC50,uM,0.11,"TgDHFR-TS (T. gondii, apicomplexan)"
CHEMBL665702,Nc1nc(N)c2nc(CSc3ccc4ccccc4c3)ccc2n1,CHEMBL292143,IC50,nM,48.0,CHEMBL2425,IC50,uM,0.048,"TgDHFR-TS (T. gondii, apicomplexan)"
CHEMBL665702,COc1ccc(N(C)Cc2ccc3nc(N)nc(N)c3n2)cc1OC,CHEMBL57624,IC50,nM,9.8,CHEMBL2425,IC50,uM,0.0098,"TgDHFR-TS (T. gondii, apicomplexan)"
CHEMBL665702,CN(Cc1ccc2nc(N)nc(N)c2n1)c1cc(Cl)ccc1Cl,CHEMBL55191,IC50,nM,25.0,CHEMBL2425,IC50,uM,0.025,"TgDHFR-TS (T. gondii, apicomplexan)"
CHEMBL665702,Nc1nc(N)c2nc(CNc3ccc(Cl)c(Cl)c3)ccc2n1,CHEMBL292427,IC50,nM,57.0,CHEMBL2425,IC50,uM,0.057,"TgDHFR-TS (T. gondii, apicomplexan)"
CHEMBL665702,COc1ccccc1N(C)Cc1ccc2nc(N)nc(N)c2n1,CHEMBL53974,IC50,nM,26.0,CHEMBL2425,IC50,uM,0.026,"TgDHFR-TS (T. gondii, apicomplexan)"
CHEMBL665702,CN(Cc1ccc2nc(N)nc(N)c2n1)c1cc(Cl)c(Cl)c(Cl)c1,CHEMBL52698,IC50,nM,38.0,CHEMBL2425,IC50,uM,0.038,"TgDHFR-TS (T. gondii, apicomplexan)"
CHEMBL665702,CN(Cc1ccc2nc(N)nc(N)c2n1)c1ccc(C(=O)C(F)(F)F)cc1,CHEMBL55049,IC50,nM,46.0,CHEMBL2425,IC50,uM,0.046,"TgDHFR-TS (T. gondii, apicomplexan)"
CHEMBL665702,CN(Cc1ccc2nc(N)nc(N)c2n1)c1c(Cl)cc(Cl)cc1Cl,CHEMBL52930,IC50,nM,44.0,CHEMBL2425,IC50,uM,0.044,"TgDHFR-TS (T. gondii, apicomplexan)"
CHEMBL665702,CC(=O)c1ccc(NCc2ccc3nc(N)nc(N)c3n2)cc1,CHEMBL301795,IC50,nM,27.0,CHEMBL2425,IC50,uM,0.027,"TgDHFR-TS (T. gondii, apicomplexan)"
CHEMBL665702,COc1ccc(NCc2ccc3nc(N)nc(N)c3n2)cc1,CHEMBL52777,IC50,nM,54.0,CHEMBL2425,IC50,uM,0.054,"TgDHFR-TS (T. gondii, apicomplexan)"
CHEMBL665702,COc1ccc(SCc2cnc3nc(N)nc(N)c3c2C)cc1,CHEMBL23911,IC50,nM,63.0,CHEMBL2425,IC50,uM,0.063,"TgDHFR-TS (T. gondii, apicomplexan)"
CHEMBL665702,COc1ccc(N(C)Cc2ccc3nc(N)nc(N)c3n2)cc1,CHEMBL415962,IC50,nM,16.0,CHEMBL2425,IC50,uM,0.016,"TgDHFR-TS (T. gondii, apicomplexan)"
CHEMBL665702,CN(Cc1ccc2nc(N)nc(N)c2n1)c1cccc(Cl)c1,CHEMBL54399,IC50,nM,20.0,CHEMBL2425,IC50,uM,0.02,"TgDHFR-TS (T. gondii, apicomplexan)"
CHEMBL665702,COc1cc(NCc2ccc3nc(N)nc(N)c3n2)cc(OC)c1OC,CHEMBL55179,IC50,nM,40.0,CHEMBL2425,IC50,uM,0.04,"TgDHFR-TS (T. gondii, apicomplexan)"
CHEMBL665702,CN(Cc1ccc2nc(N)nc(N)c2n1)c1cccc2ccccc12,CHEMBL54538,IC50,nM,18.0,CHEMBL2425,IC50,uM,0.018,"TgDHFR-TS (T. gondii, apicomplexan)"
CHEMBL665590,Cc1c(CSc2ccc(Cl)cc2)cnc2nc(N)nc(N)c12,CHEMBL22677,IC50,nM,90.0,CHEMBL2425,IC50,uM,0.09,"TgDHFR-TS (T. gondii, apicomplexan)"
CHEMBL665590,COc1cccc(SCc2cnc3nc(N)nc(N)c3n2)c1,CHEMBL23380,IC50,nM,1600.0,CHEMBL2425,IC50,uM,1.6,"TgDHFR-TS (T. gondii, apicomplexan)"
CHEMBL665590,COc1ccc(OC)c(CCc2cnc3nc(N)nc(N)c3c2C)c1,CHEMBL284544,IC50,nM,7.9,CHEMBL2425,IC50,uM,0.0079,"TgDHFR-TS (T. gondii, apicomplexan)"
CHEMBL665590,COc1ccc(N(C)Cc2cnc3nc(N)nc(N)c3c2C)cc1OC,CHEMBL279680,IC50,nM,2.9,CHEMBL2425,IC50,uM,0.0029,"TgDHFR-TS (T. gondii, apicomplexan)"
CHEMBL665590,Nc1nc(N)c2cc(CNc3cccc4ccccc34)cnc2n1,CHEMBL22924,IC50,nM,150.0,CHEMBL2425,IC50,uM,0.15,"TgDHFR-TS (T. gondii, apicomplexan)"
CHEMBL665590,COc1ccc(OC)c(N(C)Cc2cnc3nc(N)nc(N)c3n2)c1,CHEMBL22543,IC50,nM,210.0,CHEMBL2425,IC50,uM,0.21,"TgDHFR-TS (T. gondii, apicomplexan)"
CHEMBL665590,COc1cc(NCc2cnc3nc(N)nc(N)c3n2)cc(OC)c1,CHEMBL23919,IC50,nM,110.0,CHEMBL2425,IC50,uM,0.11,"TgDHFR-TS (T. gondii, apicomplexan)"
CHEMBL665590,Nc1nc(N)c2nc(CSc3cccc4ccccc34)cnc2n1,CHEMBL22434,IC50,nM,7000.0,CHEMBL2425,IC50,uM,7.0,"TgDHFR-TS (T. gondii, apicomplexan)"
CHEMBL665590,Nc1nc(N)c2cc(CNc3ccc(Cl)cc3)ccc2n1,CHEMBL23092,IC50,nM,75.0,CHEMBL2425,IC50,uM,0.075,"TgDHFR-TS (T. gondii, apicomplexan)"
CHEMBL665590,COc1cc(NCc2ccc3nc(N)nc(N)c3c2C)cc(OC)c1OC,CHEMBL119,IC50,nM,10.0,CHEMBL2425,IC50,uM,0.01,"TgDHFR-TS (T. gondii, apicomplexan)"
CHEMBL665597,Cc1c(CO)cnc2nc(N)nc(N)c12,CHEMBL311432,IC50,nM,3200.0,CHEMBL2425,IC50,uM,3.2,"TgDHFR-TS (T. gondii, apicomplexan)"
CHEMBL665590,COc1ccc(OC)c(NCc2ccc3nc(N)nc(N)c3c2)c1,CHEMBL23454,IC50,nM,140.0,CHEMBL2425,IC50,uM,0.14,"TgDHFR-TS (T. gondii, apicomplexan)"
CHEMBL665590,CCc1nc(N)nc(N)c1-c1ccc(Cl)cc1,CHEMBL36,IC50,nM,390.0,CHEMBL2425,IC50,uM,0.39,"TgDHFR-TS (T. gondii, apicomplexan)"
CHEMBL665590,Cc1cccc(SCc2cnc3nc(N)nc(N)c3c2C)c1,CHEMBL23272,IC50,nM,65.0,CHEMBL2425,IC50,uM,0.065,"TgDHFR-TS (T. gondii, apicomplexan)"
CHEMBL665589,COc1cc(CCc2cccc3nc(N)nc(N)c23)cc(OC)c1OC,CHEMBL441298,IC50,nM,930.0,CHEMBL2425,IC50,uM,0.93,"TgDHFR-TS (T. gondii, apicomplexan)"
CHEMBL665597,COc1ccc(C(=O)OCc2ccc3nc(N)nc(N)c3c2)cc1OC,CHEMBL310807,IC50,nM,66.0,CHEMBL2425,IC50,uM,0.066,"TgDHFR-TS (T. gondii, apicomplexan)"
CHEMBL665590,COc1ccc(OC)c(NCc2cnc3nc(N)nc(N)c3c2C)c1,CHEMBL23021,IC50,nM,14.0,CHEMBL2425,IC50,uM,0.014,"TgDHFR-TS (T. gondii, apicomplexan)"
CHEMBL665590,COc1ccc(NCc2cnc3nc(N)nc(N)c3c2C)c(C)c1,CHEMBL23382,IC50,nM,7.2,CHEMBL2425,IC50,uM,0.0072,"TgDHFR-TS (T. gondii, apicomplexan)"
CHEMBL665590,COc1ccc(NCc2cnc3nc(N)nc(N)c3c2C)c(OC)c1,CHEMBL279983,IC50,nM,10.0,CHEMBL2425,IC50,uM,0.01,"TgDHFR-TS (T. gondii, apicomplexan)"
CHEMBL665590,Cc1ccc(SCc2cnc3nc(N)nc(N)c3n2)cc1,CHEMBL23425,IC50,nM,15000.0,CHEMBL2425,IC50,uM,15.0,"TgDHFR-TS (T. gondii, apicomplexan)"
CHEMBL665590,Cc1ccc(SCc2cnc3nc(N)nc(N)c3c2C)cc1,CHEMBL24344,IC50,nM,57.0,CHEMBL2425,IC50,uM,0.057,"TgDHFR-TS (T. gondii, apicomplexan)"
CHEMBL665590,COc1cc(Cc2cnc(N)nc2N)cc(OC)c1OC,CHEMBL22,IC50,nM,2730.0,CHEMBL2425,IC50,uM,2.73,"TgDHFR-TS (T. gondii, apicomplexan)"
CHEMBL665590,COc1ccc(N(C)Cc2cnc3nc(N)nc(N)c3c2C)c(OC)c1,CHEMBL23705,IC50,nM,53.0,CHEMBL2425,IC50,uM,0.053,"TgDHFR-TS (T. gondii, apicomplexan)"
CHEMBL665597,COc1ccc(OC)c(Cc2cnc3nc(N)nc(N)c3c2C)c1,CHEMBL7492,IC50,nM,17.0,CHEMBL2425,IC50,uM,0.017,"TgDHFR-TS (T. gondii, apicomplexan)"
CHEMBL665590,Cc1c(CNc2cccc3ccccc23)cnc2nc(N)nc(N)c12,CHEMBL23867,IC50,nM,240.0,CHEMBL2425,IC50,uM,0.24,"TgDHFR-TS (T. gondii, apicomplexan)"
CHEMBL665590,Cc1c(CNc2ccc(Cl)cc2)cnc2nc(N)nc(N)c12,CHEMBL23416,IC50,nM,32.0,CHEMBL2425,IC50,uM,0.032,"TgDHFR-TS (T. gondii, apicomplexan)"
CHEMBL665590,Nc1nc(N)c2nc(CCc3cccc4ccccc34)cnc2n1,CHEMBL276954,IC50,nM,820.0,CHEMBL2425,IC50,uM,0.82,"TgDHFR-TS (T. gondii, apicomplexan)"
CHEMBL665597,Cc1c(COC(=O)c2ccccc2)cnc2nc(N)nc(N)c12,CHEMBL79182,IC50,nM,56.0,CHEMBL2425,IC50,uM,0.056,"TgDHFR-TS (T. gondii, apicomplexan)"
CHEMBL665589,COc1cc(NCc2ccc3nc(N)nc(N)c3c2C)cc(OC)c1OC,CHEMBL119,IC50,nM,10.0,CHEMBL2425,IC50,uM,0.01,"TgDHFR-TS (T. gondii, apicomplexan)"
CHEMBL665597,CN(Cc1ccc2nc(N)nc(N)c2c1)c1ccccc1,CHEMBL78578,IC50,nM,11.0,CHEMBL2425,IC50,uM,0.011,"TgDHFR-TS (T. gondii, apicomplexan)"
CHEMBL665597,Nc1nc(N)c2cc(CO)ccc2n1,CHEMBL309371,IC50,nM,44900.0,CHEMBL2425,IC50,uM,44.9,"TgDHFR-TS (T. gondii, apicomplexan)"
CHEMBL665590,COc1ccc(OC)c(NCc2cnc3nc(N)nc(N)c3n2)c1,CHEMBL23402,IC50,nM,6900.0,CHEMBL2425,IC50,uM,6.9,"TgDHFR-TS (T. gondii, apicomplexan)"
CHEMBL665590,COc1ccc(C(F)(F)F)cc1NCc1cnc2nc(N)nc(N)c2n1,CHEMBL23495,IC50,nM,10600.0,CHEMBL2425,IC50,uM,10.6,"TgDHFR-TS (T. gondii, apicomplexan)"
CHEMBL665590,Cc1cccc(SCc2cnc3nc(N)nc(N)c3n2)c1,CHEMBL286820,IC50,nM,1800.0,CHEMBL2425,IC50,uM,1.8,"TgDHFR-TS (T. gondii, apicomplexan)"
CHEMBL665590,Cc1c(CSc2ccccc2)cnc2nc(N)nc(N)c12,CHEMBL291239,IC50,nM,34.0,CHEMBL2425,IC50,uM,0.034,"TgDHFR-TS (T. gondii, apicomplexan)"
CHEMBL665590,Cc1c(CNc2cccc3c2CCCC3)cnc2nc(N)nc(N)c12,CHEMBL282948,IC50,nM,26.0,CHEMBL2425,IC50,uM,0.026,"TgDHFR-TS (T. gondii, apicomplexan)"
CHEMBL665590,COc1ccc(SCc2cnc3nc(N)nc(N)c3n2)cc1,CHEMBL23146,IC50,nM,14000.0,CHEMBL2425,IC50,uM,14.0,"TgDHFR-TS (T. gondii, apicomplexan)"
CHEMBL665590,COc1ccc(C(F)(F)F)cc1N(C)Cc1cnc2nc(N)nc(N)c2c1C,CHEMBL23076,IC50,nM,38.0,CHEMBL2425,IC50,uM,0.038,"TgDHFR-TS (T. gondii, apicomplexan)"
CHEMBL665589,COc1ccc(OC)c(CCc2cccc3nc(N)nc(N)c23)c1,CHEMBL349149,IC50,nM,5900.0,CHEMBL2425,IC50,uM,5.9,"TgDHFR-TS (T. gondii, apicomplexan)"
CHEMBL665597,COc1ccc(OC)c(C(=O)OCc2ccc3nc(N)nc(N)c3c2)c1,CHEMBL79216,IC50,nM,220.0,CHEMBL2425,IC50,uM,0.22,"TgDHFR-TS (T. gondii, apicomplexan)"
CHEMBL665590,Nc1nc(N)c2nc(CNc3cccc4ccccc34)cnc2n1,CHEMBL26006,IC50,nM,76.0,CHEMBL2425,IC50,uM,0.076,"TgDHFR-TS (T. gondii, apicomplexan)"
CHEMBL665597,Nc1nc(N)c2nc(COC(=O)c3ccccc3)cnc2n1,CHEMBL309784,IC50,nM,5800.0,CHEMBL2425,IC50,uM,5.8,"TgDHFR-TS (T. gondii, apicomplexan)"
CHEMBL665589,Nc1nc(N)c2c(CCc3ccccc3)cccc2n1,CHEMBL341703,IC50,nM,370.0,CHEMBL2425,IC50,uM,0.37,"TgDHFR-TS (T. gondii, apicomplexan)"
CHEMBL665590,COc1cc(NCc2cnc3nc(N)nc(N)c3n2)cc(OC)c1OC,CHEMBL23459,IC50,nM,1000.0,CHEMBL2425,IC50,uM,1.0,"TgDHFR-TS (T. gondii, apicomplexan)"
CHEMBL665590,COc1ccc(C(F)(F)F)cc1NCc1cnc2nc(N)nc(N)c2c1C,CHEMBL281648,IC50,nM,22.0,CHEMBL2425,IC50,uM,0.022,"TgDHFR-TS (T. gondii, apicomplexan)"
CHEMBL665597,Nc1nc(N)c2cc(/C=C/C(=O)Oc3ccccc3)ccc2n1,CHEMBL80123,IC50,nM,189.0,CHEMBL2425,IC50,uM,0.189,"TgDHFR-TS (T. gondii, apicomplexan)"
CHEMBL665590,COc1cccc(C)c1NCc1cnc2nc(N)nc(N)c2c1C,CHEMBL281131,IC50,nM,100.0,CHEMBL2425,IC50,uM,0.1,"TgDHFR-TS (T. gondii, apicomplexan)"
CHEMBL665590,Cc1c(CN(C)c2cccc3c2CCCC3)cnc2nc(N)nc(N)c12,CHEMBL23220,IC50,nM,16.0,CHEMBL2425,IC50,uM,0.016,"TgDHFR-TS (T. gondii, apicomplexan)"
CHEMBL665597,Nc1nc(N)c2cc(COC(=O)c3ccccc3)cnc2n1,CHEMBL80935,IC50,nM,1900.0,CHEMBL2425,IC50,uM,1.9,"TgDHFR-TS (T. gondii, apicomplexan)"
CHEMBL665590,Nc1nc(N)c2nc(CSc3cccc(Cl)c3)cnc2n1,CHEMBL409194,IC50,nM,5700.0,CHEMBL2425,IC50,uM,5.7,"TgDHFR-TS (T. gondii, apicomplexan)"
CHEMBL665590,COc1cc(NCc2cnc3nc(N)nc(N)c3n2)cc(C(F)(F)F)c1,CHEMBL23466,IC50,nM,890.0,CHEMBL2425,IC50,uM,0.89,"TgDHFR-TS (T. gondii, apicomplexan)"
CHEMBL665590,COc1ccc(SCc2cnc3nc(N)nc(N)c3c2C)cc1,CHEMBL23911,IC50,nM,63.0,CHEMBL2425,IC50,uM,0.063,"TgDHFR-TS (T. gondii, apicomplexan)"
CHEMBL665590,COc1ccc(SCc2cnc3nc(N)nc(N)c3c2C)cc1OC,CHEMBL23244,IC50,nM,30.0,CHEMBL2425,IC50,uM,0.03,"TgDHFR-TS (T. gondii, apicomplexan)"
CHEMBL665590,Nc1nc(N)c2nc(CNc3ccc(Cl)cc3)cnc2n1,CHEMBL22672,IC50,nM,590.0,CHEMBL2425,IC50,uM,0.59,"TgDHFR-TS (T. gondii, apicomplexan)"
CHEMBL665590,COc1ccc(OC)c(N(C)Cc2cnc3nc(N)nc(N)c3c2C)c1,CHEMBL281803,IC50,nM,28.0,CHEMBL2425,IC50,uM,0.028,"TgDHFR-TS (T. gondii, apicomplexan)"
CHEMBL665590,Cc1c(CCc2cccc3ccccc23)cnc2nc(N)nc(N)c12,CHEMBL23374,IC50,nM,26.0,CHEMBL2425,IC50,uM,0.026,"TgDHFR-TS (T. gondii, apicomplexan)"
CHEMBL665590,COc1ccc(OC)c(CCc2cnc3nc(N)nc(N)c3n2)c1,CHEMBL287511,IC50,nM,5400.0,CHEMBL2425,IC50,uM,5.4,"TgDHFR-TS (T. gondii, apicomplexan)"
CHEMBL665590,Nc1nc(N)c2cc(CNc3cccc4ccccc34)ccc2n1,CHEMBL23211,IC50,nM,27.0,CHEMBL2425,IC50,uM,0.027,"TgDHFR-TS (T. gondii, apicomplexan)"
CHEMBL665590,Cc1cc(Cl)ccc1NCc1ccc2nc(N)nc(N)c2c1,CHEMBL23227,IC50,nM,33.0,CHEMBL2425,IC50,uM,0.033,"TgDHFR-TS (T. gondii, apicomplexan)"
CHEMBL665589,Nc1nc(N)c2c(/C=C/c3ccccc3)cccc2n1,CHEMBL164845,IC50,nM,1200.0,CHEMBL2425,IC50,uM,1.2,"TgDHFR-TS (T. gondii, apicomplexan)"
CHEMBL665597,COc1cc(Cc2cnc(N)nc2N)cc(OC)c1OC,CHEMBL22,IC50,nM,2700.0,CHEMBL2425,IC50,uM,2.7,"TgDHFR-TS (T. gondii, apicomplexan)"
CHEMBL665597,Nc1nc(N)c2cc(COC(=O)c3ccc(C(=O)O)cc3)ccc2n1,CHEMBL77409,IC50,nM,1000.0,CHEMBL2425,IC50,uM,1.0,"TgDHFR-TS (T. gondii, apicomplexan)"
CHEMBL665590,Nc1nc(N)c2nc(CSc3ccccc3)cnc2n1,CHEMBL279243,IC50,nM,770.0,CHEMBL2425,IC50,uM,0.77,"TgDHFR-TS (T. gondii, apicomplexan)"
CHEMBL665590,COc1cc(OC)cc(N(C)Cc2cnc3nc(N)nc(N)c3c2C)c1,CHEMBL22623,IC50,nM,4.0,CHEMBL2425,IC50,uM,0.004,"TgDHFR-TS (T. gondii, apicomplexan)"
CHEMBL665590,Cc1c(CSc2cccc(Cl)c2)cnc2nc(N)nc(N)c12,CHEMBL24007,IC50,nM,90.0,CHEMBL2425,IC50,uM,0.09,"TgDHFR-TS (T. gondii, apicomplexan)"
CHEMBL665590,COc1cc(NCc2cnc3nc(N)nc(N)c3c2C)cc(C(F)(F)F)c1,CHEMBL23963,IC50,nM,18.0,CHEMBL2425,IC50,uM,0.018,"TgDHFR-TS (T. gondii, apicomplexan)"
CHEMBL665590,Cc1ccc(C)c(NCc2cnc3nc(N)nc(N)c3c2C)c1,CHEMBL23383,IC50,nM,16.0,CHEMBL2425,IC50,uM,0.016,"TgDHFR-TS (T. gondii, apicomplexan)"
CHEMBL665590,COc1ccc(C)cc1NCc1cnc2nc(N)nc(N)c2c1C,CHEMBL279705,IC50,nM,15.0,CHEMBL2425,IC50,uM,0.015,"TgDHFR-TS (T. gondii, apicomplexan)"
CHEMBL665590,COc1ccc(NCc2cnc3nc(N)nc(N)c3c2C)cc1OC,CHEMBL283518,IC50,nM,2.7,CHEMBL2425,IC50,uM,0.0027,"TgDHFR-TS (T. gondii, apicomplexan)"
CHEMBL665597,COc1cc(C(=O)OCc2ccc3nc(N)nc(N)c3c2)cc(OC)c1OC,CHEMBL78022,IC50,nM,50.0,CHEMBL2425,IC50,uM,0.05,"TgDHFR-TS (T. gondii, apicomplexan)"
CHEMBL665597,COc1cc(OC)cc(C(=O)OCc2ccc3nc(N)nc(N)c3c2)c1,CHEMBL420393,IC50,nM,150.0,CHEMBL2425,IC50,uM,0.15,"TgDHFR-TS (T. gondii, apicomplexan)"
CHEMBL665590,COc1ccc(C)c(NCc2cnc3nc(N)nc(N)c3n2)c1,CHEMBL23560,IC50,nM,440.0,CHEMBL2425,IC50,uM,0.44,"TgDHFR-TS (T. gondii, apicomplexan)"
CHEMBL665590,Nc1nc(N)c2cc(CNc3ccc(Cl)cc3)cnc2n1,CHEMBL23492,IC50,nM,300.0,CHEMBL2425,IC50,uM,0.3,"TgDHFR-TS (T. gondii, apicomplexan)"
CHEMBL665590,COc1ccc(OC)c(Cc2cnc3nc(N)nc(N)c3c2C)c1,CHEMBL7492,IC50,nM,17.0,CHEMBL2425,IC50,uM,0.017,"TgDHFR-TS (T. gondii, apicomplexan)"
CHEMBL665589,CCc1nc(N)nc(N)c1-c1ccc(Cl)cc1,CHEMBL36,IC50,nM,390.0,CHEMBL2425,IC50,uM,0.39,"TgDHFR-TS (T. gondii, apicomplexan)"
CHEMBL665589,COc1ccc(OC)c(Cc2cnc3nc(N)nc(N)c3c2C)c1,CHEMBL7492,IC50,nM,17.0,CHEMBL2425,IC50,uM,0.017,"TgDHFR-TS (T. gondii, apicomplexan)"
CHEMBL665590,COc1ccc(SCc2cnc3nc(N)nc(N)c3n2)cc1OC,CHEMBL23286,IC50,nM,23200.0,CHEMBL2425,IC50,uM,23.2,"TgDHFR-TS (T. gondii, apicomplexan)"
CHEMBL665590,COc1cc(NCc2cnc3nc(N)nc(N)c3c2)cc(OC)c1OC,CHEMBL23288,IC50,nM,130.0,CHEMBL2425,IC50,uM,0.13,"TgDHFR-TS (T. gondii, apicomplexan)"
CHEMBL665590,COc1cccc(SCc2cnc3nc(N)nc(N)c3c2C)c1,CHEMBL277217,IC50,nM,110.0,CHEMBL2425,IC50,uM,0.11,"TgDHFR-TS (T. gondii, apicomplexan)"
CHEMBL665597,Nc1nc(N)c2cc(CNc3ccccc3)ccc2n1,CHEMBL80746,IC50,nM,100.0,CHEMBL2425,IC50,uM,0.1,"TgDHFR-TS (T. gondii, apicomplexan)"
CHEMBL665590,Nc1nc(N)c2nc(CSc3ccc(Cl)cc3)cnc2n1,CHEMBL23787,IC50,nM,16800.0,CHEMBL2425,IC50,uM,16.8,"TgDHFR-TS (T. gondii, apicomplexan)"
CHEMBL665597,Nc1nc(N)c2cc(COC(=O)c3ccccc3)ccc2n1,CHEMBL421319,IC50,nM,99.0,CHEMBL2425,IC50,uM,0.099,"TgDHFR-TS (T. gondii, apicomplexan)"
CHEMBL665597,COc1cc(NCc2ccc3nc(N)nc(N)c3c2C)cc(OC)c1OC,CHEMBL119,IC50,nM,10.0,CHEMBL2425,IC50,uM,0.01,"TgDHFR-TS (T. gondii, apicomplexan)"
CHEMBL665590,COc1cccc(C)c1NCc1cnc2nc(N)nc(N)c2n1,CHEMBL23657,IC50,nM,1850.0,CHEMBL2425,IC50,uM,1.85,"TgDHFR-TS (T. gondii, apicomplexan)"
CHEMBL665590,CCOc1ccc(OCC)c(N(C)Cc2cnc3nc(N)nc(N)c3c2C)c1,CHEMBL23844,IC50,nM,29.0,CHEMBL2425,IC50,uM,0.029,"TgDHFR-TS (T. gondii, apicomplexan)"
CHEMBL665589,COc1cc(Cc2cnc(N)nc2N)cc(OC)c1OC,CHEMBL22,IC50,nM,2700.0,CHEMBL2425,IC50,uM,2.7,"TgDHFR-TS (T. gondii, apicomplexan)"
CHEMBL665597,Nc1nc(N)c2cc(COC(=O)Cc3ccccc3)ccc2n1,CHEMBL78631,IC50,nM,1900.0,CHEMBL2425,IC50,uM,1.9,"TgDHFR-TS (T. gondii, apicomplexan)"
CHEMBL665590,CCOc1ccc(OCC)c(NCc2cnc3nc(N)nc(N)c3c2C)c1,CHEMBL279679,IC50,nM,22.0,CHEMBL2425,IC50,uM,0.022,"TgDHFR-TS (T. gondii, apicomplexan)"
CHEMBL665590,Cc1c(CSc2cccc3ccccc23)cnc2nc(N)nc(N)c12,CHEMBL23584,IC50,nM,30.0,CHEMBL2425,IC50,uM,0.03,"TgDHFR-TS (T. gondii, apicomplexan)"
CHEMBL665590,COc1ccc(C)c(NCc2cnc3nc(N)nc(N)c3c2C)c1,CHEMBL23713,IC50,nM,23.0,CHEMBL2425,IC50,uM,0.023,"TgDHFR-TS (T. gondii, apicomplexan)"
CHEMBL665590,COc1cc(NCc2cnc3nc(N)nc(N)c3c2C)cc(OC)c1,CHEMBL23569,IC50,nM,3.5,CHEMBL2425,IC50,uM,0.0035,"TgDHFR-TS (T. gondii, apicomplexan)"
CHEMBL665590,COc1cc(NCc2cnc3nc(N)nc(N)c3c2C)cc(OC)c1OC,CHEMBL23532,IC50,nM,2.7,CHEMBL2425,IC50,uM,0.0027,"TgDHFR-TS (T. gondii, apicomplexan)"
CHEMBL665597,Nc1nc(N)c2cc(C(=O)OCc3ccccc3)ccc2n1,CHEMBL306731,IC50,nM,360.0,CHEMBL2425,IC50,uM,0.36,"TgDHFR-TS (T. gondii, apicomplexan)"
CHEMBL665597,COc1ccc(C(=O)OCc2ccc3nc(N)nc(N)c3c2)c(OC)c1OC,CHEMBL309792,IC50,nM,140.0,CHEMBL2425,IC50,uM,0.14,"TgDHFR-TS (T. gondii, apicomplexan)"
CHEMBL665598,COc1ccc(C#CCOc2ccccc2C(=O)O)cc1Cc1cnc(N)nc1N,CHEMBL35437,IC50,nM,500.0,CHEMBL2425,IC50,nM,500.0,"TgDHFR-TS (T. gondii, apicomplexan)"
CHEMBL665598,COc1ccc(CCCOc2cccc(C(=O)O)c2)cc1Cc1cnc(N)nc1N,CHEMBL284839,IC50,nM,210.0,CHEMBL2425,IC50,nM,210.0,"TgDHFR-TS (T. gondii, apicomplexan)"
CHEMBL665598,COc1ccc(CCc2ccc(C(=O)O)cc2)cc1Cc1cnc(N)nc1N,CHEMBL38158,IC50,nM,1500.0,CHEMBL2425,IC50,nM,1500.0,"TgDHFR-TS (T. gondii, apicomplexan)"
CHEMBL665598,COc1ccc(C#CCOc2cccc(C(=O)O)c2)cc1Cc1cnc(N)nc1N,CHEMBL35080,IC50,nM,1600.0,CHEMBL2425,IC50,nM,1600.0,"TgDHFR-TS (T. gondii, apicomplexan)"
CHEMBL665598,COc1ccc(C#Cc2ccc(C(=O)O)cc2)cc1Cc1cnc(N)nc1N,CHEMBL34293,IC50,nM,340.0,CHEMBL2425,IC50,nM,340.0,"TgDHFR-TS (T. gondii, apicomplexan)"
CHEMBL665598,COc1ccc(OCc2ccc(C(=O)O)cc2)cc1Cc1cnc(N)nc1N,CHEMBL290806,IC50,nM,2000.0,CHEMBL2425,IC50,nM,2000.0,"TgDHFR-TS (T. gondii, apicomplexan)"
CHEMBL665598,COc1ccc(CCCCCCC(=O)O)cc1Cc1cnc(N)nc1N,CHEMBL288350,IC50,nM,30.0,CHEMBL2425,IC50,nM,30.0,"TgDHFR-TS (T. gondii, apicomplexan)"
CHEMBL665598,COc1ccc(OCc2cccc(C(=O)O)c2)cc1Cc1cnc(N)nc1N,CHEMBL288647,IC50,nM,600.0,CHEMBL2425,IC50,nM,600.0,"TgDHFR-TS (T. gondii, apicomplexan)"
CHEMBL665598,COc1ccc(OC)c(Cc2cnc3nc(N)nc(N)c3c2C)c1,CHEMBL7492,IC50,nM,4.3,CHEMBL2425,IC50,nM,4.3,"TgDHFR-TS (T. gondii, apicomplexan)"
CHEMBL665598,COc1ccc(C#Cc2cccc(C(=O)O)c2)cc1Cc1cnc(N)nc1N,CHEMBL35020,IC50,nM,5.5,CHEMBL2425,IC50,nM,5.5,"TgDHFR-TS (T. gondii, apicomplexan)"
CHEMBL665598,COc1cc(Cc2cnc(N)nc2N)cc(OC)c1OC,CHEMBL22,IC50,nM,2800.0,CHEMBL2425,IC50,nM,2800.0,"TgDHFR-TS (T. gondii, apicomplexan)"
CHEMBL665598,COc1ccc(/C=C/COc2ccccc2C(=O)O)cc1Cc1cnc(N)nc1N,CHEMBL34641,IC50,nM,2500.0,CHEMBL2425,IC50,nM,2500.0,"TgDHFR-TS (T. gondii, apicomplexan)"
CHEMBL665598,COc1ccc(CCCOc2ccccc2C(=O)O)cc1Cc1cnc(N)nc1N,CHEMBL289908,IC50,nM,710.0,CHEMBL2425,IC50,nM,710.0,"TgDHFR-TS (T. gondii, apicomplexan)"
CHEMBL665598,COc1ccc(C#Cc2ccccc2C(=O)O)cc1Cc1cnc(N)nc1N,CHEMBL34378,IC50,nM,1900.0,CHEMBL2425,IC50,nM,1900.0,"TgDHFR-TS (T. gondii, apicomplexan)"
CHEMBL665700,Cc1c(CN(C)c2ccccc2Cl)cnc2nc(N)nc(N)c12,CHEMBL309966,IC50,nM,18.0,CHEMBL2425,IC50,nM,18.0,"TgDHFR-TS (T. gondii, apicomplexan)"
CHEMBL665605,C#CCN(CC1CCc2nc(N)nc(N)c2C1)c1cc(OC)c(OC)c(OC)c1,CHEMBL120821,IC50,nM,12.0,CHEMBL2425,IC50,nM,12.0,"TgDHFR-TS (T. gondii, apicomplexan)"
CHEMBL665604,Nc1nc(N)c2c(n1)CCC(CNc1ccc(Cl)cc1)C2,CHEMBL121947,IC50,nM,78.0,CHEMBL2425,IC50,nM,78.0,"TgDHFR-TS (T. gondii, apicomplexan)"
CHEMBL665603,Nc1nc(N)c2c(n1)CCC(CNc1cccc3ccccc13)C2,CHEMBL121264,IC50,nM,36.0,CHEMBL2425,IC50,nM,36.0,"TgDHFR-TS (T. gondii, apicomplexan)"
CHEMBL665700,COc1cc(NCc2cnc3nc(N)nc(N)c3c2C)cc(OC)c1OC,CHEMBL23532,IC50,nM,7.4,CHEMBL2425,IC50,nM,7.4,"TgDHFR-TS (T. gondii, apicomplexan)"
CHEMBL665700,Cc1c(CN(C)c2cc(Cl)c(Cl)c(Cl)c2)cnc2nc(N)nc(N)c12,CHEMBL82924,IC50,nM,38.1,CHEMBL2425,IC50,nM,38.1,"TgDHFR-TS (T. gondii, apicomplexan)"
CHEMBL665700,Cc1c(CNc2cc(Cl)c(Cl)c(Cl)c2)cnc2nc(N)nc(N)c12,CHEMBL420224,IC50,nM,12.0,CHEMBL2425,IC50,nM,12.0,"TgDHFR-TS (T. gondii, apicomplexan)"
CHEMBL665700,COc1ccccc1NCc1cnc2nc(N)nc(N)c2c1C,CHEMBL84457,IC50,nM,23.0,CHEMBL2425,IC50,nM,23.0,"TgDHFR-TS (T. gondii, apicomplexan)"
CHEMBL665700,COc1ccc(NCc2cnc3nc(N)nc(N)c3c2C)cc1,CHEMBL312348,IC50,nM,12.0,CHEMBL2425,IC50,nM,12.0,"TgDHFR-TS (T. gondii, apicomplexan)"
CHEMBL665700,COc1ccc(OC)c(Cc2cnc3nc(N)nc(N)c3c2C)c1,CHEMBL7492,IC50,nM,11.0,CHEMBL2425,IC50,nM,11.0,"TgDHFR-TS (T. gondii, apicomplexan)"
CHEMBL665603,COc1cc(Cc2cnc(N)nc2N)cc(OC)c1OC,CHEMBL22,IC50,nM,2700.0,CHEMBL2425,IC50,nM,2700.0,"TgDHFR-TS (T. gondii, apicomplexan)"
CHEMBL665605,COc1ccc(OC)c(NCC2CCc3nc(N)nc(N)c3C2)c1,CHEMBL7263,IC50,nM,181.0,CHEMBL2425,IC50,nM,181.0,"TgDHFR-TS (T. gondii, apicomplexan)"
CHEMBL665605,CCOc1ccc(OCC)c(N(C)CC2CCc3nc(N)nc(N)c3C2)c1,CHEMBL264548,IC50,nM,17.0,CHEMBL2425,IC50,nM,17.0,"TgDHFR-TS (T. gondii, apicomplexan)"
CHEMBL665604,COc1cc(NCC2CCc3nc(N)nc(N)c3C2)cc(OC)c1OC,CHEMBL7488,IC50,nM,54.0,CHEMBL2425,IC50,nM,54.0,"TgDHFR-TS (T. gondii, apicomplexan)"
CHEMBL665700,COc1ccc(OC)c(N(C)Cc2cnc3nc(N)nc(N)c3c2C)c1,CHEMBL281803,IC50,nM,30.1,CHEMBL2425,IC50,nM,30.1,"TgDHFR-TS (T. gondii, apicomplexan)"
CHEMBL665700,COc1cccc(NCc2cnc3nc(N)nc(N)c3c2C)c1,CHEMBL80070,IC50,nM,7.4,CHEMBL2425,IC50,nM,7.4,"TgDHFR-TS (T. gondii, apicomplexan)"
CHEMBL665700,Cc1c(CNc2ccc(Cl)c(Cl)c2)cnc2nc(N)nc(N)c12,CHEMBL81820,IC50,nM,28.0,CHEMBL2425,IC50,nM,28.0,"TgDHFR-TS (T. gondii, apicomplexan)"
CHEMBL665700,Cc1c(CNc2cccc(Cl)c2)cnc2nc(N)nc(N)c12,CHEMBL80066,IC50,nM,11.0,CHEMBL2425,IC50,nM,11.0,"TgDHFR-TS (T. gondii, apicomplexan)"
CHEMBL665605,Nc1nc(N)c2c(n1)CCC(CNc1cccc(Br)c1)C2,CHEMBL123276,IC50,nM,30.0,CHEMBL2425,IC50,nM,30.0,"TgDHFR-TS (T. gondii, apicomplexan)"
CHEMBL665604,COc1cc(CN(C)CC2CCc3nc(N)nc(N)c3C2)cc(OC)c1OC,CHEMBL122704,IC50,nM,330.0,CHEMBL2425,IC50,nM,330.0,"TgDHFR-TS (T. gondii, apicomplexan)"
CHEMBL665700,Cc1c(CNc2ccccc2Cl)cnc2nc(N)nc(N)c12,CHEMBL81119,IC50,nM,7.1,CHEMBL2425,IC50,nM,7.1,"TgDHFR-TS (T. gondii, apicomplexan)"
CHEMBL665605,COc1cc(N(C)CC2CCc3nc(N)nc(N)c3C2)cc(OC)c1OC,CHEMBL123122,IC50,nM,7.0,CHEMBL2425,IC50,nM,7.0,"TgDHFR-TS (T. gondii, apicomplexan)"
CHEMBL665604,Nc1nc(N)c2c(n1)CCC(CNc1cc(Cl)ccc1Cl)C2,CHEMBL121319,IC50,nM,97.0,CHEMBL2425,IC50,nM,97.0,"TgDHFR-TS (T. gondii, apicomplexan)"
CHEMBL665604,Nc1nc(N)c2c(n1)CCC(CNc1c(Cl)cccc1Cl)C2,CHEMBL333791,IC50,nM,9.9,CHEMBL2425,IC50,nM,9.9,"TgDHFR-TS (T. gondii, apicomplexan)"
CHEMBL665700,Cc1c(CN(C)c2ccc(Cl)cc2)cnc2nc(N)nc(N)c12,CHEMBL310880,IC50,nM,5.4,CHEMBL2425,IC50,nM,5.4,"TgDHFR-TS (T. gondii, apicomplexan)"
CHEMBL665605,COc1ccc(OC)c(N(C)CC2CCc3nc(N)nc(N)c3C2)c1,CHEMBL121868,IC50,nM,15.0,CHEMBL2425,IC50,nM,15.0,"TgDHFR-TS (T. gondii, apicomplexan)"
CHEMBL665605,CN(CC1CCc2nc(N)nc(N)c2C1)c1ccc(Cl)c(Cl)c1,CHEMBL121433,IC50,nM,21.0,CHEMBL2425,IC50,nM,21.0,"TgDHFR-TS (T. gondii, apicomplexan)"
CHEMBL665604,CCOc1ccc(OCC)c(NCC2CCc3nc(N)nc(N)c3C2)c1,CHEMBL120939,IC50,nM,140.0,CHEMBL2425,IC50,nM,140.0,"TgDHFR-TS (T. gondii, apicomplexan)"
CHEMBL665605,Nc1nc(N)c2c(n1)CCC(CNc1ccc(Cl)c(Cl)c1)C2,CHEMBL120994,IC50,nM,110.0,CHEMBL2425,IC50,nM,110.0,"TgDHFR-TS (T. gondii, apicomplexan)"
CHEMBL665605,CN(CC1CCc2nc(N)nc(N)c2C1)c1cccc2ccccc12,CHEMBL121348,IC50,nM,23.0,CHEMBL2425,IC50,nM,23.0,"TgDHFR-TS (T. gondii, apicomplexan)"
CHEMBL665700,Cc1c(CNc2ccc(Br)cc2)cnc2nc(N)nc(N)c12,CHEMBL80065,IC50,nM,9.5,CHEMBL2425,IC50,nM,9.5,"TgDHFR-TS (T. gondii, apicomplexan)"
CHEMBL665700,COc1ccc(N(C)Cc2cnc3nc(N)nc(N)c3c2C)cc1,CHEMBL264386,IC50,nM,7.3,CHEMBL2425,IC50,nM,7.3,"TgDHFR-TS (T. gondii, apicomplexan)"
CHEMBL665605,CN(CC1CCc2nc(N)nc(N)c2C1)c1ccc(Cl)cc1,CHEMBL123043,IC50,nM,22.0,CHEMBL2425,IC50,nM,22.0,"TgDHFR-TS (T. gondii, apicomplexan)"
CHEMBL665605,COc1cc(NCc2ccc3nc(N)nc(N)c3c2C)cc(OC)c1OC,CHEMBL119,IC50,nM,10.0,CHEMBL2425,IC50,nM,10.0,"TgDHFR-TS (T. gondii, apicomplexan)"
CHEMBL665700,COc1cc(N(C)Cc2cnc3nc(N)nc(N)c3c2C)cc(OC)c1OC,CHEMBL50514,IC50,nM,0.85,CHEMBL2425,IC50,nM,0.85,"TgDHFR-TS (T. gondii, apicomplexan)"
CHEMBL665700,COc1ccc(NCc2cnc3nc(N)nc(N)c3c2C)cc1OC,CHEMBL283518,IC50,nM,29.0,CHEMBL2425,IC50,nM,29.0,"TgDHFR-TS (T. gondii, apicomplexan)"
CHEMBL665700,Cc1c(CNc2ccccc2)cnc2nc(N)nc(N)c12,CHEMBL79123,IC50,nM,17.0,CHEMBL2425,IC50,nM,17.0,"TgDHFR-TS (T. gondii, apicomplexan)"
CHEMBL665700,COc1cc(NCc2ccc3nc(N)nc(N)c3c2C)cc(OC)c1OC,CHEMBL119,IC50,nM,10.0,CHEMBL2425,IC50,nM,10.0,"TgDHFR-TS (T. gondii, apicomplexan)"
CHEMBL884354,COc1cc(Cc2cnc(N)nc2N)cc(OC)c1OC,CHEMBL22,IC50,nM,2700.0,CHEMBL2425,IC50,nM,2700.0,"TgDHFR-TS (T. gondii, apicomplexan)"
CHEMBL884354,COc1ccc(N(C)Cc2cnc3nc(N)nc(N)c3c2C)cc1OC,CHEMBL279680,IC50,nM,29.0,CHEMBL2425,IC50,nM,29.0,"TgDHFR-TS (T. gondii, apicomplexan)"
CHEMBL665700,Cc1c(CNc2ccc(Cl)cc2)cnc2nc(N)nc(N)c12,CHEMBL23416,IC50,nM,19.0,CHEMBL2425,IC50,nM,19.0,"TgDHFR-TS (T. gondii, apicomplexan)"
CHEMBL665700,COc1cccc(N(C)Cc2cnc3nc(N)nc(N)c3c2C)c1,CHEMBL79922,IC50,nM,6.3,CHEMBL2425,IC50,nM,6.3,"TgDHFR-TS (T. gondii, apicomplexan)"
CHEMBL665700,Cc1c(CN(C)c2ccc(Br)cc2)cnc2nc(N)nc(N)c12,CHEMBL79347,IC50,nM,30.0,CHEMBL2425,IC50,nM,30.0,"TgDHFR-TS (T. gondii, apicomplexan)"
CHEMBL665605,CCN(CC1CCc2nc(N)nc(N)c2C1)c1cc(OC)ccc1OC,CHEMBL121683,IC50,nM,17.0,CHEMBL2425,IC50,nM,17.0,"TgDHFR-TS (T. gondii, apicomplexan)"
CHEMBL665604,Nc1nc(N)c2c(n1)CCC(CN1CCc3ccccc31)C2,CHEMBL120826,IC50,nM,27.0,CHEMBL2425,IC50,nM,27.0,"TgDHFR-TS (T. gondii, apicomplexan)"
CHEMBL665700,Cc1c(CN(C)c2ccc(Cl)c(Cl)c2)cnc2nc(N)nc(N)c12,CHEMBL82975,IC50,nM,27.0,CHEMBL2425,IC50,nM,27.0,"TgDHFR-TS (T. gondii, apicomplexan)"
CHEMBL665701,COc1ccc(CN2CCc3nc4nc(N)nc(N)c4cc3C2)cc1,CHEMBL146925,IC50,nM,2900.0,CHEMBL2425,IC50,uM,2.9,"TgDHFR-TS (T. gondii, apicomplexan)"
CHEMBL665701,COc1cc(NCc2ccc3nc(N)nc(N)c3c2C)cc(OC)c1OC,CHEMBL119,IC50,nM,5.1,CHEMBL2425,IC50,uM,0.0051,"TgDHFR-TS (T. gondii, apicomplexan)"
CHEMBL665701,Nc1nc(N)c2cc3c(nc2n1)CCN(Cc1ccc(Cl)c(Cl)c1)C3,CHEMBL439816,IC50,nM,5100.0,CHEMBL2425,IC50,uM,5.1,"TgDHFR-TS (T. gondii, apicomplexan)"
CHEMBL665701,Nc1nc(N)c2cc3c(nc2n1)CCN(Cc1ccccc1)C3,CHEMBL421959,IC50,nM,1400.0,CHEMBL2425,IC50,uM,1.4,"TgDHFR-TS (T. gondii, apicomplexan)"
CHEMBL665701,Nc1nc(N)c2cc3c(nc2n1)CCN(C(=O)OCc1ccccc1)C3,CHEMBL148599,IC50,nM,22000.0,CHEMBL2425,IC50,uM,22.0,"TgDHFR-TS (T. gondii, apicomplexan)"
CHEMBL665701,CN(Cc1cnc2nc(N)nc(N)c2n1)c1ccc(C(=O)N[C@@H](CCC(=O)O)C(=O)O)cc1,CHEMBL34259,IC50,nM,22.0,CHEMBL2425,IC50,uM,0.022,"TgDHFR-TS (T. gondii, apicomplexan)"
CHEMBL665701,Nc1nc(N)c2cc3c(nc2n1)CCN(Cc1ccc(C(=O)N[C@@H](CCC(=O)O)C(=O)O)cc1)C3,CHEMBL422316,IC50,nM,900.0,CHEMBL2425,IC50,uM,0.9,"TgDHFR-TS (T. gondii, apicomplexan)"
CHEMBL665701,COc1cc(Cc2cnc(N)nc2N)cc(OC)c1OC,CHEMBL22,IC50,nM,3400.0,CHEMBL2425,IC50,uM,3.4,"TgDHFR-TS (T. gondii, apicomplexan)"
CHEMBL665701,COc1cc(CN2CCc3nc4nc(N)nc(N)c4cc3C2)cc(OC)c1,CHEMBL357973,IC50,nM,2700.0,CHEMBL2425,IC50,uM,2.7,"TgDHFR-TS (T. gondii, apicomplexan)"
CHEMBL665701,Nc1nc(N)c2cc3c(nc2n1)CCN(Cc1ccc(Cl)cc1Cl)C3,CHEMBL149027,IC50,nM,2100.0,CHEMBL2425,IC50,uM,2.1,"TgDHFR-TS (T. gondii, apicomplexan)"
CHEMBL664908,Nc1nc(N)c2c(CNc3cccc4ccccc34)coc2n1,CHEMBL23846,IC50,nM,37000.0,CHEMBL2425,IC50,uM,37.0,"TgDHFR-TS (T. gondii, apicomplexan)"
CHEMBL664908,CN(Cc1coc2nc(N)nc(N)c12)c1cc(Cl)c(Cl)c(Cl)c1,CHEMBL278110,IC50,nM,21500.0,CHEMBL2425,IC50,uM,21.5,"TgDHFR-TS (T. gondii, apicomplexan)"
CHEMBL664908,Nc1nc(N)c2c(CNc3ccccc3-c3ccccc3)coc2n1,CHEMBL23960,IC50,nM,45400.0,CHEMBL2425,IC50,uM,45.4,"TgDHFR-TS (T. gondii, apicomplexan)"
CHEMBL664908,COc1cc(NCc2ccc3nc(N)nc(N)c3c2C)cc(OC)c1OC,CHEMBL119,IC50,nM,10.0,CHEMBL2425,IC50,uM,0.01,"TgDHFR-TS (T. gondii, apicomplexan)"
CHEMBL664908,CCOc1cc(Cc2cnc(N)nc2N)cc(OCC)c1-n1cccc1,CHEMBL280378,IC50,nM,480.0,CHEMBL2425,IC50,uM,0.48,"TgDHFR-TS (T. gondii, apicomplexan)"
CHEMBL664908,CN(Cc1coc2nc(N)nc(N)c12)c1ccc2ccccc2c1,CHEMBL22561,IC50,nM,23600.0,CHEMBL2425,IC50,uM,23.6,"TgDHFR-TS (T. gondii, apicomplexan)"
CHEMBL664908,COc1cc(Cc2cnc(N)nc2N)cc(OC)c1OC,CHEMBL22,IC50,nM,2700.0,CHEMBL2425,IC50,uM,2.7,"TgDHFR-TS (T. gondii, apicomplexan)"
CHEMBL664908,Nc1nc(N)c2c(CSc3ccc4ccccc4c3)coc2n1,CHEMBL283311,IC50,nM,11600.0,CHEMBL2425,IC50,uM,11.6,"TgDHFR-TS (T. gondii, apicomplexan)"
CHEMBL664908,Nc1nc(N)c2c(CSc3cccc4ccccc34)coc2n1,CHEMBL283515,IC50,nM,19000.0,CHEMBL2425,IC50,uM,19.0,"TgDHFR-TS (T. gondii, apicomplexan)"
CHEMBL664908,Nc1nc(N)c2c(CNc3ccc4ccccc4c3)coc2n1,CHEMBL279914,IC50,nM,38000.0,CHEMBL2425,IC50,uM,38.0,"TgDHFR-TS (T. gondii, apicomplexan)"
CHEMBL664908,Nc1nc(N)c2c(CNc3ccc(Oc4ccccc4)cc3)coc2n1,CHEMBL23297,IC50,nM,32400.0,CHEMBL2425,IC50,uM,32.4,"TgDHFR-TS (T. gondii, apicomplexan)"
CHEMBL665593,COc1cc(N(C)Cc2cnc3nc(N)nc(N)c3c2C)cc(OC)c1OC,CHEMBL50514,IC50,nM,0.85,CHEMBL2425,IC50,nM,0.85,"TgDHFR-TS (T. gondii, apicomplexan)"
CHEMBL665593,COc1cc(N2CCC3c4c(N)nc(N)nc4NCC3C2)cc(OC)c1OC,CHEMBL299927,IC50,nM,290.0,CHEMBL2425,IC50,nM,290.0,"TgDHFR-TS (T. gondii, apicomplexan)"
CHEMBL665593,COc1cc(NCc2ccc3nc(N)nc(N)c3c2C)cc(OC)c1OC,CHEMBL119,IC50,nM,10.0,CHEMBL2425,IC50,nM,10.0,"TgDHFR-TS (T. gondii, apicomplexan)"
CHEMBL665593,COc1c(Cl)c(-n2ccc3c4c(N)nc(N)nc4nc(=O)c-3c2)c(Cl)c(OC)c1OC,CHEMBL431740,IC50,nM,2300.0,CHEMBL2425,IC50,nM,2300.0,"TgDHFR-TS (T. gondii, apicomplexan)"
CHEMBL665593,COc1ccc(OC)c(Cc2cnc3nc(N)nc(N)c3c2C)c1,CHEMBL7492,IC50,nM,17.0,CHEMBL2425,IC50,nM,17.0,"TgDHFR-TS (T. gondii, apicomplexan)"
CHEMBL665593,COc1cc(N2C=Cc3c(cnc4nc(N)nc(N)c34)C2)cc(OC)c1OC.O=C(O)C(F)(F)F,CHEMBL58597,IC50,nM,760.0,CHEMBL2425,IC50,nM,760.0,"TgDHFR-TS (T. gondii, apicomplexan)"
CHEMBL665593,COc1cc(-n2ccc3c4c(N)nc(N)nc4nc(=O)c-3c2)cc(OC)c1OC,CHEMBL57682,IC50,nM,520.0,CHEMBL2425,IC50,nM,520.0,"TgDHFR-TS (T. gondii, apicomplexan)"
CHEMBL665593,COc1cc(N2C=C3C(=O)N=c4nc(N)nc(N)c4=C3CC2)cc(OC)c1OC,CHEMBL293512,IC50,nM,1120.0,CHEMBL2425,IC50,nM,1120.0,"TgDHFR-TS (T. gondii, apicomplexan)"
CHEMBL665602,Nc1nc(N)c2c(n1)CCC(Cc1ccc(OC(F)(F)F)cc1)C2,CHEMBL7062,IC50,nM,73.0,CHEMBL2425,IC50,uM,0.073,"TgDHFR-TS (T. gondii, apicomplexan)"
CHEMBL665602,Nc1nc(N)c2c(n1)CCC(CC1CCCO1)C2,CHEMBL7170,IC50,nM,40.0,CHEMBL2425,IC50,uM,0.04,"TgDHFR-TS (T. gondii, apicomplexan)"
CHEMBL665602,COc1cc(Cc2cnc(N)nc2N)cc(OC)c1OC,CHEMBL22,IC50,nM,2700.0,CHEMBL2425,IC50,uM,2.7,"TgDHFR-TS (T. gondii, apicomplexan)"
CHEMBL665602,COc1ccc(OC)c(Cc2cnc3nc(N)nc(N)c3c2C)c1,CHEMBL7492,IC50,nM,17.0,CHEMBL2425,IC50,uM,0.017,"TgDHFR-TS (T. gondii, apicomplexan)"
CHEMBL665602,Nc1nc(N)c2c(n1)CCC(Cc1ccccc1)C2,CHEMBL6970,IC50,nM,32.0,CHEMBL2425,IC50,uM,0.032,"TgDHFR-TS (T. gondii, apicomplexan)"
CHEMBL665620,CCc1nc(N)nc(N)c1-c1ccc(Cl)cc1,CHEMBL36,IC50,nM,390.0,CHEMBL2425,IC50,uM,0.39,"TgDHFR-TS (T. gondii, apicomplexan)"
CHEMBL665602,CCC1CCc2nc(N)nc(N)c2C1,CHEMBL6696,IC50,nM,1100.0,CHEMBL2425,IC50,uM,1.1,"TgDHFR-TS (T. gondii, apicomplexan)"
CHEMBL665602,CC(C)(C)C1CCc2nc(N)nc(N)c2C1,CHEMBL7571,IC50,nM,18.0,CHEMBL2425,IC50,uM,0.018,"TgDHFR-TS (T. gondii, apicomplexan)"
CHEMBL665596,COc1cc(NCc2ccc3nc(N)nc(N)c3c2C)cc(OC)c1OC,CHEMBL119,IC50,nM,16.0,CHEMBL2425,IC50,nM,16.0,"TgDHFR-TS (T. gondii, apicomplexan)"
CHEMBL665596,COc1ccc(OC)c(Cc2cnc3nc(N)nc(N)c3c2C)c1,CHEMBL7492,IC50,nM,4.3,CHEMBL2425,IC50,nM,4.3,"TgDHFR-TS (T. gondii, apicomplexan)"
CHEMBL665602,COc1ccccc1CC1CCc2nc(N)nc(N)c2C1,CHEMBL268870,IC50,nM,14.0,CHEMBL2425,IC50,uM,0.014,"TgDHFR-TS (T. gondii, apicomplexan)"
CHEMBL665602,Nc1nc(N)c2c(n1)CCC(Cc1cccc(C(F)(F)F)c1)C2,CHEMBL267437,IC50,nM,140.0,CHEMBL2425,IC50,uM,0.14,"TgDHFR-TS (T. gondii, apicomplexan)"
CHEMBL665602,COc1ccc(OC)c(CC2CCc3nc(N)nc(N)c3C2)c1,CHEMBL7375,IC50,nM,21.0,CHEMBL2425,IC50,uM,0.021,"TgDHFR-TS (T. gondii, apicomplexan)"
CHEMBL665602,COc1ccc(CC2CCc3nc(N)nc(N)c3C2)cc1OC,CHEMBL267616,IC50,nM,23.0,CHEMBL2425,IC50,uM,0.023,"TgDHFR-TS (T. gondii, apicomplexan)"
CHEMBL665602,Cc1ccccc1CC1CCc2nc(N)nc(N)c2C1,CHEMBL7542,IC50,nM,23.0,CHEMBL2425,IC50,uM,0.023,"TgDHFR-TS (T. gondii, apicomplexan)"
CHEMBL665602,COc1cc(CN2CCc3nc(N)nc(N)c3C2)cc(OC)c1OC,CHEMBL6899,IC50,nM,200.0,CHEMBL2425,IC50,uM,0.2,"TgDHFR-TS (T. gondii, apicomplexan)"
CHEMBL665596,CNc1ncc(Cc2cc(OC)c(OC)c(OC)c2)c(N)n1,CHEMBL53193,IC50,nM,2800.0,CHEMBL2425,IC50,nM,2800.0,"TgDHFR-TS (T. gondii, apicomplexan)"
CHEMBL665596,COc1ccc(C#CCCCC(=O)O)cc1Cc1cnc(N)nc1N,CHEMBL37334,IC50,nM,32.0,CHEMBL2425,IC50,nM,32.0,"TgDHFR-TS (T. gondii, apicomplexan)"
CHEMBL665596,COc1cc(Cc2cnc(N)nc2N)cc(C#CCCCC(=O)O)c1OC,CHEMBL300419,IC50,nM,34.0,CHEMBL2425,IC50,nM,34.0,"TgDHFR-TS (T. gondii, apicomplexan)"
CHEMBL665602,Cc1cccc(CC2CCc3nc(N)nc(N)c3C2)c1,CHEMBL7779,IC50,nM,36.0,CHEMBL2425,IC50,uM,0.036,"TgDHFR-TS (T. gondii, apicomplexan)"
CHEMBL665602,Nc1nc(N)c2c(n1)CCC(Cc1ccc(Cl)c(Cl)c1)C2,CHEMBL6971,IC50,nM,2600.0,CHEMBL2425,IC50,uM,2.6,"TgDHFR-TS (T. gondii, apicomplexan)"
CHEMBL665602,COc1cc(NCC2CCc3nc(N)nc(N)c3C2)cc(OC)c1OC,CHEMBL7488,IC50,nM,54.0,CHEMBL2425,IC50,uM,0.054,"TgDHFR-TS (T. gondii, apicomplexan)"
CHEMBL665602,Nc1nc(N)c2c(n1)CCC(Cc1cccc(OC(F)(F)F)c1)C2,CHEMBL266024,IC50,nM,14.0,CHEMBL2425,IC50,uM,0.014,"TgDHFR-TS (T. gondii, apicomplexan)"
CHEMBL665602,COc1ccc(OC)c(NCC2CCc3nc(N)nc(N)c3C2)c1,CHEMBL7263,IC50,nM,180.0,CHEMBL2425,IC50,uM,0.18,"TgDHFR-TS (T. gondii, apicomplexan)"
CHEMBL665602,Nc1nc(N)c2c(n1)CCC(Cc1cccs1)C2,CHEMBL267207,IC50,nM,62.0,CHEMBL2425,IC50,uM,0.062,"TgDHFR-TS (T. gondii, apicomplexan)"
CHEMBL665602,COc1ccc(OC)c(CN2CCc3nc(N)nc(N)c3C2)c1,CHEMBL7139,IC50,nM,300.0,CHEMBL2425,IC50,uM,0.3,"TgDHFR-TS (T. gondii, apicomplexan)"
CHEMBL665602,COc1ccc(CC2CCc3nc(N)nc(N)c3C2)cc1,CHEMBL7452,IC50,nM,50.0,CHEMBL2425,IC50,uM,0.05,"TgDHFR-TS (T. gondii, apicomplexan)"
CHEMBL665596,COc1cc(Cc2cnc(N)nc2N)cc(C#Cc2ccc(C(=O)O)cc2)c1OC,CHEMBL52415,IC50,nM,420.0,CHEMBL2425,IC50,nM,420.0,"TgDHFR-TS (T. gondii, apicomplexan)"
CHEMBL665602,COc1cc(CC2CCc3nc(N)nc(N)c3C2)cc(OC)c1OC,CHEMBL7063,IC50,nM,24.0,CHEMBL2425,IC50,uM,0.024,"TgDHFR-TS (T. gondii, apicomplexan)"
CHEMBL665596,COc1ccc(C#Cc2ccc(C(=O)O)cc2)cc1Cc1cnc(N)nc1N,CHEMBL34293,IC50,nM,340.0,CHEMBL2425,IC50,nM,340.0,"TgDHFR-TS (T. gondii, apicomplexan)"
CHEMBL665602,Nc1nc(N)c2c(n1)CCC(c1ccccc1)C2,CHEMBL7535,IC50,nM,1300.0,CHEMBL2425,IC50,uM,1.3,"TgDHFR-TS (T. gondii, apicomplexan)"
CHEMBL665602,COc1cccc(CC2CCc3nc(N)nc(N)c3C2)c1,CHEMBL268355,IC50,nM,21.0,CHEMBL2425,IC50,uM,0.021,"TgDHFR-TS (T. gondii, apicomplexan)"
CHEMBL665602,Nc1nc(N)c2c(n1)CCC(Cc1ccsc1)C2,CHEMBL7586,IC50,nM,49.0,CHEMBL2425,IC50,uM,0.049,"TgDHFR-TS (T. gondii, apicomplexan)"
CHEMBL664914,CC(Cc1coc2nc(N)cc(N)c12)c1ccc(C(=O)NC(CCC(=O)O)C(=O)O)cc1,CHEMBL60639,IC50,nM,2100.0,CHEMBL2425,IC50,uM,2.1,"TgDHFR-TS (T. gondii, apicomplexan)"
CHEMBL664914,CCC(Cc1coc2nc(N)cc(N)c12)c1ccc(C(=O)NC(CCC(=O)O)C(=O)O)cc1,CHEMBL56977,IC50,nM,1100.0,CHEMBL2425,IC50,uM,1.1,"TgDHFR-TS (T. gondii, apicomplexan)"
CHEMBL664914,CN(Cc1cnc2nc(N)nc(N)c2n1)c1ccc(C(=O)N[C@@H](CCC(=O)O)C(=O)O)cc1,CHEMBL34259,IC50,nM,11.0,CHEMBL2425,IC50,uM,0.011,"TgDHFR-TS (T. gondii, apicomplexan)"
CHEMBL664922,CCc1nc(N)nc(N)c1-c1ccc(Cl)c(/N=N/N(CCOC(C)=O)Cc2cccc([N+](=O)[O-])c2)c1,CHEMBL88004,IC50,nM,830.0,CHEMBL2425,IC50,uM,0.83,"TgDHFR-TS (T. gondii, apicomplexan)"
CHEMBL664922,CCc1nc(N)nc(N)c1-c1ccc(Cl)c(/N=N/N(CCOC(C)=O)Cc2ccc(OC)cc2)c1,CHEMBL313440,IC50,nM,440.0,CHEMBL2425,IC50,uM,0.44,"TgDHFR-TS (T. gondii, apicomplexan)"
CHEMBL664922,CCc1nc(N)nc(N)c1-c1ccc(Cl)c(/N=N/N(CCOC(C)=O)Cc2ccc(C)cc2)c1,CHEMBL85188,IC50,nM,630.0,CHEMBL2425,IC50,uM,0.63,"TgDHFR-TS (T. gondii, apicomplexan)"
CHEMBL664922,CCc1nc(N)nc(N)c1-c1ccc(Cl)c(/N=N/N(CCO)[C@H](C)c2ccccc2)c1,CHEMBL2115210,IC50,nM,1470.0,CHEMBL2425,IC50,uM,1.47,"TgDHFR-TS (T. gondii, apicomplexan)"
CHEMBL664922,CCc1nc(N)nc(N)c1-c1ccc(Cl)c(/N=N/N(CCOC(C)=O)Cc2ccc(C(F)(F)F)cc2)c1,CHEMBL87423,IC50,nM,2540.0,CHEMBL2425,IC50,uM,2.54,"TgDHFR-TS (T. gondii, apicomplexan)"
CHEMBL664922,CCc1nc(N)nc(N)c1-c1ccc(Cl)c(/N=N/N(CCOC(C)=O)Cc2ccccc2C)c1,CHEMBL313131,IC50,nM,830.0,CHEMBL2425,IC50,uM,0.83,"TgDHFR-TS (T. gondii, apicomplexan)"
CHEMBL664922,CCc1nc(N)nc(N)c1-c1ccc(Cl)c(/N=N/N(CCO)CCc2ccccc2)c1,CHEMBL82853,IC50,nM,1790.0,CHEMBL2425,IC50,uM,1.79,"TgDHFR-TS (T. gondii, apicomplexan)"
CHEMBL664922,CCc1nc(N)nc(N)c1-c1ccc(Cl)c(/N=N/N(CCOC(C)=O)Cc2cc(OC)c(OC)c(OC)c2)c1,CHEMBL87383,IC50,nM,70.0,CHEMBL2425,IC50,uM,0.07,"TgDHFR-TS (T. gondii, apicomplexan)"
CHEMBL664922,CCc1nc(N)nc(N)c1-c1ccc(Cl)c(/N=N/N(CCOC(C)=O)Cc2cccc(C)c2)c1,CHEMBL315297,IC50,nM,5390.0,CHEMBL2425,IC50,uM,5.39,"TgDHFR-TS (T. gondii, apicomplexan)"
CHEMBL664922,CCc1nc(N)nc(N)c1-c1ccc(Cl)c(/N=N/N(CCOC(C)=O)Cc2cccc(F)c2)c1,CHEMBL85875,IC50,nM,1250.0,CHEMBL2425,IC50,uM,1.25,"TgDHFR-TS (T. gondii, apicomplexan)"
CHEMBL664922,CCc1nc(N)nc(N)c1-c1ccc(Cl)c(/N=N/N(CCOC(C)=O)Cc2ccc([N+](=O)[O-])cc2)c1,CHEMBL85958,IC50,nM,850.0,CHEMBL2425,IC50,uM,0.85,"TgDHFR-TS (T. gondii, apicomplexan)"
CHEMBL664922,CCc1nc(N)nc(N)c1-c1ccc(Cl)c(/N=N/N(CCOC(C)=O)Cc2ccccc2F)c1,CHEMBL441062,IC50,nM,7800.0,CHEMBL2425,IC50,uM,7.8,"TgDHFR-TS (T. gondii, apicomplexan)"
CHEMBL664922,CCc1nc(N)nc(N)c1-c1ccc(Cl)c(/N=N/N(CCOC(C)=O)Cc2cccc3ccccc23)c1,CHEMBL313553,IC50,nM,200.0,CHEMBL2425,IC50,uM,0.2,"TgDHFR-TS (T. gondii, apicomplexan)"
CHEMBL664922,CCc1nc(N)nc(N)c1-c1ccc(Cl)c(/N=N/N(C)C)c1,CHEMBL49246,IC50,nM,310.0,CHEMBL2425,IC50,uM,0.31,"TgDHFR-TS (T. gondii, apicomplexan)"
CHEMBL664922,CCc1nc(N)nc(N)c1-c1ccc(Cl)c(/N=N/N(CCO)[C@@H](C)c2ccccc2)c1,CHEMBL2114205,IC50,nM,2700.0,CHEMBL2425,IC50,uM,2.7,"TgDHFR-TS (T. gondii, apicomplexan)"
CHEMBL664922,CCC(=O)OCCN(Cc1ccccc1)/N=N/c1cc(-c2c(N)nc(N)nc2CC)ccc1Cl,CHEMBL314387,IC50,nM,700.0,CHEMBL2425,IC50,uM,0.7,"TgDHFR-TS (T. gondii, apicomplexan)"
CHEMBL664922,CCc1nc(N)nc(N)c1-c1ccc(Cl)c(/N=N/N(CCOC(C)=O)Cc2ccc(Cl)cc2)c1,CHEMBL444587,IC50,nM,800.0,CHEMBL2425,IC50,uM,0.8,"TgDHFR-TS (T. gondii, apicomplexan)"
CHEMBL664922,CCc1nc(N)nc(N)c1-c1ccc(Cl)c(/N=N/N(CCOC(C)=O)Cc2ccc3ccccc3c2)c1,CHEMBL313680,IC50,nM,1050.0,CHEMBL2425,IC50,uM,1.05,"TgDHFR-TS (T. gondii, apicomplexan)"
CHEMBL664922,CCc1nc(N)nc(N)c1-c1ccc(Cl)c(/N=N/N(CCCO)Cc2ccccc2)c1,CHEMBL86085,IC50,nM,2010.0,CHEMBL2425,IC50,uM,2.01,"TgDHFR-TS (T. gondii, apicomplexan)"
CHEMBL664922,COc1cc(NCc2ccc3nc(N)nc(N)c3c2C)cc(OC)c1OC,CHEMBL119,IC50,nM,10.0,CHEMBL2425,IC50,uM,0.01,"TgDHFR-TS (T. gondii, apicomplexan)"
CHEMBL664922,CCc1nc(N)nc(N)c1-c1ccc(Cl)cc1,CHEMBL36,IC50,nM,390.0,CHEMBL2425,IC50,uM,0.39,"TgDHFR-TS (T. gondii, apicomplexan)"
CHEMBL664922,CCc1nc(N)nc(N)c1-c1ccc(Cl)c(/N=N/N(CCOC(C)=O)Cc2cc(OC)cc(OC)c2)c1,CHEMBL314001,IC50,nM,378.0,CHEMBL2425,IC50,uM,0.378,"TgDHFR-TS (T. gondii, apicomplexan)"
CHEMBL664922,CCc1nc(N)nc(N)c1-c1ccc(Cl)c(/N=N/N(CCOC(C)=O)Cc2ccccc2Cl)c1,CHEMBL85919,IC50,nM,6100.0,CHEMBL2425,IC50,uM,6.1,"TgDHFR-TS (T. gondii, apicomplexan)"
CHEMBL664922,CCc1nc(N)nc(N)c1-c1ccc(Cl)c(/N=N/N(CCOC(C)=O)Cc2ccc(OC)c(OC)c2)c1,CHEMBL313034,IC50,nM,80.0,CHEMBL2425,IC50,uM,0.08,"TgDHFR-TS (T. gondii, apicomplexan)"
CHEMBL664922,CCc1nc(N)nc(N)c1-c1ccc(Cl)c(/N=N/N(CCOC(C)=O)Cc2ccc(F)cc2)c1,CHEMBL87549,IC50,nM,4400.0,CHEMBL2425,IC50,uM,4.4,"TgDHFR-TS (T. gondii, apicomplexan)"
CHEMBL664922,CCc1nc(N)nc(N)c1-c1ccc(Cl)c(/N=N/N(CCOC(C)=O)Cc2ccncc2)c1,CHEMBL87730,IC50,nM,640.0,CHEMBL2425,IC50,uM,0.64,"TgDHFR-TS (T. gondii, apicomplexan)"
CHEMBL664922,CCc1nc(N)nc(N)c1-c1ccc(Cl)c(/N=N/N(CCOC(C)=O)Cc2ccccc2)c1,CHEMBL55764,IC50,nM,690.0,CHEMBL2425,IC50,uM,0.69,"TgDHFR-TS (T. gondii, apicomplexan)"
CHEMBL664922,CCc1nc(N)nc(N)c1-c1ccc(Cl)c(/N=N/N(CCOC(=O)c2ccccc2)Cc2ccccc2)c1,CHEMBL87013,IC50,nM,220.0,CHEMBL2425,IC50,uM,0.22,"TgDHFR-TS (T. gondii, apicomplexan)"
CHEMBL664922,CCc1nc(N)nc(N)c1-c1ccc(Cl)c(/N=N/N(CCOC(C)=O)Cc2cccc(Cl)c2)c1,CHEMBL85573,IC50,nM,1160.0,CHEMBL2425,IC50,uM,1.16,"TgDHFR-TS (T. gondii, apicomplexan)"
CHEMBL664922,CCc1nc(N)nc(N)c1-c1ccc(Cl)c(/N=N/N(CCOC(=O)C(C)C)Cc2ccccc2)c1,CHEMBL85576,IC50,nM,660.0,CHEMBL2425,IC50,uM,0.66,"TgDHFR-TS (T. gondii, apicomplexan)"
CHEMBL664917,COc1cc(CNc2cnc3nc(N)nc(N)c3c2)cc(OC)c1OC,CHEMBL33208,IC50,nM,395.0,CHEMBL2425,IC50,uM,0.395,"TgDHFR-TS (T. gondii, apicomplexan)"
CHEMBL664909,Cc1c(CN(C)c2ccc(Cl)c(Cl)c2)cnc2nc(N)nc(N)c12,CHEMBL82975,IC50,nM,27.0,CHEMBL2425,IC50,uM,0.027,"TgDHFR-TS (T. gondii, apicomplexan)"
CHEMBL664910,COc1cc(Cc2cnc(N)nc2N)cc(OC)c1OC,CHEMBL22,IC50,nM,2700.0,CHEMBL2425,IC50,uM,2.7,"TgDHFR-TS (T. gondii, apicomplexan)"
CHEMBL664909,CN(Cc1ccc2nc(N)nc(N)c2n1)c1ccc(Cl)c(Cl)c1,CHEMBL300603,IC50,nM,98.0,CHEMBL2425,IC50,uM,0.098,"TgDHFR-TS (T. gondii, apicomplexan)"
CHEMBL664909,COc1cc(NCc2ccc3nc(N)nc(N)c3n2)cc(OC)c1OC,CHEMBL55179,IC50,nM,82.0,CHEMBL2425,IC50,uM,0.082,"TgDHFR-TS (T. gondii, apicomplexan)"
CHEMBL664909,COc1cc(N(C)Cc2ccc3nc(N)nc(N)c3n2)cc(OC)c1OC,CHEMBL52688,IC50,nM,4.7,CHEMBL2425,IC50,uM,0.0047,"TgDHFR-TS (T. gondii, apicomplexan)"
CHEMBL664917,COc1ccc(OC)c(CN(C)c2cnc3nc(N)nc(N)c3c2)c1,CHEMBL32113,IC50,nM,28.0,CHEMBL2425,IC50,uM,0.028,"TgDHFR-TS (T. gondii, apicomplexan)"
CHEMBL664909,COc1cc(N(C)Cc2cnc3nc(N)nc(N)c3c2C)cc(OC)c1OC,CHEMBL50514,IC50,nM,0.85,CHEMBL2425,IC50,uM,0.00085,"TgDHFR-TS (T. gondii, apicomplexan)"
CHEMBL664917,COc1cc(Cc2cnc(N)nc2N)cc(OC)c1OC,CHEMBL22,IC50,nM,2700.0,CHEMBL2425,IC50,uM,2.7,"TgDHFR-TS (T. gondii, apicomplexan)"
CHEMBL665586,COc1cc(Cc2cnc(N)nc2N)cc(OC)c1OC,CHEMBL22,IC50,nM,7.2,CHEMBL2425,IC50,uM,0.0072,"TgDHFR-TS (T. gondii, apicomplexan)"
CHEMBL664909,COc1cc(NCc2ccc3nc(N)nc(N)c3c2Cl)cc(OC)c1OC,CHEMBL88555,IC50,nM,5.2,CHEMBL2425,IC50,uM,0.0052,"TgDHFR-TS (T. gondii, apicomplexan)"
CHEMBL664917,COc1ccc(CNc2ccc3nc(N)nc(N)c3c2)c(OC)c1,CHEMBL116200,IC50,nM,170.0,CHEMBL2425,IC50,uM,0.17,"TgDHFR-TS (T. gondii, apicomplexan)"
CHEMBL665585,COc1ccc(CNc2ccc3nc(N)nc(N)c3c2)c(OC)c1,CHEMBL116200,IC50,nM,780.0,CHEMBL2425,IC50,uM,0.78,"TgDHFR-TS (T. gondii, apicomplexan)"
CHEMBL664909,CN(Cc1ccc2nc(N)nc(N)c2n1)c1ccc(Cl)cc1,CHEMBL89528,IC50,nM,15.0,CHEMBL2425,IC50,uM,0.015,"TgDHFR-TS (T. gondii, apicomplexan)"
CHEMBL664917,Nc1nc(N)c2cc(NCc3cccc4c3CCCC4)ccc2n1,CHEMBL114839,IC50,nM,99.0,CHEMBL2425,IC50,uM,0.099,"TgDHFR-TS (T. gondii, apicomplexan)"
CHEMBL665585,Nc1nc(N)c2cc(NCc3cccc4c3CCCC4)ccc2n1,CHEMBL114839,IC50,nM,90.0,CHEMBL2425,IC50,uM,0.09,"TgDHFR-TS (T. gondii, apicomplexan)"
CHEMBL664909,COc1ccc(OC)c(NCc2ccc3nc(N)nc(N)c3c2Cl)c1,CHEMBL88430,IC50,nM,30.0,CHEMBL2425,IC50,uM,0.03,"TgDHFR-TS (T. gondii, apicomplexan)"
CHEMBL664917,COc1ccc(OC)c(CN(C)c2ccc3nc(N)nc(N)c3c2)c1,CHEMBL325434,IC50,nM,30.0,CHEMBL2425,IC50,uM,0.03,"TgDHFR-TS (T. gondii, apicomplexan)"
CHEMBL665585,COc1ccc(OC)c(CN(C)c2ccc3nc(N)nc(N)c3c2)c1,CHEMBL325434,IC50,nM,3.9,CHEMBL2425,IC50,uM,0.0039,"TgDHFR-TS (T. gondii, apicomplexan)"
CHEMBL664917,COc1cc(OC)c(CNc2ccc3nc(N)nc(N)c3c2)c(OC)c1,CHEMBL114058,IC50,nM,950.0,CHEMBL2425,IC50,uM,0.95,"TgDHFR-TS (T. gondii, apicomplexan)"
CHEMBL665585,COc1cc(OC)c(CNc2ccc3nc(N)nc(N)c3c2)c(OC)c1,CHEMBL114058,IC50,nM,750.0,CHEMBL2425,IC50,uM,0.75,"TgDHFR-TS (T. gondii, apicomplexan)"
CHEMBL664917,COc1ccc(CN(C)c2ccc3nc(N)nc(N)c3c2)c(OC)c1,CHEMBL115804,IC50,nM,39.0,CHEMBL2425,IC50,uM,0.039,"TgDHFR-TS (T. gondii, apicomplexan)"
CHEMBL665585,COc1ccc(CN(C)c2ccc3nc(N)nc(N)c3c2)c(OC)c1,CHEMBL115804,IC50,nM,3.9,CHEMBL2425,IC50,uM,0.0039,"TgDHFR-TS (T. gondii, apicomplexan)"
CHEMBL664917,CN(Cc1cccc2c1CCCC2)c1ccc2nc(N)nc(N)c2c1,CHEMBL114354,IC50,nM,21.0,CHEMBL2425,IC50,uM,0.021,"TgDHFR-TS (T. gondii, apicomplexan)"
CHEMBL665585,CN(Cc1cccc2c1CCCC2)c1ccc2nc(N)nc(N)c2c1,CHEMBL114354,IC50,nM,4.1,CHEMBL2425,IC50,uM,0.0041,"TgDHFR-TS (T. gondii, apicomplexan)"
CHEMBL664909,COc1cc(N(C)Cc2ccc3nc(N)nc(N)c3c2Cl)cc(OC)c1OC,CHEMBL328897,IC50,nM,6.4,CHEMBL2425,IC50,uM,0.0064,"TgDHFR-TS (T. gondii, apicomplexan)"
CHEMBL664909,COc1ccc(OC)c(NCc2ccc3nc(N)nc(N)c3n2)c1,CHEMBL52947,IC50,nM,100.0,CHEMBL2425,IC50,uM,0.1,"TgDHFR-TS (T. gondii, apicomplexan)"
CHEMBL664909,CN(Cc1ccc2nc(N)nc(N)c2n1)c1cccc(Cl)c1,CHEMBL54399,IC50,nM,20.0,CHEMBL2425,IC50,uM,0.02,"TgDHFR-TS (T. gondii, apicomplexan)"
CHEMBL664917,COc1cc(CNc2ccc3nc(N)nc(N)c3c2)cc(OC)c1OC,CHEMBL113999,IC50,nM,84.0,CHEMBL2425,IC50,uM,0.084,"TgDHFR-TS (T. gondii, apicomplexan)"
CHEMBL665585,COc1cc(CNc2ccc3nc(N)nc(N)c3c2)cc(OC)c1OC,CHEMBL113999,IC50,nM,920.0,CHEMBL2425,IC50,uM,0.92,"TgDHFR-TS (T. gondii, apicomplexan)"
CHEMBL664917,COc1ccc(OC)c(CNc2cnc3nc(N)nc(N)c3c2)c1,CHEMBL32708,IC50,nM,500.0,CHEMBL2425,IC50,uM,0.5,"TgDHFR-TS (T. gondii, apicomplexan)"
CHEMBL664917,COc1cc(CN(C)c2cnc3nc(N)nc(N)c3c2)cc(OC)c1,CHEMBL36245,IC50,nM,29.0,CHEMBL2425,IC50,uM,0.029,"TgDHFR-TS (T. gondii, apicomplexan)"
CHEMBL664917,COc1ccc(CN(C)c2ccc3nc(N)nc(N)c3c2)c(OC)c1OC,CHEMBL117750,IC50,nM,17.0,CHEMBL2425,IC50,uM,0.017,"TgDHFR-TS (T. gondii, apicomplexan)"
CHEMBL665585,COc1ccc(CN(C)c2ccc3nc(N)nc(N)c3c2)c(OC)c1OC,CHEMBL117750,IC50,nM,5.4,CHEMBL2425,IC50,uM,0.0054,"TgDHFR-TS (T. gondii, apicomplexan)"
CHEMBL664917,COc1cc(CNc2ccc3nc(N)nc(N)c3c2)cc(OC)c1,CHEMBL116815,IC50,nM,120.0,CHEMBL2425,IC50,uM,0.12,"TgDHFR-TS (T. gondii, apicomplexan)"
CHEMBL665585,COc1cc(CNc2ccc3nc(N)nc(N)c3c2)cc(OC)c1,CHEMBL116815,IC50,nM,840.0,CHEMBL2425,IC50,uM,0.84,"TgDHFR-TS (T. gondii, apicomplexan)"
CHEMBL664917,COc1ccc(CNc2ccc3nc(N)nc(N)c3c2)c(OC)c1OC,CHEMBL116637,IC50,nM,190.0,CHEMBL2425,IC50,uM,0.19,"TgDHFR-TS (T. gondii, apicomplexan)"
CHEMBL665585,COc1ccc(CNc2ccc3nc(N)nc(N)c3c2)c(OC)c1OC,CHEMBL116637,IC50,nM,810.0,CHEMBL2425,IC50,uM,0.81,"TgDHFR-TS (T. gondii, apicomplexan)"
CHEMBL664917,COc1ccc(OC)c(CNc2ccc3nc(N)nc(N)c3c2)c1,CHEMBL116816,IC50,nM,160.0,CHEMBL2425,IC50,uM,0.16,"TgDHFR-TS (T. gondii, apicomplexan)"
CHEMBL665585,COc1ccc(OC)c(CNc2ccc3nc(N)nc(N)c3c2)c1,CHEMBL116816,IC50,nM,1100.0,CHEMBL2425,IC50,uM,1.1,"TgDHFR-TS (T. gondii, apicomplexan)"
CHEMBL664909,COc1cc(NCc2cnc3nc(N)nc(N)c3c2C)cc(OC)c1OC,CHEMBL23532,IC50,nM,7.4,CHEMBL2425,IC50,uM,0.0074,"TgDHFR-TS (T. gondii, apicomplexan)"
CHEMBL664917,COc1cc(CN(C)c2ccc3nc(N)nc(N)c3c2)cc(OC)c1,CHEMBL113816,IC50,nM,9.3,CHEMBL2425,IC50,uM,0.0093,"TgDHFR-TS (T. gondii, apicomplexan)"
CHEMBL665585,COc1cc(CN(C)c2ccc3nc(N)nc(N)c3c2)cc(OC)c1,CHEMBL113816,IC50,nM,4.7,CHEMBL2425,IC50,uM,0.0047,"TgDHFR-TS (T. gondii, apicomplexan)"
CHEMBL664917,Nc1nc(N)c2cc(NCc3ccccc3)ccc2n1,CHEMBL115474,IC50,nM,320.0,CHEMBL2425,IC50,uM,0.32,"TgDHFR-TS (T. gondii, apicomplexan)"
CHEMBL665586,Nc1nc(N)c2cc(NCc3ccccc3)ccc2n1,CHEMBL115474,IC50,nM,1400.0,CHEMBL2425,IC50,uM,1.4,"TgDHFR-TS (T. gondii, apicomplexan)"
CHEMBL664917,COc1cc(NCc2ccc3nc(N)nc(N)c3c2C)cc(OC)c1OC,CHEMBL119,IC50,nM,10.0,CHEMBL2425,IC50,uM,0.01,"TgDHFR-TS (T. gondii, apicomplexan)"
CHEMBL665585,COc1cc(NCc2ccc3nc(N)nc(N)c3c2C)cc(OC)c1OC,CHEMBL119,IC50,nM,6800.0,CHEMBL2425,IC50,uM,6.8,"TgDHFR-TS (T. gondii, apicomplexan)"
CHEMBL664917,COc1cc(OC)c(OC)cc1CNc1ccc2nc(N)nc(N)c2c1,CHEMBL114833,IC50,nM,124.0,CHEMBL2425,IC50,uM,0.124,"TgDHFR-TS (T. gondii, apicomplexan)"
CHEMBL665585,COc1cc(OC)c(OC)cc1CNc1ccc2nc(N)nc(N)c2c1,CHEMBL114833,IC50,nM,540.0,CHEMBL2425,IC50,uM,0.54,"TgDHFR-TS (T. gondii, apicomplexan)"
CHEMBL664909,COc1cc(NCc2ccc3nc(N)nc(N)c3c2C)cc(OC)c1OC,CHEMBL119,IC50,nM,10.0,CHEMBL2425,IC50,uM,0.01,"TgDHFR-TS (T. gondii, apicomplexan)"
CHEMBL664909,COc1ccc(OC)c(Cc2cnc3nc(N)nc(N)c3c2C)c1,CHEMBL7492,IC50,nM,17.0,CHEMBL2425,IC50,uM,0.017,"TgDHFR-TS (T. gondii, apicomplexan)"
CHEMBL665694,Nc1nc(N)c2cc(CNc3ccc(C(=O)NC(CCC(=O)O)C(=O)O)cc3)cnc2n1,CHEMBL275309,IC50,nM,0.0021,CHEMBL2425,IC50,pM,2.1,"TgDHFR-TS (T. gondii, apicomplexan)"
CHEMBL664913,Nc1nc(N)c2c(CSc3ccc(Cl)c(Cl)c3)c[nH]c2n1,CHEMBL17430,IC50,nM,11600.0,CHEMBL2425,IC50,uM,11.6,"TgDHFR-TS (T. gondii, apicomplexan)"
CHEMBL664913,Nc1nc(N)c2c(CNc3ccc(C(=O)NC(CCC(=O)O)C(=O)O)cc3)c[nH]c2n1,CHEMBL17232,IC50,nM,210.0,CHEMBL2425,IC50,uM,0.21,"TgDHFR-TS (T. gondii, apicomplexan)"
CHEMBL664913,Nc1nc(N)c2c(CNc3ccc(Cl)c(Cl)c3)c[nH]c2n1,CHEMBL17873,IC50,nM,1400.0,CHEMBL2425,IC50,uM,1.4,"TgDHFR-TS (T. gondii, apicomplexan)"
CHEMBL664913,COc1ccc(OC)c(NCc2c[nH]c3nc(N)nc(N)c23)c1,CHEMBL17323,IC50,nM,1700.0,CHEMBL2425,IC50,uM,1.7,"TgDHFR-TS (T. gondii, apicomplexan)"
CHEMBL664913,COc1cc(NCc2ccc3nc(N)nc(N)c3c2C)cc(OC)c1OC,CHEMBL119,IC50,nM,10.0,CHEMBL2425,IC50,uM,0.01,"TgDHFR-TS (T. gondii, apicomplexan)"
CHEMBL664913,CN(Cc1c[nH]c2nc(N)nc(N)c12)c1ccc(Cl)c(Cl)c1,CHEMBL278013,IC50,nM,1000.0,CHEMBL2425,IC50,uM,1.0,"TgDHFR-TS (T. gondii, apicomplexan)"
CHEMBL664913,COc1ccc(OC)c(N(C)Cc2c[nH]c3nc(N)nc(N)c23)c1,CHEMBL17453,IC50,nM,3400.0,CHEMBL2425,IC50,uM,3.4,"TgDHFR-TS (T. gondii, apicomplexan)"
CHEMBL664913,Nc1nc(N)c2c(CNc3cccc4ccccc34)c[nH]c2n1,CHEMBL276734,IC50,nM,1100.0,CHEMBL2425,IC50,uM,1.1,"TgDHFR-TS (T. gondii, apicomplexan)"
CHEMBL664913,COc1ccc(OC)c(Cc2cnc3nc(N)nc(N)c3c2C)c1,CHEMBL7492,IC50,nM,10.0,CHEMBL2425,IC50,uM,0.01,"TgDHFR-TS (T. gondii, apicomplexan)"
CHEMBL664913,Nc1nc(N)c2c(CSc3cccc4ccccc34)c[nH]c2n1,CHEMBL17479,IC50,nM,810.0,CHEMBL2425,IC50,uM,0.81,"TgDHFR-TS (T. gondii, apicomplexan)"
CHEMBL664913,CN(Cc1cnc2nc(N)nc(N)c2n1)c1ccc(C(=O)N[C@@H](CCC(=O)O)C(=O)O)cc1,CHEMBL34259,IC50,nM,14.0,CHEMBL2425,IC50,uM,0.014,"TgDHFR-TS (T. gondii, apicomplexan)"
CHEMBL664913,COc1ccc(SCc2c[nH]c3nc(N)nc(N)c23)cc1OC,CHEMBL17431,IC50,nM,2600.0,CHEMBL2425,IC50,uM,2.6,"TgDHFR-TS (T. gondii, apicomplexan)"
CHEMBL664913,CN(Cc1c[nH]c2nc(N)nc(N)c12)c1ccc(C(=O)N(C)C(CCC(=O)O)C(=O)O)cc1,CHEMBL17287,IC50,nM,150.0,CHEMBL2425,IC50,uM,0.15,"TgDHFR-TS (T. gondii, apicomplexan)"
CHEMBL664913,Nc1nc(N)c2c(CSc3ccc4ccccc4c3)c[nH]c2n1,CHEMBL275893,IC50,nM,9200.0,CHEMBL2425,IC50,uM,9.2,"TgDHFR-TS (T. gondii, apicomplexan)"
CHEMBL664913,COc1cc(Cc2cnc(N)nc2N)cc(OC)c1OC,CHEMBL22,IC50,nM,2700.0,CHEMBL2425,IC50,uM,2.7,"TgDHFR-TS (T. gondii, apicomplexan)"
CHEMBL664913,CN(Cc1c[nH]c2nc(N)nc(N)c12)c1cccc2ccccc12,CHEMBL278261,IC50,nM,870.0,CHEMBL2425,IC50,uM,0.87,"TgDHFR-TS (T. gondii, apicomplexan)"
CHEMBL665696,COc1cc(N(C)Cc2cnc3nc(N)nc(N)c3c2C)cc(OC)c1OC,CHEMBL50514,IC50,nM,0.58,CHEMBL2425,IC50,nM,0.58,"TgDHFR-TS (T. gondii, apicomplexan)"
CHEMBL665696,Cc1c(CN(C)c2ccc(Cl)c(Cl)c2)cnc2nc(N)nc(N)c12,CHEMBL82975,IC50,nM,27.0,CHEMBL2425,IC50,nM,27.0,"TgDHFR-TS (T. gondii, apicomplexan)"
CHEMBL665594,C/C(=C\c1coc2nc(N)nc(N)c12)c1ccc(C(=O)N[C@@H](CCC(=O)O)C(=O)O)cc1,CHEMBL2092925,IC50,nM,110000.0,CHEMBL2425,IC50,uM,110.0,"TgDHFR-TS (T. gondii, apicomplexan)"
CHEMBL665696,COc1ccc(OC)c(Cc2cnc3nc(N)nc(N)c3c2C)c1,CHEMBL7492,IC50,nM,11.0,CHEMBL2425,IC50,nM,11.0,"TgDHFR-TS (T. gondii, apicomplexan)"
CHEMBL665594,C/C(=C/c1coc2nc(N)nc(N)c12)c1ccc(C(=O)N[C@@H](CCC(=O)O)C(=O)O)cc1.C/C(=C\c1coc2nc(N)nc(N)c12)c1ccc(C(=O)N[C@@H](CCC(=O)O)C(=O)O)cc1,CHEMBL1237205,IC50,nM,4400.0,CHEMBL2425,IC50,uM,4.4,"TgDHFR-TS (T. gondii, apicomplexan)"
CHEMBL665696,COc1cc(NCc2ccc3nc(N)nc(N)c3c2C)cc(OC)c1OC,CHEMBL119,IC50,nM,10.0,CHEMBL2425,IC50,nM,10.0,"TgDHFR-TS (T. gondii, apicomplexan)"
CHEMBL665696,COc1cc(NCc2cnc3nc(N)nc(N)c3c2C)cc(OC)c1OC,CHEMBL23532,IC50,nM,7.4,CHEMBL2425,IC50,nM,7.4,"TgDHFR-TS (T. gondii, apicomplexan)"
CHEMBL665696,Cc1c(CNc2ccc(Cl)c(Cl)c2)cnc2nc(N)nc(N)c12,CHEMBL81820,IC50,nM,28.0,CHEMBL2425,IC50,nM,28.0,"TgDHFR-TS (T. gondii, apicomplexan)"
CHEMBL665697,COc1cc(Cc2cnc(N)nc2N)cc(OC)c1OC,CHEMBL22,IC50,nM,10000.0,CHEMBL2425,IC50,nM,10000.0,"TgDHFR-TS (T. gondii, apicomplexan)"
CHEMBL665696,COc1cc(N(C=O)Cc2cnc3nc(N)nc(N)c3c2C)cc(OC)c1OC,CHEMBL115788,IC50,nM,13.0,CHEMBL2425,IC50,nM,13.0,"TgDHFR-TS (T. gondii, apicomplexan)"
CHEMBL665696,Cc1c(CN(C=O)c2ccc(Cl)c(Cl)c2)cnc2nc(N)nc(N)c12,CHEMBL116614,IC50,nM,83.0,CHEMBL2425,IC50,nM,83.0,"TgDHFR-TS (T. gondii, apicomplexan)"
CHEMBL665594,CC(Cc1coc2nc(N)nc(N)c12)c1ccc(C(=O)N[C@@H](CCC(=O)O)C(=O)O)cc1,CHEMBL430872,IC50,nM,2100.0,CHEMBL2425,IC50,uM,2.1,"TgDHFR-TS (T. gondii, apicomplexan)"
CHEMBL665592,Nc1nc(N)c2c(CNc3ccc(C(=O)N[C@@H](CCC(=O)O)C(=O)O)cc3)coc2n1,CHEMBL106628,IC50,nM,700.0,CHEMBL2425,IC50,uM,0.7,"TgDHFR-TS (T. gondii, apicomplexan)"
CHEMBL665592,CN(Cc1cnc2nc(N)nc(N)c2n1)c1ccc(C(=O)N[C@@H](CCC(=O)O)C(=O)O)cc1,CHEMBL34259,IC50,nM,22.0,CHEMBL2425,IC50,uM,0.022,"TgDHFR-TS (T. gondii, apicomplexan)"
CHEMBL665594,CN(Cc1coc2nc(N)nc(N)c12)c1ccc(C(=O)N[C@@H](CCC(=O)O)C(=O)O)cc1,CHEMBL104829,IC50,nM,19800.0,CHEMBL2425,IC50,uM,19.8,"TgDHFR-TS (T. gondii, apicomplexan)"
CHEMBL665696,Cc1c(CN(C)c2cc(Cl)c(Cl)c(Cl)c2)cnc2nc(N)nc(N)c12,CHEMBL82924,IC50,nM,38.1,CHEMBL2425,IC50,nM,38.1,"TgDHFR-TS (T. gondii, apicomplexan)"
CHEMBL665696,Cc1c(CN(C=O)c2cc(Cl)c(Cl)c(Cl)c2)cnc2nc(N)nc(N)c12,CHEMBL334271,IC50,nM,94.0,CHEMBL2425,IC50,nM,94.0,"TgDHFR-TS (T. gondii, apicomplexan)"
CHEMBL665696,Cc1c(CNc2cc(Cl)c(Cl)c(Cl)c2)cnc2nc(N)nc(N)c12,CHEMBL420224,IC50,nM,12.0,CHEMBL2425,IC50,nM,12.0,"TgDHFR-TS (T. gondii, apicomplexan)"
CHEMBL665587,Nc1nc(N)c2nc(CN3c4ccccc4Sc4ccccc43)cnc2n1,CHEMBL144200,IC50,nM,110.0,CHEMBL2425,IC50,uM,0.11,"TgDHFR-TS (T. gondii, apicomplexan)"
CHEMBL665695,Nc1nc(N)c2c(CNc3cc(Cl)c(-n4cccc4)c(Cl)c3)c(Br)sc2n1,CHEMBL331351,IC50,nM,26000.0,CHEMBL2425,IC50,uM,26.0,"TgDHFR-TS (T. gondii, apicomplexan)"
CHEMBL665695,CCc1nc(N)nc(N)c1-c1ccc(Cl)cc1,CHEMBL36,IC50,nM,390.0,CHEMBL2425,IC50,uM,0.39,"TgDHFR-TS (T. gondii, apicomplexan)"
CHEMBL665695,COc1cc(Cc2cnc(N)nc2N)cc(OC)c1OC,CHEMBL22,IC50,nM,2700.0,CHEMBL2425,IC50,uM,2.7,"TgDHFR-TS (T. gondii, apicomplexan)"
CHEMBL665587,Nc1nc(N)c2nc(CN3c4ccccc4Cc4ccccc43)cnc2n1,CHEMBL144839,IC50,nM,29.0,CHEMBL2425,IC50,uM,0.029,"TgDHFR-TS (T. gondii, apicomplexan)"
CHEMBL665587,Nc1nc(N)c2nc(CN3c4ccccc4Oc4ccccc43)cnc2n1,CHEMBL423381,IC50,nM,2200.0,CHEMBL2425,IC50,uM,2.2,"TgDHFR-TS (T. gondii, apicomplexan)"
CHEMBL665587,Nc1nc(N)c2nc(CN(c3ccccc3)c3ccccc3)cnc2n1,CHEMBL424113,IC50,nM,1300.0,CHEMBL2425,IC50,uM,1.3,"TgDHFR-TS (T. gondii, apicomplexan)"
CHEMBL665587,Nc1nc(N)c2nc(CN3c4ccccc4CCc4ccccc43)cnc2n1,CHEMBL342086,IC50,nM,910.0,CHEMBL2425,IC50,uM,0.91,"TgDHFR-TS (T. gondii, apicomplexan)"
CHEMBL665587,Nc1nc(N)c2nc(CN3c4ccccc4C=Cc4ccccc43)cnc2n1,CHEMBL301769,IC50,nM,43.0,CHEMBL2425,IC50,uM,0.043,"TgDHFR-TS (T. gondii, apicomplexan)"
CHEMBL665695,COc1cc(Cc2cnc(N)nc2N)cc(OC)c1Br,CHEMBL31891,IC50,nM,17.0,CHEMBL2425,IC50,uM,0.017,"TgDHFR-TS (T. gondii, apicomplexan)"
CHEMBL665588,COc1cc(Cc2cnc(N)nc2N)cc(OC)c1OC,CHEMBL22,IC50,nM,2700.0,CHEMBL2425,IC50,uM,2.7,"TgDHFR-TS (T. gondii, apicomplexan)"
CHEMBL665587,COc1cc(NCc2ccc3nc(N)nc(N)c3c2C)cc(OC)c1OC,CHEMBL119,IC50,nM,10.0,CHEMBL2425,IC50,uM,0.01,"TgDHFR-TS (T. gondii, apicomplexan)"
CHEMBL665695,COc1cc(NCc2c(Br)sc3nc(N)nc(N)c23)cc(OC)c1OC,CHEMBL331682,IC50,nM,34000.0,CHEMBL2425,IC50,uM,34.0,"TgDHFR-TS (T. gondii, apicomplexan)"
CHEMBL665695,COc1cc(N(C)Cc2c(Br)sc3nc(N)nc(N)c23)cc(OC)c1OC,CHEMBL122214,IC50,nM,127000.0,CHEMBL2425,IC50,uM,127.0,"TgDHFR-TS (T. gondii, apicomplexan)"
CHEMBL665587,Nc1nc(N)c2nc(Cn3c4ccccc4c4ccccc43)cnc2n1,CHEMBL423200,IC50,nM,12.0,CHEMBL2425,IC50,uM,0.012,"TgDHFR-TS (T. gondii, apicomplexan)"
CHEMBL665695,CCOc1cc(Cc2cnc(N)nc2N)cc(OCC)c1-n1cccc1,CHEMBL280378,IC50,nM,10.0,CHEMBL2425,IC50,uM,0.01,"TgDHFR-TS (T. gondii, apicomplexan)"
CHEMBL664912,CCc1nc(N)nc(N)c1-c1ccc(Cl)c(/N=C/N(C)C)c1,CHEMBL55526,IC50,nM,1600.0,CHEMBL2425,IC50,uM,1.6,"TgDHFR-TS (T. gondii, apicomplexan)"
CHEMBL664912,CCc1nc(N)nc(N)c1-c1ccc(Cl)c(N=[N+]=[N-])c1,CHEMBL299045,IC50,nM,690.0,CHEMBL2425,IC50,uM,0.69,"TgDHFR-TS (T. gondii, apicomplexan)"
CHEMBL664912,CCc1nc(N)nc(N)c1-c1ccc(Cl)c([N+](=O)[O-])c1,CHEMBL59530,IC50,nM,13.0,CHEMBL2425,IC50,uM,0.013,"TgDHFR-TS (T. gondii, apicomplexan)"
CHEMBL664912,CCc1nc(N)nc(N)c1-c1ccc(Cl)c(/N=N/N(CCOC(C)=O)Cc2ccccc2)c1,CHEMBL55764,IC50,nM,690.0,CHEMBL2425,IC50,uM,0.69,"TgDHFR-TS (T. gondii, apicomplexan)"
CHEMBL664912,CCc1nc(N)nc(N)c1-c1ccc(Cl)cc1,CHEMBL36,IC50,nM,390.0,CHEMBL2425,IC50,uM,0.39,"TgDHFR-TS (T. gondii, apicomplexan)"
CHEMBL664912,CCc1nc(N)nc(N)c1-c1ccc(Cl)c([N+]#N)c1.F[B-](F)(F)F,CHEMBL57222,IC50,nM,23.0,CHEMBL2425,IC50,uM,0.023,"TgDHFR-TS (T. gondii, apicomplexan)"
CHEMBL664912,CCc1nc(N)nc(N)c1-c1ccc(Cl)c(/N=N/N(C)C)c1,CHEMBL49246,IC50,nM,310.0,CHEMBL2425,IC50,uM,0.31,"TgDHFR-TS (T. gondii, apicomplexan)"
CHEMBL664912,COc1cc(NCc2ccc3nc(N)nc(N)c3c2C)cc(OC)c1OC,CHEMBL119,IC50,nM,10.0,CHEMBL2425,IC50,uM,0.01,"TgDHFR-TS (T. gondii, apicomplexan)"
CHEMBL664912,CCc1nc(N)nc(N)c1-c1ccc(N(C)Cc2ccccc2)c([N+](=O)[O-])c1,CHEMBL56170,IC50,nM,91.0,CHEMBL2425,IC50,uM,0.091,"TgDHFR-TS (T. gondii, apicomplexan)"
CHEMBL664912,CCc1nc(N)nc(N)c1-c1ccc(Cl)c(/N=N/N(CCOC)CCOC)c1,CHEMBL298819,IC50,nM,8800.0,CHEMBL2425,IC50,uM,8.8,"TgDHFR-TS (T. gondii, apicomplexan)"
CHEMBL664912,CCc1nc(N)nc(N)c1-c1ccc(Cl)c(/N=N/N2CCOCC2)c1,CHEMBL48203,IC50,nM,190.0,CHEMBL2425,IC50,uM,0.19,"TgDHFR-TS (T. gondii, apicomplexan)"
CHEMBL661507,COc1ccc(Sc2ccc3nc(N)nc(N)c3n2)cc1OC,CHEMBL137981,IC50,nM,19.0,CHEMBL2425,IC50,uM,0.019,"TgDHFR-TS (T. gondii, apicomplexan)"
CHEMBL661507,COc1cc(NCc2ccc3nc(N)nc(N)c3c2C)cc(OC)c1OC,CHEMBL119,IC50,nM,10.0,CHEMBL2425,IC50,uM,0.01,"TgDHFR-TS (T. gondii, apicomplexan)"
CHEMBL884350,Cc1cn(CC[C@H]2C[C@H](O)[C@@H](COP(=O)(O)O)O2)c(=O)[nH]c1=O,CHEMBL3142796,IC50,nM,2700.0,CHEMBL2425,IC50,uM,2.7,"TgDHFR-TS (T. gondii, apicomplexan)"
CHEMBL664921,COc1cc(NCc2cnc3nc(N)nc(N)c3c2C)c(-n2cccc2)cc1OC,CHEMBL356722,IC50,nM,600.0,CHEMBL2425,IC50,uM,0.6,"TgDHFR-TS (T. gondii, apicomplexan)"
CHEMBL664921,COc1ccc(-c2ccccc2)cc1NCc1cnc2nc(N)nc(N)c2c1C,CHEMBL357629,IC50,nM,68.0,CHEMBL2425,IC50,uM,0.068,"TgDHFR-TS (T. gondii, apicomplexan)"
CHEMBL661507,COc1ccccc1Nc1ccc2nc(N)nc(N)c2n1,CHEMBL140705,IC50,nM,460.0,CHEMBL2425,IC50,uM,0.46,"TgDHFR-TS (T. gondii, apicomplexan)"
CHEMBL661507,COc1ccc(S(=O)(=O)c2ccc3nc(N)nc(N)c3n2)cc1,CHEMBL342654,IC50,nM,1000.0,CHEMBL2425,IC50,uM,1.0,"TgDHFR-TS (T. gondii, apicomplexan)"
CHEMBL661507,COc1cc(CNc2ccc3nc(N)nc(N)c3n2)cc(OC)c1OC,CHEMBL141808,IC50,nM,490.0,CHEMBL2425,IC50,uM,0.49,"TgDHFR-TS (T. gondii, apicomplexan)"
CHEMBL661507,COc1cc(Nc2ccc3nc(N)nc(N)c3n2)cc(OC)c1OC,CHEMBL138452,IC50,nM,2400.0,CHEMBL2425,IC50,uM,2.4,"TgDHFR-TS (T. gondii, apicomplexan)"
CHEMBL664921,COc1ccc(OC)c(NCc2cnc3nc(N)nc(N)c3c2C)c1,CHEMBL23021,IC50,nM,16.0,CHEMBL2425,IC50,uM,0.016,"TgDHFR-TS (T. gondii, apicomplexan)"
CHEMBL661507,COc1ccc(N(C)c2ccc3nc(N)nc(N)c3n2)cc1,CHEMBL141160,IC50,nM,8.6,CHEMBL2425,IC50,uM,0.0086,"TgDHFR-TS (T. gondii, apicomplexan)"
CHEMBL884350,CCc1nc(N)nc(N)c1-c1ccc(NCc2ccc(C(N)=O)cc2)c([N+](=O)[O-])c1,CHEMBL323359,IC50,nM,3.7,CHEMBL2425,IC50,uM,0.0037,"TgDHFR-TS (T. gondii, apicomplexan)"
CHEMBL661507,COc1ccc(S(=O)(=O)c2ccc3nc(N)nc(N)c3n2)cc1OC,CHEMBL140597,IC50,nM,940.0,CHEMBL2425,IC50,uM,0.94,"TgDHFR-TS (T. gondii, apicomplexan)"
CHEMBL884350,CCc1nc(N)nc(N)c1-c1ccc(Cl)c([N+](=O)[O-])c1,CHEMBL59530,IC50,nM,13.0,CHEMBL2425,IC50,uM,0.013,"TgDHFR-TS (T. gondii, apicomplexan)"
CHEMBL664921,COc1ccc2c(ccn2Cc2cnc3nc(N)nc(N)c3c2C)c1,CHEMBL358297,IC50,nM,77.0,CHEMBL2425,IC50,uM,0.077,"TgDHFR-TS (T. gondii, apicomplexan)"
CHEMBL664921,COc1ccc(OC)c(Cc2cnc3nc(N)nc(N)c3c2C)c1,CHEMBL7492,IC50,nM,11.0,CHEMBL2425,IC50,uM,0.011,"TgDHFR-TS (T. gondii, apicomplexan)"
CHEMBL661507,COc1cc(Cc2cnc(N)nc2N)cc(OC)c1OC,CHEMBL22,IC50,nM,2700.0,CHEMBL2425,IC50,uM,2.7,"TgDHFR-TS (T. gondii, apicomplexan)"
CHEMBL661507,COc1ccc(OC)c(N(C)c2ccc3nc(N)nc(N)c3n2)c1,CHEMBL141698,IC50,nM,41.0,CHEMBL2425,IC50,uM,0.041,"TgDHFR-TS (T. gondii, apicomplexan)"
CHEMBL884350,COc1ccc(OC)c(Cc2cnc3nc(N)nc(N)c3c2C)c1,CHEMBL7492,IC50,nM,17.0,CHEMBL2425,IC50,uM,0.017,"TgDHFR-TS (T. gondii, apicomplexan)"
CHEMBL884350,CCc1nc(N)nc(N)c1-c1ccc(NCc2ccc(C(=O)NC(CCC(=O)O)C(=O)O)cc2)c([N+](=O)[O-])c1,CHEMBL103086,IC50,nM,6.2,CHEMBL2425,IC50,uM,0.0062,"TgDHFR-TS (T. gondii, apicomplexan)"
CHEMBL664921,COc1ccc2c(c1)CCN2Cc1cnc2nc(N)nc(N)c2c1C,CHEMBL146438,IC50,nM,57.0,CHEMBL2425,IC50,uM,0.057,"TgDHFR-TS (T. gondii, apicomplexan)"
CHEMBL661507,COc1ccc(OC)c(Nc2ccc3nc(N)nc(N)c3n2)c1,CHEMBL141260,IC50,nM,730.0,CHEMBL2425,IC50,uM,0.73,"TgDHFR-TS (T. gondii, apicomplexan)"
CHEMBL661507,COc1cc(N(C)c2ccc3nc(N)nc(N)c3n2)cc(OC)c1OC,CHEMBL139485,IC50,nM,7.6,CHEMBL2425,IC50,uM,0.0076,"TgDHFR-TS (T. gondii, apicomplexan)"
CHEMBL884350,CCc1nc(N)nc(N)c1-c1ccc(N(C)Cc2ccc(C(=O)O)cc2)c([N+](=O)[O-])c1,CHEMBL102850,IC50,nM,3.1,CHEMBL2425,IC50,uM,0.0031,"TgDHFR-TS (T. gondii, apicomplexan)"
CHEMBL664921,COc1cc2c(cc1OC)N(Cc1cnc3nc(N)nc(N)c3c1C)CC2,CHEMBL423560,IC50,nM,49.0,CHEMBL2425,IC50,uM,0.049,"TgDHFR-TS (T. gondii, apicomplexan)"
CHEMBL884350,CCc1nc(N)nc(N)c1-c1ccc(NCc2ccccc2)c([N+](=O)[O-])c1,CHEMBL81294,IC50,nM,19.0,CHEMBL2425,IC50,uM,0.019,"TgDHFR-TS (T. gondii, apicomplexan)"
CHEMBL884350,CCc1nc(N)nc(N)c1-c1ccc(NCc2ccc(C(=O)NC)cc2)c([N+](=O)[O-])c1,CHEMBL104020,IC50,nM,4.3,CHEMBL2425,IC50,uM,0.0043,"TgDHFR-TS (T. gondii, apicomplexan)"
CHEMBL664921,COc1cc2c(cc1OC)CN(Cc1cnc3nc(N)nc(N)c3c1C)CC2,CHEMBL147886,IC50,nM,110.0,CHEMBL2425,IC50,uM,0.11,"TgDHFR-TS (T. gondii, apicomplexan)"
CHEMBL661507,COc1ccc(OC)c(Cc2cnc3nc(N)nc(N)c3c2C)c1,CHEMBL7492,IC50,nM,17.0,CHEMBL2425,IC50,uM,0.017,"TgDHFR-TS (T. gondii, apicomplexan)"
CHEMBL884350,CCOc1cc(Cc2cnc(N)nc2N)cc(OCC)c1-n1cccc1,CHEMBL280378,IC50,nM,470.0,CHEMBL2425,IC50,uM,0.47,"TgDHFR-TS (T. gondii, apicomplexan)"
CHEMBL661507,COc1ccc(Nc2ccc3nc(N)nc(N)c3n2)cc1,CHEMBL141218,IC50,nM,2800.0,CHEMBL2425,IC50,uM,2.8,"TgDHFR-TS (T. gondii, apicomplexan)"
CHEMBL661507,Nc1nc(N)c2nc(Nc3ccccc3)ccc2n1,CHEMBL139188,IC50,nM,300.0,CHEMBL2425,IC50,uM,0.3,"TgDHFR-TS (T. gondii, apicomplexan)"
CHEMBL884350,CCc1nc(N)nc(N)c1-c1ccc(NCc2ccc(S(N)(=O)=O)cc2)c([N+](=O)[O-])c1,CHEMBL102996,IC50,nM,5.8,CHEMBL2425,IC50,uM,0.0058,"TgDHFR-TS (T. gondii, apicomplexan)"
CHEMBL661507,COc1ccc(Sc2ccc3nc(N)nc(N)c3n2)cc1,CHEMBL137844,IC50,nM,45.0,CHEMBL2425,IC50,uM,0.045,"TgDHFR-TS (T. gondii, apicomplexan)"
CHEMBL884350,CCc1nc(N)nc(N)c1-c1ccc(N(C)Cc2ccc(C3=NC(C)(C)CO3)cc2)c([N+](=O)[O-])c1,CHEMBL103971,IC50,nM,14.0,CHEMBL2425,IC50,uM,0.014,"TgDHFR-TS (T. gondii, apicomplexan)"
CHEMBL884350,CCc1nc(N)nc(N)c1-c1ccc(NCc2ccc(C3OCCO3)cc2)c([N+](=O)[O-])c1,CHEMBL105526,IC50,nM,15.0,CHEMBL2425,IC50,uM,0.015,"TgDHFR-TS (T. gondii, apicomplexan)"
CHEMBL664921,COc1cc(-n2cccc2)c(OC)cc1NCc1cnc2nc(N)nc(N)c2c1C,CHEMBL435479,IC50,nM,33.0,CHEMBL2425,IC50,uM,0.033,"TgDHFR-TS (T. gondii, apicomplexan)"
CHEMBL884350,COc1cc(NCc2ccc3nc(N)nc(N)c3c2C)cc(OC)c1OC,CHEMBL119,IC50,nM,10.0,CHEMBL2425,IC50,uM,0.01,"TgDHFR-TS (T. gondii, apicomplexan)"
CHEMBL664921,COc1cccc2c1CCN2Cc1cnc2nc(N)nc(N)c2c1C,CHEMBL359454,IC50,nM,48.0,CHEMBL2425,IC50,uM,0.048,"TgDHFR-TS (T. gondii, apicomplexan)"
CHEMBL661508,CN(c1ccc2ccccc2c1)c1ccc2nc(N)nc(N)c2n1,CHEMBL139430,IC50,nM,14.5,CHEMBL2425,IC50,uM,0.0145,"TgDHFR-TS (T. gondii, apicomplexan)"
CHEMBL661507,CN(c1ccc2nc(N)nc(N)c2n1)c1cccc2ccccc12,CHEMBL334456,IC50,nM,2100.0,CHEMBL2425,IC50,uM,2.1,"TgDHFR-TS (T. gondii, apicomplexan)"
CHEMBL884350,CN(Cc1cnc2nc(N)nc(N)c2n1)c1ccc(C(=O)N[C@@H](CCC(=O)O)C(=O)O)cc1,CHEMBL34259,IC50,nM,1.4,CHEMBL2425,IC50,uM,0.0014,"TgDHFR-TS (T. gondii, apicomplexan)"
CHEMBL884350,CCc1nc(N)nc(N)c1-c1ccc(NCc2ccc(C(=O)N3CCCCC3)cc2)c([N+](=O)[O-])c1,CHEMBL103558,IC50,nM,140.0,CHEMBL2425,IC50,uM,0.14,"TgDHFR-TS (T. gondii, apicomplexan)"
CHEMBL661507,COc1ccccc1Sc1ccc2nc(N)nc(N)c2n1,CHEMBL142081,IC50,nM,58.0,CHEMBL2425,IC50,uM,0.058,"TgDHFR-TS (T. gondii, apicomplexan)"
CHEMBL661507,COc1ccc(N(C)c2ccc3nc(N)nc(N)c3n2)cc1OC,CHEMBL337603,IC50,nM,0.88,CHEMBL2425,IC50,uM,0.00088,"TgDHFR-TS (T. gondii, apicomplexan)"
CHEMBL664921,CCOc1cc(Cc2cnc(N)nc2N)cc(OCC)c1-n1cccc1,CHEMBL280378,IC50,nM,480.0,CHEMBL2425,IC50,uM,0.48,"TgDHFR-TS (T. gondii, apicomplexan)"
CHEMBL664921,COc1cc(Cc2cnc(N)nc2N)cc(OC)c1OC,CHEMBL22,IC50,nM,2700.0,CHEMBL2425,IC50,uM,2.7,"TgDHFR-TS (T. gondii, apicomplexan)"
CHEMBL664921,Cc1c(C)c(-n2cccc2)c(C)c(C)c1NCc1cnc2nc(N)nc(N)c2c1C,CHEMBL144563,IC50,nM,75.0,CHEMBL2425,IC50,uM,0.075,"TgDHFR-TS (T. gondii, apicomplexan)"
CHEMBL884350,CCc1nc(N)nc(N)c1-c1ccc(NCc2ccc(C(=O)O)cc2)c([N+](=O)[O-])c1,CHEMBL103981,IC50,nM,1.8,CHEMBL2425,IC50,uM,0.0018,"TgDHFR-TS (T. gondii, apicomplexan)"
CHEMBL664921,COc1cc(NCc2cnc3nc(N)nc(N)c3c2C)cc(OC)c1OC,CHEMBL23532,IC50,nM,10.0,CHEMBL2425,IC50,uM,0.01,"TgDHFR-TS (T. gondii, apicomplexan)"
CHEMBL661507,COc1ccc(Nc2ccc3nc(N)nc(N)c3n2)cc1OC,CHEMBL141585,IC50,nM,680.0,CHEMBL2425,IC50,uM,0.68,"TgDHFR-TS (T. gondii, apicomplexan)"
CHEMBL661507,CN(c1ccccc1)c1ccc2nc(N)nc(N)c2n1,CHEMBL140940,IC50,nM,2.2,CHEMBL2425,IC50,uM,0.0022,"TgDHFR-TS (T. gondii, apicomplexan)"
CHEMBL661507,Nc1nc(N)c2nc(Nc3ccc(Cl)cc3)ccc2n1,CHEMBL138252,IC50,nM,830.0,CHEMBL2425,IC50,uM,0.83,"TgDHFR-TS (T. gondii, apicomplexan)"
CHEMBL884350,CCc1nc(N)nc(N)c1-c1ccc(N(C)Cc2ccc(C(=O)NC)cc2)c([N+](=O)[O-])c1,CHEMBL102418,IC50,nM,7.4,CHEMBL2425,IC50,uM,0.0074,"TgDHFR-TS (T. gondii, apicomplexan)"
CHEMBL884350,CCOC(=O)CCC(NC(=O)c1ccc(CNc2ccc(-c3c(N)nc(N)nc3CC)cc2[N+](=O)[O-])cc1)C(=O)OCC,CHEMBL102447,IC50,nM,7.1,CHEMBL2425,IC50,uM,0.0071,"TgDHFR-TS (T. gondii, apicomplexan)"
CHEMBL661507,Nc1nc(N)c2nc(Nc3ccc4ccccc4c3)ccc2n1,CHEMBL138419,IC50,nM,1100.0,CHEMBL2425,IC50,uM,1.1,"TgDHFR-TS (T. gondii, apicomplexan)"
CHEMBL661507,COc1ccccc1S(=O)(=O)c1ccc2nc(N)nc(N)c2n1,CHEMBL337746,IC50,nM,210.0,CHEMBL2425,IC50,uM,0.21,"TgDHFR-TS (T. gondii, apicomplexan)"
CHEMBL884350,CCc1nc(N)nc(N)c1-c1ccc(NCc2ccc(C(=O)N(C)C)cc2)c([N+](=O)[O-])c1,CHEMBL102967,IC50,nM,7.9,CHEMBL2425,IC50,uM,0.0079,"TgDHFR-TS (T. gondii, apicomplexan)"
CHEMBL884350,CCc1nc(N)nc(N)c1-c1ccc(N(C)Cc2ccccc2)c([N+](=O)[O-])c1,CHEMBL56170,IC50,nM,91.0,CHEMBL2425,IC50,uM,0.091,"TgDHFR-TS (T. gondii, apicomplexan)"
CHEMBL665616,COc1cc(Cc2cnc(N)nc2N)cc(OC)c1OC,CHEMBL22,IC50,nM,2700.0,CHEMBL2425,IC50,nM,2700.0,"TgDHFR-TS (T. gondii, apicomplexan)"
CHEMBL668092,Nc1nc(N)c2c(CSc3ccc4ccccc4c3)coc2n1,CHEMBL283311,IC50,nM,11600.0,CHEMBL2425,IC50,uM,11.6,"TgDHFR-TS (T. gondii, apicomplexan)"
CHEMBL668092,COc1ccc(Sc2[nH]c3nc(N)nc(N)c3c2C)cc1,CHEMBL123892,IC50,nM,2690.0,CHEMBL2425,IC50,uM,2.69,"TgDHFR-TS (T. gondii, apicomplexan)"
CHEMBL668092,COc1ccc(OC)c(Sc2[nH]c3nc(N)nc(N)c3c2C)c1,CHEMBL331986,IC50,nM,170.0,CHEMBL2425,IC50,uM,0.17,"TgDHFR-TS (T. gondii, apicomplexan)"
CHEMBL668092,Cc1c(Sc2cccc(Cl)c2)[nH]c2nc(N)nc(N)c12,CHEMBL334198,IC50,nM,6940.0,CHEMBL2425,IC50,uM,6.94,"TgDHFR-TS (T. gondii, apicomplexan)"
CHEMBL665616,COc1ccc(OC)c(CN(C)c2cnc3nc(N)nc(N)c3c2)c1,CHEMBL32113,IC50,nM,6.3,CHEMBL2425,IC50,nM,6.3,"TgDHFR-TS (T. gondii, apicomplexan)"
CHEMBL665613,COc1ccc(OC)c(CN(C)c2cnc3nc(N)nc(N)c3c2)c1,CHEMBL32113,IC50,nM,28.0,CHEMBL2425,IC50,nM,28.0,"TgDHFR-TS (T. gondii, apicomplexan)"
CHEMBL668092,Cc1c(Sc2cccc3ccccc23)[nH]c2nc(N)nc(N)c12,CHEMBL122998,IC50,nM,160.0,CHEMBL2425,IC50,uM,0.16,"TgDHFR-TS (T. gondii, apicomplexan)"
CHEMBL668092,Cc1c(Sc2ccc(Cl)cc2Cl)[nH]c2nc(N)nc(N)c12,CHEMBL331456,IC50,nM,20000.0,CHEMBL2425,IC50,uM,20.0,"TgDHFR-TS (T. gondii, apicomplexan)"
CHEMBL665600,CN(Cc1cnc2nc(N)nc(N)c2n1)c1ccc(C(=O)N[C@@H](CCC(=O)O)C(=O)O)cc1,CHEMBL34259,IC50,nM,14.0,CHEMBL2425,IC50,uM,0.014,"TgDHFR-TS (T. gondii, apicomplexan)"
CHEMBL665616,Nc1nc(N)c2cc(NCCc3ccccc3)cnc2n1,CHEMBL33136,IC50,nM,4450.0,CHEMBL2425,IC50,nM,4450.0,"TgDHFR-TS (T. gondii, apicomplexan)"
CHEMBL665616,COc1ccc(CNc2cnc3nc(N)nc(N)c3c2)c(OC)c1OC,CHEMBL35569,IC50,nM,670.0,CHEMBL2425,IC50,nM,670.0,"TgDHFR-TS (T. gondii, apicomplexan)"
CHEMBL665616,COc1cc(CN(C)c2cnc3nc(N)nc(N)c3c2)cc(OC)c1OC,CHEMBL32190,IC50,nM,14.0,CHEMBL2425,IC50,nM,14.0,"TgDHFR-TS (T. gondii, apicomplexan)"
CHEMBL665616,COc1cc(OC)c(CNc2cnc3nc(N)nc(N)c3c2)c(OC)c1,CHEMBL32754,IC50,nM,230.0,CHEMBL2425,IC50,nM,230.0,"TgDHFR-TS (T. gondii, apicomplexan)"
CHEMBL665616,Nc1nc(N)c2cc(NCc3cccc4ccccc34)cnc2n1,CHEMBL32635,IC50,nM,980.0,CHEMBL2425,IC50,nM,980.0,"TgDHFR-TS (T. gondii, apicomplexan)"
CHEMBL668092,COc1ccccc1Sc1[nH]c2nc(N)nc(N)c2c1C,CHEMBL331314,IC50,nM,1020.0,CHEMBL2425,IC50,uM,1.02,"TgDHFR-TS (T. gondii, apicomplexan)"
CHEMBL668092,COc1cccc(Sc2[nH]c3nc(N)nc(N)c3c2C)c1,CHEMBL123984,IC50,nM,4760.0,CHEMBL2425,IC50,uM,4.76,"TgDHFR-TS (T. gondii, apicomplexan)"
CHEMBL665616,CN(Cc1ccccc1)c1cnc2nc(N)nc(N)c2c1,CHEMBL33038,IC50,nM,32.0,CHEMBL2425,IC50,nM,32.0,"TgDHFR-TS (T. gondii, apicomplexan)"
CHEMBL665613,CN(Cc1ccccc1)c1cnc2nc(N)nc(N)c2c1,CHEMBL33038,IC50,nM,35.0,CHEMBL2425,IC50,nM,35.0,"TgDHFR-TS (T. gondii, apicomplexan)"
CHEMBL665616,COc1ccc(OC)c(CNc2cnc3nc(N)nc(N)c3c2)c1,CHEMBL32708,IC50,nM,310.0,CHEMBL2425,IC50,nM,310.0,"TgDHFR-TS (T. gondii, apicomplexan)"
CHEMBL665613,COc1ccc(OC)c(CNc2cnc3nc(N)nc(N)c3c2)c1,CHEMBL32708,IC50,nM,500.0,CHEMBL2425,IC50,nM,500.0,"TgDHFR-TS (T. gondii, apicomplexan)"
CHEMBL665616,Nc1nc(N)c2cc(NCc3ccc(Oc4ccccc4)cc3)cnc2n1,CHEMBL33187,IC50,nM,3700.0,CHEMBL2425,IC50,nM,3700.0,"TgDHFR-TS (T. gondii, apicomplexan)"
CHEMBL665600,CN(Cc1coc2nc(N)nc(N)c12)c1ccc(C(=O)NC(CCC(=O)O)C(=O)O)cc1,CHEMBL278515,IC50,nM,19800.0,CHEMBL2425,IC50,uM,19.8,"TgDHFR-TS (T. gondii, apicomplexan)"
CHEMBL665600,Nc1nc(N)c2c(CNc3ccc(Cl)c(Cl)c3)coc2n1,CHEMBL274278,IC50,nM,89300.0,CHEMBL2425,IC50,uM,89.3,"TgDHFR-TS (T. gondii, apicomplexan)"
CHEMBL665616,COc1cc(NCc2ccc3nc(N)nc(N)c3c2C)cc(OC)c1OC,CHEMBL119,IC50,nM,10.0,CHEMBL2425,IC50,nM,10.0,"TgDHFR-TS (T. gondii, apicomplexan)"
CHEMBL665616,CN(CCc1ccccc1)c1cnc2nc(N)nc(N)c2c1,CHEMBL34337,IC50,nM,920.0,CHEMBL2425,IC50,nM,920.0,"TgDHFR-TS (T. gondii, apicomplexan)"
CHEMBL665616,COc1ccc(CNc2cnc3nc(N)nc(N)c3c2)c2ccccc12,CHEMBL32220,IC50,nM,380.0,CHEMBL2425,IC50,nM,380.0,"TgDHFR-TS (T. gondii, apicomplexan)"
CHEMBL668092,COc1cc(NCc2ccc3nc(N)nc(N)c3c2C)cc(OC)c1OC,CHEMBL119,IC50,nM,10.0,CHEMBL2425,IC50,uM,0.01,"TgDHFR-TS (T. gondii, apicomplexan)"
CHEMBL665616,COc1cc(CNc2cnc3nc(N)nc(N)c3c2)cc(OC)c1,CHEMBL32266,IC50,nM,1200.0,CHEMBL2425,IC50,nM,1200.0,"TgDHFR-TS (T. gondii, apicomplexan)"
CHEMBL668092,COc1cc(CC2CN=C(N)N=C2N)cc(OC)c1OC,CHEMBL331292,IC50,nM,2800.0,CHEMBL2425,IC50,uM,2.8,"TgDHFR-TS (T. gondii, apicomplexan)"
CHEMBL665616,COc1cc(OC)c(OC)cc1CNc1cnc2nc(N)nc(N)c2c1,CHEMBL284849,IC50,nM,480.0,CHEMBL2425,IC50,nM,480.0,"TgDHFR-TS (T. gondii, apicomplexan)"
CHEMBL665616,COc1ccc(CNc2cnc3nc(N)nc(N)c3c2)cc1OC,CHEMBL32769,IC50,nM,730.0,CHEMBL2425,IC50,nM,730.0,"TgDHFR-TS (T. gondii, apicomplexan)"
CHEMBL665616,COc1ccc2c(CNc3cnc4nc(N)nc(N)c4c3)cccc2c1,CHEMBL33357,IC50,nM,710.0,CHEMBL2425,IC50,nM,710.0,"TgDHFR-TS (T. gondii, apicomplexan)"
CHEMBL665600,COc1cc(NCc2coc3nc(N)nc(N)c23)cc(OC)c1OC,CHEMBL16950,IC50,nM,4000.0,CHEMBL2425,IC50,uM,4.0,"TgDHFR-TS (T. gondii, apicomplexan)"
CHEMBL665616,CCOc1cc(Cc2cnc(N)nc2N)cc(OCC)c1-n1cccc1,CHEMBL280378,IC50,nM,470.0,CHEMBL2425,IC50,nM,470.0,"TgDHFR-TS (T. gondii, apicomplexan)"
CHEMBL665616,CN(Cc1cnc2nc(N)nc(N)c2n1)c1ccc(C(=O)N[C@@H](CCC(=O)O)C(=O)O)cc1,CHEMBL34259,IC50,nM,14.0,CHEMBL2425,IC50,nM,14.0,"TgDHFR-TS (T. gondii, apicomplexan)"
CHEMBL665613,CN(Cc1cnc2nc(N)nc(N)c2n1)c1ccc(C(=O)N[C@@H](CCC(=O)O)C(=O)O)cc1,CHEMBL34259,IC50,nM,22.0,CHEMBL2425,IC50,nM,22.0,"TgDHFR-TS (T. gondii, apicomplexan)"
CHEMBL665616,COc1cc(CNc2cnc3nc(N)nc(N)c3c2)cc(OC)c1OC,CHEMBL33208,IC50,nM,350.0,CHEMBL2425,IC50,nM,350.0,"TgDHFR-TS (T. gondii, apicomplexan)"
CHEMBL665613,COc1cc(CNc2cnc3nc(N)nc(N)c3c2)cc(OC)c1OC,CHEMBL33208,IC50,nM,1300.0,CHEMBL2425,IC50,nM,1300.0,"TgDHFR-TS (T. gondii, apicomplexan)"
CHEMBL665616,COc1ccc(CN(C)c2cnc3nc(N)nc(N)c3c2)c(OC)c1OC,CHEMBL35222,IC50,nM,26.0,CHEMBL2425,IC50,nM,26.0,"TgDHFR-TS (T. gondii, apicomplexan)"
CHEMBL665613,COc1ccc(CN(C)c2cnc3nc(N)nc(N)c3c2)c(OC)c1OC,CHEMBL35222,IC50,nM,26.0,CHEMBL2425,IC50,nM,26.0,"TgDHFR-TS (T. gondii, apicomplexan)"
CHEMBL665616,Nc1nc(N)c2cc(NCc3ccccc3)cnc2n1,CHEMBL286700,IC50,nM,520.0,CHEMBL2425,IC50,nM,520.0,"TgDHFR-TS (T. gondii, apicomplexan)"
CHEMBL665600,Nc1nc(N)c2c(CNc3ccc(C(=O)NC(CCC(=O)O)C(=O)O)cc3)coc2n1,CHEMBL17383,IC50,nM,700.0,CHEMBL2425,IC50,uM,0.7,"TgDHFR-TS (T. gondii, apicomplexan)"
CHEMBL665616,COc1cc(C(C)Nc2cnc3nc(N)nc(N)c3c2)cc(OC)c1OC,CHEMBL32583,IC50,nM,194.0,CHEMBL2425,IC50,nM,194.0,"TgDHFR-TS (T. gondii, apicomplexan)"
CHEMBL668092,Cc1c(Sc2ccc(Cl)cc2)[nH]c2nc(N)nc(N)c12,CHEMBL420172,IC50,nM,8930.0,CHEMBL2425,IC50,uM,8.93,"TgDHFR-TS (T. gondii, apicomplexan)"
CHEMBL665616,COc1cc(CN(C)c2cnc3nc(N)nc(N)c3c2)cc(OC)c1,CHEMBL36245,IC50,nM,21.0,CHEMBL2425,IC50,nM,21.0,"TgDHFR-TS (T. gondii, apicomplexan)"
CHEMBL665613,COc1cc(CN(C)c2cnc3nc(N)nc(N)c3c2)cc(OC)c1,CHEMBL36245,IC50,nM,29.0,CHEMBL2425,IC50,nM,29.0,"TgDHFR-TS (T. gondii, apicomplexan)"
CHEMBL665698,COc1ccc(OC)c(NCc2c[nH]c3nc(N)nc(N)c23)c1,CHEMBL17323,IC50,nM,1700.0,CHEMBL2425,IC50,uM,1.7,"TgDHFR-TS (T. gondii, apicomplexan)"
CHEMBL666220,Nc1nc(N)c2nc(CN3c4ccccc4C=Cc4cc(OCCCC(=O)O)ccc43)cnc2n1,CHEMBL430821,IC50,nM,9.9,CHEMBL2425,IC50,nM,9.9,"TgDHFR-TS (T. gondii, apicomplexan)"
CHEMBL666219,COc1ccc(OC)c(Cc2cnc3nc(N)nc(N)c3c2C)c1,CHEMBL7492,IC50,nM,4.3,CHEMBL2425,IC50,nM,4.3,"TgDHFR-TS (T. gondii, apicomplexan)"
CHEMBL876719,COc1cc(NCc2ccc3nc(N)nc(N)c3c2C)cc(OC)c1OC,CHEMBL119,IC50,nM,16.0,CHEMBL2425,IC50,nM,16.0,"TgDHFR-TS (T. gondii, apicomplexan)"
CHEMBL665698,COc1ccc(OC)c(Cc2cnc3nc(N)nc(N)c3c2C)c1,CHEMBL7492,IC50,nM,10.0,CHEMBL2425,IC50,uM,0.01,"TgDHFR-TS (T. gondii, apicomplexan)"
CHEMBL663070,CCOc1cc(Cc2cnc(N)nc2N)cc(OCC)c1-n1cccc1,CHEMBL280378,IC50,nM,900.0,CHEMBL2425,IC50,nM,900.0,"TgDHFR-TS (T. gondii, apicomplexan)"
CHEMBL666222,Nc1nc(N)c2nc(CSc3ccc(Sc4ccccc4)cc3)cnc2n1,CHEMBL83553,IC50,nM,770.0,CHEMBL2425,IC50,nM,770.0,"TgDHFR-TS (T. gondii, apicomplexan)"
CHEMBL665698,Nc1nc(N)c2c(CNc3cccc4ccccc34)c[nH]c2n1,CHEMBL276734,IC50,nM,1100.0,CHEMBL2425,IC50,uM,1.1,"TgDHFR-TS (T. gondii, apicomplexan)"
CHEMBL665698,Nc1nc(N)c2c(CNc3ccc(C(=O)NC(CCC(=O)O)C(=O)O)cc3)c[nH]c2n1,CHEMBL17232,IC50,nM,210.0,CHEMBL2425,IC50,uM,0.21,"TgDHFR-TS (T. gondii, apicomplexan)"
CHEMBL663072,Nc1nc(N)c2nc(CN3c4ccccc4C=Cc4cc(OCc5ccc(C(=O)O)cc5)ccc43)cnc2n1,CHEMBL79464,IC50,nM,22.0,CHEMBL2425,IC50,nM,22.0,"TgDHFR-TS (T. gondii, apicomplexan)"
CHEMBL665698,Nc1nc(N)c2c(CNc3ccc(Cl)c(Cl)c3)c[nH]c2n1,CHEMBL17873,IC50,nM,1400.0,CHEMBL2425,IC50,uM,1.4,"TgDHFR-TS (T. gondii, apicomplexan)"
CHEMBL664377,Nc1nc(N)c2nc(CN3c4ccccc4C=Cc4cc(OCCCCC(=O)O)ccc43)cnc2n1,CHEMBL82936,IC50,nM,21.0,CHEMBL2425,IC50,nM,21.0,"TgDHFR-TS (T. gondii, apicomplexan)"
CHEMBL665698,CN(Cc1cnc2nc(N)nc(N)c2n1)c1ccc(C(=O)N[C@@H](CCC(=O)O)C(=O)O)cc1,CHEMBL34259,IC50,nM,14.0,CHEMBL2425,IC50,uM,0.014,"TgDHFR-TS (T. gondii, apicomplexan)"
CHEMBL665698,COc1cc(NCc2c[nH]c3nc(N)nc(N)c23)cc(OC)c1OC,CHEMBL69681,IC50,nM,8100.0,CHEMBL2425,IC50,uM,8.1,"TgDHFR-TS (T. gondii, apicomplexan)"
CHEMBL665698,Nc1nc(N)c2c(CNc3ccccc3)c[nH]c2n1,CHEMBL432136,IC50,nM,3900.0,CHEMBL2425,IC50,uM,3.9,"TgDHFR-TS (T. gondii, apicomplexan)"
CHEMBL665698,COc1ccc(NCc2c[nH]c3nc(N)nc(N)c23)cc1,CHEMBL68673,IC50,nM,6000.0,CHEMBL2425,IC50,uM,6.0,"TgDHFR-TS (T. gondii, apicomplexan)"
CHEMBL664378,Nc1nc(N)c2nc(CN3c4ccccc4C=Cc4cc(O)ccc43)cnc2n1,CHEMBL81995,IC50,nM,26.0,CHEMBL2425,IC50,nM,26.0,"TgDHFR-TS (T. gondii, apicomplexan)"
CHEMBL666222,COc1ccc(OC)c(CCc2cnc3nc(N)nc(N)c3c2C)c1,CHEMBL284544,IC50,nM,7.9,CHEMBL2425,IC50,nM,7.9,"TgDHFR-TS (T. gondii, apicomplexan)"
CHEMBL665698,COc1cc(Cc2cnc(N)nc2N)cc(OC)c1OC,CHEMBL22,IC50,nM,2700.0,CHEMBL2425,IC50,uM,2.7,"TgDHFR-TS (T. gondii, apicomplexan)"
CHEMBL664379,COc1cc(Cc2cnc(N)nc2N)cc(OC)c1OC,CHEMBL22,IC50,nM,2800.0,CHEMBL2425,IC50,nM,2800.0,"TgDHFR-TS (T. gondii, apicomplexan)"
CHEMBL665698,COc1cc(NCc2ccc3nc(N)nc(N)c3c2C)cc(OC)c1OC,CHEMBL119,IC50,nM,10.0,CHEMBL2425,IC50,uM,0.01,"TgDHFR-TS (T. gondii, apicomplexan)"
CHEMBL664381,Nc1nc(N)c2nc(CN3c4ccccc4C=Cc4ccccc43)cnc2n1,CHEMBL301769,IC50,nM,39.0,CHEMBL2425,IC50,nM,39.0,"TgDHFR-TS (T. gondii, apicomplexan)"
CHEMBL665698,COc1ccc(NCc2c[nH]c3nc(N)nc(N)c23)cc1OC,CHEMBL68439,IC50,nM,4300.0,CHEMBL2425,IC50,uM,4.3,"TgDHFR-TS (T. gondii, apicomplexan)"
CHEMBL665698,CCOc1ccc(OCC)c(NCc2c[nH]c3nc(N)nc(N)c23)c1,CHEMBL69363,IC50,nM,5300.0,CHEMBL2425,IC50,uM,5.3,"TgDHFR-TS (T. gondii, apicomplexan)"
CHEMBL663071,Nc1nc(N)c2nc(CN3c4ccccc4C=Cc4cc(OCC(=O)O)ccc43)cnc2n1,CHEMBL310397,IC50,nM,17.0,CHEMBL2425,IC50,nM,17.0,"TgDHFR-TS (T. gondii, apicomplexan)"
CHEMBL664380,Nc1nc(N)c2nc(CN3c4ccccc4C=Cc4cc(OCCC(=O)O)ccc43)cnc2n1,CHEMBL84273,IC50,nM,28.0,CHEMBL2425,IC50,nM,28.0,"TgDHFR-TS (T. gondii, apicomplexan)"
CHEMBL662241,COc1ccc(OCCCCCCCC(=O)O)cc1Cc1cnc(N)nc1N,CHEMBL289904,IC50,nM,360.0,CHEMBL2425,IC50,uM,0.36,"TgDHFR-TS (T. gondii, apicomplexan)"
CHEMBL662241,COc1ccc(OCCCCCCCCC(=O)O)cc1Cc1cnc(N)nc1N,CHEMBL38332,IC50,nM,430.0,CHEMBL2425,IC50,uM,0.43,"TgDHFR-TS (T. gondii, apicomplexan)"
CHEMBL665601,Nc1nc(N)c2c3c(oc2n1)CN(Cc1ccc(Cl)cc1Cl)CC3,CHEMBL287579,IC50,nM,13100.0,CHEMBL2425,IC50,uM,13.1,"TgDHFR-TS (T. gondii, apicomplexan)"
CHEMBL665599,Cc1nc(N)nc2[nH]cc(CCc3ccc(C(=O)N[C@@H](CCC(=O)O)C(=O)O)cc3)c12,CHEMBL439973,IC50,nM,1200.0,CHEMBL2425,IC50,M,0.0000012,"TgDHFR-TS (T. gondii, apicomplexan)"
CHEMBL662241,COc1ccc(OCCCCCC(=O)O)cc1Cc1cnc(N)nc1N,CHEMBL285448,IC50,nM,480.0,CHEMBL2425,IC50,uM,0.48,"TgDHFR-TS (T. gondii, apicomplexan)"
CHEMBL665601,CN(Cc1cnc2nc(N)nc(N)c2n1)c1ccc(C(=O)N[C@@H](CCC(=O)O)C(=O)O)cc1,CHEMBL34259,IC50,nM,14.0,CHEMBL2425,IC50,uM,0.014,"TgDHFR-TS (T. gondii, apicomplexan)"
CHEMBL665599,Cc1cn([C@@H]2O[C@H](COP(=O)(O)O)[C@@H](O)[C@H]2O)c(=O)[nH]c1=O,CHEMBL1230421,IC50,nM,3400.0,CHEMBL2425,IC50,M,0.0000034,"TgDHFR-TS (T. gondii, apicomplexan)"
CHEMBL662241,CCCCCCCCCOc1ccc(OC)c(Cc2cnc(N)nc2N)c1,CHEMBL420384,IC50,nM,32000.0,CHEMBL2425,IC50,uM,32.0,"TgDHFR-TS (T. gondii, apicomplexan)"
CHEMBL662241,CCCCCCCCOc1ccc(OC)c(Cc2cnc(N)nc2N)c1,CHEMBL78648,IC50,nM,15000.0,CHEMBL2425,IC50,uM,15.0,"TgDHFR-TS (T. gondii, apicomplexan)"
CHEMBL665601,COc1cc(Cc2cnc(N)nc2N)cc(OC)c1OC,CHEMBL22,IC50,nM,2700.0,CHEMBL2425,IC50,uM,2.7,"TgDHFR-TS (T. gondii, apicomplexan)"
CHEMBL662241,COc1ccc(OCCCCC(=O)O)cc1Cc1cnc(N)nc1N,CHEMBL37520,IC50,nM,110.0,CHEMBL2425,IC50,uM,0.11,"TgDHFR-TS (T. gondii, apicomplexan)"
CHEMBL662241,CCCCCCOc1ccc(OC)c(Cc2cnc(N)nc2N)c1,CHEMBL284851,IC50,nM,9200.0,CHEMBL2425,IC50,uM,9.2,"TgDHFR-TS (T. gondii, apicomplexan)"
CHEMBL662241,CCCCCCCOc1ccc(OC)c(Cc2cnc(N)nc2N)c1,CHEMBL287481,IC50,nM,5000.0,CHEMBL2425,IC50,uM,5.0,"TgDHFR-TS (T. gondii, apicomplexan)"
CHEMBL665599,Nc1nc2[nH]cc(CCc3ccc(C(=O)N[C@@H](CCC(=O)O)C(=O)O)cc3)c2c(=O)[nH]1,CHEMBL225072,IC50,nM,1400.0,CHEMBL2425,IC50,M,0.0000014,"TgDHFR-TS (T. gondii, apicomplexan)"
CHEMBL662241,CCCCCOc1ccc(OC)c(Cc2cnc(N)nc2N)c1,CHEMBL79890,IC50,nM,6500.0,CHEMBL2425,IC50,uM,6.5,"TgDHFR-TS (T. gondii, apicomplexan)"
CHEMBL665599,CN(Cc1cnc2nc(N)nc(N)c2n1)c1ccc(C(=O)N[C@@H](CCC(=O)O)C(=O)O)cc1,CHEMBL34259,IC50,nM,22.0,CHEMBL2425,IC50,M,2.2E-8,"TgDHFR-TS (T. gondii, apicomplexan)"
CHEMBL665601,Nc1nc(N)c2c3c(oc2n1)CN(Cc1c(Cl)cccc1Cl)CC3,CHEMBL281962,IC50,nM,31700.0,CHEMBL2425,IC50,uM,31.7,"TgDHFR-TS (T. gondii, apicomplexan)"
CHEMBL662241,COc1ccc(OCCCCCCC(=O)O)cc1Cc1cnc(N)nc1N,CHEMBL36310,IC50,nM,180.0,CHEMBL2425,IC50,uM,0.18,"TgDHFR-TS (T. gondii, apicomplexan)"
CHEMBL662241,COc1cc(Cc2cnc(N)nc2N)cc(OC)c1OC,CHEMBL22,IC50,nM,2700.0,CHEMBL2425,IC50,uM,2.7,"TgDHFR-TS (T. gondii, apicomplexan)"
CHEMBL665601,Nc1nc(N)c2c3c(oc2n1)CN(Cc1ccc(Cl)c(Cl)c1)CC3,CHEMBL31273,IC50,nM,22300.0,CHEMBL2425,IC50,uM,22.3,"TgDHFR-TS (T. gondii, apicomplexan)"
CHEMBL665601,Nc1nc(N)c2c3c(oc2n1)CN(Cc1ccccc1)CC3,CHEMBL30403,IC50,nM,1400.0,CHEMBL2425,IC50,uM,1.4,"TgDHFR-TS (T. gondii, apicomplexan)"
CHEMBL665601,Nc1nc(N)c2c3c(oc2n1)CN(Cc1ccc(C(=O)N[C@@H](CCC(=O)O)C(=O)O)cc1)CC3,CHEMBL418214,IC50,nM,21500.0,CHEMBL2425,IC50,uM,21.5,"TgDHFR-TS (T. gondii, apicomplexan)"
CHEMBL665601,CN(Cc1coc2nc(N)nc(N)c12)c1ccc(C(=O)NC(CCC(=O)O)C(=O)O)cc1,CHEMBL278515,IC50,nM,19800.0,CHEMBL2425,IC50,uM,19.8,"TgDHFR-TS (T. gondii, apicomplexan)"
CHEMBL662241,COc1ccc(OC)c(Cc2cnc3nc(N)nc(N)c3c2C)c1,CHEMBL7492,IC50,nM,17.0,CHEMBL2425,IC50,uM,0.017,"TgDHFR-TS (T. gondii, apicomplexan)"
CHEMBL662241,COc1ccc(OCCCC(=O)O)cc1Cc1cnc(N)nc1N,CHEMBL37696,IC50,nM,180.0,CHEMBL2425,IC50,uM,0.18,"TgDHFR-TS (T. gondii, apicomplexan)"
CHEMBL665601,Nc1nc(N)c2c(CNc3ccc(C(=O)NC(CCC(=O)O)C(=O)O)cc3)coc2n1,CHEMBL17383,IC50,nM,700.0,CHEMBL2425,IC50,uM,0.7,"TgDHFR-TS (T. gondii, apicomplexan)"
CHEMBL665601,COc1cc(NCc2ccc3nc(N)nc(N)c3c2C)cc(OC)c1OC,CHEMBL119,IC50,nM,10.0,CHEMBL2425,IC50,uM,0.01,"TgDHFR-TS (T. gondii, apicomplexan)"
CHEMBL664915,COc1ccc(OC)c(CCCNc2ccc3nc(N)nc(N)c3c2Cl)c1,CHEMBL138625,IC50,nM,1000.0,CHEMBL2425,IC50,uM,1.0,"TgDHFR-TS (T. gondii, apicomplexan)"
CHEMBL664915,COc1ccc(OC)c(NCc2ccc3nc(N)nc(N)c3c2Cl)c1,CHEMBL88430,IC50,nM,30.0,CHEMBL2425,IC50,uM,0.03,"TgDHFR-TS (T. gondii, apicomplexan)"
CHEMBL664915,COc1cc(Cc2cnc(N)nc2N)cc(OC)c1OC,CHEMBL22,IC50,nM,2700.0,CHEMBL2425,IC50,uM,2.7,"TgDHFR-TS (T. gondii, apicomplexan)"
CHEMBL664915,COc1ccc(OC)c(CNc2ccc3nc(N)nc(N)c3c2Cl)c1,CHEMBL138060,IC50,nM,17.0,CHEMBL2425,IC50,uM,0.017,"TgDHFR-TS (T. gondii, apicomplexan)"
CHEMBL664915,COc1cc(CN(C)c2ccc3nc(N)nc(N)c3c2Cl)cc(OC)c1OC,CHEMBL138265,IC50,nM,16.0,CHEMBL2425,IC50,uM,0.016,"TgDHFR-TS (T. gondii, apicomplexan)"
CHEMBL664915,COc1cc(CCNc2ccc3nc(N)nc(N)c3c2Cl)cc(OC)c1OC,CHEMBL141417,IC50,nM,2600.0,CHEMBL2425,IC50,uM,2.6,"TgDHFR-TS (T. gondii, apicomplexan)"
CHEMBL664915,COc1ccc(OC)c(Cc2cnc3nc(N)nc(N)c3c2C)c1,CHEMBL7492,IC50,nM,17.0,CHEMBL2425,IC50,uM,0.017,"TgDHFR-TS (T. gondii, apicomplexan)"
CHEMBL664915,COc1cc(CCCNc2ccc3nc(N)nc(N)c3c2Cl)cc(OC)c1OC,CHEMBL141469,IC50,nM,14000.0,CHEMBL2425,IC50,uM,14.0,"TgDHFR-TS (T. gondii, apicomplexan)"
CHEMBL664915,COc1cc(NCc2ccc3nc(N)nc(N)c3c2Cl)cc(OC)c1OC,CHEMBL88555,IC50,nM,5.2,CHEMBL2425,IC50,uM,0.0052,"TgDHFR-TS (T. gondii, apicomplexan)"
CHEMBL664915,COc1cc(NCc2ccc3nc(N)nc(N)c3c2C)cc(OC)c1OC,CHEMBL119,IC50,nM,10.0,CHEMBL2425,IC50,uM,0.01,"TgDHFR-TS (T. gondii, apicomplexan)"
CHEMBL664915,CCc1nc(N)nc(N)c1-c1ccc(Cl)cc1,CHEMBL36,IC50,nM,390.0,CHEMBL2425,IC50,uM,0.39,"TgDHFR-TS (T. gondii, apicomplexan)"
CHEMBL664915,COc1ccc(OC)c(CCNc2ccc3nc(N)nc(N)c3c2Cl)c1,CHEMBL141903,IC50,nM,990.0,CHEMBL2425,IC50,uM,0.99,"TgDHFR-TS (T. gondii, apicomplexan)"
CHEMBL664915,COc1cc(CNc2ccc3nc(N)nc(N)c3c2Cl)cc(OC)c1OC,CHEMBL137942,IC50,nM,7.0,CHEMBL2425,IC50,uM,0.007,"TgDHFR-TS (T. gondii, apicomplexan)"
CHEMBL664915,COc1cc(N(C)Cc2ccc3nc(N)nc(N)c3c2Cl)cc(OC)c1OC,CHEMBL328897,IC50,nM,6.4,CHEMBL2425,IC50,uM,0.0064,"TgDHFR-TS (T. gondii, apicomplexan)"
CHEMBL664919,COc1cc(Cc2cnc(N)nc2N)cc(OC)c1OC,CHEMBL22,IC50,nM,2800.0,CHEMBL2425,IC50,uM,2.8,"TgDHFR-TS (T. gondii, apicomplexan)"
CHEMBL664919,COc1ccc(C#CCCCCC(=O)O)cc1Cc1cnc(N)nc1N,CHEMBL33922,IC50,nM,72.0,CHEMBL2425,IC50,uM,0.072,"TgDHFR-TS (T. gondii, apicomplexan)"
CHEMBL664919,COc1ccc(OCCCCCCC(=O)O)cc1Cc1cnc(N)nc1N,CHEMBL36310,IC50,nM,180.0,CHEMBL2425,IC50,uM,0.18,"TgDHFR-TS (T. gondii, apicomplexan)"
CHEMBL664919,COc1ccc(OCc2cccc(C(=O)O)c2)cc1Cc1cnc(N)nc1N,CHEMBL288647,IC50,nM,600.0,CHEMBL2425,IC50,uM,0.6,"TgDHFR-TS (T. gondii, apicomplexan)"
CHEMBL664919,Nc1nc(N)c2c(CNc3cccc4c3CCCC4)c[nH]c2n1,CHEMBL48648,IC50,nM,1100.0,CHEMBL2425,IC50,uM,1.1,"TgDHFR-TS (T. gondii, apicomplexan)"
CHEMBL664919,Cc1cccc(-c2nc3c(N)nc(N)nc3nc2N)c1,CHEMBL48189,IC50,nM,18.0,CHEMBL2425,IC50,uM,0.018,"TgDHFR-TS (T. gondii, apicomplexan)"
CHEMBL664919,COc1ccc(C#CCCC(=O)O)cc1Cc1cnc(N)nc1N,CHEMBL34823,IC50,nM,97.0,CHEMBL2425,IC50,uM,0.097,"TgDHFR-TS (T. gondii, apicomplexan)"
CHEMBL664919,COc1ccc(CCCCCCC(=O)O)cc1Cc1cnc(N)nc1N,CHEMBL288350,IC50,nM,30.0,CHEMBL2425,IC50,uM,0.03,"TgDHFR-TS (T. gondii, apicomplexan)"
CHEMBL664919,Nc1nc(N)c2nc(CCSc3ccccc3)cnc2n1,CHEMBL50379,IC50,nM,770.0,CHEMBL2425,IC50,uM,0.77,"TgDHFR-TS (T. gondii, apicomplexan)"
CHEMBL664919,COc1cc(Cc2cnc(N)nc2N)cc(OC)c1-n1cccc1,CHEMBL48963,IC50,nM,470.0,CHEMBL2425,IC50,uM,0.47,"TgDHFR-TS (T. gondii, apicomplexan)"
CHEMBL664919,COc1ccc(OC)c(NCc2c[nH]c3nc(N)nc(N)c23)c1,CHEMBL17323,IC50,nM,1700.0,CHEMBL2425,IC50,uM,1.7,"TgDHFR-TS (T. gondii, apicomplexan)"
CHEMBL664919,COc1ccc(OCCCCC(=O)O)cc1Cc1cnc(N)nc1N,CHEMBL37520,IC50,nM,110.0,CHEMBL2425,IC50,uM,0.11,"TgDHFR-TS (T. gondii, apicomplexan)"
CHEMBL664919,CCc1nc(N)nc(N)c1-c1ccc(Cl)c(/N=N/N2CCOCC2)c1,CHEMBL48203,IC50,nM,190.0,CHEMBL2425,IC50,uM,0.19,"TgDHFR-TS (T. gondii, apicomplexan)"
CHEMBL664919,CCc1nc(N)nc(N)c1-c1ccc(Cl)c(/N=N/N(C)C)c1,CHEMBL49246,IC50,nM,310.0,CHEMBL2425,IC50,uM,0.31,"TgDHFR-TS (T. gondii, apicomplexan)"
CHEMBL664918,COc1ccc(OCCCC(=O)O)cc1Cc1cnc(N)nc1N,CHEMBL37696,IC50,nM,180.0,CHEMBL2425,IC50,uM,0.18,"TgDHFR-TS (T. gondii, apicomplexan)"
CHEMBL664919,COc1ccc(C#CCCCC(=O)O)cc1Cc1cnc(N)nc1N,CHEMBL37334,IC50,nM,32.0,CHEMBL2425,IC50,uM,0.032,"TgDHFR-TS (T. gondii, apicomplexan)"
CHEMBL664919,COc1ccc(OCc2ccc(C(=O)O)cc2)cc1Cc1cnc(N)nc1N,CHEMBL290806,IC50,nM,2000.0,CHEMBL2425,IC50,uM,2.0,"TgDHFR-TS (T. gondii, apicomplexan)"
CHEMBL664919,COc1ccc(CCCCCC(=O)O)cc1Cc1cnc(N)nc1N,CHEMBL33921,IC50,nM,8.4,CHEMBL2425,IC50,uM,0.0084,"TgDHFR-TS (T. gondii, apicomplexan)"
CHEMBL664919,Nc1nc(N)c2nc(CN3c4ccccc4C=Cc4ccccc43)cnc2n1,CHEMBL301769,IC50,nM,43.0,CHEMBL2425,IC50,uM,0.043,"TgDHFR-TS (T. gondii, apicomplexan)"
CHEMBL664919,COc1ccc(OC)c(Cc2cnc3nc(N)nc(N)c3c2C)c1,CHEMBL7492,IC50,nM,43.0,CHEMBL2425,IC50,uM,0.043,"TgDHFR-TS (T. gondii, apicomplexan)"
CHEMBL665617,COc1ccc(OC)c(Cc2cnc3nc(N)nc(N)c3c2C)c1,CHEMBL7492,IC50,nM,17.0,CHEMBL2425,IC50,uM,0.017,"TgDHFR-TS (T. gondii, apicomplexan)"
CHEMBL664919,Nc1nc(N)c2nc(C(=O)c3ccccc3)c(-c3ccccc3)nc2n1,CHEMBL50597,IC50,nM,860.0,CHEMBL2425,IC50,uM,0.86,"TgDHFR-TS (T. gondii, apicomplexan)"
CHEMBL664919,COc1ccc(CCCCC(=O)O)cc1Cc1cnc(N)nc1N,CHEMBL285279,IC50,nM,58.0,CHEMBL2425,IC50,uM,0.058,"TgDHFR-TS (T. gondii, apicomplexan)"
CHEMBL664919,COc1ccc(C#CCOc2ccccc2C(=O)O)cc1Cc1cnc(N)nc1N,CHEMBL35437,IC50,nM,500.0,CHEMBL2425,IC50,uM,0.5,"TgDHFR-TS (T. gondii, apicomplexan)"
CHEMBL664919,Nc1nc(N)c2nc(-c3ccccc3)c(-c3ccccc3)nc2n1,CHEMBL48296,IC50,nM,240.0,CHEMBL2425,IC50,uM,0.24,"TgDHFR-TS (T. gondii, apicomplexan)"
CHEMBL664919,COc1ccc(C#CCOc2cccc(C(=O)O)c2)cc1Cc1cnc(N)nc1N,CHEMBL35080,IC50,nM,1600.0,CHEMBL2425,IC50,uM,1.6,"TgDHFR-TS (T. gondii, apicomplexan)"
CHEMBL664919,COc1ccc(OC)c(CN(C)c2cnc3nc(N)nc(N)c3c2)c1,CHEMBL32113,IC50,nM,28.0,CHEMBL2425,IC50,uM,0.028,"TgDHFR-TS (T. gondii, apicomplexan)"
CHEMBL828662,COc1cc(CCC2CNc3nc(N)nc(N)c3C2)cc(OC)c1OC,CHEMBL423558,IC50,nM,470.0,CHEMBL2425,IC50,uM,0.47,"TgDHFR-TS (T. gondii, apicomplexan)"
CHEMBL830839,COc1cc(CCC2CNc3nc(N)nc(N)c3C2)cc(OC)c1OC,CHEMBL423558,IC50,nM,469.89,CHEMBL2425,pIC50,,6.328,"TgDHFR-TS (T. gondii, apicomplexan)"
CHEMBL828662,COc1cc(N(C=O)Cc2cnc3nc(N)nc(N)c3c2)cc(OC)c1OC,CHEMBL342555,IC50,nM,1100.0,CHEMBL2425,IC50,uM,1.1,"TgDHFR-TS (T. gondii, apicomplexan)"
CHEMBL830839,COc1cc(N(C=O)Cc2cnc3nc(N)nc(N)c3c2)cc(OC)c1OC,CHEMBL342555,IC50,nM,1099.01,CHEMBL2425,pIC50,,5.959,"TgDHFR-TS (T. gondii, apicomplexan)"
CHEMBL828662,COc1ccc(NCc2c[nH]c3nc(N)nc(N)c23)cc1,CHEMBL68673,IC50,nM,6000.0,CHEMBL2425,IC50,uM,6.0,"TgDHFR-TS (T. gondii, apicomplexan)"
CHEMBL830839,COc1ccc(NCc2c[nH]c3nc(N)nc(N)c23)cc1,CHEMBL68673,IC50,nM,6000.67,CHEMBL2425,pIC50,,5.2218,"TgDHFR-TS (T. gondii, apicomplexan)"
CHEMBL828662,COc1ccc(OC)c(NCc2c[nH]c3nc(N)nc(N)c23)c1,CHEMBL17323,IC50,nM,1700.0,CHEMBL2425,IC50,uM,1.7,"TgDHFR-TS (T. gondii, apicomplexan)"
CHEMBL830839,COc1ccc(OC)c(NCc2c[nH]c3nc(N)nc(N)c23)c1,CHEMBL17323,IC50,nM,1698.24,CHEMBL2425,pIC50,,5.77,"TgDHFR-TS (T. gondii, apicomplexan)"
CHEMBL828662,Nc1nc(N)c2c(CNc3ccc(Cl)c(Cl)c3)c[nH]c2n1,CHEMBL17873,IC50,nM,1400.0,CHEMBL2425,IC50,uM,1.4,"TgDHFR-TS (T. gondii, apicomplexan)"
CHEMBL830839,Nc1nc(N)c2c(CNc3ccc(Cl)c(Cl)c3)c[nH]c2n1,CHEMBL17873,IC50,nM,1399.59,CHEMBL2425,pIC50,,5.854,"TgDHFR-TS (T. gondii, apicomplexan)"
CHEMBL828662,Nc1nc(N)c2c(CNc3cccc4ccccc34)c[nH]c2n1,CHEMBL276734,IC50,nM,1100.0,CHEMBL2425,IC50,uM,1.1,"TgDHFR-TS (T. gondii, apicomplexan)"
CHEMBL830839,Nc1nc(N)c2c(CNc3cccc4ccccc34)c[nH]c2n1,CHEMBL276734,IC50,nM,1099.01,CHEMBL2425,pIC50,,5.959,"TgDHFR-TS (T. gondii, apicomplexan)"
CHEMBL828662,COc1ccc(NCc2c[nH]c3nc(N)nc(N)c23)cc1OC,CHEMBL68439,IC50,nM,4300.0,CHEMBL2425,IC50,uM,4.3,"TgDHFR-TS (T. gondii, apicomplexan)"
CHEMBL830839,COc1ccc(NCc2c[nH]c3nc(N)nc(N)c23)cc1OC,CHEMBL68439,IC50,nM,4305.27,CHEMBL2425,pIC50,,5.366,"TgDHFR-TS (T. gondii, apicomplexan)"
CHEMBL828662,Nc1nc(N)c2c(CSc3cccc4ccccc34)coc2n1,CHEMBL283515,IC50,nM,19000.0,CHEMBL2425,IC50,uM,19.0,"TgDHFR-TS (T. gondii, apicomplexan)"
CHEMBL830839,Nc1nc(N)c2c(CSc3cccc4ccccc34)coc2n1,CHEMBL283515,IC50,nM,19010.78,CHEMBL2425,pIC50,,4.721,"TgDHFR-TS (T. gondii, apicomplexan)"
CHEMBL828662,Nc1nc(N)c2c(CNc3cccc4ccccc34)coc2n1,CHEMBL23846,IC50,nM,37000.0,CHEMBL2425,IC50,uM,37.0,"TgDHFR-TS (T. gondii, apicomplexan)"
CHEMBL830839,Nc1nc(N)c2c(CNc3cccc4ccccc34)coc2n1,CHEMBL23846,IC50,nM,36982.82,CHEMBL2425,pIC50,,4.432,"TgDHFR-TS (T. gondii, apicomplexan)"
CHEMBL828662,Nc1nc(N)c2c(CNc3ccc4ccccc4c3)coc2n1,CHEMBL279914,IC50,nM,38000.0,CHEMBL2425,IC50,uM,38.0,"TgDHFR-TS (T. gondii, apicomplexan)"
CHEMBL830839,Nc1nc(N)c2c(CNc3ccc4ccccc4c3)coc2n1,CHEMBL279914,IC50,nM,38001.44,CHEMBL2425,pIC50,,4.4202,"TgDHFR-TS (T. gondii, apicomplexan)"
CHEMBL828662,Nc1nc(N)c2c(CNc3ccccc3-c3ccccc3)coc2n1,CHEMBL23960,IC50,nM,45400.0,CHEMBL2425,IC50,uM,45.4,"TgDHFR-TS (T. gondii, apicomplexan)"
CHEMBL830839,Nc1nc(N)c2c(CNc3ccccc3-c3ccccc3)coc2n1,CHEMBL23960,IC50,nM,45394.16,CHEMBL2425,pIC50,,4.343,"TgDHFR-TS (T. gondii, apicomplexan)"
CHEMBL828662,Nc1nc(N)c2c(CNc3ccc(Oc4ccccc4)cc3)coc2n1,CHEMBL23297,IC50,nM,32400.0,CHEMBL2425,IC50,uM,32.4,"TgDHFR-TS (T. gondii, apicomplexan)"
CHEMBL830839,Nc1nc(N)c2c(CNc3ccc(Oc4ccccc4)cc3)coc2n1,CHEMBL23297,IC50,nM,32359.37,CHEMBL2425,pIC50,,4.49,"TgDHFR-TS (T. gondii, apicomplexan)"
CHEMBL828662,CN(Cc1coc2nc(N)nc(N)c12)c1ccc2ccccc2c1,CHEMBL22561,IC50,nM,23600.0,CHEMBL2425,IC50,uM,23.6,"TgDHFR-TS (T. gondii, apicomplexan)"
CHEMBL830839,CN(Cc1coc2nc(N)nc(N)c12)c1ccc2ccccc2c1,CHEMBL22561,IC50,nM,23604.78,CHEMBL2425,pIC50,,4.627,"TgDHFR-TS (T. gondii, apicomplexan)"
CHEMBL828662,Nc1nc(N)c2c(CSc3ccc4ccccc4c3)coc2n1,CHEMBL283311,IC50,nM,11600.0,CHEMBL2425,IC50,uM,11.6,"TgDHFR-TS (T. gondii, apicomplexan)"
CHEMBL830839,Nc1nc(N)c2c(CSc3ccc4ccccc4c3)coc2n1,CHEMBL283311,IC50,nM,32359.37,CHEMBL2425,pIC50,,4.49,"TgDHFR-TS (T. gondii, apicomplexan)"
CHEMBL828662,CN(Cc1coc2nc(N)nc(N)c12)c1cc(Cl)c(Cl)c(Cl)c1,CHEMBL278110,IC50,nM,21500.0,CHEMBL2425,IC50,uM,21.5,"TgDHFR-TS (T. gondii, apicomplexan)"
CHEMBL830839,CN(Cc1coc2nc(N)nc(N)c12)c1cc(Cl)c(Cl)c(Cl)c1,CHEMBL278110,IC50,nM,21478.3,CHEMBL2425,pIC50,,4.668,"TgDHFR-TS (T. gondii, apicomplexan)"
CHEMBL828662,Nc1nc(N)c2nc(CNc3ccc(Cl)c(Cl)c3)ccc2n1,CHEMBL292427,IC50,nM,57.0,CHEMBL2425,IC50,uM,0.057,"TgDHFR-TS (T. gondii, apicomplexan)"
CHEMBL830839,Nc1nc(N)c2nc(CNc3ccc(Cl)c(Cl)c3)ccc2n1,CHEMBL292427,IC50,nM,57.0,CHEMBL2425,pIC50,,7.2441,"TgDHFR-TS (T. gondii, apicomplexan)"
CHEMBL828662,Nc1nc(N)c2nc(CNc3ccc4ccccc4c3)ccc2n1,CHEMBL417746,IC50,nM,160.0,CHEMBL2425,IC50,uM,0.16,"TgDHFR-TS (T. gondii, apicomplexan)"
CHEMBL830839,Nc1nc(N)c2nc(CNc3ccc4ccccc4c3)ccc2n1,CHEMBL417746,IC50,nM,159.99,CHEMBL2425,pIC50,,6.7959,"TgDHFR-TS (T. gondii, apicomplexan)"
CHEMBL828662,COc1ccc(NCc2ccc3nc(N)nc(N)c3n2)cc1OC,CHEMBL55928,IC50,nM,90.0,CHEMBL2425,IC50,uM,0.09,"TgDHFR-TS (T. gondii, apicomplexan)"
CHEMBL830839,COc1ccc(NCc2ccc3nc(N)nc(N)c3n2)cc1OC,CHEMBL55928,IC50,nM,89.99,CHEMBL2425,pIC50,,7.0458,"TgDHFR-TS (T. gondii, apicomplexan)"
CHEMBL828662,Nc1nc(N)c2nc(CNc3cccc(Cl)c3)ccc2n1,CHEMBL54618,IC50,nM,130.0,CHEMBL2425,IC50,uM,0.13,"TgDHFR-TS (T. gondii, apicomplexan)"
CHEMBL830839,Nc1nc(N)c2nc(CNc3cccc(Cl)c3)ccc2n1,CHEMBL54618,IC50,nM,129.99,CHEMBL2425,pIC50,,6.8861,"TgDHFR-TS (T. gondii, apicomplexan)"
CHEMBL828662,COc1cccc(NCc2ccc3nc(N)nc(N)c3n2)c1,CHEMBL52836,IC50,nM,100.0,CHEMBL2425,IC50,uM,0.1,"TgDHFR-TS (T. gondii, apicomplexan)"
CHEMBL830839,COc1cccc(NCc2ccc3nc(N)nc(N)c3n2)c1,CHEMBL52836,IC50,nM,100.0,CHEMBL2425,pIC50,,7.0,"TgDHFR-TS (T. gondii, apicomplexan)"
CHEMBL828662,COc1ccccc1NCc1ccc2nc(N)nc(N)c2n1,CHEMBL54523,IC50,nM,120.0,CHEMBL2425,IC50,uM,0.12,"TgDHFR-TS (T. gondii, apicomplexan)"
CHEMBL830839,COc1ccccc1NCc1ccc2nc(N)nc(N)c2n1,CHEMBL54523,IC50,nM,120.01,CHEMBL2425,pIC50,,6.9208,"TgDHFR-TS (T. gondii, apicomplexan)"
CHEMBL828662,Nc1nc(N)c2nc(CNc3ccccc3Cl)ccc2n1,CHEMBL53165,IC50,nM,110.0,CHEMBL2425,IC50,uM,0.11,"TgDHFR-TS (T. gondii, apicomplexan)"
CHEMBL830839,Nc1nc(N)c2nc(CNc3ccccc3Cl)ccc2n1,CHEMBL53165,IC50,nM,109.9,CHEMBL2425,pIC50,,6.959,"TgDHFR-TS (T. gondii, apicomplexan)"
CHEMBL828662,COc1cc(NCc2ccc3nc(N)nc(N)c3n2)cc(OC)c1OC,CHEMBL55179,IC50,nM,40.0,CHEMBL2425,IC50,uM,0.04,"TgDHFR-TS (T. gondii, apicomplexan)"
CHEMBL830839,COc1cc(NCc2ccc3nc(N)nc(N)c3n2)cc(OC)c1OC,CHEMBL55179,IC50,nM,39.99,CHEMBL2425,pIC50,,7.398,"TgDHFR-TS (T. gondii, apicomplexan)"
CHEMBL828662,COc1ccc(N(C)Cc2ccc3nc(N)nc(N)c3n2)cc1,CHEMBL415962,IC50,nM,16.0,CHEMBL2425,IC50,uM,0.016,"TgDHFR-TS (T. gondii, apicomplexan)"
CHEMBL830839,COc1ccc(N(C)Cc2ccc3nc(N)nc(N)c3n2)cc1,CHEMBL415962,IC50,nM,16.0,CHEMBL2425,pIC50,,7.7959,"TgDHFR-TS (T. gondii, apicomplexan)"
CHEMBL828662,Nc1nc(N)c2nc(CNc3ccccc3)ccc2n1,CHEMBL54733,IC50,nM,85.0,CHEMBL2425,IC50,uM,0.085,"TgDHFR-TS (T. gondii, apicomplexan)"
CHEMBL830839,Nc1nc(N)c2nc(CNc3ccccc3)ccc2n1,CHEMBL54733,IC50,nM,84.92,CHEMBL2425,pIC50,,7.071,"TgDHFR-TS (T. gondii, apicomplexan)"
CHEMBL828662,Nc1nc(N)c2nc(CNc3cc(Cl)c(Cl)c(Cl)c3)ccc2n1,CHEMBL53420,IC50,nM,87.0,CHEMBL2425,IC50,uM,0.087,"TgDHFR-TS (T. gondii, apicomplexan)"
CHEMBL830839,Nc1nc(N)c2nc(CNc3cc(Cl)c(Cl)c(Cl)c3)ccc2n1,CHEMBL53420,IC50,nM,87.1,CHEMBL2425,pIC50,,7.06,"TgDHFR-TS (T. gondii, apicomplexan)"
CHEMBL828662,Nc1nc(N)c2nc(CNc3c(Cl)cccc3Cl)ccc2n1,CHEMBL54913,IC50,nM,28.0,CHEMBL2425,IC50,uM,0.028,"TgDHFR-TS (T. gondii, apicomplexan)"
CHEMBL830839,Nc1nc(N)c2nc(CNc3c(Cl)cccc3Cl)ccc2n1,CHEMBL54913,IC50,nM,28.0,CHEMBL2425,pIC50,,7.5528,"TgDHFR-TS (T. gondii, apicomplexan)"
CHEMBL828662,COc1cc(NCc2cnc3nc(N)nc(N)c3c2C)cc(OC)c1OC,CHEMBL23532,IC50,nM,7.4,CHEMBL2425,IC50,uM,0.0074,"TgDHFR-TS (T. gondii, apicomplexan)"
CHEMBL830839,COc1cc(NCc2cnc3nc(N)nc(N)c3c2C)cc(OC)c1OC,CHEMBL23532,IC50,nM,7.396,CHEMBL2425,pIC50,,8.131,"TgDHFR-TS (T. gondii, apicomplexan)"
CHEMBL828662,COc1cc(N(C)Cc2cnc3nc(N)nc(N)c3c2C)cc(OC)c1OC,CHEMBL50514,IC50,nM,0.58,CHEMBL2425,IC50,uM,0.00058,"TgDHFR-TS (T. gondii, apicomplexan)"
CHEMBL830839,COc1cc(N(C)Cc2cnc3nc(N)nc(N)c3c2C)cc(OC)c1OC,CHEMBL50514,IC50,nM,0.5794,CHEMBL2425,pIC50,,9.237,"TgDHFR-TS (T. gondii, apicomplexan)"
CHEMBL828662,COc1cc(N(C=O)Cc2cnc3nc(N)nc(N)c3c2C)cc(OC)c1OC,CHEMBL115788,IC50,nM,13.0,CHEMBL2425,IC50,uM,0.013,"TgDHFR-TS (T. gondii, apicomplexan)"
CHEMBL830839,COc1cc(N(C=O)Cc2cnc3nc(N)nc(N)c3c2C)cc(OC)c1OC,CHEMBL115788,IC50,nM,13.0,CHEMBL2425,pIC50,,7.8861,"TgDHFR-TS (T. gondii, apicomplexan)"
CHEMBL828662,Cc1c(CNc2ccc(Cl)c(Cl)c2)cnc2nc(N)nc(N)c12,CHEMBL81820,IC50,nM,28.0,CHEMBL2425,IC50,uM,0.028,"TgDHFR-TS (T. gondii, apicomplexan)"
CHEMBL830839,Cc1c(CNc2ccc(Cl)c(Cl)c2)cnc2nc(N)nc(N)c12,CHEMBL81820,IC50,nM,28.0,CHEMBL2425,pIC50,,7.5528,"TgDHFR-TS (T. gondii, apicomplexan)"
CHEMBL828662,Cc1c(CN(C=O)c2ccc(Cl)c(Cl)c2)cnc2nc(N)nc(N)c12,CHEMBL116614,IC50,nM,83.0,CHEMBL2425,IC50,uM,0.083,"TgDHFR-TS (T. gondii, apicomplexan)"
CHEMBL830839,Cc1c(CN(C=O)c2ccc(Cl)c(Cl)c2)cnc2nc(N)nc(N)c12,CHEMBL116614,IC50,nM,83.0,CHEMBL2425,pIC50,,7.0809,"TgDHFR-TS (T. gondii, apicomplexan)"
CHEMBL828662,Cc1c(CN(C)c2ccc(Cl)c(Cl)c2)cnc2nc(N)nc(N)c12,CHEMBL82975,IC50,nM,27.0,CHEMBL2425,IC50,uM,0.027,"TgDHFR-TS (T. gondii, apicomplexan)"
CHEMBL830839,Cc1c(CN(C)c2ccc(Cl)c(Cl)c2)cnc2nc(N)nc(N)c12,CHEMBL82975,IC50,nM,27.0,CHEMBL2425,pIC50,,7.5686,"TgDHFR-TS (T. gondii, apicomplexan)"
CHEMBL828662,Cc1c(CNc2cc(Cl)c(Cl)c(Cl)c2)cnc2nc(N)nc(N)c12,CHEMBL420224,IC50,nM,12.0,CHEMBL2425,IC50,uM,0.012,"TgDHFR-TS (T. gondii, apicomplexan)"
CHEMBL830839,Cc1c(CNc2cc(Cl)c(Cl)c(Cl)c2)cnc2nc(N)nc(N)c12,CHEMBL420224,IC50,nM,12.0,CHEMBL2425,pIC50,,7.9208,"TgDHFR-TS (T. gondii, apicomplexan)"
CHEMBL828662,Cc1c(CN(C=O)c2cc(Cl)c(Cl)c(Cl)c2)cnc2nc(N)nc(N)c12,CHEMBL334271,IC50,nM,94.0,CHEMBL2425,IC50,uM,0.094,"TgDHFR-TS (T. gondii, apicomplexan)"
CHEMBL830839,Cc1c(CN(C=O)c2cc(Cl)c(Cl)c(Cl)c2)cnc2nc(N)nc(N)c12,CHEMBL334271,IC50,nM,93.99,CHEMBL2425,pIC50,,7.0269,"TgDHFR-TS (T. gondii, apicomplexan)"
CHEMBL828662,Cc1c(CNc2cccc3ccccc23)cnc2nc(N)nc(N)c12,CHEMBL23867,IC50,nM,14.5,CHEMBL2425,IC50,uM,0.0145,"TgDHFR-TS (T. gondii, apicomplexan)"
CHEMBL830839,Cc1c(CNc2cccc3ccccc23)cnc2nc(N)nc(N)c12,CHEMBL23867,IC50,nM,14.49,CHEMBL2425,pIC50,,7.839,"TgDHFR-TS (T. gondii, apicomplexan)"
CHEMBL828662,COc1ccc(OC)c(NCc2cnc3nc(N)nc(N)c3c2C)c1,CHEMBL23021,IC50,nM,16.0,CHEMBL2425,IC50,uM,0.016,"TgDHFR-TS (T. gondii, apicomplexan)"
CHEMBL830839,COc1ccc(OC)c(NCc2cnc3nc(N)nc(N)c3c2C)c1,CHEMBL23021,IC50,nM,16.0,CHEMBL2425,pIC50,,7.7959,"TgDHFR-TS (T. gondii, apicomplexan)"
CHEMBL828662,COc1ccc(OC)c(N(C)Cc2cnc3nc(N)nc(N)c3c2C)c1,CHEMBL281803,IC50,nM,30.1,CHEMBL2425,IC50,uM,0.0301,"TgDHFR-TS (T. gondii, apicomplexan)"
CHEMBL830839,COc1ccc(OC)c(N(C)Cc2cnc3nc(N)nc(N)c3c2C)c1,CHEMBL281803,IC50,nM,30.1,CHEMBL2425,pIC50,,7.5214,"TgDHFR-TS (T. gondii, apicomplexan)"
CHEMBL828662,CCOc1ccc(OCC)c(NCc2cnc3nc(N)nc(N)c3c2C)c1,CHEMBL279679,IC50,nM,17.0,CHEMBL2425,IC50,uM,0.017,"TgDHFR-TS (T. gondii, apicomplexan)"
CHEMBL830839,CCOc1ccc(OCC)c(NCc2cnc3nc(N)nc(N)c3c2C)c1,CHEMBL279679,IC50,nM,16.98,CHEMBL2425,pIC50,,7.77,"TgDHFR-TS (T. gondii, apicomplexan)"
CHEMBL828662,CCOc1ccc(OCC)c(N(C)Cc2cnc3nc(N)nc(N)c3c2C)c1,CHEMBL23844,IC50,nM,100.0,CHEMBL2425,IC50,uM,0.1,"TgDHFR-TS (T. gondii, apicomplexan)"
CHEMBL830839,CCOc1ccc(OCC)c(N(C)Cc2cnc3nc(N)nc(N)c3c2C)c1,CHEMBL23844,IC50,nM,100.0,CHEMBL2425,pIC50,,7.0,"TgDHFR-TS (T. gondii, apicomplexan)"
CHEMBL828662,COc1ccc(N(C)Cc2cnc3nc(N)nc(N)c3c2C)c(OC)c1,CHEMBL23705,IC50,nM,38.0,CHEMBL2425,IC50,uM,0.038,"TgDHFR-TS (T. gondii, apicomplexan)"
CHEMBL830839,COc1ccc(N(C)Cc2cnc3nc(N)nc(N)c3c2C)c(OC)c1,CHEMBL23705,IC50,nM,38.0,CHEMBL2425,pIC50,,7.4202,"TgDHFR-TS (T. gondii, apicomplexan)"
CHEMBL828662,COc1ccc(N(C)Cc2cnc3nc(N)nc(N)c3c2C)cc1OC,CHEMBL279680,IC50,nM,29.0,CHEMBL2425,IC50,uM,0.029,"TgDHFR-TS (T. gondii, apicomplexan)"
CHEMBL830839,COc1ccc(N(C)Cc2cnc3nc(N)nc(N)c3c2C)cc1OC,CHEMBL279680,IC50,nM,29.0,CHEMBL2425,pIC50,,7.5376,"TgDHFR-TS (T. gondii, apicomplexan)"
CHEMBL828662,COc1ccc(NCc2cnc3nc(N)nc(N)c3c2C)cc1OC,CHEMBL283518,IC50,nM,8.8,CHEMBL2425,IC50,uM,0.0088,"TgDHFR-TS (T. gondii, apicomplexan)"
CHEMBL830839,COc1ccc(NCc2cnc3nc(N)nc(N)c3c2C)cc1OC,CHEMBL283518,IC50,nM,8.79,CHEMBL2425,pIC50,,8.056,"TgDHFR-TS (T. gondii, apicomplexan)"
CHEMBL828662,COc1ccc(NCc2cnc3nc(N)nc(N)c3c2C)c(OC)c1,CHEMBL279983,IC50,nM,56.5,CHEMBL2425,IC50,uM,0.0565,"TgDHFR-TS (T. gondii, apicomplexan)"
CHEMBL830839,COc1ccc(NCc2cnc3nc(N)nc(N)c3c2C)c(OC)c1,CHEMBL279983,IC50,nM,56.49,CHEMBL2425,pIC50,,7.248,"TgDHFR-TS (T. gondii, apicomplexan)"
CHEMBL828662,COc1cc(NCc2cnc3nc(N)nc(N)c3c2C)cc(OC)c1,CHEMBL23569,IC50,nM,4.8,CHEMBL2425,IC50,uM,0.0048,"TgDHFR-TS (T. gondii, apicomplexan)"
CHEMBL830839,COc1cc(NCc2cnc3nc(N)nc(N)c3c2C)cc(OC)c1,CHEMBL23569,IC50,nM,4.8,CHEMBL2425,pIC50,,8.3188,"TgDHFR-TS (T. gondii, apicomplexan)"
CHEMBL828662,COc1cc(OC)cc(N(C)Cc2cnc3nc(N)nc(N)c3c2C)c1,CHEMBL22623,IC50,nM,58.0,CHEMBL2425,IC50,uM,0.058,"TgDHFR-TS (T. gondii, apicomplexan)"
CHEMBL830839,COc1cc(OC)cc(N(C)Cc2cnc3nc(N)nc(N)c3c2C)c1,CHEMBL22623,IC50,nM,57.94,CHEMBL2425,pIC50,,7.237,"TgDHFR-TS (T. gondii, apicomplexan)"
CHEMBL828662,COc1ccc(NCc2cnc3nc(N)nc(N)c3c2C)c2ccccc12,CHEMBL53903,IC50,nM,23.0,CHEMBL2425,IC50,uM,0.023,"TgDHFR-TS (T. gondii, apicomplexan)"
CHEMBL830839,COc1ccc(NCc2cnc3nc(N)nc(N)c3c2C)c2ccccc12,CHEMBL53903,IC50,nM,23.0,CHEMBL2425,pIC50,,7.6383,"TgDHFR-TS (T. gondii, apicomplexan)"
CHEMBL828662,C#CCN(Cc1cnc2nc(N)nc(N)c2c1C)c1cc(OC)c(OC)c(OC)c1,CHEMBL49454,IC50,nM,7.7,CHEMBL2425,IC50,uM,0.0077,"TgDHFR-TS (T. gondii, apicomplexan)"
CHEMBL830839,C#CCN(Cc1cnc2nc(N)nc(N)c2c1C)c1cc(OC)c(OC)c(OC)c1,CHEMBL49454,IC50,nM,7.7,CHEMBL2425,pIC50,,8.1135,"TgDHFR-TS (T. gondii, apicomplexan)"
CHEMBL828662,COc1cc(N(Cc2cnc3nc(N)nc(N)c3c2C)C(C)C)cc(OC)c1OC,CHEMBL53693,IC50,nM,6.7,CHEMBL2425,IC50,uM,0.0067,"TgDHFR-TS (T. gondii, apicomplexan)"
CHEMBL830839,COc1cc(N(Cc2cnc3nc(N)nc(N)c3c2C)C(C)C)cc(OC)c1OC,CHEMBL53693,IC50,nM,6.7,CHEMBL2425,pIC50,,8.1739,"TgDHFR-TS (T. gondii, apicomplexan)"
CHEMBL828662,CCN(Cc1cnc2nc(N)nc(N)c2c1C)c1cc(OC)c(OC)c(OC)c1,CHEMBL52433,IC50,nM,2.7,CHEMBL2425,IC50,uM,0.0027,"TgDHFR-TS (T. gondii, apicomplexan)"
CHEMBL830839,CCN(Cc1cnc2nc(N)nc(N)c2c1C)c1cc(OC)c(OC)c(OC)c1,CHEMBL52433,IC50,nM,2.7,CHEMBL2425,pIC50,,8.5686,"TgDHFR-TS (T. gondii, apicomplexan)"
CHEMBL828662,COc1cc(NCc2cnc3nc(N)nc(N)c3c2)cc(OC)c1OC,CHEMBL23288,IC50,nM,300.0,CHEMBL2425,IC50,uM,0.3,"TgDHFR-TS (T. gondii, apicomplexan)"
CHEMBL830839,COc1cc(NCc2cnc3nc(N)nc(N)c3c2)cc(OC)c1OC,CHEMBL23288,IC50,nM,299.92,CHEMBL2425,pIC50,,6.523,"TgDHFR-TS (T. gondii, apicomplexan)"
CHEMBL828662,COc1cc(N(C)Cc2cnc3nc(N)nc(N)c3c2)cc(OC)c1OC,CHEMBL142741,IC50,nM,9.0,CHEMBL2425,IC50,uM,0.009,"TgDHFR-TS (T. gondii, apicomplexan)"
CHEMBL830839,COc1cc(N(C)Cc2cnc3nc(N)nc(N)c3c2)cc(OC)c1OC,CHEMBL142741,IC50,nM,8.999,CHEMBL2425,pIC50,,8.0458,"TgDHFR-TS (T. gondii, apicomplexan)"
CHEMBL828662,CCN(Cc1cnc2nc(N)nc(N)c2c1)c1cc(OC)c(OC)c(OC)c1,CHEMBL356490,IC50,nM,49.0,CHEMBL2425,IC50,uM,0.049,"TgDHFR-TS (T. gondii, apicomplexan)"
CHEMBL830839,CCN(Cc1cnc2nc(N)nc(N)c2c1)c1cc(OC)c(OC)c(OC)c1,CHEMBL356490,IC50,nM,49.0,CHEMBL2425,pIC50,,7.3098,"TgDHFR-TS (T. gondii, apicomplexan)"
CHEMBL828662,COc1ccc(/C=C/c2cnc3nc(N)nc(N)c3c2)cc1OC,CHEMBL141708,IC50,nM,1400.0,CHEMBL2425,IC50,uM,1.4,"TgDHFR-TS (T. gondii, apicomplexan)"
CHEMBL830839,COc1ccc(/C=C/c2cnc3nc(N)nc(N)c3c2)cc1OC,CHEMBL141708,IC50,nM,1399.59,CHEMBL2425,pIC50,,5.854,"TgDHFR-TS (T. gondii, apicomplexan)"
CHEMBL828662,COc1ccc(/C=C/c2cnc3nc(N)nc(N)c3c2)cc1,CHEMBL145005,IC50,nM,1500.0,CHEMBL2425,IC50,uM,1.5,"TgDHFR-TS (T. gondii, apicomplexan)"
CHEMBL830839,COc1ccc(/C=C/c2cnc3nc(N)nc(N)c3c2)cc1,CHEMBL145005,IC50,nM,1499.68,CHEMBL2425,pIC50,,5.824,"TgDHFR-TS (T. gondii, apicomplexan)"
CHEMBL828662,COc1cc(CCc2cnc3nc(N)nc(N)c3c2)cc(OC)c1OC,CHEMBL142624,IC50,nM,200.0,CHEMBL2425,IC50,uM,0.2,"TgDHFR-TS (T. gondii, apicomplexan)"
CHEMBL830839,COc1cc(CCc2cnc3nc(N)nc(N)c3c2)cc(OC)c1OC,CHEMBL142624,IC50,nM,199.99,CHEMBL2425,pIC50,,6.699,"TgDHFR-TS (T. gondii, apicomplexan)"
CHEMBL828662,COc1ccc(CCc2cnc3nc(N)nc(N)c3c2)cc1OC,CHEMBL145068,IC50,nM,200.0,CHEMBL2425,IC50,uM,0.2,"TgDHFR-TS (T. gondii, apicomplexan)"
CHEMBL830839,COc1ccc(CCc2cnc3nc(N)nc(N)c3c2)cc1OC,CHEMBL145068,IC50,nM,199.99,CHEMBL2425,pIC50,,6.699,"TgDHFR-TS (T. gondii, apicomplexan)"
CHEMBL828662,COc1ccc(CCc2cnc3nc(N)nc(N)c3c2)cc1,CHEMBL145528,IC50,nM,250.0,CHEMBL2425,IC50,uM,0.25,"TgDHFR-TS (T. gondii, apicomplexan)"
CHEMBL830839,COc1ccc(CCc2cnc3nc(N)nc(N)c3c2)cc1,CHEMBL145528,IC50,nM,250.03,CHEMBL2425,pIC50,,6.602,"TgDHFR-TS (T. gondii, apicomplexan)"
CHEMBL828662,COc1cc(NNCc2cnc3nc(N)nc(N)c3c2C)c(-n2cccc2)cc1OC,CHEMBL178512,IC50,nM,600.0,CHEMBL2425,IC50,uM,0.6,"TgDHFR-TS (T. gondii, apicomplexan)"
CHEMBL830839,COc1cc(NNCc2cnc3nc(N)nc(N)c3c2C)c(-n2cccc2)cc1OC,CHEMBL178512,IC50,nM,600.07,CHEMBL2425,pIC50,,6.2218,"TgDHFR-TS (T. gondii, apicomplexan)"
CHEMBL828662,Cc1c(C)c(-n2cccc2)c(C)c(C)c1NNCc1cnc2nc(N)nc(N)c2c1C,CHEMBL180476,IC50,nM,75.0,CHEMBL2425,IC50,uM,0.075,"TgDHFR-TS (T. gondii, apicomplexan)"
CHEMBL830839,Cc1c(C)c(-n2cccc2)c(C)c(C)c1NNCc1cnc2nc(N)nc(N)c2c1C,CHEMBL180476,IC50,nM,74.99,CHEMBL2425,pIC50,,7.125,"TgDHFR-TS (T. gondii, apicomplexan)"
CHEMBL828662,COc1ccc(-c2ccccc2)cc1NNCc1cnc2nc(N)nc(N)c2c1C,CHEMBL178888,IC50,nM,68.0,CHEMBL2425,IC50,uM,0.068,"TgDHFR-TS (T. gondii, apicomplexan)"
CHEMBL830839,COc1ccc(-c2ccccc2)cc1NNCc1cnc2nc(N)nc(N)c2c1C,CHEMBL178888,IC50,nM,68.08,CHEMBL2425,pIC50,,7.167,"TgDHFR-TS (T. gondii, apicomplexan)"
CHEMBL828662,COc1cc(-n2ccc3c4c(N)nc(N)nc4nc(=O)c-3c2)cc(OC)c1OC,CHEMBL57682,IC50,nM,240.0,CHEMBL2425,IC50,uM,0.24,"TgDHFR-TS (T. gondii, apicomplexan)"
CHEMBL830839,COc1cc(-n2ccc3c4c(N)nc(N)nc4nc(=O)c-3c2)cc(OC)c1OC,CHEMBL57682,IC50,nM,239.99,CHEMBL2425,pIC50,,6.6198,"TgDHFR-TS (T. gondii, apicomplexan)"
CHEMBL828662,COc1cc(-n2ccc3c4c(N)nc(N)nc4nc(=O)c-3c2)cc(OC)c1OC,CHEMBL57682,IC50,nM,52.0,CHEMBL2425,IC50,uM,0.052,"TgDHFR-TS (T. gondii, apicomplexan)"
CHEMBL830839,COc1cc(-n2ccc3c4c(N)nc(N)nc4nc(=O)c-3c2)cc(OC)c1OC,CHEMBL57682,IC50,nM,52.0,CHEMBL2425,pIC50,,7.284,"TgDHFR-TS (T. gondii, apicomplexan)"
CHEMBL828662,COc1cc(N2C=Cc3c(cnc4nc(N)nc(N)c34)C2)cc(OC)c1OC,CHEMBL368645,IC50,nM,760.0,CHEMBL2425,IC50,uM,0.76,"TgDHFR-TS (T. gondii, apicomplexan)"
CHEMBL830839,COc1cc(N2C=Cc3c(cnc4nc(N)nc(N)c34)C2)cc(OC)c1OC,CHEMBL368645,IC50,nM,759.98,CHEMBL2425,pIC50,,6.1192,"TgDHFR-TS (T. gondii, apicomplexan)"
CHEMBL828662,COc1cc(N2CCC3c4c(N)nc(N)nc4NCC3C2)cc(OC)c1OC,CHEMBL299927,IC50,nM,290.0,CHEMBL2425,IC50,uM,0.29,"TgDHFR-TS (T. gondii, apicomplexan)"
CHEMBL830839,COc1cc(N2CCC3c4c(N)nc(N)nc4NCC3C2)cc(OC)c1OC,CHEMBL299927,IC50,nM,290.0,CHEMBL2425,pIC50,,6.5376,"TgDHFR-TS (T. gondii, apicomplexan)"
CHEMBL828662,Nc1nc(N)c2c(n1)CCC(CNc1cccc3ccccc13)C2,CHEMBL121264,IC50,nM,36.0,CHEMBL2425,IC50,uM,0.036,"TgDHFR-TS (T. gondii, apicomplexan)"
CHEMBL830839,Nc1nc(N)c2c(n1)CCC(CNc1cccc3ccccc13)C2,CHEMBL121264,IC50,nM,35.97,CHEMBL2425,pIC50,,7.444,"TgDHFR-TS (T. gondii, apicomplexan)"
CHEMBL828662,CN(CC1CCc2nc(N)nc(N)c2C1)c1cccc2ccccc12,CHEMBL121348,IC50,nM,23.0,CHEMBL2425,IC50,uM,0.023,"TgDHFR-TS (T. gondii, apicomplexan)"
CHEMBL830839,CN(CC1CCc2nc(N)nc(N)c2C1)c1cccc2ccccc12,CHEMBL121348,IC50,nM,23.0,CHEMBL2425,pIC50,,7.6383,"TgDHFR-TS (T. gondii, apicomplexan)"
CHEMBL828662,COc1cc(N(C)CC2CCc3nc(N)nc(N)c3C2)cc(OC)c1OC,CHEMBL123122,IC50,nM,7.0,CHEMBL2425,IC50,uM,0.007,"TgDHFR-TS (T. gondii, apicomplexan)"
CHEMBL830839,COc1cc(N(C)CC2CCc3nc(N)nc(N)c3C2)cc(OC)c1OC,CHEMBL123122,IC50,nM,7.0,CHEMBL2425,pIC50,,8.1549,"TgDHFR-TS (T. gondii, apicomplexan)"
CHEMBL828662,Nc1nc(N)c2c(n1)CCC(CNc1ccc(Cl)c(Cl)c1)C2,CHEMBL120994,IC50,nM,110.0,CHEMBL2425,IC50,uM,0.11,"TgDHFR-TS (T. gondii, apicomplexan)"
CHEMBL830839,Nc1nc(N)c2c(n1)CCC(CNc1ccc(Cl)c(Cl)c1)C2,CHEMBL120994,IC50,nM,109.9,CHEMBL2425,pIC50,,6.959,"TgDHFR-TS (T. gondii, apicomplexan)"
CHEMBL828662,CN(CC1CCc2nc(N)nc(N)c2C1)c1ccc(Cl)c(Cl)c1,CHEMBL121433,IC50,nM,21.0,CHEMBL2425,IC50,uM,0.021,"TgDHFR-TS (T. gondii, apicomplexan)"
CHEMBL830839,CN(CC1CCc2nc(N)nc(N)c2C1)c1ccc(Cl)c(Cl)c1,CHEMBL121433,IC50,nM,21.0,CHEMBL2425,pIC50,,7.6778,"TgDHFR-TS (T. gondii, apicomplexan)"
CHEMBL828662,COc1cc(NCC2CCc3nc(N)nc(N)c3C2)cc(OC)c1OC,CHEMBL7488,IC50,nM,54.0,CHEMBL2425,IC50,uM,0.054,"TgDHFR-TS (T. gondii, apicomplexan)"
CHEMBL830839,COc1cc(NCC2CCc3nc(N)nc(N)c3C2)cc(OC)c1OC,CHEMBL7488,IC50,nM,54.0,CHEMBL2425,pIC50,,7.2676,"TgDHFR-TS (T. gondii, apicomplexan)"
CHEMBL828662,Nc1nc(N)c2c(n1)CCC(CNc1cccc(Br)c1)C2,CHEMBL123276,IC50,nM,30.0,CHEMBL2425,IC50,uM,0.03,"TgDHFR-TS (T. gondii, apicomplexan)"
CHEMBL830839,Nc1nc(N)c2c(n1)CCC(CNc1cccc(Br)c1)C2,CHEMBL123276,IC50,nM,29.99,CHEMBL2425,pIC50,,7.523,"TgDHFR-TS (T. gondii, apicomplexan)"
CHEMBL828662,Nc1nc(N)c2c(n1)CCC(CNc1c(Cl)cccc1Cl)C2,CHEMBL333791,IC50,nM,9.9,CHEMBL2425,IC50,uM,0.0099,"TgDHFR-TS (T. gondii, apicomplexan)"
CHEMBL830839,Nc1nc(N)c2c(n1)CCC(CNc1c(Cl)cccc1Cl)C2,CHEMBL333791,IC50,nM,9.899,CHEMBL2425,pIC50,,8.0044,"TgDHFR-TS (T. gondii, apicomplexan)"
CHEMBL828662,CCOc1ccc(OCC)c(N(C)CC2CCc3nc(N)nc(N)c3C2)c1,CHEMBL264548,IC50,nM,17.0,CHEMBL2425,IC50,uM,0.017,"TgDHFR-TS (T. gondii, apicomplexan)"
CHEMBL830839,CCOc1ccc(OCC)c(N(C)CC2CCc3nc(N)nc(N)c3C2)c1,CHEMBL264548,IC50,nM,16.98,CHEMBL2425,pIC50,,7.77,"TgDHFR-TS (T. gondii, apicomplexan)"
CHEMBL828662,COc1ccc(OC)c(NCC2CCc3nc(N)nc(N)c3C2)c1,CHEMBL7263,IC50,nM,181.0,CHEMBL2425,IC50,uM,0.181,"TgDHFR-TS (T. gondii, apicomplexan)"
CHEMBL830839,COc1ccc(OC)c(NCC2CCc3nc(N)nc(N)c3C2)c1,CHEMBL7263,IC50,nM,181.01,CHEMBL2425,pIC50,,6.7423,"TgDHFR-TS (T. gondii, apicomplexan)"
CHEMBL828662,CCOc1ccc(OCC)c(NCC2CCc3nc(N)nc(N)c3C2)c1,CHEMBL120939,IC50,nM,140.0,CHEMBL2425,IC50,uM,0.14,"TgDHFR-TS (T. gondii, apicomplexan)"
CHEMBL830839,CCOc1ccc(OCC)c(NCC2CCc3nc(N)nc(N)c3C2)c1,CHEMBL120939,IC50,nM,139.96,CHEMBL2425,pIC50,,6.854,"TgDHFR-TS (T. gondii, apicomplexan)"
CHEMBL828662,Nc1nc(N)c2c(n1)CCC(CNc1cc(Cl)ccc1Cl)C2,CHEMBL121319,IC50,nM,97.0,CHEMBL2425,IC50,uM,0.097,"TgDHFR-TS (T. gondii, apicomplexan)"
CHEMBL830839,Nc1nc(N)c2c(n1)CCC(CNc1cc(Cl)ccc1Cl)C2,CHEMBL121319,IC50,nM,97.01,CHEMBL2425,pIC50,,7.0132,"TgDHFR-TS (T. gondii, apicomplexan)"
CHEMBL828662,Nc1nc(N)c2c(n1)CCC(CNc1cccc(Cl)c1)C2,CHEMBL178904,IC50,nM,78.0,CHEMBL2425,IC50,uM,0.078,"TgDHFR-TS (T. gondii, apicomplexan)"
CHEMBL830839,Nc1nc(N)c2c(n1)CCC(CNc1cccc(Cl)c1)C2,CHEMBL178904,IC50,nM,77.98,CHEMBL2425,pIC50,,7.108,"TgDHFR-TS (T. gondii, apicomplexan)"
CHEMBL828662,Nc1nc(N)c2c(n1)CCC(CN1CCc3ccccc31)C2,CHEMBL120826,IC50,nM,27.0,CHEMBL2425,IC50,uM,0.027,"TgDHFR-TS (T. gondii, apicomplexan)"
CHEMBL830839,Nc1nc(N)c2c(n1)CCC(CN1CCc3ccccc31)C2,CHEMBL120826,IC50,nM,27.0,CHEMBL2425,pIC50,,7.5686,"TgDHFR-TS (T. gondii, apicomplexan)"
CHEMBL828662,COCc1cc(N(C)CC2CCc3nc(N)nc(N)c3C2)cc(COC)c1COC,CHEMBL178684,IC50,nM,330.0,CHEMBL2425,IC50,uM,0.33,"TgDHFR-TS (T. gondii, apicomplexan)"
CHEMBL830839,COCc1cc(N(C)CC2CCc3nc(N)nc(N)c3C2)cc(COC)c1COC,CHEMBL178684,IC50,nM,329.61,CHEMBL2425,pIC50,,6.482,"TgDHFR-TS (T. gondii, apicomplexan)"
CHEMBL828662,COc1ccc(OC)c(N(C)CC2CCc3nc(N)nc(N)c3C2)c1,CHEMBL121868,IC50,nM,15.0,CHEMBL2425,IC50,uM,0.015,"TgDHFR-TS (T. gondii, apicomplexan)"
CHEMBL830839,COc1ccc(OC)c(N(C)CC2CCc3nc(N)nc(N)c3C2)c1,CHEMBL121868,IC50,nM,15.0,CHEMBL2425,pIC50,,7.824,"TgDHFR-TS (T. gondii, apicomplexan)"
CHEMBL828662,CN(CC1CCc2nc(N)nc(N)c2C1)c1ccc(Cl)cc1,CHEMBL123043,IC50,nM,22.0,CHEMBL2425,IC50,uM,0.022,"TgDHFR-TS (T. gondii, apicomplexan)"
CHEMBL830839,CN(CC1CCc2nc(N)nc(N)c2C1)c1ccc(Cl)cc1,CHEMBL123043,IC50,nM,22.0,CHEMBL2425,pIC50,,7.6576,"TgDHFR-TS (T. gondii, apicomplexan)"
CHEMBL828662,CCN(CC1CCc2nc(N)nc(N)c2C1)c1cc(OC)ccc1OC,CHEMBL121683,IC50,nM,17.0,CHEMBL2425,IC50,uM,0.017,"TgDHFR-TS (T. gondii, apicomplexan)"
CHEMBL830839,CCN(CC1CCc2nc(N)nc(N)c2C1)c1cc(OC)ccc1OC,CHEMBL121683,IC50,nM,16.98,CHEMBL2425,pIC50,,7.77,"TgDHFR-TS (T. gondii, apicomplexan)"
CHEMBL828662,C#CCN(CC1CCc2nc(N)nc(N)c2C1)c1cc(OC)c(OC)c(OC)c1,CHEMBL120821,IC50,nM,12.0,CHEMBL2425,IC50,uM,0.012,"TgDHFR-TS (T. gondii, apicomplexan)"
CHEMBL830839,C#CCN(CC1CCc2nc(N)nc(N)c2C1)c1cc(OC)c(OC)c(OC)c1,CHEMBL120821,IC50,nM,12.0,CHEMBL2425,pIC50,,7.9208,"TgDHFR-TS (T. gondii, apicomplexan)"
CHEMBL828662,COc1cc(NCC2CCc3nc(N)nc(N)c3C2)cc(OC)c1OC,CHEMBL7488,IC50,nM,54.0,CHEMBL2425,IC50,uM,0.054,"TgDHFR-TS (T. gondii, apicomplexan)"
CHEMBL830839,COc1cc(NCC2CCc3nc(N)nc(N)c3C2)cc(OC)c1OC,CHEMBL7488,IC50,nM,54.0,CHEMBL2425,pIC50,,7.2676,"TgDHFR-TS (T. gondii, apicomplexan)"
CHEMBL828662,COc1ccc(NCc2ccc3nc(N)nc(N)c3n2)cc1,CHEMBL52777,IC50,nM,54.0,CHEMBL2425,IC50,uM,0.054,"TgDHFR-TS (T. gondii, apicomplexan)"
CHEMBL830839,COc1ccc(NCc2ccc3nc(N)nc(N)c3n2)cc1,CHEMBL52777,IC50,nM,54.0,CHEMBL2425,pIC50,,7.2676,"TgDHFR-TS (T. gondii, apicomplexan)"
CHEMBL828662,COc1ccc(OC)c(N(C)Cc2ccc3nc(N)nc(N)c3n2)c1,CHEMBL301105,IC50,nM,250.0,CHEMBL2425,IC50,uM,0.25,"TgDHFR-TS (T. gondii, apicomplexan)"
CHEMBL830839,COc1ccc(OC)c(N(C)Cc2ccc3nc(N)nc(N)c3n2)c1,CHEMBL301105,IC50,nM,25.0,CHEMBL2425,pIC50,,7.602,"TgDHFR-TS (T. gondii, apicomplexan)"
CHEMBL828662,COc1ccc(OC)c(NCc2ccc3nc(N)nc(N)c3n2)c1,CHEMBL52947,IC50,nM,120.0,CHEMBL2425,IC50,uM,0.12,"TgDHFR-TS (T. gondii, apicomplexan)"
CHEMBL830839,COc1ccc(OC)c(NCc2ccc3nc(N)nc(N)c3n2)c1,CHEMBL52947,IC50,nM,120.01,CHEMBL2425,pIC50,,6.9208,"TgDHFR-TS (T. gondii, apicomplexan)"
CHEMBL828662,Nc1nc(N)c2nc(CNc3c(Cl)cc(Cl)cc3Cl)ccc2n1,CHEMBL51706,IC50,nM,46.0,CHEMBL2425,IC50,uM,0.046,"TgDHFR-TS (T. gondii, apicomplexan)"
CHEMBL830839,Nc1nc(N)c2nc(CNc3c(Cl)cc(Cl)cc3Cl)ccc2n1,CHEMBL51706,IC50,nM,46.0,CHEMBL2425,pIC50,,7.3372,"TgDHFR-TS (T. gondii, apicomplexan)"
CHEMBL828662,COc1ccc(N(C)Cc2ccc3nc(N)nc(N)c3n2)cc1OC,CHEMBL57624,IC50,nM,9.8,CHEMBL2425,IC50,uM,0.0098,"TgDHFR-TS (T. gondii, apicomplexan)"
CHEMBL830839,COc1ccc(N(C)Cc2ccc3nc(N)nc(N)c3n2)cc1OC,CHEMBL57624,IC50,nM,9.795,CHEMBL2425,pIC50,,8.009,"TgDHFR-TS (T. gondii, apicomplexan)"
CHEMBL828662,COc1ccc(N(C)Cc2ccc3nc(N)nc(N)c3n2)c(OC)c1,CHEMBL299174,IC50,nM,14.0,CHEMBL2425,IC50,uM,0.014,"TgDHFR-TS (T. gondii, apicomplexan)"
CHEMBL828662,COc1ccccc1Sc1ccc2nc(N)nc(N)c2n1,CHEMBL142081,IC50,nM,58.0,CHEMBL2425,IC50,uM,0.058,"TgDHFR-TS (T. gondii, apicomplexan)"
CHEMBL830839,COc1ccccc1Sc1ccc2nc(N)nc(N)c2n1,CHEMBL142081,IC50,nM,57.94,CHEMBL2425,pIC50,,7.237,"TgDHFR-TS (T. gondii, apicomplexan)"
CHEMBL828662,COc1ccc(Sc2ccc3nc(N)nc(N)c3n2)cc1,CHEMBL137844,IC50,nM,45.0,CHEMBL2425,IC50,uM,0.045,"TgDHFR-TS (T. gondii, apicomplexan)"
CHEMBL830839,COc1ccc(Sc2ccc3nc(N)nc(N)c3n2)cc1,CHEMBL137844,IC50,nM,45.0,CHEMBL2425,pIC50,,7.3468,"TgDHFR-TS (T. gondii, apicomplexan)"
CHEMBL828662,COc1ccc(Sc2ccc3nc(N)nc(N)c3n2)cc1OC,CHEMBL137981,IC50,nM,19.0,CHEMBL2425,IC50,uM,0.019,"TgDHFR-TS (T. gondii, apicomplexan)"
CHEMBL830839,COc1ccc(Sc2ccc3nc(N)nc(N)c3n2)cc1OC,CHEMBL137981,IC50,nM,19.01,CHEMBL2425,pIC50,,7.721,"TgDHFR-TS (T. gondii, apicomplexan)"
CHEMBL828662,COc1ccccc1S(=O)(=O)c1ccc2nc(N)nc(N)c2n1,CHEMBL337746,IC50,nM,210.0,CHEMBL2425,IC50,uM,0.21,"TgDHFR-TS (T. gondii, apicomplexan)"
CHEMBL830839,COc1ccccc1S(=O)(=O)c1ccc2nc(N)nc(N)c2n1,CHEMBL337746,IC50,nM,209.99,CHEMBL2425,pIC50,,6.6778,"TgDHFR-TS (T. gondii, apicomplexan)"
CHEMBL828662,COc1ccccc1Nc1ccc2nc(N)nc(N)c2n1,CHEMBL140705,IC50,nM,460.0,CHEMBL2425,IC50,uM,0.46,"TgDHFR-TS (T. gondii, apicomplexan)"
CHEMBL830839,COc1ccccc1Nc1ccc2nc(N)nc(N)c2n1,CHEMBL140705,IC50,nM,460.04,CHEMBL2425,pIC50,,6.3372,"TgDHFR-TS (T. gondii, apicomplexan)"
CHEMBL830839,COc1ccc(N(C)Cc2ccc3nc(N)nc(N)c3n2)c(OC)c1,CHEMBL299174,IC50,nM,14.0,CHEMBL2425,pIC50,,7.854,"TgDHFR-TS (T. gondii, apicomplexan)"
CHEMBL828662,COc1cccc(N(C)Cc2ccc3nc(N)nc(N)c3n2)c1,CHEMBL54792,IC50,nM,15.0,CHEMBL2425,IC50,uM,0.015,"TgDHFR-TS (T. gondii, apicomplexan)"
CHEMBL830839,COc1cccc(N(C)Cc2ccc3nc(N)nc(N)c3n2)c1,CHEMBL54792,IC50,nM,15.0,CHEMBL2425,pIC50,,7.824,"TgDHFR-TS (T. gondii, apicomplexan)"
CHEMBL828662,CN(Cc1ccc2nc(N)nc(N)c2n1)c1ccc2ccccc2c1,CHEMBL55727,IC50,nM,16.0,CHEMBL2425,IC50,uM,0.016,"TgDHFR-TS (T. gondii, apicomplexan)"
CHEMBL830839,CN(Cc1ccc2nc(N)nc(N)c2n1)c1ccc2ccccc2c1,CHEMBL55727,IC50,nM,16.0,CHEMBL2425,pIC50,,7.7959,"TgDHFR-TS (T. gondii, apicomplexan)"
CHEMBL828662,CN(Cc1ccc2nc(N)nc(N)c2n1)c1cccc2ccccc12,CHEMBL54538,IC50,nM,18.0,CHEMBL2425,IC50,uM,0.018,"TgDHFR-TS (T. gondii, apicomplexan)"
CHEMBL830839,CN(Cc1ccc2nc(N)nc(N)c2n1)c1cccc2ccccc12,CHEMBL54538,IC50,nM,18.0,CHEMBL2425,pIC50,,7.7447,"TgDHFR-TS (T. gondii, apicomplexan)"
CHEMBL828662,COc1ccccc1N(C)Cc1ccc2nc(N)nc(N)c2n1,CHEMBL53974,IC50,nM,26.0,CHEMBL2425,IC50,uM,0.026,"TgDHFR-TS (T. gondii, apicomplexan)"
CHEMBL830839,COc1ccccc1N(C)Cc1ccc2nc(N)nc(N)c2n1,CHEMBL53974,IC50,nM,26.0,CHEMBL2425,pIC50,,7.585,"TgDHFR-TS (T. gondii, apicomplexan)"
CHEMBL828662,CN(Cc1ccc2nc(N)nc(N)c2n1)c1ccc(Cl)c(Cl)c1,CHEMBL300603,IC50,nM,27.0,CHEMBL2425,IC50,uM,0.027,"TgDHFR-TS (T. gondii, apicomplexan)"
CHEMBL830839,CN(Cc1ccc2nc(N)nc(N)c2n1)c1ccc(Cl)c(Cl)c1,CHEMBL300603,IC50,nM,27.0,CHEMBL2425,pIC50,,7.5686,"TgDHFR-TS (T. gondii, apicomplexan)"
CHEMBL828662,COc1ccc(Nc2ccc3nc(N)nc(N)c3n2)cc1,CHEMBL141218,IC50,nM,2800.0,CHEMBL2425,IC50,uM,2.8,"TgDHFR-TS (T. gondii, apicomplexan)"
CHEMBL830839,COc1ccc(Nc2ccc3nc(N)nc(N)c3n2)cc1,CHEMBL141218,IC50,nM,2800.27,CHEMBL2425,pIC50,,5.5528,"TgDHFR-TS (T. gondii, apicomplexan)"
CHEMBL828662,COc1ccc(Nc2ccc3nc(N)nc(N)c3n2)cc1OC,CHEMBL141585,IC50,nM,680.0,CHEMBL2425,IC50,uM,0.68,"TgDHFR-TS (T. gondii, apicomplexan)"
CHEMBL830839,COc1ccc(Nc2ccc3nc(N)nc(N)c3n2)cc1OC,CHEMBL141585,IC50,nM,680.77,CHEMBL2425,pIC50,,6.167,"TgDHFR-TS (T. gondii, apicomplexan)"
CHEMBL828662,COc1ccc(OC)c(Nc2ccc3nc(N)nc(N)c3n2)c1,CHEMBL141260,IC50,nM,730.0,CHEMBL2425,IC50,uM,0.73,"TgDHFR-TS (T. gondii, apicomplexan)"
CHEMBL830839,COc1ccc(OC)c(Nc2ccc3nc(N)nc(N)c3n2)c1,CHEMBL141260,IC50,nM,729.96,CHEMBL2425,pIC50,,6.1367,"TgDHFR-TS (T. gondii, apicomplexan)"
CHEMBL828662,COc1cc(Nc2ccc3nc(N)nc(N)c3n2)cc(OC)c1OC,CHEMBL138452,IC50,nM,2400.0,CHEMBL2425,IC50,uM,2.4,"TgDHFR-TS (T. gondii, apicomplexan)"
CHEMBL830839,COc1cc(Nc2ccc3nc(N)nc(N)c3n2)cc(OC)c1OC,CHEMBL138452,IC50,nM,2399.94,CHEMBL2425,pIC50,,5.6198,"TgDHFR-TS (T. gondii, apicomplexan)"
CHEMBL828662,Nc1nc(N)c2nc(Nc3ccccc3)ccc2n1,CHEMBL139188,IC50,nM,300.0,CHEMBL2425,IC50,uM,0.3,"TgDHFR-TS (T. gondii, apicomplexan)"
CHEMBL830839,Nc1nc(N)c2nc(Nc3ccccc3)ccc2n1,CHEMBL139188,IC50,nM,299.92,CHEMBL2425,pIC50,,6.523,"TgDHFR-TS (T. gondii, apicomplexan)"
CHEMBL828662,Nc1nc(N)c2nc(Nc3ccc(Cl)cc3)ccc2n1,CHEMBL138252,IC50,nM,830.0,CHEMBL2425,IC50,uM,0.83,"TgDHFR-TS (T. gondii, apicomplexan)"
CHEMBL830839,Nc1nc(N)c2nc(Nc3ccc(Cl)cc3)ccc2n1,CHEMBL138252,IC50,nM,830.04,CHEMBL2425,pIC50,,6.0809,"TgDHFR-TS (T. gondii, apicomplexan)"
CHEMBL828662,CN(Cc1ccc2nc(N)nc(N)c2n1)c1ccccc1,CHEMBL55063,IC50,nM,0.84,CHEMBL2425,IC50,uM,0.00084,"TgDHFR-TS (T. gondii, apicomplexan)"
CHEMBL830839,CN(Cc1ccc2nc(N)nc(N)c2n1)c1ccccc1,CHEMBL55063,IC50,nM,8.395,CHEMBL2425,pIC50,,8.076,"TgDHFR-TS (T. gondii, apicomplexan)"
CHEMBL828662,CN(Cc1ccc2nc(N)nc(N)c2n1)c1cc(Cl)c(Cl)c(Cl)c1,CHEMBL52698,IC50,nM,38.0,CHEMBL2425,IC50,uM,0.038,"TgDHFR-TS (T. gondii, apicomplexan)"
CHEMBL830839,CN(Cc1ccc2nc(N)nc(N)c2n1)c1cc(Cl)c(Cl)c(Cl)c1,CHEMBL52698,IC50,nM,38.0,CHEMBL2425,pIC50,,7.4202,"TgDHFR-TS (T. gondii, apicomplexan)"
CHEMBL828662,CN(Cc1ccc2nc(N)nc(N)c2n1)c1ccc(Cl)cc1Cl,CHEMBL54732,IC50,nM,50.0,CHEMBL2425,IC50,uM,0.05,"TgDHFR-TS (T. gondii, apicomplexan)"
CHEMBL830839,CN(Cc1ccc2nc(N)nc(N)c2n1)c1ccc(Cl)cc1Cl,CHEMBL54732,IC50,nM,50.0,CHEMBL2425,pIC50,,7.301,"TgDHFR-TS (T. gondii, apicomplexan)"
CHEMBL828662,Nc1nc(N)c2nc(CNc3cc(Cl)ccc3Cl)ccc2n1,CHEMBL292212,IC50,nM,91.0,CHEMBL2425,IC50,uM,0.091,"TgDHFR-TS (T. gondii, apicomplexan)"
CHEMBL830839,Nc1nc(N)c2nc(CNc3cc(Cl)ccc3Cl)ccc2n1,CHEMBL292212,IC50,nM,90.99,CHEMBL2425,pIC50,,7.041,"TgDHFR-TS (T. gondii, apicomplexan)"
CHEMBL828662,CN(Cc1ccc2nc(N)nc(N)c2n1)c1cc(Cl)ccc1Cl,CHEMBL55191,IC50,nM,25.0,CHEMBL2425,IC50,uM,0.025,"TgDHFR-TS (T. gondii, apicomplexan)"
CHEMBL830839,CN(Cc1ccc2nc(N)nc(N)c2n1)c1cc(Cl)ccc1Cl,CHEMBL55191,IC50,nM,25.0,CHEMBL2425,pIC50,,7.602,"TgDHFR-TS (T. gondii, apicomplexan)"
CHEMBL828662,CN(Cc1ccccc1)c1cnc2nc(N)nc(N)c2c1,CHEMBL33038,IC50,nM,32.0,CHEMBL2425,IC50,uM,0.032,"TgDHFR-TS (T. gondii, apicomplexan)"
CHEMBL830839,CN(Cc1ccccc1)c1cnc2nc(N)nc(N)c2c1,CHEMBL33038,IC50,nM,32.0,CHEMBL2425,pIC50,,7.4949,"TgDHFR-TS (T. gondii, apicomplexan)"
CHEMBL828662,CN(CCc1ccccc1)c1cnc2nc(N)nc(N)c2c1,CHEMBL34337,IC50,nM,920.0,CHEMBL2425,IC50,uM,0.92,"TgDHFR-TS (T. gondii, apicomplexan)"
CHEMBL830839,CN(CCc1ccccc1)c1cnc2nc(N)nc(N)c2c1,CHEMBL34337,IC50,nM,920.45,CHEMBL2425,pIC50,,6.036,"TgDHFR-TS (T. gondii, apicomplexan)"
CHEMBL828662,COc1ccc(OC)c(CN(C)c2cnc3nc(N)nc(N)c3c2)c1,CHEMBL32113,IC50,nM,6.3,CHEMBL2425,IC50,uM,0.0063,"TgDHFR-TS (T. gondii, apicomplexan)"
CHEMBL830839,COc1ccc(OC)c(CN(C)c2cnc3nc(N)nc(N)c3c2)c1,CHEMBL32113,IC50,nM,6.295,CHEMBL2425,pIC50,,8.201,"TgDHFR-TS (T. gondii, apicomplexan)"
CHEMBL828662,COc1ccc(CNc2cnc3nc(N)nc(N)c3c2)c(OC)c1OC,CHEMBL35569,IC50,nM,350.0,CHEMBL2425,IC50,uM,0.35,"TgDHFR-TS (T. gondii, apicomplexan)"
CHEMBL830839,COc1ccc(CNc2cnc3nc(N)nc(N)c3c2)c(OC)c1OC,CHEMBL35569,IC50,nM,350.03,CHEMBL2425,pIC50,,6.4559,"TgDHFR-TS (T. gondii, apicomplexan)"
CHEMBL828662,COc1cc(OC)c(OC)cc1CNc1cnc2nc(N)nc(N)c2c1,CHEMBL284849,IC50,nM,480.0,CHEMBL2425,IC50,uM,0.48,"TgDHFR-TS (T. gondii, apicomplexan)"
CHEMBL830839,COc1cc(OC)c(OC)cc1CNc1cnc2nc(N)nc(N)c2c1,CHEMBL284849,IC50,nM,479.95,CHEMBL2425,pIC50,,6.3188,"TgDHFR-TS (T. gondii, apicomplexan)"
CHEMBL828662,CN(Cc1ccc2nc(N)nc(N)c2n1)c1ccccc1Cl,CHEMBL53318,IC50,nM,15.0,CHEMBL2425,IC50,uM,0.015,"TgDHFR-TS (T. gondii, apicomplexan)"
CHEMBL830839,CN(Cc1ccc2nc(N)nc(N)c2n1)c1ccccc1Cl,CHEMBL53318,IC50,nM,15.0,CHEMBL2425,pIC50,,7.824,"TgDHFR-TS (T. gondii, apicomplexan)"
CHEMBL828662,CN(Cc1ccc2nc(N)nc(N)c2n1)c1c(Cl)cccc1Cl,CHEMBL445359,IC50,nM,30.0,CHEMBL2425,IC50,uM,0.03,"TgDHFR-TS (T. gondii, apicomplexan)"
CHEMBL830839,CN(Cc1ccc2nc(N)nc(N)c2n1)c1c(Cl)cccc1Cl,CHEMBL445359,IC50,nM,29.99,CHEMBL2425,pIC50,,7.523,"TgDHFR-TS (T. gondii, apicomplexan)"
CHEMBL828662,COc1cc(N(C)Cc2ccc3nc(N)nc(N)c3n2)cc(OC)c1OC,CHEMBL52688,IC50,nM,44.0,CHEMBL2425,IC50,uM,0.044,"TgDHFR-TS (T. gondii, apicomplexan)"
CHEMBL830839,COc1cc(N(C)Cc2ccc3nc(N)nc(N)c3n2)cc(OC)c1OC,CHEMBL52688,IC50,nM,44.0,CHEMBL2425,pIC50,,7.3565,"TgDHFR-TS (T. gondii, apicomplexan)"
CHEMBL828662,Nc1nc(N)c2nc(CSc3ccccc3)ccc2n1,CHEMBL300886,IC50,nM,130.0,CHEMBL2425,IC50,uM,0.13,"TgDHFR-TS (T. gondii, apicomplexan)"
CHEMBL830839,Nc1nc(N)c2nc(CSc3ccccc3)ccc2n1,CHEMBL300886,IC50,nM,129.99,CHEMBL2425,pIC50,,6.8861,"TgDHFR-TS (T. gondii, apicomplexan)"
CHEMBL828662,Nc1nc(N)c2nc(CNc3ccc(Cl)cc3Cl)ccc2n1,CHEMBL292634,IC50,nM,50.0,CHEMBL2425,IC50,uM,0.05,"TgDHFR-TS (T. gondii, apicomplexan)"
CHEMBL830839,Nc1nc(N)c2nc(CNc3ccc(Cl)cc3Cl)ccc2n1,CHEMBL292634,IC50,nM,50.0,CHEMBL2425,pIC50,,7.301,"TgDHFR-TS (T. gondii, apicomplexan)"
CHEMBL828662,Nc1nc(N)c2nc(CSc3cccc4ccccc34)ccc2n1,CHEMBL55656,IC50,nM,49.0,CHEMBL2425,IC50,uM,0.049,"TgDHFR-TS (T. gondii, apicomplexan)"
CHEMBL828662,COc1cc(CNc2cnc3nc(N)nc(N)c3c2)cc(OC)c1OC,CHEMBL33208,IC50,nM,350.0,CHEMBL2425,IC50,uM,0.35,"TgDHFR-TS (T. gondii, apicomplexan)"
CHEMBL830839,COc1cc(CNc2cnc3nc(N)nc(N)c3c2)cc(OC)c1OC,CHEMBL33208,IC50,nM,350.03,CHEMBL2425,pIC50,,6.4559,"TgDHFR-TS (T. gondii, apicomplexan)"
CHEMBL828662,COc1cc(CN(C)c2cnc3nc(N)nc(N)c3c2)cc(OC)c1OC,CHEMBL32190,IC50,nM,14.0,CHEMBL2425,IC50,uM,0.014,"TgDHFR-TS (T. gondii, apicomplexan)"
CHEMBL830839,COc1cc(CN(C)c2cnc3nc(N)nc(N)c3c2)cc(OC)c1OC,CHEMBL32190,IC50,nM,14.0,CHEMBL2425,pIC50,,7.854,"TgDHFR-TS (T. gondii, apicomplexan)"
CHEMBL828662,COc1ccc(OC)c(CNc2cnc3nc(N)nc(N)c3c2)c1,CHEMBL32708,IC50,nM,310.0,CHEMBL2425,IC50,uM,0.31,"TgDHFR-TS (T. gondii, apicomplexan)"
CHEMBL830839,COc1ccc(OC)c(CNc2cnc3nc(N)nc(N)c3c2)c1,CHEMBL32708,IC50,nM,310.03,CHEMBL2425,pIC50,,6.5086,"TgDHFR-TS (T. gondii, apicomplexan)"
CHEMBL828662,COc1cc(OC)c(CNc2cnc3nc(N)nc(N)c3c2)c(OC)c1,CHEMBL32754,IC50,nM,230.0,CHEMBL2425,IC50,uM,0.23,"TgDHFR-TS (T. gondii, apicomplexan)"
CHEMBL830839,COc1cc(OC)c(CNc2cnc3nc(N)nc(N)c3c2)c(OC)c1,CHEMBL32754,IC50,nM,229.99,CHEMBL2425,pIC50,,6.6383,"TgDHFR-TS (T. gondii, apicomplexan)"
CHEMBL828662,Nc1nc(N)c2cc(NCc3ccc(Oc4ccccc4)cc3)cnc2n1,CHEMBL33187,IC50,nM,3700.0,CHEMBL2425,IC50,uM,3.7,"TgDHFR-TS (T. gondii, apicomplexan)"
CHEMBL830839,Nc1nc(N)c2cc(NCc3ccc(Oc4ccccc4)cc3)cnc2n1,CHEMBL33187,IC50,nM,3698.28,CHEMBL2425,pIC50,,5.432,"TgDHFR-TS (T. gondii, apicomplexan)"
CHEMBL828662,COc1ccc(CN(C)c2cnc3nc(N)nc(N)c3c2)c(OC)c1OC,CHEMBL35222,IC50,nM,26.0,CHEMBL2425,IC50,uM,0.026,"TgDHFR-TS (T. gondii, apicomplexan)"
CHEMBL830839,Nc1nc(N)c2nc(CSc3cccc4ccccc34)ccc2n1,CHEMBL55656,IC50,nM,49.0,CHEMBL2425,pIC50,,7.3098,"TgDHFR-TS (T. gondii, apicomplexan)"
CHEMBL828662,Nc1nc(N)c2nc(CSc3ccc4ccccc4c3)ccc2n1,CHEMBL292143,IC50,nM,48.0,CHEMBL2425,IC50,uM,0.048,"TgDHFR-TS (T. gondii, apicomplexan)"
CHEMBL830839,Nc1nc(N)c2nc(CSc3ccc4ccccc4c3)ccc2n1,CHEMBL292143,IC50,nM,48.0,CHEMBL2425,pIC50,,7.3188,"TgDHFR-TS (T. gondii, apicomplexan)"
CHEMBL828662,Nc1nc(N)c2nc(CNc3cccc4ccccc34)ccc2n1,CHEMBL299140,IC50,nM,26.0,CHEMBL2425,IC50,uM,0.026,"TgDHFR-TS (T. gondii, apicomplexan)"
CHEMBL830839,Nc1nc(N)c2nc(CNc3cccc4ccccc34)ccc2n1,CHEMBL299140,IC50,nM,26.0,CHEMBL2425,pIC50,,7.585,"TgDHFR-TS (T. gondii, apicomplexan)"
CHEMBL828662,COc1ccc(NCc2ccc3nc(N)nc(N)c3n2)c(OC)c1,CHEMBL296382,IC50,nM,140.0,CHEMBL2425,IC50,uM,0.14,"TgDHFR-TS (T. gondii, apicomplexan)"
CHEMBL830839,COc1ccc(NCc2ccc3nc(N)nc(N)c3n2)c(OC)c1,CHEMBL296382,IC50,nM,139.96,CHEMBL2425,pIC50,,6.854,"TgDHFR-TS (T. gondii, apicomplexan)"
CHEMBL828662,CN(Cc1c[nH]c2nc(N)nc(N)c12)c1ccc(Cl)c(Cl)c1,CHEMBL278013,IC50,nM,1000.0,CHEMBL2425,IC50,uM,1.0,"TgDHFR-TS (T. gondii, apicomplexan)"
CHEMBL830839,CN(Cc1c[nH]c2nc(N)nc(N)c12)c1ccc(Cl)c(Cl)c1,CHEMBL278013,IC50,nM,1000.0,CHEMBL2425,pIC50,,6.0,"TgDHFR-TS (T. gondii, apicomplexan)"
CHEMBL828662,CN(Cc1c[nH]c2nc(N)nc(N)c12)c1cccc2ccccc12,CHEMBL278261,IC50,nM,870.0,CHEMBL2425,IC50,uM,0.87,"TgDHFR-TS (T. gondii, apicomplexan)"
CHEMBL830839,CN(Cc1c[nH]c2nc(N)nc(N)c12)c1cccc2ccccc12,CHEMBL278261,IC50,nM,870.96,CHEMBL2425,pIC50,,6.06,"TgDHFR-TS (T. gondii, apicomplexan)"
CHEMBL830839,COc1ccc(CN(C)c2cnc3nc(N)nc(N)c3c2)c(OC)c1OC,CHEMBL35222,IC50,nM,26.0,CHEMBL2425,pIC50,,7.585,"TgDHFR-TS (T. gondii, apicomplexan)"
CHEMBL828662,COc1ccc(CNc2cnc3nc(N)nc(N)c3c2)cc1OC,CHEMBL32769,IC50,nM,730.0,CHEMBL2425,IC50,uM,0.73,"TgDHFR-TS (T. gondii, apicomplexan)"
CHEMBL830839,COc1ccc(CNc2cnc3nc(N)nc(N)c3c2)cc1OC,CHEMBL32769,IC50,nM,729.96,CHEMBL2425,pIC50,,6.1367,"TgDHFR-TS (T. gondii, apicomplexan)"
CHEMBL828662,COc1cc(CN(C)c2cnc3nc(N)nc(N)c3c2)cc(OC)c1,CHEMBL36245,IC50,nM,31.0,CHEMBL2425,IC50,uM,0.031,"TgDHFR-TS (T. gondii, apicomplexan)"
CHEMBL830839,COc1cc(CN(C)c2cnc3nc(N)nc(N)c3c2)cc(OC)c1,CHEMBL36245,IC50,nM,31.0,CHEMBL2425,pIC50,,7.5086,"TgDHFR-TS (T. gondii, apicomplexan)"
CHEMBL828662,COc1cc(CNc2cnc3nc(N)nc(N)c3c2)cc(OC)c1,CHEMBL32266,IC50,nM,1200.0,CHEMBL2425,IC50,uM,1.2,"TgDHFR-TS (T. gondii, apicomplexan)"
CHEMBL830839,COc1cc(CNc2cnc3nc(N)nc(N)c3c2)cc(OC)c1,CHEMBL32266,IC50,nM,1200.05,CHEMBL2425,pIC50,,5.9208,"TgDHFR-TS (T. gondii, apicomplexan)"
CHEMBL828662,Nc1nc(N)c2cc(NCc3cccc4ccccc34)cnc2n1,CHEMBL32635,IC50,nM,980.0,CHEMBL2425,IC50,uM,0.98,"TgDHFR-TS (T. gondii, apicomplexan)"
CHEMBL830839,Nc1nc(N)c2cc(NCc3cccc4ccccc34)cnc2n1,CHEMBL32635,IC50,nM,979.94,CHEMBL2425,pIC50,,6.0088,"TgDHFR-TS (T. gondii, apicomplexan)"
CHEMBL828662,COc1ccc(CNc2cnc3nc(N)nc(N)c3c2)c2ccccc12,CHEMBL32220,IC50,nM,380.0,CHEMBL2425,IC50,uM,0.38,"TgDHFR-TS (T. gondii, apicomplexan)"
CHEMBL830839,COc1ccc(CNc2cnc3nc(N)nc(N)c3c2)c2ccccc12,CHEMBL32220,IC50,nM,380.01,CHEMBL2425,pIC50,,6.4202,"TgDHFR-TS (T. gondii, apicomplexan)"
CHEMBL828662,Nc1nc(N)c2c(CSc3ccc(Cl)c(Cl)c3)c[nH]c2n1,CHEMBL17430,IC50,nM,11600.0,CHEMBL2425,IC50,uM,11.6,"TgDHFR-TS (T. gondii, apicomplexan)"
CHEMBL830839,Nc1nc(N)c2c(CSc3ccc(Cl)c(Cl)c3)c[nH]c2n1,CHEMBL17430,IC50,nM,11601.12,CHEMBL2425,pIC50,,4.9355,"TgDHFR-TS (T. gondii, apicomplexan)"
CHEMBL828662,COc1ccc(SCc2c[nH]c3nc(N)nc(N)c23)cc1OC,CHEMBL17431,IC50,nM,2600.0,CHEMBL2425,IC50,uM,2.6,"TgDHFR-TS (T. gondii, apicomplexan)"
CHEMBL830839,COc1ccc(SCc2c[nH]c3nc(N)nc(N)c23)cc1OC,CHEMBL17431,IC50,nM,2600.16,CHEMBL2425,pIC50,,5.585,"TgDHFR-TS (T. gondii, apicomplexan)"
CHEMBL828662,Nc1nc(N)c2c(CSc3cccc4ccccc34)c[nH]c2n1,CHEMBL17479,IC50,nM,810.0,CHEMBL2425,IC50,uM,0.81,"TgDHFR-TS (T. gondii, apicomplexan)"
CHEMBL830839,Nc1nc(N)c2c(CSc3cccc4ccccc34)c[nH]c2n1,CHEMBL17479,IC50,nM,810.03,CHEMBL2425,pIC50,,6.0915,"TgDHFR-TS (T. gondii, apicomplexan)"
CHEMBL828662,Nc1nc(N)c2c(CSc3ccc4ccccc4c3)c[nH]c2n1,CHEMBL275893,IC50,nM,9200.0,CHEMBL2425,IC50,uM,9.2,"TgDHFR-TS (T. gondii, apicomplexan)"
CHEMBL830839,Nc1nc(N)c2c(CSc3ccc4ccccc4c3)c[nH]c2n1,CHEMBL275893,IC50,nM,9204.5,CHEMBL2425,pIC50,,5.036,"TgDHFR-TS (T. gondii, apicomplexan)"
CHEMBL828662,COc1cc(CNc2ccc3nc(N)nc(N)c3c2)cc(OC)c1OC,CHEMBL113999,IC50,nM,84.0,CHEMBL2425,IC50,uM,0.084,"TgDHFR-TS (T. gondii, apicomplexan)"
CHEMBL830839,COc1cc(CNc2ccc3nc(N)nc(N)c3c2)cc(OC)c1OC,CHEMBL113999,IC50,nM,84.0,CHEMBL2425,pIC50,,7.0757,"TgDHFR-TS (T. gondii, apicomplexan)"
CHEMBL828662,Nc1nc(N)c2cc(NCc3ccccc3)cnc2n1,CHEMBL286700,IC50,nM,520.0,CHEMBL2425,IC50,uM,0.52,"TgDHFR-TS (T. gondii, apicomplexan)"
CHEMBL830839,Nc1nc(N)c2cc(NCc3ccccc3)cnc2n1,CHEMBL286700,IC50,nM,520.0,CHEMBL2425,pIC50,,6.284,"TgDHFR-TS (T. gondii, apicomplexan)"
CHEMBL828662,COc1cc(C(C)Nc2cnc3nc(N)nc(N)c3c2)cc(OC)c1OC,CHEMBL32583,IC50,nM,194.0,CHEMBL2425,IC50,uM,0.194,"TgDHFR-TS (T. gondii, apicomplexan)"
CHEMBL830839,COc1cc(C(C)Nc2cnc3nc(N)nc(N)c3c2)cc(OC)c1OC,CHEMBL32583,IC50,nM,181.55,CHEMBL2425,pIC50,,6.741,"TgDHFR-TS (T. gondii, apicomplexan)"
CHEMBL828662,Nc1nc(N)c2cc(NCCc3ccccc3)cnc2n1,CHEMBL33136,IC50,nM,4450.0,CHEMBL2425,IC50,uM,4.45,"TgDHFR-TS (T. gondii, apicomplexan)"
CHEMBL830839,Nc1nc(N)c2cc(NCCc3ccccc3)cnc2n1,CHEMBL33136,IC50,nM,4450.41,CHEMBL2425,pIC50,,5.3516,"TgDHFR-TS (T. gondii, apicomplexan)"
CHEMBL828662,Cc1c(CN(C)c2ccc(Cl)cc2)cnc2nc(N)nc(N)c12,CHEMBL310880,IC50,nM,5.4,CHEMBL2425,IC50,uM,0.0054,"TgDHFR-TS (T. gondii, apicomplexan)"
CHEMBL830839,Cc1c(CN(C)c2ccc(Cl)cc2)cnc2nc(N)nc(N)c12,CHEMBL310880,IC50,nM,5.4,CHEMBL2425,pIC50,,8.2676,"TgDHFR-TS (T. gondii, apicomplexan)"
CHEMBL828662,COc1cc(CCC2CNc3nc(N)nc(N)c3C2)cc(OC)c1OC,CHEMBL423558,IC50,nM,1100.0,CHEMBL2425,IC50,uM,1.1,"TgDHFR-TS (T. gondii, apicomplexan)"
CHEMBL830839,COc1cc(CCC2CNc3nc(N)nc(N)c3C2)cc(OC)c1OC,CHEMBL423558,IC50,nM,1099.01,CHEMBL2425,pIC50,,5.959,"TgDHFR-TS (T. gondii, apicomplexan)"
CHEMBL828662,COc1ccc(OC)c(CNc2ccc3nc(N)nc(N)c3c2)c1,CHEMBL116816,IC50,nM,160.0,CHEMBL2425,IC50,uM,0.16,"TgDHFR-TS (T. gondii, apicomplexan)"
CHEMBL830839,COc1ccc(OC)c(CNc2ccc3nc(N)nc(N)c3c2)c1,CHEMBL116816,IC50,nM,159.99,CHEMBL2425,pIC50,,6.7959,"TgDHFR-TS (T. gondii, apicomplexan)"
CHEMBL828662,COc1cc(CNc2ccc3nc(N)nc(N)c3c2)cc(OC)c1,CHEMBL116815,IC50,nM,120.0,CHEMBL2425,IC50,uM,0.12,"TgDHFR-TS (T. gondii, apicomplexan)"
CHEMBL830839,COc1cc(CNc2ccc3nc(N)nc(N)c3c2)cc(OC)c1,CHEMBL116815,IC50,nM,120.01,CHEMBL2425,pIC50,,6.9208,"TgDHFR-TS (T. gondii, apicomplexan)"
CHEMBL828662,Nc1nc(N)c2cc(NCc3ccccc3)ccc2n1,CHEMBL115474,IC50,nM,320.0,CHEMBL2425,IC50,uM,0.32,"TgDHFR-TS (T. gondii, apicomplexan)"
CHEMBL830839,Nc1nc(N)c2cc(NCc3ccccc3)ccc2n1,CHEMBL115474,IC50,nM,319.96,CHEMBL2425,pIC50,,6.4949,"TgDHFR-TS (T. gondii, apicomplexan)"
CHEMBL828662,COc1ccc(CNc2ccc3nc(N)nc(N)c3c2)c(OC)c1,CHEMBL116200,IC50,nM,170.0,CHEMBL2425,IC50,uM,0.17,"TgDHFR-TS (T. gondii, apicomplexan)"
CHEMBL830839,COc1ccc(CNc2ccc3nc(N)nc(N)c3c2)c(OC)c1,CHEMBL116200,IC50,nM,169.82,CHEMBL2425,pIC50,,6.77,"TgDHFR-TS (T. gondii, apicomplexan)"
CHEMBL828662,COc1ccc(CNc2ccc3nc(N)nc(N)c3c2)c(OC)c1OC,CHEMBL116637,IC50,nM,190.0,CHEMBL2425,IC50,uM,0.19,"TgDHFR-TS (T. gondii, apicomplexan)"
CHEMBL830839,COc1ccc(CNc2ccc3nc(N)nc(N)c3c2)c(OC)c1OC,CHEMBL116637,IC50,nM,190.11,CHEMBL2425,pIC50,,6.721,"TgDHFR-TS (T. gondii, apicomplexan)"
CHEMBL828662,COc1cc(CN(C)c2ccc3nc(N)nc(N)c3c2)cc(OC)c1,CHEMBL113816,IC50,nM,9.3,CHEMBL2425,IC50,uM,0.0093,"TgDHFR-TS (T. gondii, apicomplexan)"
CHEMBL830839,COc1cc(CN(C)c2ccc3nc(N)nc(N)c3c2)cc(OC)c1,CHEMBL113816,IC50,nM,9.29,CHEMBL2425,pIC50,,8.032,"TgDHFR-TS (T. gondii, apicomplexan)"
CHEMBL828662,COc1cc(OC)c(CN(C)c2ccc3nc(N)nc(N)c3c2)c(OC)c1,CHEMBL178119,IC50,nM,950.0,CHEMBL2425,IC50,uM,0.95,"TgDHFR-TS (T. gondii, apicomplexan)"
CHEMBL830839,COc1cc(OC)c(CN(C)c2ccc3nc(N)nc(N)c3c2)c(OC)c1,CHEMBL178119,IC50,nM,949.95,CHEMBL2425,pIC50,,6.0223,"TgDHFR-TS (T. gondii, apicomplexan)"
CHEMBL828662,COc1ccc(CN(C)c2ccc3nc(N)nc(N)c3c2)c(OC)c1OC,CHEMBL117750,IC50,nM,17.0,CHEMBL2425,IC50,uM,0.017,"TgDHFR-TS (T. gondii, apicomplexan)"
CHEMBL830839,COc1ccc(CN(C)c2ccc3nc(N)nc(N)c3c2)c(OC)c1OC,CHEMBL117750,IC50,nM,16.98,CHEMBL2425,pIC50,,7.77,"TgDHFR-TS (T. gondii, apicomplexan)"
CHEMBL828662,Nc1nc(N)c2cc(NCc3cccc4ccccc34)ccc2n1,CHEMBL179102,IC50,nM,99.0,CHEMBL2425,IC50,uM,0.099,"TgDHFR-TS (T. gondii, apicomplexan)"
CHEMBL830839,Nc1nc(N)c2cc(NCc3cccc4ccccc34)ccc2n1,CHEMBL179102,IC50,nM,98.99,CHEMBL2425,pIC50,,7.0044,"TgDHFR-TS (T. gondii, apicomplexan)"
CHEMBL828662,COc1cc(OC)c(OC)cc1CNc1ccc2nc(N)nc(N)c2c1,CHEMBL114833,IC50,nM,124.0,CHEMBL2425,IC50,uM,0.124,"TgDHFR-TS (T. gondii, apicomplexan)"
CHEMBL830839,COc1cc(OC)c(OC)cc1CNc1ccc2nc(N)nc(N)c2c1,CHEMBL114833,IC50,nM,123.88,CHEMBL2425,pIC50,,6.907,"TgDHFR-TS (T. gondii, apicomplexan)"
CHEMBL828662,CN(Cc1cccc2ccccc12)c1ccc2nc(N)nc(N)c2c1,CHEMBL367802,IC50,nM,21.0,CHEMBL2425,IC50,uM,0.021,"TgDHFR-TS (T. gondii, apicomplexan)"
CHEMBL830839,CN(Cc1cccc2ccccc12)c1ccc2nc(N)nc(N)c2c1,CHEMBL367802,IC50,nM,209.99,CHEMBL2425,pIC50,,6.6778,"TgDHFR-TS (T. gondii, apicomplexan)"
CHEMBL828662,COc1ccc(OC)c(CN(C)c2ccc3nc(N)nc(N)c3c2)c1,CHEMBL325434,IC50,nM,30.0,CHEMBL2425,IC50,uM,0.03,"TgDHFR-TS (T. gondii, apicomplexan)"
CHEMBL830839,COc1ccc(OC)c(CN(C)c2ccc3nc(N)nc(N)c3c2)c1,CHEMBL325434,IC50,nM,29.99,CHEMBL2425,pIC50,,7.523,"TgDHFR-TS (T. gondii, apicomplexan)"
CHEMBL828662,COc1ccc(CN(C)c2ccc3nc(N)nc(N)c3c2)c(OC)c1,CHEMBL115804,IC50,nM,39.0,CHEMBL2425,IC50,uM,0.039,"TgDHFR-TS (T. gondii, apicomplexan)"
CHEMBL830839,COc1ccc(CN(C)c2ccc3nc(N)nc(N)c3c2)c(OC)c1,CHEMBL115804,IC50,nM,39.0,CHEMBL2425,pIC50,,7.4089,"TgDHFR-TS (T. gondii, apicomplexan)"
CHEMBL828662,Cc1c(CNc2cccc(Cl)c2)cnc2nc(N)nc(N)c12,CHEMBL80066,IC50,nM,11.0,CHEMBL2425,IC50,uM,0.011,"TgDHFR-TS (T. gondii, apicomplexan)"
CHEMBL830839,Cc1c(CNc2cccc(Cl)c2)cnc2nc(N)nc(N)c12,CHEMBL80066,IC50,nM,10.99,CHEMBL2425,pIC50,,7.959,"TgDHFR-TS (T. gondii, apicomplexan)"
CHEMBL828662,Cc1c(CNc2ccc(Cl)cc2)cnc2nc(N)nc(N)c12,CHEMBL23416,IC50,nM,19.0,CHEMBL2425,IC50,uM,0.019,"TgDHFR-TS (T. gondii, apicomplexan)"
CHEMBL830839,Cc1c(CNc2ccc(Cl)cc2)cnc2nc(N)nc(N)c12,CHEMBL23416,IC50,nM,19.01,CHEMBL2425,pIC50,,7.721,"TgDHFR-TS (T. gondii, apicomplexan)"
CHEMBL828662,Cc1c(CNc2ccccc2Cl)cnc2nc(N)nc(N)c12,CHEMBL81119,IC50,nM,7.1,CHEMBL2425,IC50,uM,0.0071,"TgDHFR-TS (T. gondii, apicomplexan)"
CHEMBL830839,Cc1c(CNc2ccccc2Cl)cnc2nc(N)nc(N)c12,CHEMBL81119,IC50,nM,7.096,CHEMBL2425,pIC50,,8.149,"TgDHFR-TS (T. gondii, apicomplexan)"
CHEMBL828662,COc1ccc(NCc2cnc3nc(N)nc(N)c3c2C)cc1,CHEMBL312348,IC50,nM,12.0,CHEMBL2425,IC50,uM,0.012,"TgDHFR-TS (T. gondii, apicomplexan)"
CHEMBL830839,COc1ccc(NCc2cnc3nc(N)nc(N)c3c2C)cc1,CHEMBL312348,IC50,nM,12.0,CHEMBL2425,pIC50,,7.9208,"TgDHFR-TS (T. gondii, apicomplexan)"
CHEMBL828662,COc1ccccc1NCc1cnc2nc(N)nc(N)c2c1C,CHEMBL84457,IC50,nM,23.0,CHEMBL2425,IC50,uM,0.023,"TgDHFR-TS (T. gondii, apicomplexan)"
CHEMBL830839,COc1ccccc1NCc1cnc2nc(N)nc(N)c2c1C,CHEMBL84457,IC50,nM,23.0,CHEMBL2425,pIC50,,7.6383,"TgDHFR-TS (T. gondii, apicomplexan)"
CHEMBL828662,Cc1c(CNc2ccc(Br)cc2)cnc2nc(N)nc(N)c12,CHEMBL80065,IC50,nM,9.5,CHEMBL2425,IC50,uM,0.0095,"TgDHFR-TS (T. gondii, apicomplexan)"
CHEMBL830839,Cc1c(CNc2ccc(Br)cc2)cnc2nc(N)nc(N)c12,CHEMBL80065,IC50,nM,9.499,CHEMBL2425,pIC50,,8.0223,"TgDHFR-TS (T. gondii, apicomplexan)"
CHEMBL828662,COc1ccc(N(C)Cc2cnc3nc(N)nc(N)c3c2C)cc1,CHEMBL264386,IC50,nM,7.3,CHEMBL2425,IC50,uM,0.0073,"TgDHFR-TS (T. gondii, apicomplexan)"
CHEMBL830839,COc1ccc(N(C)Cc2cnc3nc(N)nc(N)c3c2C)cc1,CHEMBL264386,IC50,nM,7.295,CHEMBL2425,pIC50,,8.137,"TgDHFR-TS (T. gondii, apicomplexan)"
CHEMBL828662,Cc1c(CN(C)c2ccccc2)cnc2nc(N)nc(N)c12,CHEMBL179319,IC50,nM,6.3,CHEMBL2425,IC50,uM,0.0063,"TgDHFR-TS (T. gondii, apicomplexan)"
CHEMBL830839,Cc1c(CN(C)c2ccccc2)cnc2nc(N)nc(N)c12,CHEMBL179319,IC50,nM,6.295,CHEMBL2425,pIC50,,8.201,"TgDHFR-TS (T. gondii, apicomplexan)"
CHEMBL828662,Cc1c(CN(C)c2ccc(Cl)cc2)cnc2nc(N)nc(N)c12,CHEMBL310880,IC50,nM,1.7,CHEMBL2425,IC50,uM,0.0017,"TgDHFR-TS (T. gondii, apicomplexan)"
CHEMBL830839,Cc1c(CN(C)c2ccc(Cl)cc2)cnc2nc(N)nc(N)c12,CHEMBL310880,IC50,nM,1.698,CHEMBL2425,pIC50,,8.77,"TgDHFR-TS (T. gondii, apicomplexan)"
CHEMBL828662,Cc1c(CN(C)c2ccc(Br)cc2)cnc2nc(N)nc(N)c12,CHEMBL79347,IC50,nM,30.0,CHEMBL2425,IC50,uM,0.03,"TgDHFR-TS (T. gondii, apicomplexan)"
CHEMBL830839,Cc1c(CN(C)c2ccc(Br)cc2)cnc2nc(N)nc(N)c12,CHEMBL79347,IC50,nM,29.99,CHEMBL2425,pIC50,,7.523,"TgDHFR-TS (T. gondii, apicomplexan)"
CHEMBL828662,COc1ccccc1NCc1cnc2nc(N)nc(N)c2c1C,CHEMBL84457,IC50,nM,7.4,CHEMBL2425,IC50,uM,0.0074,"TgDHFR-TS (T. gondii, apicomplexan)"
CHEMBL830839,COc1ccccc1NCc1cnc2nc(N)nc(N)c2c1C,CHEMBL84457,IC50,nM,7.396,CHEMBL2425,pIC50,,8.131,"TgDHFR-TS (T. gondii, apicomplexan)"
CHEMBL828662,COc1cc2c(cc1OC)N(Cc1cnc3nc(N)nc(N)c3c1C)CC2,CHEMBL423560,IC50,nM,49.0,CHEMBL2425,IC50,uM,0.049,"TgDHFR-TS (T. gondii, apicomplexan)"
CHEMBL830839,COc1cc2c(cc1OC)N(Cc1cnc3nc(N)nc(N)c3c1C)CC2,CHEMBL423560,IC50,nM,49.0,CHEMBL2425,pIC50,,7.3098,"TgDHFR-TS (T. gondii, apicomplexan)"
CHEMBL828662,COc1ccc2c(ccn2Cc2cnc3nc(N)nc(N)c3c2C)c1,CHEMBL358297,IC50,nM,77.0,CHEMBL2425,IC50,uM,0.077,"TgDHFR-TS (T. gondii, apicomplexan)"
CHEMBL830839,COc1ccc2c(ccn2Cc2cnc3nc(N)nc(N)c3c2C)c1,CHEMBL358297,IC50,nM,77.09,CHEMBL2425,pIC50,,7.113,"TgDHFR-TS (T. gondii, apicomplexan)"
CHEMBL828662,COc1cc2c(cc1OC)CN(Cc1cnc3nc(N)nc(N)c3c1C)CC2,CHEMBL147886,IC50,nM,110.0,CHEMBL2425,IC50,uM,0.11,"TgDHFR-TS (T. gondii, apicomplexan)"
CHEMBL830839,COc1cc2c(cc1OC)CN(Cc1cnc3nc(N)nc(N)c3c1C)CC2,CHEMBL147886,IC50,nM,109.9,CHEMBL2425,pIC50,,6.959,"TgDHFR-TS (T. gondii, apicomplexan)"
CHEMBL828662,COc1cc(NCc2cnc3nc(N)nc(N)c3c2C)c(O)cc1-n1cccc1,CHEMBL179131,IC50,nM,33.0,CHEMBL2425,IC50,uM,0.033,"TgDHFR-TS (T. gondii, apicomplexan)"
CHEMBL830839,COc1cc(NCc2cnc3nc(N)nc(N)c3c2C)c(O)cc1-n1cccc1,CHEMBL179131,IC50,nM,32.96,CHEMBL2425,pIC50,,7.482,"TgDHFR-TS (T. gondii, apicomplexan)"
CHEMBL827820,COc1cc(Cc2cnc(N)nc2N)cc(C#CCCCC(=O)O)c1OC,CHEMBL300419,IC50,nM,34.0,CHEMBL2425,IC50,nM,34.0,"TgDHFR-TS (T. gondii, apicomplexan)"
CHEMBL827820,COc1cc(Cc2cnc(N)nc2N)cc(OC)c1OC,CHEMBL22,IC50,nM,2800.0,CHEMBL2425,IC50,nM,2800.0,"TgDHFR-TS (T. gondii, apicomplexan)"
CHEMBL827820,COc1ccc(OC)c(Cc2cnc3nc(N)nc(N)c3c2C)c1,CHEMBL7492,IC50,nM,4.3,CHEMBL2425,IC50,nM,4.3,"TgDHFR-TS (T. gondii, apicomplexan)"
CHEMBL827820,COc1ccc(OCCCC(=O)O)cc1Cc1cnc2nc(N)nc(N)c2c1C,CHEMBL189952,IC50,nM,1.9,CHEMBL2425,IC50,nM,1.9,"TgDHFR-TS (T. gondii, apicomplexan)"
CHEMBL827820,COc1ccc(OCCCCC(=O)O)cc1Cc1cnc2nc(N)nc(N)c2c1C,CHEMBL190199,IC50,nM,2.3,CHEMBL2425,IC50,nM,2.3,"TgDHFR-TS (T. gondii, apicomplexan)"
CHEMBL827820,COc1ccc(OCCCCCC(=O)O)cc1Cc1cnc2nc(N)nc(N)c2c1C,CHEMBL188540,IC50,nM,2.0,CHEMBL2425,IC50,nM,2.0,"TgDHFR-TS (T. gondii, apicomplexan)"
CHEMBL827820,COc1ccc(OCCCC(=O)O)c(Cc2cnc3nc(N)nc(N)c3c2C)c1,CHEMBL190486,IC50,nM,2.3,CHEMBL2425,IC50,nM,2.3,"TgDHFR-TS (T. gondii, apicomplexan)"
CHEMBL827820,COc1ccc(C#CCCC(=O)O)cc1Cc1cnc2nc(N)nc(N)c2c1C,CHEMBL190650,IC50,nM,0.46,CHEMBL2425,IC50,nM,0.46,"TgDHFR-TS (T. gondii, apicomplexan)"
CHEMBL827820,COc1ccc(C#CCCCC(=O)O)cc1Cc1cnc2nc(N)nc(N)c2c1C,CHEMBL425893,IC50,nM,4.3,CHEMBL2425,IC50,nM,4.3,"TgDHFR-TS (T. gondii, apicomplexan)"
CHEMBL827820,COc1ccc(C#CCCCCC(=O)O)cc1Cc1cnc2nc(N)nc(N)c2c1C,CHEMBL192835,IC50,nM,3.2,CHEMBL2425,IC50,nM,3.2,"TgDHFR-TS (T. gondii, apicomplexan)"
CHEMBL827820,COc1ccc(C#CCCC(=O)O)c(Cc2cnc3nc(N)nc(N)c3c2C)c1,CHEMBL370239,IC50,nM,4.1,CHEMBL2425,IC50,nM,4.1,"TgDHFR-TS (T. gondii, apicomplexan)"
CHEMBL827820,COc1ccc(C#CCCCC(=O)O)c(Cc2cnc3nc(N)nc(N)c3c2C)c1,CHEMBL187595,IC50,nM,5.8,CHEMBL2425,IC50,nM,5.8,"TgDHFR-TS (T. gondii, apicomplexan)"
CHEMBL827820,Nc1nc(N)c2nc(CN3c4ccccc4C=Cc4c(C#CCC(=O)O)cccc43)cnc2n1,CHEMBL190807,IC50,nM,100.0,CHEMBL2425,IC50,nM,100.0,"TgDHFR-TS (T. gondii, apicomplexan)"
CHEMBL827820,Nc1nc(N)c2nc(CN3c4ccccc4C=Cc4c(C#CCCC(=O)O)cccc43)cnc2n1,CHEMBL189369,IC50,nM,77.0,CHEMBL2425,IC50,nM,77.0,"TgDHFR-TS (T. gondii, apicomplexan)"
CHEMBL827820,Nc1nc(N)c2nc(CN3c4ccccc4C=Cc4c(C#CCCCC(=O)O)cccc43)cnc2n1,CHEMBL189012,IC50,nM,21.0,CHEMBL2425,IC50,nM,21.0,"TgDHFR-TS (T. gondii, apicomplexan)"
CHEMBL827820,COc1cc(Cc2cnc(N)nc2N)cc(C#CCCC(=O)O)c1Br,CHEMBL191071,IC50,nM,15.0,CHEMBL2425,IC50,nM,15.0,"TgDHFR-TS (T. gondii, apicomplexan)"
CHEMBL827820,CCOC(=O)CCCOc1ccc(OC)c(Cc2cnc3nc(N)nc(N)c3c2C)c1,CHEMBL189796,IC50,nM,3.4,CHEMBL2425,IC50,nM,3.4,"TgDHFR-TS (T. gondii, apicomplexan)"
CHEMBL827820,CCOC(=O)CCCCOc1ccc(OC)c(Cc2cnc3nc(N)nc(N)c3c2C)c1,CHEMBL189953,IC50,nM,11.0,CHEMBL2425,IC50,nM,11.0,"TgDHFR-TS (T. gondii, apicomplexan)"
CHEMBL827820,CCOC(=O)CCCCCOc1ccc(OC)c(Cc2cnc3nc(N)nc(N)c3c2C)c1,CHEMBL435938,IC50,nM,13.0,CHEMBL2425,IC50,nM,13.0,"TgDHFR-TS (T. gondii, apicomplexan)"
CHEMBL827820,COc1ccc(OCc2ccccc2)c(Cc2cnc3nc(N)nc(N)c3c2C)c1,CHEMBL190340,IC50,nM,16.0,CHEMBL2425,IC50,nM,16.0,"TgDHFR-TS (T. gondii, apicomplexan)"
CHEMBL827820,CCOC(=O)CCCOc1ccc(OC)cc1Cc1cnc2nc(N)nc(N)c2c1C,CHEMBL190935,IC50,nM,10.0,CHEMBL2425,IC50,nM,10.0,"TgDHFR-TS (T. gondii, apicomplexan)"
CHEMBL827820,COc1ccc(I)cc1Cc1cnc2nc(N)nc(N)c2c1C,CHEMBL187570,IC50,nM,4.1,CHEMBL2425,IC50,nM,4.1,"TgDHFR-TS (T. gondii, apicomplexan)"
CHEMBL827820,COc1ccc(I)c(Cc2cnc3nc(N)nc(N)c3c2C)c1,CHEMBL190026,IC50,nM,5.8,CHEMBL2425,IC50,nM,5.8,"TgDHFR-TS (T. gondii, apicomplexan)"
CHEMBL919380,COc1cc(Cc2cnc(N)nc2N)cc(OC)c1OC,CHEMBL22,IC50,nM,8000.0,CHEMBL2425,IC50,uM,8.0,"TgDHFR-TS (T. gondii, apicomplexan)"
CHEMBL919380,COc1cc([C@H](C)C#Cc2c(C)nc(N)nc2N)cc(OC)c1OC,CHEMBL223569,IC50,nM,13.0,CHEMBL2425,IC50,uM,0.013,"TgDHFR-TS (T. gondii, apicomplexan)"
CHEMBL919380,COc1cc([C@@H](C)C#Cc2c(C)nc(N)nc2N)cc(OC)c1OC,CHEMBL223301,IC50,nM,1.4,CHEMBL2425,IC50,uM,0.0014,"TgDHFR-TS (T. gondii, apicomplexan)"
CHEMBL919380,COc1cc(C(C#Cc2c(C)nc(N)nc2N)OC)cc(OC)c1OC,CHEMBL220937,IC50,nM,550.0,CHEMBL2425,IC50,uM,0.55,"TgDHFR-TS (T. gondii, apicomplexan)"
CHEMBL919380,COc1cc(C(C#Cc2cnc(N)nc2N)OC)cc(OC)c1OC,CHEMBL220936,IC50,nM,9800.0,CHEMBL2425,IC50,uM,9.8,"TgDHFR-TS (T. gondii, apicomplexan)"
CHEMBL919380,COc1cc(C(O)C#Cc2c(C)nc(N)nc2N)cc(OC)c1OC,CHEMBL221172,IC50,nM,9100.0,CHEMBL2425,IC50,uM,9.1,"TgDHFR-TS (T. gondii, apicomplexan)"
CHEMBL919380,COc1cc(C(O)C#Cc2cnc(N)nc2N)cc(OC)c1OC,CHEMBL384443,IC50,nM,17900.0,CHEMBL2425,IC50,uM,17.9,"TgDHFR-TS (T. gondii, apicomplexan)"
CHEMBL919380,COc1cc(C(C)C#Cc2c(C)nc(N)nc2N)cc(OC)c1OC,CHEMBL222461,IC50,nM,120.0,CHEMBL2425,IC50,uM,0.12,"TgDHFR-TS (T. gondii, apicomplexan)"
CHEMBL919380,COc1cc(C(C)C#Cc2cnc(N)nc2N)cc(OC)c1OC,CHEMBL219889,IC50,nM,3100.0,CHEMBL2425,IC50,uM,3.1,"TgDHFR-TS (T. gondii, apicomplexan)"
CHEMBL919380,COc1cc(CC#Cc2c(C)nc(N)nc2N)cc(OC)c1OC,CHEMBL220159,IC50,nM,880.0,CHEMBL2425,IC50,uM,0.88,"TgDHFR-TS (T. gondii, apicomplexan)"
CHEMBL919380,COc1cc(CC#Cc2cnc(N)nc2N)cc(OC)c1OC,CHEMBL219624,IC50,nM,21700.0,CHEMBL2425,IC50,uM,21.7,"TgDHFR-TS (T. gondii, apicomplexan)"
CHEMBL919380,COc1cc(CCc2cnc(N)nc2N)cc(OC)c1OC,CHEMBL374256,IC50,nM,90200.0,CHEMBL2425,IC50,uM,90.2,"TgDHFR-TS (T. gondii, apicomplexan)"
CHEMBL919380,CN(Cc1cnc2nc(N)nc(N)c2n1)c1ccc(C(=O)N[C@@H](CCC(=O)O)C(=O)O)cc1,CHEMBL34259,IC50,nM,14000.0,CHEMBL2425,IC50,uM,14.0,"TgDHFR-TS (T. gondii, apicomplexan)"
CHEMBL914522,Cc1c(Sc2ccc(C(=O)N[C@@H](CCC(=O)O)C(=O)O)cc2)[nH]c2nc(N)nc(N)c12,CHEMBL389643,IC50,nM,170.0,CHEMBL2425,IC50,uM,0.17,"TgDHFR-TS (T. gondii, apicomplexan)"
CHEMBL914521,Cc1c(Sc2ccc(C(=O)N[C@@H](CCC(=O)O)C(=O)O)cc2)[nH]c2nc(N)nc(N)c12,CHEMBL389643,IC50,nM,1800.0,CHEMBL2425,IC50,uM,1.8,"TgDHFR-TS (T. gondii, apicomplexan)"
CHEMBL914522,Nc1nc2[nH]cc(CCc3ccc(C(=O)N[C@@H](CCC(=O)O)C(=O)O)cc3)c2c(=O)[nH]1,CHEMBL225072,IC50,nM,460.0,CHEMBL2425,IC50,uM,0.46,"TgDHFR-TS (T. gondii, apicomplexan)"
CHEMBL914522,Cc1nc(=O)c2cc(CN(C)c3ccc(C(=O)N[C@@H](CCC(=O)O)C(=O)O)s3)ccc2[nH]1,CHEMBL225071,IC50,nM,2300.0,CHEMBL2425,IC50,uM,2.3,"TgDHFR-TS (T. gondii, apicomplexan)"
CHEMBL914522,CN(Cc1cnc2nc(N)nc(N)c2n1)c1ccc(C(=O)N[C@@H](CCC(=O)O)C(=O)O)cc1,CHEMBL34259,IC50,nM,11.0,CHEMBL2425,IC50,uM,0.011,"TgDHFR-TS (T. gondii, apicomplexan)"
CHEMBL914522,C#CCN(Cc1ccc2[nH]c(N)nc(=O)c2c1)c1ccc(C(=O)NC(CCC(=O)O)C(=O)O)cc1,CHEMBL422395,IC50,nM,220.0,CHEMBL2425,IC50,uM,0.22,"TgDHFR-TS (T. gondii, apicomplexan)"
CHEMBL914522,Cc1c(Sc2ccc(C(=O)N[C@@H](CCC(=O)O)C(=O)O)cc2)[nH]c2nc(N)[nH]c(=O)c12,CHEMBL224974,IC50,nM,2200.0,CHEMBL2425,IC50,uM,2.2,"TgDHFR-TS (T. gondii, apicomplexan)"
CHEMBL914521,Nc1nc2[nH]cc(CCc3ccc(C(=O)N[C@@H](CCC(=O)O)C(=O)O)cc3)c2c(=O)[nH]1,CHEMBL225072,IC50,nM,2800.0,CHEMBL2425,IC50,uM,2.8,"TgDHFR-TS (T. gondii, apicomplexan)"
CHEMBL914521,Cc1nc(=O)c2cc(CN(C)c3ccc(C(=O)N[C@@H](CCC(=O)O)C(=O)O)s3)ccc2[nH]1,CHEMBL225071,IC50,nM,900.0,CHEMBL2425,IC50,uM,0.9,"TgDHFR-TS (T. gondii, apicomplexan)"
CHEMBL914521,CN(Cc1cnc2nc(N)nc(N)c2n1)c1ccc(C(=O)N[C@@H](CCC(=O)O)C(=O)O)cc1,CHEMBL34259,IC50,nM,18000.0,CHEMBL2425,IC50,uM,18.0,"TgDHFR-TS (T. gondii, apicomplexan)"
CHEMBL914521,C#CCN(Cc1ccc2[nH]c(N)nc(=O)c2c1)c1ccc(C(=O)NC(CCC(=O)O)C(=O)O)cc1,CHEMBL422395,IC50,nM,18.0,CHEMBL2425,IC50,uM,0.018,"TgDHFR-TS (T. gondii, apicomplexan)"
CHEMBL914521,Cc1c(Sc2ccc(C(=O)N[C@@H](CCC(=O)O)C(=O)O)cc2)[nH]c2nc(N)[nH]c(=O)c12,CHEMBL224974,IC50,nM,3600.0,CHEMBL2425,IC50,uM,3.6,"TgDHFR-TS (T. gondii, apicomplexan)"
CHEMBL889609,COc1ccc(Sc2[nH]c3nc(N)nc(N)c3c2C)cc1,CHEMBL123892,IC50,nM,2690000.0,CHEMBL2425,IC50,mM,2.69,"TgDHFR-TS (T. gondii, apicomplexan)"
CHEMBL889609,CCc1c(Sc2cccc3ccccc23)[nH]c2nc(N)nc(N)c12,CHEMBL226952,IC50,nM,3150000.0,CHEMBL2425,IC50,mM,3.15,"TgDHFR-TS (T. gondii, apicomplexan)"
CHEMBL889609,COc1cc(NCc2ccc3nc(N)nc(N)c3c2C)cc(OC)c1OC,CHEMBL119,IC50,nM,10000.0,CHEMBL2425,IC50,mM,0.01,"TgDHFR-TS (T. gondii, apicomplexan)"
CHEMBL889609,COc1ccc(OC)c(Sc2[nH]c3nc(N)nc(N)c3c2C)c1,CHEMBL331986,IC50,nM,170000.0,CHEMBL2425,IC50,mM,0.17,"TgDHFR-TS (T. gondii, apicomplexan)"
CHEMBL889609,Cc1c(Sc2ccc(Cl)c(Cl)c2)[nH]c2nc(N)nc(N)c12,CHEMBL442702,IC50,nM,20000000.0,CHEMBL2425,IC50,mM,20.0,"TgDHFR-TS (T. gondii, apicomplexan)"
CHEMBL889609,Cc1c(Sc2ccc(Cl)cc2)[nH]c2nc(N)nc(N)c12,CHEMBL420172,IC50,nM,8930000.0,CHEMBL2425,IC50,mM,8.93,"TgDHFR-TS (T. gondii, apicomplexan)"
CHEMBL889609,Cc1c(Sc2cccc(Cl)c2)[nH]c2nc(N)nc(N)c12,CHEMBL334198,IC50,nM,6940000.0,CHEMBL2425,IC50,mM,6.94,"TgDHFR-TS (T. gondii, apicomplexan)"
CHEMBL889609,Cc1c(Sc2ccc3ccccc3c2)[nH]c2nc(N)nc(N)c12,CHEMBL227065,IC50,nM,160000.0,CHEMBL2425,IC50,mM,0.16,"TgDHFR-TS (T. gondii, apicomplexan)"
CHEMBL889609,COc1cc(Cc2cnc(N)nc2N)cc(OC)c1OC,CHEMBL22,IC50,nM,2800000.0,CHEMBL2425,IC50,mM,2.8,"TgDHFR-TS (T. gondii, apicomplexan)"
CHEMBL889609,CCc1c(Sc2c(C)cccc2C)[nH]c2nc(N)nc(N)c12,CHEMBL227064,IC50,nM,7100000.0,CHEMBL2425,IC50,mM,7.1,"TgDHFR-TS (T. gondii, apicomplexan)"
CHEMBL889609,CCc1c(Sc2cccc3cccnc23)[nH]c2nc(N)nc(N)c12,CHEMBL227063,IC50,nM,160000.0,CHEMBL2425,IC50,mM,0.16,"TgDHFR-TS (T. gondii, apicomplexan)"
CHEMBL889609,CCc1c(Sc2ccccc2)[nH]c2nc(N)nc(N)c12,CHEMBL389686,IC50,nM,180000.0,CHEMBL2425,IC50,mM,0.18,"TgDHFR-TS (T. gondii, apicomplexan)"
CHEMBL889609,CCc1c(Sc2cccc(OC)c2)[nH]c2nc(N)nc(N)c12,CHEMBL227010,IC50,nM,1090000.0,CHEMBL2425,IC50,mM,1.09,"TgDHFR-TS (T. gondii, apicomplexan)"
CHEMBL889609,CCc1c(Sc2cc(OC)ccc2OC)[nH]c2nc(N)nc(N)c12,CHEMBL227009,IC50,nM,120000.0,CHEMBL2425,IC50,mM,0.12,"TgDHFR-TS (T. gondii, apicomplexan)"
CHEMBL889609,CCc1c(Sc2ccc(OC)cc2)[nH]c2nc(N)nc(N)c12,CHEMBL388121,IC50,nM,4620000.0,CHEMBL2425,IC50,mM,4.62,"TgDHFR-TS (T. gondii, apicomplexan)"
CHEMBL889609,CCc1c(Sc2c(Cl)cccc2Cl)[nH]c2nc(N)nc(N)c12,CHEMBL227008,IC50,nM,3800000.0,CHEMBL2425,IC50,mM,3.8,"TgDHFR-TS (T. gondii, apicomplexan)"
CHEMBL889609,CCc1c(Sc2ccc(Cl)cc2Cl)[nH]c2nc(N)nc(N)c12,CHEMBL388120,IC50,nM,220000.0,CHEMBL2425,IC50,mM,0.22,"TgDHFR-TS (T. gondii, apicomplexan)"
CHEMBL889609,CCc1c(Sc2ccc(Cl)c(Cl)c2)[nH]c2nc(C)nc(N)c12,CHEMBL227007,IC50,nM,27600000.0,CHEMBL2425,IC50,mM,27.6,"TgDHFR-TS (T. gondii, apicomplexan)"
CHEMBL889609,CCc1c(Sc2ccc(Cl)cc2)[nH]c2nc(N)nc(N)c12,CHEMBL226955,IC50,nM,1540000.0,CHEMBL2425,IC50,mM,1.54,"TgDHFR-TS (T. gondii, apicomplexan)"
CHEMBL889609,CCc1c(Sc2cccc(Cl)c2)[nH]c2nc(N)nc(N)c12,CHEMBL387901,IC50,nM,500000.0,CHEMBL2425,IC50,mM,0.5,"TgDHFR-TS (T. gondii, apicomplexan)"
CHEMBL889609,CCc1c(Sc2ccc(Br)cc2)[nH]c2nc(N)nc(N)c12,CHEMBL226954,IC50,nM,11600000.0,CHEMBL2425,IC50,mM,11.6,"TgDHFR-TS (T. gondii, apicomplexan)"
CHEMBL889609,CCc1c(Sc2ccc([N+](=O)[O-])cc2)[nH]c2nc(N)nc(N)c12,CHEMBL389887,IC50,nM,320000.0,CHEMBL2425,IC50,mM,0.32,"TgDHFR-TS (T. gondii, apicomplexan)"
CHEMBL889609,CCc1c(Sc2ccc3ccccc3c2)[nH]c2nc(N)nc(N)c12,CHEMBL226953,IC50,nM,5120000.0,CHEMBL2425,IC50,mM,5.12,"TgDHFR-TS (T. gondii, apicomplexan)"
CHEMBL888668,COc1cc(Cc2cnc(N)nc2N)cc(OC)c1OC,CHEMBL22,IC50,nM,2730.0,CHEMBL2425,IC50,uM,2.73,"TgDHFR-TS (T. gondii, apicomplexan)"
CHEMBL1027390,COc1ccc(OC)c(CNc2cnc3nc(N)nc(N)c3c2)c1,CHEMBL32708,IC50,nM,310.0,CHEMBL2425,IC50,nM,310.0,"TgDHFR-TS (T. gondii, apicomplexan)"
CHEMBL1027390,CCCCN(Cc1ccc2ccccc2c1)c1ccc2nc(N)nc(N)c2c1,CHEMBL455012,IC50,nM,25.0,CHEMBL2425,IC50,nM,25.0,"TgDHFR-TS (T. gondii, apicomplexan)"
CHEMBL1027390,CCCCN(Cc1cc(OC)ccc1OC)c1ccc2nc(N)nc(N)c2c1,CHEMBL523004,IC50,nM,7.3,CHEMBL2425,IC50,nM,7.3,"TgDHFR-TS (T. gondii, apicomplexan)"
CHEMBL1027390,CCCN(Cc1ccc2ccccc2c1)c1ccc2nc(N)nc(N)c2c1,CHEMBL492896,IC50,nM,19.0,CHEMBL2425,IC50,nM,19.0,"TgDHFR-TS (T. gondii, apicomplexan)"
CHEMBL1027390,CCCN(Cc1cc(OC)ccc1OC)c1ccc2nc(N)nc(N)c2c1,CHEMBL492895,IC50,nM,9.5,CHEMBL2425,IC50,nM,9.5,"TgDHFR-TS (T. gondii, apicomplexan)"
CHEMBL1027390,CCN(Cc1cc(Cl)cc(Cl)c1Cl)c1ccc2nc(N)nc(N)c2c1,CHEMBL522543,IC50,nM,19.0,CHEMBL2425,IC50,nM,19.0,"TgDHFR-TS (T. gondii, apicomplexan)"
CHEMBL1027390,CCN(Cc1cc(OC)ccc1OC)c1ccc2nc(N)nc(N)c2c1,CHEMBL521672,IC50,nM,3.7,CHEMBL2425,IC50,nM,3.7,"TgDHFR-TS (T. gondii, apicomplexan)"
CHEMBL1027390,CCN(Cc1ccc2ccccc2c1)c1ccc2nc(N)nc(N)c2c1,CHEMBL522678,IC50,nM,12.0,CHEMBL2425,IC50,nM,12.0,"TgDHFR-TS (T. gondii, apicomplexan)"
CHEMBL1027390,CCN(Cc1cccc2ccccc12)c1ccc2nc(N)nc(N)c2c1,CHEMBL493718,IC50,nM,7.8,CHEMBL2425,IC50,nM,7.8,"TgDHFR-TS (T. gondii, apicomplexan)"
CHEMBL1027390,CCN(Cc1ccccc1)c1ccc2nc(N)nc(N)c2c1,CHEMBL493717,IC50,nM,3.6,CHEMBL2425,IC50,nM,3.6,"TgDHFR-TS (T. gondii, apicomplexan)"
CHEMBL1027390,COc1ccc(OC)c(CN(C)c2ccc3nc(N)nc(N)c3c2)c1,CHEMBL325434,IC50,nM,30.0,CHEMBL2425,IC50,nM,30.0,"TgDHFR-TS (T. gondii, apicomplexan)"
CHEMBL1027390,COc1ccc(OC)c(CNc2ccc3nc(N)nc(N)c3c2)c1,CHEMBL116816,IC50,nM,160.0,CHEMBL2425,IC50,nM,160.0,"TgDHFR-TS (T. gondii, apicomplexan)"
CHEMBL1027390,COc1ccc(OC)c(CN(C)c2cnc3nc(N)nc(N)c3c2)c1,CHEMBL32113,IC50,nM,6.3,CHEMBL2425,IC50,nM,6.3,"TgDHFR-TS (T. gondii, apicomplexan)"
CHEMBL1027390,COc1cc(NCc2ccc3nc(N)nc(N)c3c2C)cc(OC)c1OC,CHEMBL119,IC50,nM,10.0,CHEMBL2425,IC50,nM,10.0,"TgDHFR-TS (T. gondii, apicomplexan)"
CHEMBL1027390,COc1cc(Cc2cnc(N)nc2N)cc(OC)c1OC,CHEMBL22,IC50,nM,2700.0,CHEMBL2425,IC50,nM,2700.0,"TgDHFR-TS (T. gondii, apicomplexan)"
CHEMBL1034982,C#CCN(Cc1ccc2[nH]c(N)nc(=O)c2c1)c1ccc(C(=O)NC(CCC(=O)O)C(=O)O)cc1,CHEMBL422395,IC50,nM,430.0,CHEMBL2425,IC50,uM,0.43,"TgDHFR-TS (T. gondii, apicomplexan)"
CHEMBL1034982,Nc1nc2[nH]cc(CCc3ccc(C(=O)N[C@@H](CCC(=O)O)C(=O)O)cc3)c2c(=O)[nH]1,CHEMBL225072,IC50,nM,2800.0,CHEMBL2425,IC50,uM,2.8,"TgDHFR-TS (T. gondii, apicomplexan)"
CHEMBL1034982,Cc1sc2nc(N)[nH]c(=O)c2c1Sc1ccc(F)cc1,CHEMBL449543,IC50,nM,4000.0,CHEMBL2425,IC50,uM,4.0,"TgDHFR-TS (T. gondii, apicomplexan)"
CHEMBL1034982,Cc1sc2nc(N)[nH]c(=O)c2c1Sc1ccncc1,CHEMBL495125,IC50,nM,1400.0,CHEMBL2425,IC50,uM,1.4,"TgDHFR-TS (T. gondii, apicomplexan)"
CHEMBL1034982,Cc1sc2nc(N)[nH]c(=O)c2c1Sc1ccc2ccccc2c1,CHEMBL495124,IC50,nM,1200.0,CHEMBL2425,IC50,uM,1.2,"TgDHFR-TS (T. gondii, apicomplexan)"
CHEMBL1034982,Cc1sc2nc(N)[nH]c(=O)c2c1Sc1cc(Cl)cc(Cl)c1,CHEMBL492839,IC50,nM,2300.0,CHEMBL2425,IC50,uM,2.3,"TgDHFR-TS (T. gondii, apicomplexan)"
CHEMBL1034982,Cc1sc2nc(N)[nH]c(=O)c2c1Sc1ccc(Cl)c(Cl)c1,CHEMBL492838,IC50,nM,1200.0,CHEMBL2425,IC50,uM,1.2,"TgDHFR-TS (T. gondii, apicomplexan)"
CHEMBL1034982,Cc1sc2nc(N)[nH]c(=O)c2c1Sc1ccc([N+](=O)[O-])cc1,CHEMBL492836,IC50,nM,1200.0,CHEMBL2425,IC50,uM,1.2,"TgDHFR-TS (T. gondii, apicomplexan)"
CHEMBL1034982,Cc1sc2nc(N)[nH]c(=O)c2c1Sc1ccc(Cl)cc1,CHEMBL522517,IC50,nM,2600.0,CHEMBL2425,IC50,uM,2.6,"TgDHFR-TS (T. gondii, apicomplexan)"
CHEMBL1034982,Cc1sc2nc(N)[nH]c(=O)c2c1Sc1ccccc1,CHEMBL494067,IC50,nM,8400.0,CHEMBL2425,IC50,uM,8.4,"TgDHFR-TS (T. gondii, apicomplexan)"
CHEMBL1034982,Cc1sc2nc(N)[nH]c(=O)c2c1Sc1ccc(C(=O)N(CCC(=O)O)C(=O)O)cc1,CHEMBL522363,IC50,nM,36.0,CHEMBL2425,IC50,uM,0.036,"TgDHFR-TS (T. gondii, apicomplexan)"
CHEMBL1034984,Cc1sc2nc(N)[nH]c(=O)c2c1Sc1ccc(C(=O)N(CCC(=O)O)C(=O)O)cc1,CHEMBL522363,IC50,nM,8.0,CHEMBL2425,IC50,uM,0.008,"TgDHFR-TS (T. gondii, apicomplexan)"
CHEMBL1034984,COc1cc(Cc2cnc(N)nc2N)cc(OC)c1OC,CHEMBL22,IC50,nM,6800.0,CHEMBL2425,IC50,uM,6.8,"TgDHFR-TS (T. gondii, apicomplexan)"
CHEMBL1034984,CN(Cc1cnc2nc(N)nc(N)c2n1)c1ccc(C(=O)N[C@@H](CCC(=O)O)C(=O)O)cc1,CHEMBL34259,IC50,nM,33.0,CHEMBL2425,IC50,uM,0.033,"TgDHFR-TS (T. gondii, apicomplexan)"
CHEMBL1034984,C#CCN(Cc1ccc2[nH]c(N)nc(=O)c2c1)c1ccc(C(=O)NC(CCC(=O)O)C(=O)O)cc1,CHEMBL422395,IC50,nM,220.0,CHEMBL2425,IC50,uM,0.22,"TgDHFR-TS (T. gondii, apicomplexan)"
CHEMBL1034984,Nc1nc2[nH]cc(CCc3ccc(C(=O)N[C@@H](CCC(=O)O)C(=O)O)cc3)c2c(=O)[nH]1,CHEMBL225072,IC50,nM,430.0,CHEMBL2425,IC50,uM,0.43,"TgDHFR-TS (T. gondii, apicomplexan)"
CHEMBL1034984,Cc1sc2nc(N)[nH]c(=O)c2c1Sc1ccc(F)cc1,CHEMBL449543,IC50,nM,48.0,CHEMBL2425,IC50,uM,0.048,"TgDHFR-TS (T. gondii, apicomplexan)"
CHEMBL1034984,Cc1sc2nc(N)[nH]c(=O)c2c1Sc1ccncc1,CHEMBL495125,IC50,nM,34.0,CHEMBL2425,IC50,uM,0.034,"TgDHFR-TS (T. gondii, apicomplexan)"
CHEMBL1034984,Cc1sc2nc(N)[nH]c(=O)c2c1Sc1ccc2ccccc2c1,CHEMBL495124,IC50,nM,44.0,CHEMBL2425,IC50,uM,0.044,"TgDHFR-TS (T. gondii, apicomplexan)"
CHEMBL1034984,Cc1sc2nc(N)[nH]c(=O)c2c1Sc1cc(Cl)cc(Cl)c1,CHEMBL492839,IC50,nM,64.0,CHEMBL2425,IC50,uM,0.064,"TgDHFR-TS (T. gondii, apicomplexan)"
CHEMBL1034984,Cc1sc2nc(N)[nH]c(=O)c2c1Sc1ccc(Cl)c(Cl)c1,CHEMBL492838,IC50,nM,28.0,CHEMBL2425,IC50,uM,0.028,"TgDHFR-TS (T. gondii, apicomplexan)"
CHEMBL1034984,COc1ccc(OC)c(Sc2c(C)[nH]c3nc(N)[nH]c(=O)c23)c1,CHEMBL492837,IC50,nM,56.0,CHEMBL2425,IC50,uM,0.056,"TgDHFR-TS (T. gondii, apicomplexan)"
CHEMBL1034984,Cc1sc2nc(N)[nH]c(=O)c2c1Sc1ccc([N+](=O)[O-])cc1,CHEMBL492836,IC50,nM,56.0,CHEMBL2425,IC50,uM,0.056,"TgDHFR-TS (T. gondii, apicomplexan)"
CHEMBL1034984,Cc1sc2nc(N)[nH]c(=O)c2c1Sc1ccc(Cl)cc1,CHEMBL522517,IC50,nM,31.0,CHEMBL2425,IC50,uM,0.031,"TgDHFR-TS (T. gondii, apicomplexan)"
CHEMBL1034984,Cc1sc2nc(N)[nH]c(=O)c2c1Sc1ccccc1,CHEMBL494067,IC50,nM,120.0,CHEMBL2425,IC50,uM,0.12,"TgDHFR-TS (T. gondii, apicomplexan)"
CHEMBL983765,COc1ccc(OC)c(Cc2sc3nc(N)nc(N)c3c2C)c1,CHEMBL104787,IC50,nM,70.0,CHEMBL2425,IC50,uM,0.07,"TgDHFR-TS (T. gondii, apicomplexan)"
CHEMBL983744,Nc1nc2[nH]cc(CCc3ccc(C(=O)N[C@@H](CCC(=O)O)C(=O)O)cc3)c2c(=O)[nH]1,CHEMBL225072,IC50,nM,2800.0,CHEMBL2425,IC50,uM,2.8,"TgDHFR-TS (T. gondii, apicomplexan)"
CHEMBL983744,CN(Cc1cnc2nc(N)nc(N)c2n1)c1ccc(C(=O)N[C@@H](CCC(=O)O)C(=O)O)cc1,CHEMBL34259,IC50,nM,18000.0,CHEMBL2425,IC50,uM,18.0,"TgDHFR-TS (T. gondii, apicomplexan)"
CHEMBL983765,COc1cc(Cc2cnc(N)nc2N)cc(OC)c1OC,CHEMBL22,IC50,nM,2900.0,CHEMBL2425,IC50,uM,2.9,"TgDHFR-TS (T. gondii, apicomplexan)"
CHEMBL983765,CCc1nc(N)nc(N)c1-c1ccc(Cl)cc1,CHEMBL36,IC50,nM,80.0,CHEMBL2425,IC50,uM,0.08,"TgDHFR-TS (T. gondii, apicomplexan)"
CHEMBL983765,Nc1nc2[nH]cc(CCc3ccc(C(=O)N[C@@H](CCC(=O)O)C(=O)O)cc3)c2c(=O)[nH]1,CHEMBL225072,IC50,nM,460.0,CHEMBL2425,IC50,uM,0.46,"TgDHFR-TS (T. gondii, apicomplexan)"
CHEMBL983765,CN(Cc1cnc2nc(N)nc(N)c2n1)c1ccc(C(=O)N[C@@H](CCC(=O)O)C(=O)O)cc1,CHEMBL34259,IC50,nM,11.0,CHEMBL2425,IC50,uM,0.011,"TgDHFR-TS (T. gondii, apicomplexan)"
CHEMBL983765,CC(C)c1c(Sc2ccc(Cl)c(Cl)c2)[nH]c2nc(N)nc(N)c12,CHEMBL477151,IC50,nM,1400.0,CHEMBL2425,IC50,uM,1.4,"TgDHFR-TS (T. gondii, apicomplexan)"
CHEMBL983765,CC(C)c1c(Sc2ccc3ccccc3c2)[nH]c2nc(N)nc(N)c12,CHEMBL477150,IC50,nM,1500.0,CHEMBL2425,IC50,uM,1.5,"TgDHFR-TS (T. gondii, apicomplexan)"
CHEMBL983765,CC(C)c1c(Sc2cccc3ccccc23)[nH]c2nc(N)nc(N)c12,CHEMBL476945,IC50,nM,120.0,CHEMBL2425,IC50,uM,0.12,"TgDHFR-TS (T. gondii, apicomplexan)"
CHEMBL983765,COc1ccc(Sc2[nH]c3nc(N)nc(N)c3c2C(C)C)cc1OC,CHEMBL477566,IC50,nM,2700.0,CHEMBL2425,IC50,uM,2.7,"TgDHFR-TS (T. gondii, apicomplexan)"
CHEMBL983765,COc1ccc(OC)c(Sc2[nH]c3nc(N)nc(N)c3c2C(C)C)c1,CHEMBL516128,IC50,nM,1400.0,CHEMBL2425,IC50,uM,1.4,"TgDHFR-TS (T. gondii, apicomplexan)"
CHEMBL983765,COc1ccc(Sc2[nH]c3nc(N)nc(N)c3c2C(C)C)cc1,CHEMBL478404,IC50,nM,600.0,CHEMBL2425,IC50,uM,0.6,"TgDHFR-TS (T. gondii, apicomplexan)"
CHEMBL983765,CC(C)c1c(Sc2ccccc2)[nH]c2nc(N)nc(N)c12,CHEMBL478403,IC50,nM,64.0,CHEMBL2425,IC50,uM,0.064,"TgDHFR-TS (T. gondii, apicomplexan)"
CHEMBL983765,Cc1cccc(C)c1Sc1[nH]c2nc(N)nc(N)c2c1C(C)C,CHEMBL478192,IC50,nM,300.0,CHEMBL2425,IC50,uM,0.3,"TgDHFR-TS (T. gondii, apicomplexan)"
CHEMBL983765,CC(C)c1c(Sc2c(Cl)cccc2Cl)[nH]c2nc(N)nc(N)c12,CHEMBL478191,IC50,nM,520.0,CHEMBL2425,IC50,uM,0.52,"TgDHFR-TS (T. gondii, apicomplexan)"
CHEMBL983765,CCCc1c(Sc2ccc3ccccc3c2)[nH]c2nc(N)nc(N)c12,CHEMBL478213,IC50,nM,150.0,CHEMBL2425,IC50,uM,0.15,"TgDHFR-TS (T. gondii, apicomplexan)"
CHEMBL983765,CCCc1c(Sc2cccc3ccccc23)[nH]c2nc(N)nc(N)c12,CHEMBL515312,IC50,nM,58.0,CHEMBL2425,IC50,uM,0.058,"TgDHFR-TS (T. gondii, apicomplexan)"
CHEMBL983765,CCCc1c(Sc2ccc(OC)c(OC)c2)[nH]c2nc(N)nc(N)c12,CHEMBL476745,IC50,nM,1000.0,CHEMBL2425,IC50,uM,1.0,"TgDHFR-TS (T. gondii, apicomplexan)"
CHEMBL983765,CCCc1c(Sc2cc(OC)ccc2OC)[nH]c2nc(N)nc(N)c12,CHEMBL476744,IC50,nM,1400.0,CHEMBL2425,IC50,uM,1.4,"TgDHFR-TS (T. gondii, apicomplexan)"
CHEMBL983765,CCCc1c(Sc2ccc(OC)cc2)[nH]c2nc(N)nc(N)c12,CHEMBL477790,IC50,nM,230.0,CHEMBL2425,IC50,uM,0.23,"TgDHFR-TS (T. gondii, apicomplexan)"
CHEMBL983765,CCCc1c(Sc2ccccc2)[nH]c2nc(N)nc(N)c12,CHEMBL516891,IC50,nM,120.0,CHEMBL2425,IC50,uM,0.12,"TgDHFR-TS (T. gondii, apicomplexan)"
CHEMBL1062968,CCc1sc2nc(N)[nH]c(=O)c2c1Sc1ccc(C(=O)N[C@@H](CCC(=O)O)C(=O)O)cc1,CHEMBL551049,IC50,nM,90.0,CHEMBL2425,IC50,uM,0.09,"TgDHFR-TS (T. gondii, apicomplexan)"
CHEMBL1062968,CCc1sc2nc(N)[nH]c(=O)c2c1Sc1ccccc1,CHEMBL550769,IC50,nM,8400.0,CHEMBL2425,IC50,uM,8.4,"TgDHFR-TS (T. gondii, apicomplexan)"
CHEMBL1062968,CCc1sc2nc(N)[nH]c(=O)c2c1Sc1ccc(Cl)cc1,CHEMBL564277,IC50,nM,2200.0,CHEMBL2425,IC50,uM,2.2,"TgDHFR-TS (T. gondii, apicomplexan)"
CHEMBL1062968,CCc1sc2nc(N)[nH]c(=O)c2c1Sc1ccc([N+](=O)[O-])cc1,CHEMBL564937,IC50,nM,1000.0,CHEMBL2425,IC50,uM,1.0,"TgDHFR-TS (T. gondii, apicomplexan)"
CHEMBL1062968,CCc1sc2nc(N)[nH]c(=O)c2c1Sc1ccc(Cl)c(Cl)c1,CHEMBL556091,IC50,nM,1000.0,CHEMBL2425,IC50,uM,1.0,"TgDHFR-TS (T. gondii, apicomplexan)"
CHEMBL1062968,CCc1sc2nc(N)[nH]c(=O)c2c1Sc1cc(Cl)cc(Cl)c1,CHEMBL560912,IC50,nM,1600.0,CHEMBL2425,IC50,uM,1.6,"TgDHFR-TS (T. gondii, apicomplexan)"
CHEMBL1062968,CCc1sc2nc(N)[nH]c(=O)c2c1Sc1ccc2ccccc2c1,CHEMBL550296,IC50,nM,1100.0,CHEMBL2425,IC50,uM,1.1,"TgDHFR-TS (T. gondii, apicomplexan)"
CHEMBL1062968,CCc1sc2nc(N)[nH]c(=O)c2c1Sc1ccncc1,CHEMBL550842,IC50,nM,1700.0,CHEMBL2425,IC50,uM,1.7,"TgDHFR-TS (T. gondii, apicomplexan)"
CHEMBL1062968,CCc1sc2nc(N)[nH]c(=O)c2c1Sc1ccc(F)cc1,CHEMBL538143,IC50,nM,2600.0,CHEMBL2425,IC50,uM,2.6,"TgDHFR-TS (T. gondii, apicomplexan)"
CHEMBL1062968,CCc1sc2nc(N)[nH]c(=O)c2c1Sc1ccc(Br)cc1,CHEMBL565179,IC50,nM,2200.0,CHEMBL2425,IC50,uM,2.2,"TgDHFR-TS (T. gondii, apicomplexan)"
CHEMBL1062968,CCc1sc2nc(N)[nH]c(=O)c2c1Sc1cccc(Cl)c1,CHEMBL551985,IC50,nM,1800.0,CHEMBL2425,IC50,uM,1.8,"TgDHFR-TS (T. gondii, apicomplexan)"
CHEMBL1062968,CCc1sc2nc(N)[nH]c(=O)c2c1Sc1cc(OC)cc(OC)c1,CHEMBL563212,IC50,nM,2300.0,CHEMBL2425,IC50,uM,2.3,"TgDHFR-TS (T. gondii, apicomplexan)"
CHEMBL1062968,CCc1sc2nc(N)[nH]c(=O)c2c1Sc1ccccc1Cl,CHEMBL551768,IC50,nM,2500.0,CHEMBL2425,IC50,uM,2.5,"TgDHFR-TS (T. gondii, apicomplexan)"
CHEMBL1062968,Nc1nc2[nH]cc(CCc3ccc(C(=O)N[C@@H](CCC(=O)O)C(=O)O)cc3)c2c(=O)[nH]1,CHEMBL225072,IC50,nM,2800.0,CHEMBL2425,IC50,uM,2.8,"TgDHFR-TS (T. gondii, apicomplexan)"
CHEMBL1062968,C#CCN(Cc1ccc2[nH]c(N)nc(=O)c2c1)c1ccc(C(=O)N[C@@H](CCC(=O)O)C(=O)O)cc1,CHEMBL389051,IC50,nM,430.0,CHEMBL2425,IC50,uM,0.43,"TgDHFR-TS (T. gondii, apicomplexan)"
CHEMBL1062971,CCc1sc2nc(N)[nH]c(=O)c2c1Sc1ccc(C(=O)N[C@@H](CCC(=O)O)C(=O)O)cc1,CHEMBL551049,IC50,nM,2.1,CHEMBL2425,IC50,uM,0.0021,"TgDHFR-TS (T. gondii, apicomplexan)"
CHEMBL1062971,CCc1sc2nc(N)[nH]c(=O)c2c1Sc1ccccc1,CHEMBL550769,IC50,nM,33.0,CHEMBL2425,IC50,uM,0.033,"TgDHFR-TS (T. gondii, apicomplexan)"
CHEMBL1062971,CCc1sc2nc(N)[nH]c(=O)c2c1Sc1ccc(Cl)cc1,CHEMBL564277,IC50,nM,9.0,CHEMBL2425,IC50,uM,0.009,"TgDHFR-TS (T. gondii, apicomplexan)"
CHEMBL1062971,CCc1sc2nc(N)[nH]c(=O)c2c1Sc1ccc([N+](=O)[O-])cc1,CHEMBL564937,IC50,nM,8.7,CHEMBL2425,IC50,uM,0.0087,"TgDHFR-TS (T. gondii, apicomplexan)"
CHEMBL1062971,CCc1sc2nc(N)[nH]c(=O)c2c1Sc1cc(OC)ccc1OC,CHEMBL564004,IC50,nM,14.0,CHEMBL2425,IC50,uM,0.014,"TgDHFR-TS (T. gondii, apicomplexan)"
CHEMBL1062971,CCc1sc2nc(N)[nH]c(=O)c2c1Sc1ccc(Cl)c(Cl)c1,CHEMBL556091,IC50,nM,8.1,CHEMBL2425,IC50,uM,0.0081,"TgDHFR-TS (T. gondii, apicomplexan)"
CHEMBL1062971,CCc1sc2nc(N)[nH]c(=O)c2c1Sc1cc(Cl)cc(Cl)c1,CHEMBL560912,IC50,nM,14.0,CHEMBL2425,IC50,uM,0.014,"TgDHFR-TS (T. gondii, apicomplexan)"
CHEMBL1062971,CCc1sc2nc(N)[nH]c(=O)c2c1Sc1ccc2ccccc2c1,CHEMBL550296,IC50,nM,8.4,CHEMBL2425,IC50,uM,0.0084,"TgDHFR-TS (T. gondii, apicomplexan)"
CHEMBL1062971,CCc1sc2nc(N)[nH]c(=O)c2c1Sc1ccncc1,CHEMBL550842,IC50,nM,17.0,CHEMBL2425,IC50,uM,0.017,"TgDHFR-TS (T. gondii, apicomplexan)"
CHEMBL1062971,CCc1sc2nc(N)[nH]c(=O)c2c1Sc1ccc(F)cc1,CHEMBL538143,IC50,nM,25.0,CHEMBL2425,IC50,uM,0.025,"TgDHFR-TS (T. gondii, apicomplexan)"
CHEMBL1062971,CCc1sc2nc(N)[nH]c(=O)c2c1Sc1ccc(Br)cc1,CHEMBL565179,IC50,nM,13.0,CHEMBL2425,IC50,uM,0.013,"TgDHFR-TS (T. gondii, apicomplexan)"
CHEMBL1062971,CCc1sc2nc(N)[nH]c(=O)c2c1Sc1cccc(Cl)c1,CHEMBL551985,IC50,nM,12.0,CHEMBL2425,IC50,uM,0.012,"TgDHFR-TS (T. gondii, apicomplexan)"
CHEMBL1062971,CCc1sc2nc(N)[nH]c(=O)c2c1Sc1cc(OC)cc(OC)c1,CHEMBL563212,IC50,nM,24.0,CHEMBL2425,IC50,uM,0.024,"TgDHFR-TS (T. gondii, apicomplexan)"
CHEMBL1062971,CCc1sc2nc(N)[nH]c(=O)c2c1Sc1ccccc1Cl,CHEMBL551768,IC50,nM,27.0,CHEMBL2425,IC50,uM,0.027,"TgDHFR-TS (T. gondii, apicomplexan)"
CHEMBL1062971,Nc1nc2[nH]cc(CCc3ccc(C(=O)N[C@@H](CCC(=O)O)C(=O)O)cc3)c2c(=O)[nH]1,CHEMBL225072,IC50,nM,430.0,CHEMBL2425,IC50,uM,0.43,"TgDHFR-TS (T. gondii, apicomplexan)"
CHEMBL1062971,C#CCN(Cc1ccc2[nH]c(N)nc(=O)c2c1)c1ccc(C(=O)N[C@@H](CCC(=O)O)C(=O)O)cc1,CHEMBL389051,IC50,nM,220.0,CHEMBL2425,IC50,uM,0.22,"TgDHFR-TS (T. gondii, apicomplexan)"
CHEMBL1062971,CN(Cc1cnc2nc(N)nc(N)c2n1)c1ccc(C(=O)N[C@@H](CCC(=O)O)C(=O)O)cc1,CHEMBL34259,IC50,nM,33.0,CHEMBL2425,IC50,uM,0.033,"TgDHFR-TS (T. gondii, apicomplexan)"
CHEMBL1062971,COc1cc(Cc2cnc(N)nc2N)cc(OC)c1OC,CHEMBL22,IC50,nM,6800.0,CHEMBL2425,IC50,uM,6.8,"TgDHFR-TS (T. gondii, apicomplexan)"
CHEMBL1038908,COc1ccccc1/C(C)=C\c1coc2nc(N)nc(N)c12,CHEMBL606039,IC50,nM,3940.0,CHEMBL2425,IC50,uM,3.94,"TgDHFR-TS (T. gondii, apicomplexan)"
CHEMBL1038908,COc1ccccc1/C(C)=C/c1coc2nc(N)nc(N)c12,CHEMBL610181,IC50,nM,4000.0,CHEMBL2425,IC50,uM,4.0,"TgDHFR-TS (T. gondii, apicomplexan)"
CHEMBL1038908,COc1ccccc1C(Cc1coc2nc(N)nc(N)c12)C1CC1,CHEMBL603198,IC50,nM,4440.0,CHEMBL2425,IC50,uM,4.44,"TgDHFR-TS (T. gondii, apicomplexan)"
CHEMBL1038908,COc1ccccc1C(=Cc1coc2nc(=N)[nH]c(N)c12)C1CC1,CHEMBL594320,IC50,nM,4600.0,CHEMBL2425,IC50,uM,4.6,"TgDHFR-TS (T. gondii, apicomplexan)"
CHEMBL1038908,CCC(C)C(=Cc1coc2nc(=N)[nH]c(N)c12)c1ccccc1OC,CHEMBL603849,IC50,nM,5700.0,CHEMBL2425,IC50,uM,5.7,"TgDHFR-TS (T. gondii, apicomplexan)"
CHEMBL1038908,COc1ccccc1C(Cc1coc2nc(N)nc(N)c12)C(C)C,CHEMBL595757,IC50,nM,7000.0,CHEMBL2425,IC50,uM,7.0,"TgDHFR-TS (T. gondii, apicomplexan)"
CHEMBL1038908,COc1ccccc1C(=Cc1coc2nc(=N)[nH]c(N)c12)C(C)C,CHEMBL594810,IC50,nM,7500.0,CHEMBL2425,IC50,uM,7.5,"TgDHFR-TS (T. gondii, apicomplexan)"
CHEMBL1038908,CCCC(=Cc1coc2nc(=N)[nH]c(N)c12)c1ccccc1OC,CHEMBL595497,IC50,nM,11800.0,CHEMBL2425,IC50,uM,11.8,"TgDHFR-TS (T. gondii, apicomplexan)"
CHEMBL1038908,CCC(C)C(Cc1coc2nc(N)nc(N)c12)c1ccccc1OC,CHEMBL594339,IC50,nM,15400.0,CHEMBL2425,IC50,uM,15.4,"TgDHFR-TS (T. gondii, apicomplexan)"
CHEMBL1038908,CCCCC(Cc1coc2nc(N)nc(N)c12)c1ccccc1OC,CHEMBL594790,IC50,nM,19600.0,CHEMBL2425,IC50,uM,19.6,"TgDHFR-TS (T. gondii, apicomplexan)"
CHEMBL1038908,COc1ccccc1C(Cc1coc2nc(N)nc(N)c12)CC(C)C,CHEMBL606362,IC50,nM,22200.0,CHEMBL2425,IC50,uM,22.2,"TgDHFR-TS (T. gondii, apicomplexan)"
CHEMBL1038908,COc1ccccc1C(=Cc1coc2nc(=N)[nH]c(N)c12)CC(C)C,CHEMBL593154,IC50,nM,24900.0,CHEMBL2425,IC50,uM,24.9,"TgDHFR-TS (T. gondii, apicomplexan)"
CHEMBL1038908,CCCC(Cc1coc2nc(N)nc(N)c12)c1ccccc1OC,CHEMBL605413,IC50,nM,30000.0,CHEMBL2425,IC50,uM,30.0,"TgDHFR-TS (T. gondii, apicomplexan)"
CHEMBL1038908,CCCCC(=Cc1coc2nc(=N)[nH]c(N)c12)c1ccccc1OC,CHEMBL604879,IC50,nM,30300.0,CHEMBL2425,IC50,uM,30.3,"TgDHFR-TS (T. gondii, apicomplexan)"
CHEMBL1071426,Cc1cccc(C)c1Sc1[nH]c2nc(N)nc(N)c2c1C,CHEMBL596741,IC50,nM,5.11,CHEMBL2425,IC50,uM,0.00511,"TgDHFR-TS (T. gondii, apicomplexan)"
CHEMBL1071424,Cc1c(Sc2cccc3c2CCCC3)[nH]c2nc(N)nc(N)c12,CHEMBL609914,IC50,nM,160.0,CHEMBL2425,IC50,uM,0.16,"TgDHFR-TS (T. gondii, apicomplexan)"
CHEMBL1071424,COc1ccc(OC)c(Sc2[nH]c3nc(N)nc(N)c3c2C)c1,CHEMBL331986,IC50,nM,170.0,CHEMBL2425,IC50,uM,0.17,"TgDHFR-TS (T. gondii, apicomplexan)"
CHEMBL1071426,Cc1c(Sc2cc(Cl)c(Cl)cc2Cl)[nH]c2nc(N)nc(N)c12,CHEMBL597770,IC50,nM,212.0,CHEMBL2425,IC50,uM,0.212,"TgDHFR-TS (T. gondii, apicomplexan)"
CHEMBL1071424,Nc1nc(N)c2nc(Cc3ccccc3)[nH]c2n1,CHEMBL102303,IC50,nM,500.0,CHEMBL2425,IC50,uM,0.5,"TgDHFR-TS (T. gondii, apicomplexan)"
CHEMBL1071426,Cc1cc(C)cc(Sc2[nH]c3nc(N)nc(N)c3c2C)c1,CHEMBL596742,IC50,nM,572.0,CHEMBL2425,IC50,uM,0.572,"TgDHFR-TS (T. gondii, apicomplexan)"
CHEMBL1071426,COc1cc(Sc2[nH]c3nc(N)nc(N)c3c2C)cc(OC)c1OC,CHEMBL597771,IC50,nM,686.0,CHEMBL2425,IC50,uM,0.686,"TgDHFR-TS (T. gondii, apicomplexan)"
CHEMBL1071424,Nc1nc(N)c2c(CSc3cccc4c3CCCC4)c[nH]c2n1,CHEMBL602913,IC50,nM,810.0,CHEMBL2425,IC50,uM,0.81,"TgDHFR-TS (T. gondii, apicomplexan)"
CHEMBL1071424,COc1cc(OC)c(-c2nc3c(N)nc(N)nc3[nH]2)c(OC)c1,CHEMBL103474,IC50,nM,840.0,CHEMBL2425,IC50,uM,0.84,"TgDHFR-TS (T. gondii, apicomplexan)"
CHEMBL1071424,CN(Cc1c[nH]c2nc(N)nc(N)c12)c1cccc2c1CCCC2,CHEMBL589525,IC50,nM,870.0,CHEMBL2425,IC50,uM,0.87,"TgDHFR-TS (T. gondii, apicomplexan)"
CHEMBL1071424,CN(Cc1c[nH]c2nc(N)nc(N)c12)c1ccc(Cl)c(Cl)c1,CHEMBL278013,IC50,nM,1000.0,CHEMBL2425,IC50,uM,1.0,"TgDHFR-TS (T. gondii, apicomplexan)"
CHEMBL1071424,COc1cc(-c2nc3c(N)nc(N)nc3[nH]2)cc(OC)c1O,CHEMBL105020,IC50,nM,1000.0,CHEMBL2425,IC50,uM,1.0,"TgDHFR-TS (T. gondii, apicomplexan)"
CHEMBL1071424,Nc1nc(N)c2c(CCCc3ccc4c(c3)CCCC4)c[nH]c2n1,CHEMBL597962,IC50,nM,1010.0,CHEMBL2425,IC50,uM,1.01,"TgDHFR-TS (T. gondii, apicomplexan)"
CHEMBL1071424,COc1ccccc1Sc1[nH]c2nc(N)nc(N)c2c1C,CHEMBL331314,IC50,nM,1020.0,CHEMBL2425,IC50,uM,1.02,"TgDHFR-TS (T. gondii, apicomplexan)"
CHEMBL1071424,COc1cc(CCCc2c[nH]c3nc(N)nc(N)c23)cc(OC)c1OC,CHEMBL597583,IC50,nM,1030.0,CHEMBL2425,IC50,uM,1.03,"TgDHFR-TS (T. gondii, apicomplexan)"
CHEMBL1071424,Nc1nc(N)c2c(CNc3cccc4c3CCCC4)c[nH]c2n1,CHEMBL48648,IC50,nM,1100.0,CHEMBL2425,IC50,uM,1.1,"TgDHFR-TS (T. gondii, apicomplexan)"
CHEMBL1071424,Nc1nc(N)c2c(CCCc3cc(Cl)ccc3Cl)c[nH]c2n1,CHEMBL597383,IC50,nM,1240.0,CHEMBL2425,IC50,uM,1.24,"TgDHFR-TS (T. gondii, apicomplexan)"
CHEMBL1071424,Nc1nc(N)c2c(CCCc3cccc4c3CCCC4)c[nH]c2n1,CHEMBL591930,IC50,nM,1300.0,CHEMBL2425,IC50,uM,1.3,"TgDHFR-TS (T. gondii, apicomplexan)"
CHEMBL1071424,Nc1nc(N)c2c(CNc3ccc(Cl)c(Cl)c3)c[nH]c2n1,CHEMBL17873,IC50,nM,1400.0,CHEMBL2425,IC50,uM,1.4,"TgDHFR-TS (T. gondii, apicomplexan)"
CHEMBL1071424,COc1cc(OC)c(-c2nc3c(N)nc(N)nc3[nH]2)cc1OC,CHEMBL105523,IC50,nM,1500.0,CHEMBL2425,IC50,uM,1.5,"TgDHFR-TS (T. gondii, apicomplexan)"
CHEMBL1071424,Nc1nc(N)c2c(CCCc3ccc(OCc4ccccc4)cc3)c[nH]c2n1,CHEMBL597961,IC50,nM,1600.0,CHEMBL2425,IC50,uM,1.6,"TgDHFR-TS (T. gondii, apicomplexan)"
CHEMBL1071426,Cc1c(Sc2ccc3ccccc3c2)[nH]c2nc(N)nc(N)c12,CHEMBL227065,IC50,nM,1600.0,CHEMBL2425,IC50,uM,1.6,"TgDHFR-TS (T. gondii, apicomplexan)"
CHEMBL1071424,COc1ccc(OC)c(NCc2c[nH]c3nc(N)nc(N)c23)c1,CHEMBL17323,IC50,nM,1700.0,CHEMBL2425,IC50,uM,1.7,"TgDHFR-TS (T. gondii, apicomplexan)"
CHEMBL1071424,COc1ccc(OC)c(-c2nc3c(N)nc(N)nc3[nH]2)c1,CHEMBL106070,IC50,nM,1700.0,CHEMBL2425,IC50,uM,1.7,"TgDHFR-TS (T. gondii, apicomplexan)"
CHEMBL1071424,COc1ccc(-c2nc3c(N)nc(N)nc3[nH]2)c(OC)c1OC,CHEMBL105759,IC50,nM,1800.0,CHEMBL2425,IC50,uM,1.8,"TgDHFR-TS (T. gondii, apicomplexan)"
CHEMBL1071424,COc1cc(-c2nc3c(N)nc(N)nc3[nH]2)cc(OC)c1OC,CHEMBL431257,IC50,nM,2200.0,CHEMBL2425,IC50,uM,2.2,"TgDHFR-TS (T. gondii, apicomplexan)"
CHEMBL1071424,COc1ccc(-c2nc3c(N)nc(N)nc3[nH]2)c(OC)c1,CHEMBL421594,IC50,nM,2400.0,CHEMBL2425,IC50,uM,2.4,"TgDHFR-TS (T. gondii, apicomplexan)"
CHEMBL1071424,COc1ccc(SCc2c[nH]c3nc(N)nc(N)c23)cc1OC,CHEMBL17431,IC50,nM,2600.0,CHEMBL2425,IC50,uM,2.6,"TgDHFR-TS (T. gondii, apicomplexan)"
CHEMBL1071424,COc1ccc(Sc2[nH]c3nc(N)nc(N)c3c2C)cc1,CHEMBL123892,IC50,nM,2690.0,CHEMBL2425,IC50,uM,2.69,"TgDHFR-TS (T. gondii, apicomplexan)"
CHEMBL1071424,Nc1nc(N)c2c(CCCc3ccccc3)c[nH]c2n1,CHEMBL607583,IC50,nM,2700.0,CHEMBL2425,IC50,uM,2.7,"TgDHFR-TS (T. gondii, apicomplexan)"
CHEMBL1071424,COc1cc(OC)cc(-c2nc3c(N)nc(N)nc3[nH]2)c1,CHEMBL105323,IC50,nM,3000.0,CHEMBL2425,IC50,uM,3.0,"TgDHFR-TS (T. gondii, apicomplexan)"
CHEMBL1071424,COc1ccc(OC)c(N(C)Cc2c[nH]c3nc(N)nc(N)c23)c1,CHEMBL17453,IC50,nM,3400.0,CHEMBL2425,IC50,uM,3.4,"TgDHFR-TS (T. gondii, apicomplexan)"
CHEMBL1071424,Nc1nc(N)c2c(CNc3ccccc3)c[nH]c2n1,CHEMBL432136,IC50,nM,3900.0,CHEMBL2425,IC50,uM,3.9,"TgDHFR-TS (T. gondii, apicomplexan)"
CHEMBL1071424,COc1ccc(OC)c(CCCc2c[nH]c3nc(N)nc(N)c23)c1,CHEMBL608428,IC50,nM,4050.0,CHEMBL2425,IC50,uM,4.05,"TgDHFR-TS (T. gondii, apicomplexan)"
CHEMBL1071424,COc1ccc(NCc2c[nH]c3nc(N)nc(N)c23)cc1OC,CHEMBL68439,IC50,nM,4300.0,CHEMBL2425,IC50,uM,4.3,"TgDHFR-TS (T. gondii, apicomplexan)"
CHEMBL1071424,CCn1c2ccccc2c2cc(NCc3coc4nc(N)nc(N)c34)ccc21,CHEMBL601520,IC50,nM,4500.0,CHEMBL2425,IC50,uM,4.5,"TgDHFR-TS (T. gondii, apicomplexan)"
CHEMBL1071424,COc1cccc(Sc2[nH]c3nc(N)nc(N)c3c2C)c1,CHEMBL123984,IC50,nM,4760.0,CHEMBL2425,IC50,uM,4.76,"TgDHFR-TS (T. gondii, apicomplexan)"
CHEMBL1071424,CCOc1ccc(OCC)c(NCc2c[nH]c3nc(N)nc(N)c23)c1,CHEMBL69363,IC50,nM,5300.0,CHEMBL2425,IC50,uM,5.3,"TgDHFR-TS (T. gondii, apicomplexan)"
CHEMBL1071424,COc1ccc(NCc2c[nH]c3nc(N)nc(N)c23)cc1,CHEMBL68673,IC50,nM,6000.0,CHEMBL2425,IC50,uM,6.0,"TgDHFR-TS (T. gondii, apicomplexan)"
CHEMBL1071424,Nc1nc(N)c2nc(-c3ccc(Cl)c(Cl)c3)[nH]c2n1,CHEMBL312688,IC50,nM,6700.0,CHEMBL2425,IC50,uM,6.7,"TgDHFR-TS (T. gondii, apicomplexan)"
CHEMBL1071424,Cc1c(Sc2cccc(Cl)c2)[nH]c2nc(N)nc(N)c12,CHEMBL334198,IC50,nM,6940.0,CHEMBL2425,IC50,uM,6.94,"TgDHFR-TS (T. gondii, apicomplexan)"
CHEMBL1071424,COc1cc(NCc2c[nH]c3nc(N)nc(N)c23)cc(OC)c1OC,CHEMBL69681,IC50,nM,8100.0,CHEMBL2425,IC50,uM,8.1,"TgDHFR-TS (T. gondii, apicomplexan)"
CHEMBL1071424,Cc1c(Sc2ccc(Cl)cc2)[nH]c2nc(N)nc(N)c12,CHEMBL420172,IC50,nM,8930.0,CHEMBL2425,IC50,uM,8.93,"TgDHFR-TS (T. gondii, apicomplexan)"
CHEMBL1071424,Nc1nc(N)c2c(CSc3ccc4c(c3)CCCC4)c[nH]c2n1,CHEMBL598190,IC50,nM,9200.0,CHEMBL2425,IC50,uM,9.2,"TgDHFR-TS (T. gondii, apicomplexan)"
CHEMBL1071424,Nc1nc(N)c2c(CSc3ccc(Cl)c(Cl)c3)c[nH]c2n1,CHEMBL17430,IC50,nM,11600.0,CHEMBL2425,IC50,uM,11.6,"TgDHFR-TS (T. gondii, apicomplexan)"
CHEMBL1071424,Nc1nc(N)c2c(CSc3ccc4ccccc4c3)coc2n1,CHEMBL283311,IC50,nM,11600.0,CHEMBL2425,IC50,uM,11.6,"TgDHFR-TS (T. gondii, apicomplexan)"
CHEMBL1071424,COc1ccc(-c2nc3c(N)nc(N)nc3[nH]2)cc1OC,CHEMBL102518,IC50,nM,14200.0,CHEMBL2425,IC50,uM,14.2,"TgDHFR-TS (T. gondii, apicomplexan)"
CHEMBL1071424,Nc1nc(N)c2c(CNc3cccc4cc5ccccc5cc34)coc2n1,CHEMBL598604,IC50,nM,15400.0,CHEMBL2425,IC50,uM,15.4,"TgDHFR-TS (T. gondii, apicomplexan)"
CHEMBL1071424,COc1ccc(-c2nc3c(N)nc(N)nc3[nH]2)c([N+](=O)[O-])c1OC,CHEMBL590502,IC50,nM,16800.0,CHEMBL2425,IC50,uM,16.8,"TgDHFR-TS (T. gondii, apicomplexan)"
CHEMBL1071424,Cc1[nH]c2nc(N)nc(N)c2c1Sc1cccc2c1CCCC2,CHEMBL600412,IC50,nM,18800.0,CHEMBL2425,IC50,uM,18.8,"TgDHFR-TS (T. gondii, apicomplexan)"
CHEMBL1071424,Nc1nc(N)c2c(CSc3cccc4ccccc34)coc2n1,CHEMBL283515,IC50,nM,19000.0,CHEMBL2425,IC50,uM,19.0,"TgDHFR-TS (T. gondii, apicomplexan)"
CHEMBL1071424,Nc1nc(N)c2c(CSc3cccc(Oc4ccccc4)c3)coc2n1,CHEMBL591935,IC50,nM,19000.0,CHEMBL2425,IC50,uM,19.0,"TgDHFR-TS (T. gondii, apicomplexan)"
CHEMBL1071424,Cc1c(Sc2ccc(Cl)cc2Cl)[nH]c2nc(N)nc(N)c12,CHEMBL331456,IC50,nM,20000.0,CHEMBL2425,IC50,uM,20.0,"TgDHFR-TS (T. gondii, apicomplexan)"
CHEMBL1071424,CN(Cc1coc2nc(N)nc(N)c12)c1cc(Cl)c(Cl)c(Cl)c1,CHEMBL278110,IC50,nM,21500.0,CHEMBL2425,IC50,uM,21.5,"TgDHFR-TS (T. gondii, apicomplexan)"
CHEMBL1071424,CCn1c2ccccc2c2cc(N(C)Cc3coc4nc(N)nc(N)c34)ccc21,CHEMBL604709,IC50,nM,22600.0,CHEMBL2425,IC50,uM,22.6,"TgDHFR-TS (T. gondii, apicomplexan)"
CHEMBL1071424,Nc1nc(N)c2c(CSc3cccc(-c4ccccc4)c3)coc2n1,CHEMBL604090,IC50,nM,23000.0,CHEMBL2425,IC50,uM,23.0,"TgDHFR-TS (T. gondii, apicomplexan)"
CHEMBL1071424,CN(Cc1coc2nc(N)nc(N)c12)c1ccc2ccccc2c1,CHEMBL22561,IC50,nM,23600.0,CHEMBL2425,IC50,uM,23.6,"TgDHFR-TS (T. gondii, apicomplexan)"
CHEMBL1071424,Nc1nc(N)c2nc(-c3ccc4ccccc4c3)[nH]c2n1,CHEMBL105906,IC50,nM,27000.0,CHEMBL2425,IC50,uM,27.0,"TgDHFR-TS (T. gondii, apicomplexan)"
CHEMBL1071424,Nc1nc(N)c2c(CNc3ccc4c(c3)Cc3ccccc3-4)coc2n1,CHEMBL598605,IC50,nM,27700.0,CHEMBL2425,IC50,uM,27.7,"TgDHFR-TS (T. gondii, apicomplexan)"
CHEMBL1071424,Nc1nc(N)c2[nH]c(-c3ccccc3)nc2n1,CHEMBL66077,IC50,nM,28000.0,CHEMBL2425,IC50,uM,28.0,"TgDHFR-TS (T. gondii, apicomplexan)"
CHEMBL1071424,Cc1[nH]c2nc(N)nc(N)c2c1Sc1ccc(Cl)cc1Cl,CHEMBL610498,IC50,nM,28200.0,CHEMBL2425,IC50,uM,28.2,"TgDHFR-TS (T. gondii, apicomplexan)"
CHEMBL1071424,Nc1nc(N)c2nc(C3c4ccccc4-c4ccccc43)[nH]c2n1,CHEMBL103108,IC50,nM,30500.0,CHEMBL2425,IC50,uM,30.5,"TgDHFR-TS (T. gondii, apicomplexan)"
CHEMBL1071424,Cc1[nH]c2nc(N)nc(N)c2c1Sc1ccc2c(c1)CCCC2,CHEMBL605782,IC50,nM,31000.0,CHEMBL2425,IC50,uM,31.0,"TgDHFR-TS (T. gondii, apicomplexan)"
CHEMBL1071424,Cc1[nH]c2nc(N)nc(N)c2c1Sc1ccc(Cl)cc1,CHEMBL600413,IC50,nM,31800.0,CHEMBL2425,IC50,uM,31.8,"TgDHFR-TS (T. gondii, apicomplexan)"
CHEMBL1071424,Nc1nc(N)c2c(CNc3ccc(Oc4ccccc4)cc3)coc2n1,CHEMBL23297,IC50,nM,32400.0,CHEMBL2425,IC50,uM,32.4,"TgDHFR-TS (T. gondii, apicomplexan)"
CHEMBL1071424,Nc1nc(N)c2nc(-c3ccc(-c4ccccc4)cc3)[nH]c2n1,CHEMBL103203,IC50,nM,32900.0,CHEMBL2425,IC50,uM,32.9,"TgDHFR-TS (T. gondii, apicomplexan)"
CHEMBL1071424,Nc1nc(N)c2c(CNc3cccc4ccccc34)coc2n1,CHEMBL23846,IC50,nM,37000.0,CHEMBL2425,IC50,uM,37.0,"TgDHFR-TS (T. gondii, apicomplexan)"
CHEMBL1071424,Nc1nc(N)c2c(CNc3ccc4ccccc4c3)coc2n1,CHEMBL279914,IC50,nM,38000.0,CHEMBL2425,IC50,uM,38.0,"TgDHFR-TS (T. gondii, apicomplexan)"
CHEMBL1071424,Nc1nc(N)c2c(CSc3ccccc3Oc3ccccc3)coc2n1,CHEMBL597347,IC50,nM,38000.0,CHEMBL2425,IC50,uM,38.0,"TgDHFR-TS (T. gondii, apicomplexan)"
CHEMBL1071424,Nc1nc(N)c2nc(CSc3ccc4ccccc4c3)[nH]c2n1,CHEMBL101908,IC50,nM,45000.0,CHEMBL2425,IC50,uM,45.0,"TgDHFR-TS (T. gondii, apicomplexan)"
CHEMBL1071424,Nc1nc(N)c2c(CNc3ccccc3-c3ccccc3)coc2n1,CHEMBL23960,IC50,nM,45400.0,CHEMBL2425,IC50,uM,45.4,"TgDHFR-TS (T. gondii, apicomplexan)"
CHEMBL1071424,COc1ccc(OC)c(NCc2nc3c(N)nc(N)nc3[nH]2)c1,CHEMBL102432,IC50,nM,49000.0,CHEMBL2425,IC50,uM,49.0,"TgDHFR-TS (T. gondii, apicomplexan)"
CHEMBL1071424,Nc1nc(N)c2c(CNc3ccc4c(c3)C(O)c3ccccc3-4)coc2n1,CHEMBL597784,IC50,nM,63000.0,CHEMBL2425,IC50,uM,63.0,"TgDHFR-TS (T. gondii, apicomplexan)"
CHEMBL1071424,Cc1[nH]c2nc(N)nc(N)c2c1Sc1cccc(Cl)c1,CHEMBL608865,IC50,nM,76800.0,CHEMBL2425,IC50,uM,76.8,"TgDHFR-TS (T. gondii, apicomplexan)"
CHEMBL1071424,Nc1nc(N)c2c(CSc3ccc(-c4ccccc4)cc3)coc2n1,CHEMBL597346,IC50,nM,79000.0,CHEMBL2425,IC50,uM,79.0,"TgDHFR-TS (T. gondii, apicomplexan)"
CHEMBL1071424,Cc1[nH]c2nc(N)nc(N)c2c1Sc1ccccc1,CHEMBL608143,IC50,nM,81000.0,CHEMBL2425,IC50,uM,81.0,"TgDHFR-TS (T. gondii, apicomplexan)"
CHEMBL1071424,COc1ccc(OC)c(Sc2c(C)[nH]c3nc(N)nc(N)c23)c1,CHEMBL597382,IC50,nM,87000.0,CHEMBL2425,IC50,uM,87.0,"TgDHFR-TS (T. gondii, apicomplexan)"
CHEMBL1071424,Nc1nc(N)c2c(CNc3ccc(Cl)c(Cl)c3)coc2n1,CHEMBL274278,IC50,nM,89300.0,CHEMBL2425,IC50,uM,89.3,"TgDHFR-TS (T. gondii, apicomplexan)"
CHEMBL1071424,Nc1nc(N)c2c(CSc3ccccc3-c3ccccc3)coc2n1,CHEMBL596970,IC50,nM,105000.0,CHEMBL2425,IC50,uM,105.0,"TgDHFR-TS (T. gondii, apicomplexan)"
CHEMBL1071424,Nc1nc(N)c2c(CSc3ccc(Oc4ccccc4)cc3)coc2n1,CHEMBL605980,IC50,nM,259000.0,CHEMBL2425,IC50,uM,259.0,"TgDHFR-TS (T. gondii, apicomplexan)"
CHEMBL1071424,COc1cc2oc3ccccc3c2cc1N(C)Cc1coc2nc(N)nc(N)c12,CHEMBL596969,IC50,nM,392000.0,CHEMBL2425,IC50,uM,392.0,"TgDHFR-TS (T. gondii, apicomplexan)"
CHEMBL1071424,Nc1nc(N)c2c(CNc3ccc(Cl)c(Cl)c3)coc2n1,CHEMBL274278,IC50,nM,89125.09,CHEMBL2425,pIC50,,4.05,"TgDHFR-TS (T. gondii, apicomplexan)"
CHEMBL1071424,COc1cc(NCc2c[nH]c3nc(N)nc(N)c23)cc(OC)c1OC,CHEMBL69681,IC50,nM,8128.31,CHEMBL2425,pIC50,,5.09,"TgDHFR-TS (T. gondii, apicomplexan)"
CHEMBL1071424,COc1ccc(NCc2c[nH]c3nc(N)nc(N)c23)cc1OC,CHEMBL68439,IC50,nM,4265.8,CHEMBL2425,pIC50,,5.37,"TgDHFR-TS (T. gondii, apicomplexan)"
CHEMBL1071424,COc1ccc(NCc2c[nH]c3nc(N)nc(N)c23)cc1,CHEMBL68673,IC50,nM,6025.6,CHEMBL2425,pIC50,,5.22,"TgDHFR-TS (T. gondii, apicomplexan)"
CHEMBL1071424,COc1ccc(OC)c(NCc2c[nH]c3nc(N)nc(N)c23)c1,CHEMBL17323,IC50,nM,1698.24,CHEMBL2425,pIC50,,5.77,"TgDHFR-TS (T. gondii, apicomplexan)"
CHEMBL1071424,CCOc1ccc(OCC)c(NCc2c[nH]c3nc(N)nc(N)c23)c1,CHEMBL69363,IC50,nM,5248.07,CHEMBL2425,pIC50,,5.28,"TgDHFR-TS (T. gondii, apicomplexan)"
CHEMBL1071424,Nc1nc(N)c2c(CNc3ccc(Cl)c(Cl)c3)c[nH]c2n1,CHEMBL17873,IC50,nM,1412.54,CHEMBL2425,pIC50,,5.85,"TgDHFR-TS (T. gondii, apicomplexan)"
CHEMBL1071424,Nc1nc(N)c2c(CNc3cccc4c3CCCC4)c[nH]c2n1,CHEMBL48648,IC50,nM,1096.48,CHEMBL2425,pIC50,,5.96,"TgDHFR-TS (T. gondii, apicomplexan)"
CHEMBL1071424,Nc1nc(N)c2c(CNc3ccccc3)c[nH]c2n1,CHEMBL432136,IC50,nM,3890.45,CHEMBL2425,pIC50,,5.41,"TgDHFR-TS (T. gondii, apicomplexan)"
CHEMBL1071424,COc1ccc(OC)c(N(C)Cc2c[nH]c3nc(N)nc(N)c23)c1,CHEMBL17453,IC50,nM,3388.44,CHEMBL2425,pIC50,,5.47,"TgDHFR-TS (T. gondii, apicomplexan)"
CHEMBL1071424,CN(Cc1c[nH]c2nc(N)nc(N)c12)c1ccc(Cl)c(Cl)c1,CHEMBL278013,IC50,nM,1000.0,CHEMBL2425,pIC50,,6.0,"TgDHFR-TS (T. gondii, apicomplexan)"
CHEMBL1071424,COc1ccc(SCc2c[nH]c3nc(N)nc(N)c23)cc1OC,CHEMBL17431,IC50,nM,2570.4,CHEMBL2425,pIC50,,5.59,"TgDHFR-TS (T. gondii, apicomplexan)"
CHEMBL1071424,Nc1nc(N)c2c(CSc3ccc(Cl)c(Cl)c3)c[nH]c2n1,CHEMBL17430,IC50,nM,11481.54,CHEMBL2425,pIC50,,4.94,"TgDHFR-TS (T. gondii, apicomplexan)"
CHEMBL1071424,Nc1nc(N)c2c(CSc3cccc4c3CCCC4)c[nH]c2n1,CHEMBL602913,IC50,nM,812.83,CHEMBL2425,pIC50,,6.09,"TgDHFR-TS (T. gondii, apicomplexan)"
CHEMBL1071424,Nc1nc(N)c2c(CSc3ccc4c(c3)CCCC4)c[nH]c2n1,CHEMBL598190,IC50,nM,9120.11,CHEMBL2425,pIC50,,5.04,"TgDHFR-TS (T. gondii, apicomplexan)"
CHEMBL1071424,Nc1nc(N)c2[nH]c(-c3ccccc3)nc2n1,CHEMBL66077,IC50,nM,28183.83,CHEMBL2425,pIC50,,4.55,"TgDHFR-TS (T. gondii, apicomplexan)"
CHEMBL1071424,COc1cc(-c2nc3c(N)nc(N)nc3[nH]2)cc(OC)c1OC,CHEMBL431257,IC50,nM,2187.76,CHEMBL2425,pIC50,,5.66,"TgDHFR-TS (T. gondii, apicomplexan)"
CHEMBL1071424,COc1ccc(-c2nc3c(N)nc(N)nc3[nH]2)c(OC)c1OC,CHEMBL105759,IC50,nM,1819.7,CHEMBL2425,pIC50,,5.74,"TgDHFR-TS (T. gondii, apicomplexan)"
CHEMBL1071424,COc1cc(OC)c(-c2nc3c(N)nc(N)nc3[nH]2)c(OC)c1,CHEMBL103474,IC50,nM,831.76,CHEMBL2425,pIC50,,6.08,"TgDHFR-TS (T. gondii, apicomplexan)"
CHEMBL1071424,COc1cc(OC)c(-c2nc3c(N)nc(N)nc3[nH]2)cc1OC,CHEMBL105523,IC50,nM,1513.56,CHEMBL2425,pIC50,,5.82,"TgDHFR-TS (T. gondii, apicomplexan)"
CHEMBL1071424,COc1ccc(OC)c(-c2nc3c(N)nc(N)nc3[nH]2)c1,CHEMBL106070,IC50,nM,1698.24,CHEMBL2425,pIC50,,5.77,"TgDHFR-TS (T. gondii, apicomplexan)"
CHEMBL1071424,COc1cc(OC)cc(-c2nc3c(N)nc(N)nc3[nH]2)c1,CHEMBL105323,IC50,nM,3019.95,CHEMBL2425,pIC50,,5.52,"TgDHFR-TS (T. gondii, apicomplexan)"
CHEMBL1071424,COc1ccc(-c2nc3c(N)nc(N)nc3[nH]2)cc1OC,CHEMBL102518,IC50,nM,14125.38,CHEMBL2425,pIC50,,4.85,"TgDHFR-TS (T. gondii, apicomplexan)"
CHEMBL1071424,COc1ccc(-c2nc3c(N)nc(N)nc3[nH]2)c(OC)c1,CHEMBL421594,IC50,nM,2398.83,CHEMBL2425,pIC50,,5.62,"TgDHFR-TS (T. gondii, apicomplexan)"
CHEMBL1071424,Nc1nc(N)c2nc(-c3ccc(Cl)c(Cl)c3)[nH]c2n1,CHEMBL312688,IC50,nM,6760.83,CHEMBL2425,pIC50,,5.17,"TgDHFR-TS (T. gondii, apicomplexan)"
CHEMBL1071424,Nc1nc(N)c2nc(-c3ccc(-c4ccccc4)cc3)[nH]c2n1,CHEMBL103203,IC50,nM,33113.11,CHEMBL2425,pIC50,,4.48,"TgDHFR-TS (T. gondii, apicomplexan)"
CHEMBL1071424,Nc1nc(N)c2nc(-c3ccc4ccccc4c3)[nH]c2n1,CHEMBL105906,IC50,nM,26915.35,CHEMBL2425,pIC50,,4.57,"TgDHFR-TS (T. gondii, apicomplexan)"
CHEMBL1071424,Nc1nc(N)c2nc(Cc3ccccc3)[nH]c2n1,CHEMBL102303,IC50,nM,501.19,CHEMBL2425,pIC50,,6.3,"TgDHFR-TS (T. gondii, apicomplexan)"
CHEMBL1071424,Nc1nc(N)c2c(CSc3cccc4ccccc34)coc2n1,CHEMBL283515,IC50,nM,19054.61,CHEMBL2425,pIC50,,4.72,"TgDHFR-TS (T. gondii, apicomplexan)"
CHEMBL1071424,Nc1nc(N)c2c(CSc3ccc4ccccc4c3)coc2n1,CHEMBL283311,IC50,nM,11481.54,CHEMBL2425,pIC50,,4.94,"TgDHFR-TS (T. gondii, apicomplexan)"
CHEMBL1071424,Nc1nc(N)c2c(CNc3cccc4ccccc34)coc2n1,CHEMBL23846,IC50,nM,37153.52,CHEMBL2425,pIC50,,4.43,"TgDHFR-TS (T. gondii, apicomplexan)"
CHEMBL1071424,Nc1nc(N)c2c(CNc3ccc(Oc4ccccc4)cc3)coc2n1,CHEMBL23297,IC50,nM,32359.37,CHEMBL2425,pIC50,,4.49,"TgDHFR-TS (T. gondii, apicomplexan)"
CHEMBL1071424,Nc1nc(N)c2c(CNc3ccccc3-c3ccccc3)coc2n1,CHEMBL23960,IC50,nM,45708.82,CHEMBL2425,pIC50,,4.34,"TgDHFR-TS (T. gondii, apicomplexan)"
CHEMBL1071424,CN(Cc1coc2nc(N)nc(N)c12)c1ccc2ccccc2c1,CHEMBL22561,IC50,nM,23442.29,CHEMBL2425,pIC50,,4.63,"TgDHFR-TS (T. gondii, apicomplexan)"
CHEMBL1071424,CN(Cc1coc2nc(N)nc(N)c12)c1cc(Cl)c(Cl)c(Cl)c1,CHEMBL278110,IC50,nM,21379.62,CHEMBL2425,pIC50,,4.67,"TgDHFR-TS (T. gondii, apicomplexan)"
CHEMBL1071424,Nc1nc(N)c2c(CNc3cccc4cc5ccccc5cc34)coc2n1,CHEMBL598604,IC50,nM,15488.17,CHEMBL2425,pIC50,,4.81,"TgDHFR-TS (T. gondii, apicomplexan)"
CHEMBL1071424,Nc1nc(N)c2c(CNc3ccc4c(c3)Cc3ccccc3-4)coc2n1,CHEMBL598605,IC50,nM,27542.29,CHEMBL2425,pIC50,,4.56,"TgDHFR-TS (T. gondii, apicomplexan)"
CHEMBL1071424,CCn1c2ccccc2c2cc(NCc3coc4nc(N)nc(N)c34)ccc21,CHEMBL601520,IC50,nM,4466.84,CHEMBL2425,pIC50,,5.35,"TgDHFR-TS (T. gondii, apicomplexan)"
CHEMBL1071424,Nc1nc(N)c2c(CNc3ccc4c(c3)C(O)c3ccccc3-4)coc2n1,CHEMBL597784,IC50,nM,63095.73,CHEMBL2425,pIC50,,4.2,"TgDHFR-TS (T. gondii, apicomplexan)"
CHEMBL1071424,Nc1nc(N)c2c(CSc3ccccc3-c3ccccc3)coc2n1,CHEMBL596970,IC50,nM,104712.85,CHEMBL2425,pIC50,,3.98,"TgDHFR-TS (T. gondii, apicomplexan)"
CHEMBL1071424,Nc1nc(N)c2c(CSc3cccc(-c4ccccc4)c3)coc2n1,CHEMBL604090,IC50,nM,22908.68,CHEMBL2425,pIC50,,4.64,"TgDHFR-TS (T. gondii, apicomplexan)"
CHEMBL1071424,Nc1nc(N)c2c(CSc3ccc(-c4ccccc4)cc3)coc2n1,CHEMBL597346,IC50,nM,79432.82,CHEMBL2425,pIC50,,4.1,"TgDHFR-TS (T. gondii, apicomplexan)"
CHEMBL1071424,Nc1nc(N)c2c(CSc3cccc(Oc4ccccc4)c3)coc2n1,CHEMBL591935,IC50,nM,19054.61,CHEMBL2425,pIC50,,4.72,"TgDHFR-TS (T. gondii, apicomplexan)"
CHEMBL1071424,Nc1nc(N)c2c(CSc3ccc(Oc4ccccc4)cc3)coc2n1,CHEMBL605980,IC50,nM,257039.58,CHEMBL2425,pIC50,,3.59,"TgDHFR-TS (T. gondii, apicomplexan)"
CHEMBL1071424,Cc1c(Sc2cccc3c2CCCC3)[nH]c2nc(N)nc(N)c12,CHEMBL609914,IC50,nM,158.49,CHEMBL2425,pIC50,,6.8,"TgDHFR-TS (T. gondii, apicomplexan)"
CHEMBL1071424,Cc1c(Sc2cccc(Cl)c2)[nH]c2nc(N)nc(N)c12,CHEMBL334198,IC50,nM,6918.31,CHEMBL2425,pIC50,,5.16,"TgDHFR-TS (T. gondii, apicomplexan)"
CHEMBL1071424,Cc1c(Sc2ccc(Cl)cc2)[nH]c2nc(N)nc(N)c12,CHEMBL420172,IC50,nM,8912.51,CHEMBL2425,pIC50,,5.05,"TgDHFR-TS (T. gondii, apicomplexan)"
CHEMBL1071424,COc1ccccc1Sc1[nH]c2nc(N)nc(N)c2c1C,CHEMBL331314,IC50,nM,1023.29,CHEMBL2425,pIC50,,5.99,"TgDHFR-TS (T. gondii, apicomplexan)"
CHEMBL1071424,COc1cccc(Sc2[nH]c3nc(N)nc(N)c3c2C)c1,CHEMBL123984,IC50,nM,4786.3,CHEMBL2425,pIC50,,5.32,"TgDHFR-TS (T. gondii, apicomplexan)"
CHEMBL1071424,COc1ccc(Sc2[nH]c3nc(N)nc(N)c3c2C)cc1,CHEMBL123892,IC50,nM,2691.53,CHEMBL2425,pIC50,,5.57,"TgDHFR-TS (T. gondii, apicomplexan)"
CHEMBL1071424,Cc1[nH]c2nc(N)nc(N)c2c1Sc1cccc2c1CCCC2,CHEMBL600412,IC50,nM,18620.87,CHEMBL2425,pIC50,,4.73,"TgDHFR-TS (T. gondii, apicomplexan)"
CHEMBL1071424,Cc1[nH]c2nc(N)nc(N)c2c1Sc1ccc(Cl)cc1,CHEMBL600413,IC50,nM,31622.78,CHEMBL2425,pIC50,,4.5,"TgDHFR-TS (T. gondii, apicomplexan)"
CHEMBL1071424,Cc1[nH]c2nc(N)nc(N)c2c1Sc1ccc2c(c1)CCCC2,CHEMBL605782,IC50,nM,30902.95,CHEMBL2425,pIC50,,4.51,"TgDHFR-TS (T. gondii, apicomplexan)"
CHEMBL1071424,Cc1[nH]c2nc(N)nc(N)c2c1Sc1cccc(Cl)c1,CHEMBL608865,IC50,nM,77624.71,CHEMBL2425,pIC50,,4.11,"TgDHFR-TS (T. gondii, apicomplexan)"
CHEMBL1071424,Cc1[nH]c2nc(N)nc(N)c2c1Sc1ccc(Cl)cc1Cl,CHEMBL610498,IC50,nM,28183.83,CHEMBL2425,pIC50,,4.55,"TgDHFR-TS (T. gondii, apicomplexan)"
CHEMBL1071424,COc1ccc(OC)c(Sc2c(C)[nH]c3nc(N)nc(N)c23)c1,CHEMBL597382,IC50,nM,87096.36,CHEMBL2425,pIC50,,4.06,"TgDHFR-TS (T. gondii, apicomplexan)"
CHEMBL1071424,Cc1[nH]c2nc(N)nc(N)c2c1Sc1ccccc1,CHEMBL608143,IC50,nM,81283.05,CHEMBL2425,pIC50,,4.09,"TgDHFR-TS (T. gondii, apicomplexan)"
CHEMBL1071424,COc1cc(CCCc2c[nH]c3nc(N)nc(N)c23)cc(OC)c1OC,CHEMBL597583,IC50,nM,1023.29,CHEMBL2425,pIC50,,5.99,"TgDHFR-TS (T. gondii, apicomplexan)"
CHEMBL1071424,Nc1nc(N)c2c(CCCc3cccc4c3CCCC4)c[nH]c2n1,CHEMBL591930,IC50,nM,1288.25,CHEMBL2425,pIC50,,5.89,"TgDHFR-TS (T. gondii, apicomplexan)"
CHEMBL1071424,Nc1nc(N)c2c(CCCc3ccc4c(c3)CCCC4)c[nH]c2n1,CHEMBL597962,IC50,nM,1000.0,CHEMBL2425,pIC50,,6.0,"TgDHFR-TS (T. gondii, apicomplexan)"
CHEMBL1071424,Nc1nc(N)c2c(CCCc3ccccc3)c[nH]c2n1,CHEMBL607583,IC50,nM,2691.53,CHEMBL2425,pIC50,,5.57,"TgDHFR-TS (T. gondii, apicomplexan)"
CHEMBL1073069,COc1cc(Cc2cnc(N)nc2N)cc(OC)c1OC,CHEMBL22,IC50,nM,2800.0,CHEMBL2425,IC50,uM,2.8,"TgDHFR-TS (T. gondii, apicomplexan)"
CHEMBL1073069,COc1cc(NCc2ccc3nc(N)nc(N)c3c2C)cc(OC)c1OC,CHEMBL119,IC50,nM,10.0,CHEMBL2425,IC50,uM,0.01,"TgDHFR-TS (T. gondii, apicomplexan)"
CHEMBL1073069,Cc1cccc(C(C)C)c1Sc1oc2nc(N)nc(N)c2c1C,CHEMBL611984,IC50,nM,16200.0,CHEMBL2425,IC50,uM,16.2,"TgDHFR-TS (T. gondii, apicomplexan)"
CHEMBL1073069,COc1ccc(Sc2oc3nc(N)nc(N)c3c2C)cc1OC,CHEMBL598293,IC50,nM,51700.0,CHEMBL2425,IC50,uM,51.7,"TgDHFR-TS (T. gondii, apicomplexan)"
CHEMBL1073069,COc1cccc(Sc2oc3nc(N)nc(N)c3c2C)c1,CHEMBL598292,IC50,nM,45900.0,CHEMBL2425,IC50,uM,45.9,"TgDHFR-TS (T. gondii, apicomplexan)"
CHEMBL1073069,COc1ccccc1Sc1oc2nc(N)nc(N)c2c1C,CHEMBL598090,IC50,nM,44200.0,CHEMBL2425,IC50,uM,44.2,"TgDHFR-TS (T. gondii, apicomplexan)"
CHEMBL1073069,Cc1c(Sc2c(F)c(F)c(C(F)(F)F)c(F)c2F)oc2nc(N)nc(N)c12,CHEMBL604722,IC50,nM,81800.0,CHEMBL2425,IC50,uM,81.8,"TgDHFR-TS (T. gondii, apicomplexan)"
CHEMBL1073069,COc1ccc(Sc2oc3nc(N)nc(N)c3c2C)cc1,CHEMBL597885,IC50,nM,69400.0,CHEMBL2425,IC50,uM,69.4,"TgDHFR-TS (T. gondii, apicomplexan)"
CHEMBL1073069,COc1ccc(OC)c(Sc2oc3nc(N)nc(N)c3c2C)c1,CHEMBL596681,IC50,nM,38400.0,CHEMBL2425,IC50,uM,38.4,"TgDHFR-TS (T. gondii, apicomplexan)"
CHEMBL1073069,Cc1c(Sc2c(Cl)cccc2Cl)oc2nc(N)nc(N)c12,CHEMBL596680,IC50,nM,25500.0,CHEMBL2425,IC50,uM,25.5,"TgDHFR-TS (T. gondii, apicomplexan)"
CHEMBL1073069,Cc1cccc(C)c1Sc1oc2nc(N)nc(N)c2c1C,CHEMBL609896,IC50,nM,19700.0,CHEMBL2425,IC50,uM,19.7,"TgDHFR-TS (T. gondii, apicomplexan)"
CHEMBL1073069,Cc1c(Sc2ccc(C(=O)N[C@@H](CCC(=O)O)C(=O)O)cc2)oc2nc(N)nc(N)c12,CHEMBL596672,IC50,nM,12000.0,CHEMBL2425,IC50,uM,12.0,"TgDHFR-TS (T. gondii, apicomplexan)"
CHEMBL1073058,CN(Cc1cnc2nc(N)nc(N)c2n1)c1ccc(C(=O)N[C@@H](CCC(=O)O)C(=O)O)cc1,CHEMBL34259,IC50,nM,11.0,CHEMBL2425,IC50,uM,0.011,"TgDHFR-TS (T. gondii, apicomplexan)"
CHEMBL1073058,Nc1nc2[nH]cc(CCc3ccc(C(=O)N[C@@H](CCC(=O)O)C(=O)O)cc3)c2c(=O)[nH]1,CHEMBL225072,IC50,nM,460.0,CHEMBL2425,IC50,uM,0.46,"TgDHFR-TS (T. gondii, apicomplexan)"
CHEMBL1073058,Cc1nc(=O)c2cc(CN(C)c3ccc(C(=O)N[C@@H](CCC(=O)O)C(=O)O)s3)ccc2[nH]1,CHEMBL225071,IC50,nM,2300.0,CHEMBL2425,IC50,uM,2.3,"TgDHFR-TS (T. gondii, apicomplexan)"
CHEMBL1073058,Cc1c(Sc2ccc(C(=O)N[C@@H](CCC(=O)O)C(=O)O)cc2)oc2nc(N)nc(N)c12,CHEMBL596672,IC50,nM,2200.0,CHEMBL2425,IC50,uM,2.2,"TgDHFR-TS (T. gondii, apicomplexan)"
CHEMBL1073058,Cc1c(Sc2ccc(C(=O)N[C@@H](CCC(=O)O)C(=O)O)cc2)[nH]c2nc(N)nc(N)c12,CHEMBL389643,IC50,nM,170.0,CHEMBL2425,IC50,uM,0.17,"TgDHFR-TS (T. gondii, apicomplexan)"
CHEMBL1073055,CN(Cc1cnc2nc(N)nc(N)c2n1)c1ccc(C(=O)N[C@@H](CCC(=O)O)C(=O)O)cc1,CHEMBL34259,IC50,nM,18000.0,CHEMBL2425,IC50,uM,18.0,"TgDHFR-TS (T. gondii, apicomplexan)"
CHEMBL1073055,Nc1nc2[nH]cc(CCc3ccc(C(=O)N[C@@H](CCC(=O)O)C(=O)O)cc3)c2c(=O)[nH]1,CHEMBL225072,IC50,nM,2800.0,CHEMBL2425,IC50,uM,2.8,"TgDHFR-TS (T. gondii, apicomplexan)"
CHEMBL1073055,Cc1nc(=O)c2cc(CN(C)c3ccc(C(=O)N[C@@H](CCC(=O)O)C(=O)O)s3)ccc2[nH]1,CHEMBL225071,IC50,nM,900.0,CHEMBL2425,IC50,uM,0.9,"TgDHFR-TS (T. gondii, apicomplexan)"
CHEMBL1073055,Cc1c(Sc2ccc(C(=O)N[C@@H](CCC(=O)O)C(=O)O)cc2)oc2nc(N)nc(N)c12,CHEMBL596672,IC50,nM,27000.0,CHEMBL2425,IC50,uM,27.0,"TgDHFR-TS (T. gondii, apicomplexan)"
CHEMBL1073055,Cc1c(Sc2ccc(C(=O)N[C@@H](CCC(=O)O)C(=O)O)cc2)[nH]c2nc(N)nc(N)c12,CHEMBL389643,IC50,nM,1800.0,CHEMBL2425,IC50,uM,1.8,"TgDHFR-TS (T. gondii, apicomplexan)"
CHEMBL1819661,C#CCN(Cc1ccc2[nH]c(N)nc(=O)c2c1)c1ccc(C(=O)N[C@@H](CCC(=O)O)C(=O)O)cc1,CHEMBL389051,IC50,nM,72.0,CHEMBL2425,IC50,uM,0.072,"TgDHFR-TS (T. gondii, apicomplexan)"
CHEMBL1819661,Cc1nc2ccc3ccc(CNc4ccc5c(c4)CN([C@@H](CCC(=O)O)C(=O)O)C5=O)cc3c2c(=O)[nH]1,CHEMBL169896,IC50,nM,27.0,CHEMBL2425,IC50,uM,0.027,"TgDHFR-TS (T. gondii, apicomplexan)"
CHEMBL1819661,Cc1[nH]c2nc(N)[nH]c(=O)c2c1Sc1ccc(C(=O)N[C@@H](CCC(=O)O)C(=O)O)cc1,CHEMBL225180,IC50,nM,90.0,CHEMBL2425,IC50,uM,0.09,"TgDHFR-TS (T. gondii, apicomplexan)"
CHEMBL1819661,Cc1nc2sc3cccc(CNc4ccc(C(=O)N[C@@H](CCC(=O)O)C(=O)O)cc4)c3c2c(=O)[nH]1,CHEMBL1818548,IC50,nM,1700.0,CHEMBL2425,IC50,uM,1.7,"TgDHFR-TS (T. gondii, apicomplexan)"
CHEMBL1819661,Cc1nc2sc3cccc(CNc4ccc5c(c4)CN([C@@H](CCC(=O)O)C(=O)O)C5=O)c3c2c(=O)[nH]1,CHEMBL1818549,IC50,nM,3700.0,CHEMBL2425,IC50,uM,3.7,"TgDHFR-TS (T. gondii, apicomplexan)"
CHEMBL1819661,Nc1nc2sc3cccc(CNc4ccc(C(=O)N[C@@H](CCC(=O)O)C(=O)O)cc4)c3c2c(=O)[nH]1,CHEMBL1738741,IC50,nM,140.0,CHEMBL2425,IC50,uM,0.14,"TgDHFR-TS (T. gondii, apicomplexan)"
CHEMBL1819661,Nc1nc2sc3cccc(CNc4ccc5c(c4)CN([C@@H](CCC(=O)O)C(=O)O)C5=O)c3c2c(=O)[nH]1,CHEMBL1738740,IC50,nM,170.0,CHEMBL2425,IC50,uM,0.17,"TgDHFR-TS (T. gondii, apicomplexan)"
CHEMBL1819661,Nc1nc2[nH]cc(CCc3ccc(C(=O)N[C@@H](CCC(=O)O)C(=O)O)cc3)c2c(=O)[nH]1,CHEMBL225072,IC50,nM,2800.0,CHEMBL2425,IC50,uM,2.8,"TgDHFR-TS (T. gondii, apicomplexan)"
CHEMBL1819664,C#CCN(Cc1ccc2[nH]c(N)nc(=O)c2c1)c1ccc(C(=O)N[C@@H](CCC(=O)O)C(=O)O)cc1,CHEMBL389051,IC50,nM,260.0,CHEMBL2425,IC50,uM,0.26,"TgDHFR-TS (T. gondii, apicomplexan)"
CHEMBL1819664,Cc1nc2ccc3ccc(CNc4ccc5c(c4)CN([C@@H](CCC(=O)O)C(=O)O)C5=O)cc3c2c(=O)[nH]1,CHEMBL169896,IC50,nM,710.0,CHEMBL2425,IC50,uM,0.71,"TgDHFR-TS (T. gondii, apicomplexan)"
CHEMBL1819664,Cc1[nH]c2nc(N)[nH]c(=O)c2c1Sc1ccc(C(=O)N[C@@H](CCC(=O)O)C(=O)O)cc1,CHEMBL225180,IC50,nM,230.0,CHEMBL2425,IC50,uM,0.23,"TgDHFR-TS (T. gondii, apicomplexan)"
CHEMBL1819664,Cc1nc2sc3cccc(CNc4ccc(C(=O)N[C@@H](CCC(=O)O)C(=O)O)cc4)c3c2c(=O)[nH]1,CHEMBL1818548,IC50,nM,1400.0,CHEMBL2425,IC50,uM,1.4,"TgDHFR-TS (T. gondii, apicomplexan)"
CHEMBL1819664,Cc1nc2sc3cccc(CNc4ccc5c(c4)CN([C@@H](CCC(=O)O)C(=O)O)C5=O)c3c2c(=O)[nH]1,CHEMBL1818549,IC50,nM,1800.0,CHEMBL2425,IC50,uM,1.8,"TgDHFR-TS (T. gondii, apicomplexan)"
CHEMBL1819664,Nc1nc2sc3cccc(CNc4ccc(C(=O)N[C@@H](CCC(=O)O)C(=O)O)cc4)c3c2c(=O)[nH]1,CHEMBL1738741,IC50,nM,20.0,CHEMBL2425,IC50,uM,0.02,"TgDHFR-TS (T. gondii, apicomplexan)"
CHEMBL1819664,Nc1nc2sc3cccc(CNc4ccc5c(c4)CN([C@@H](CCC(=O)O)C(=O)O)C5=O)c3c2c(=O)[nH]1,CHEMBL1738740,IC50,nM,10.0,CHEMBL2425,IC50,uM,0.01,"TgDHFR-TS (T. gondii, apicomplexan)"
CHEMBL1819664,Nc1nc2[nH]cc(CCc3ccc(C(=O)N[C@@H](CCC(=O)O)C(=O)O)cc3)c2c(=O)[nH]1,CHEMBL225072,IC50,nM,430.0,CHEMBL2425,IC50,uM,0.43,"TgDHFR-TS (T. gondii, apicomplexan)"
CHEMBL1819664,CN(Cc1cnc2nc(N)nc(N)c2n1)c1ccc(C(=O)N[C@@H](CCC(=O)O)C(=O)O)cc1,CHEMBL34259,IC50,nM,22.0,CHEMBL2425,IC50,uM,0.022,"TgDHFR-TS (T. gondii, apicomplexan)"
CHEMBL2050304,CCc1nc(N)nc(N)c1-c1ccc(Cl)cc1,CHEMBL36,IC50,nM,200.0,CHEMBL2425,IC50,10'-7M,2.0,"TgDHFR-TS (T. gondii, apicomplexan)"
CHEMBL2050304,CN(Cc1cnc2nc(N)nc(N)c2n1)c1ccc(C(=O)N[C@@H](CCC(=O)O)C(=O)O)cc1,CHEMBL34259,IC50,nM,33.0,CHEMBL2425,IC50,10'-8M,3.3,"TgDHFR-TS (T. gondii, apicomplexan)"
CHEMBL2050304,COc1cc(Cc2cnc(N)nc2N)cc(OC)c1OC,CHEMBL22,IC50,nM,6800.0,CHEMBL2425,IC50,uM,6.8,"TgDHFR-TS (T. gondii, apicomplexan)"
CHEMBL2050307,C#CCN(Cc1ccc2[nH]c(N)nc(=O)c2c1)c1ccc(C(=O)NC(CCC(=O)O)C(=O)O)cc1,CHEMBL422395,IC50,nM,430.0,CHEMBL2425,IC50,10'-7M,4.3,"TgDHFR-TS (T. gondii, apicomplexan)"
CHEMBL2050307,Cc1nc(=O)c2cc(CN(C)c3ccc(C(=O)N[C@@H](CCC(=O)O)C(=O)O)s3)ccc2[nH]1,CHEMBL225071,IC50,nM,480.0,CHEMBL2425,IC50,10'-7M,4.8,"TgDHFR-TS (T. gondii, apicomplexan)"
CHEMBL2050307,Nc1nc2[nH]cc(CCc3ccc(C(=O)N[C@@H](CCC(=O)O)C(=O)O)cc3)c2c(=O)[nH]1,CHEMBL225072,IC50,nM,14000.0,CHEMBL2425,IC50,10'-5M,1.4,"TgDHFR-TS (T. gondii, apicomplexan)"
CHEMBL3101467,Nc1nc2[nH]c3cccc(Sc4cccc5ccccc45)c3c2c(=O)[nH]1,CHEMBL3099581,IC50,nM,35.8,CHEMBL2425,IC50,nM,35.8,"TgDHFR-TS (T. gondii, apicomplexan)"
CHEMBL3101467,Nc1nc2[nH]c3cccc(Sc4ccccc4)c3c2c(=O)[nH]1,CHEMBL3099580,IC50,nM,23.0,CHEMBL2425,IC50,nM,23.0,"TgDHFR-TS (T. gondii, apicomplexan)"
CHEMBL3101467,Nc1nc2[nH]c3cccc(Sc4ccc5ccccc5c4)c3c2c(=O)[nH]1,CHEMBL3099582,IC50,nM,21.0,CHEMBL2425,IC50,nM,21.0,"TgDHFR-TS (T. gondii, apicomplexan)"
CHEMBL3118568,COC(=O)Nc1nc2cc(-c3nnc(O)c4ccccc34)ccc2[nH]1,CHEMBL1530518,IC50,nM,139000.0,CHEMBL2425,IC50,uM,139.0,"TgDHFR-TS (T. gondii, apicomplexan)"
CHEMBL3118569,COC(=O)Nc1nc2cc(-c3nnc(O)c4ccccc34)ccc2[nH]1,CHEMBL1530518,IC50,nM,142000.0,CHEMBL2425,IC50,uM,142.0,"TgDHFR-TS (T. gondii, apicomplexan)"
CHEMBL3118569,O=C(Nc1ccccc1)OCc1ccc(-c2cc(C(F)(F)F)cc(C(F)(F)F)c2)o1,CHEMBL3112972,IC50,nM,190000.0,CHEMBL2425,IC50,uM,190.0,"TgDHFR-TS (T. gondii, apicomplexan)"
CHEMBL3118571,COC(=O)Nc1nc2cc(-c3nnc(O)c4ccccc34)ccc2[nH]1,CHEMBL1530518,IC50,nM,51000.0,CHEMBL2425,IC50,uM,51.0,"TgDHFR-TS (T. gondii, apicomplexan)"
CHEMBL3118571,O=C(Nc1ccccc1)OCc1ccc(-c2cc(C(F)(F)F)cc(C(F)(F)F)c2)o1,CHEMBL3112972,IC50,nM,74000.0,CHEMBL2425,IC50,uM,74.0,"TgDHFR-TS (T. gondii, apicomplexan)"
CHEMBL3412569,COc1ccc(OC)c(Cc2cnc3nc(N)nc(N)c3c2C)c1,CHEMBL7492,IC50,nM,17.0,CHEMBL2425,IC50,nM,17.0,"TgDHFR-TS (T. gondii, apicomplexan)"
CHEMBL3867372,Nc1ncc(N2CCN(c3cccc(-c4ccccc4)c3)CC2)c(N)n1,CHEMBL3953119,IC50,nM,8.7,CHEMBL2425,IC50,uM,0.0087,"TgDHFR-TS (T. gondii, apicomplexan)"
CHEMBL3867372,Nc1ncc(N2CCN(c3ccc(Cl)c(Cl)c3)CC2)c(N)n1,CHEMBL3953069,IC50,nM,17.0,CHEMBL2425,IC50,uM,0.017,"TgDHFR-TS (T. gondii, apicomplexan)"
CHEMBL3867372,Cn1cc(-c2c(N)nc(N)nc2C2CC2)c2ccccc21,CHEMBL3980903,IC50,nM,460.0,CHEMBL2425,IC50,uM,0.46,"TgDHFR-TS (T. gondii, apicomplexan)"
CHEMBL3867372,Nc1nc(N)c(-c2c[nH]c3ccccc23)c(C2CC2)n1,CHEMBL3910843,IC50,nM,910.0,CHEMBL2425,IC50,uM,0.91,"TgDHFR-TS (T. gondii, apicomplexan)"
CHEMBL3867372,Nc1ncc(CN2CCN(c3cc(Cl)ccc3OCc3cccc(C(F)(F)F)c3)CC2)c(N)n1,CHEMBL3972872,IC50,nM,950.0,CHEMBL2425,IC50,uM,0.95,"TgDHFR-TS (T. gondii, apicomplexan)"
CHEMBL3867372,Cc1nc(N)nc(N)c1CN1CCN(c2cccc(-c3cccc(C#N)c3)c2)CC1,CHEMBL3901807,IC50,nM,200.0,CHEMBL2425,IC50,uM,0.2,"TgDHFR-TS (T. gondii, apicomplexan)"
CHEMBL3867372,Cc1nc(N)nc(N)c1C(=O)N1CCN(c2cccc(-c3cccc(C#N)c3)c2)CC1,CHEMBL3940818,IC50,nM,3000.0,CHEMBL2425,IC50,uM,3.0,"TgDHFR-TS (T. gondii, apicomplexan)"
CHEMBL3867372,Cc1nc(N)nc(N)c1CN1CCN(c2cc(Cl)ccc2-c2ccccn2)CC1,CHEMBL3912823,IC50,nM,370.0,CHEMBL2425,IC50,uM,0.37,"TgDHFR-TS (T. gondii, apicomplexan)"
CHEMBL3867372,Cc1nc(N)nc(N)c1CN1CCN(c2cccc(-c3ccccc3)c2)CC1,CHEMBL3921798,IC50,nM,1100.0,CHEMBL2425,IC50,uM,1.1,"TgDHFR-TS (T. gondii, apicomplexan)"
CHEMBL3867372,Cc1nc(N)nc(N)c1C(=O)N1CCN(c2cccc(-c3ccccc3)c2)CC1,CHEMBL3958219,IC50,nM,2400.0,CHEMBL2425,IC50,uM,2.4,"TgDHFR-TS (T. gondii, apicomplexan)"
CHEMBL3867372,Nc1ncc(CN2CCN(c3cccc(C(F)(F)F)c3)CC2)c(N)n1,CHEMBL3930739,IC50,nM,80000.0,CHEMBL2425,IC50,uM,80.0,"TgDHFR-TS (T. gondii, apicomplexan)"
CHEMBL3867372,Nc1ncc(Cn2ccc3c(-c4ccc(C(F)(F)F)cc4)cccc32)c(N)n1,CHEMBL3970251,IC50,nM,2700.0,CHEMBL2425,IC50,uM,2.7,"TgDHFR-TS (T. gondii, apicomplexan)"
CHEMBL3867372,Nc1ncc(Cn2cc(-c3cccc(C(F)(F)F)c3)c3ccccc32)c(N)n1,CHEMBL3963161,IC50,nM,980.0,CHEMBL2425,IC50,uM,0.98,"TgDHFR-TS (T. gondii, apicomplexan)"
CHEMBL3867372,CCc1nc(N)nc(N)c1-c1ccc(Cl)cc1,CHEMBL36,IC50,nM,230.0,CHEMBL2425,IC50,uM,0.23,"TgDHFR-TS (T. gondii, apicomplexan)"
CHEMBL3867372,CN(Cc1cnc2nc(N)nc(N)c2n1)c1ccc(C(=O)N[C@@H](CCC(=O)O)C(=O)O)cc1,CHEMBL34259,IC50,nM,71.0,CHEMBL2425,IC50,uM,0.071,"TgDHFR-TS (T. gondii, apicomplexan)"
CHEMBL4423789,Nc1ncc(N2CCN(c3cccc(-c4cnc(C5CC5)nc4)c3)CC2)c(N)n1,CHEMBL4550110,IC50,nM,9.92,CHEMBL2425,IC50,nM,9.92,"TgDHFR-TS (T. gondii, apicomplexan)"
CHEMBL4423789,Nc1ncc(N2CCN(c3cccc(-c4cnc(C(F)(F)F)nc4)c3)CC2)c(N)n1,CHEMBL4591892,IC50,nM,32.7,CHEMBL2425,IC50,nM,32.7,"TgDHFR-TS (T. gondii, apicomplexan)"
CHEMBL4423789,COc1ncc(-c2cccc(N3CCN(c4cnc(N)nc4N)CC3)c2)cn1,CHEMBL4468777,IC50,nM,1.57,CHEMBL2425,IC50,nM,1.57,"TgDHFR-TS (T. gondii, apicomplexan)"
CHEMBL4423789,Cc1ncc(-c2cccc(N3CCN(c4cnc(N)nc4N)CC3)c2)cn1,CHEMBL4543226,IC50,nM,3.95,CHEMBL2425,IC50,nM,3.95,"TgDHFR-TS (T. gondii, apicomplexan)"
CHEMBL4423789,Nc1ncc(N2CCN(c3cccc(-c4ccnnc4)c3)CC2)c(N)n1,CHEMBL4464707,IC50,nM,6.0,CHEMBL2425,IC50,nM,6.0,"TgDHFR-TS (T. gondii, apicomplexan)"
CHEMBL4423789,Nc1ncc(N2CCN(c3cccc(-c4cnccn4)c3)CC2)c(N)n1,CHEMBL4466302,IC50,nM,10.3,CHEMBL2425,IC50,nM,10.3,"TgDHFR-TS (T. gondii, apicomplexan)"
CHEMBL4423789,Nc1ncc(N2CCN(c3cccc(-c4cncnc4)c3)CC2)c(N)n1,CHEMBL4573445,IC50,nM,4.75,CHEMBL2425,IC50,nM,4.75,"TgDHFR-TS (T. gondii, apicomplexan)"
CHEMBL4423789,Nc1ncc(N2CCN(c3cccc(-c4ncccn4)c3)CC2)c(N)n1,CHEMBL4584470,IC50,nM,27.3,CHEMBL2425,IC50,nM,27.3,"TgDHFR-TS (T. gondii, apicomplexan)"
CHEMBL4423789,Nc1ncc(N2CCN(c3cccc(-c4ccncc4)c3)CC2)c(N)n1,CHEMBL4591654,IC50,nM,4.34,CHEMBL2425,IC50,nM,4.34,"TgDHFR-TS (T. gondii, apicomplexan)"
CHEMBL4423789,Nc1ncc(N2CCN(c3cccc(-c4cccnc4)c3)CC2)c(N)n1,CHEMBL4461133,IC50,nM,2.68,CHEMBL2425,IC50,nM,2.68,"TgDHFR-TS (T. gondii, apicomplexan)"
CHEMBL4423789,Nc1ncc(N2CCN(c3cccc(-c4ccccn4)c3)CC2)c(N)n1,CHEMBL4519642,IC50,nM,10.3,CHEMBL2425,IC50,nM,10.3,"TgDHFR-TS (T. gondii, apicomplexan)"
CHEMBL4423789,CCc1nc(N)nc(N)c1N1CCN(c2cccc(-c3ccccc3)c2)CC1,CHEMBL4582435,IC50,nM,3.91,CHEMBL2425,IC50,nM,3.91,"TgDHFR-TS (T. gondii, apicomplexan)"
CHEMBL4423789,Cc1nc(N)nc(N)c1N1CCN(c2cccc(-c3ccccc3)c2)CC1,CHEMBL4459877,IC50,nM,9.19,CHEMBL2425,IC50,nM,9.19,"TgDHFR-TS (T. gondii, apicomplexan)"
CHEMBL4423789,Nc1ncc(N2CCN(c3cccc(C4CC4)c3)CC2)c(N)n1,CHEMBL4435247,IC50,nM,29.0,CHEMBL2425,IC50,nM,29.0,"TgDHFR-TS (T. gondii, apicomplexan)"
CHEMBL4423789,Nc1ncc(N2CCN(c3cccc(OC(F)(F)F)c3)CC2)c(N)n1,CHEMBL4439025,IC50,nM,12.9,CHEMBL2425,IC50,nM,12.9,"TgDHFR-TS (T. gondii, apicomplexan)"
CHEMBL4423789,Nc1ncc(N2CCN(c3cccc(C(F)(F)F)c3)CC2)c(N)n1,CHEMBL4535103,IC50,nM,62.1,CHEMBL2425,IC50,nM,62.1,"TgDHFR-TS (T. gondii, apicomplexan)"
CHEMBL4423789,COc1cccc(N2CCN(c3cnc(N)nc3N)CC2)c1,CHEMBL4546142,IC50,nM,57.8,CHEMBL2425,IC50,nM,57.8,"TgDHFR-TS (T. gondii, apicomplexan)"
CHEMBL4423789,Nc1ncc(N2CCN(c3ccc(Cl)cc3)CC2)c(N)n1,CHEMBL4456834,IC50,nM,45.9,CHEMBL2425,IC50,nM,45.9,"TgDHFR-TS (T. gondii, apicomplexan)"
CHEMBL4423789,Nc1ncc(N2CCN(c3cccc(Cl)c3)CC2)c(N)n1,CHEMBL4544894,IC50,nM,39.8,CHEMBL2425,IC50,nM,39.8,"TgDHFR-TS (T. gondii, apicomplexan)"
CHEMBL4423789,Cc1ccc(N2CCN(c3cnc(N)nc3N)CC2)cc1,CHEMBL4525462,IC50,nM,181.0,CHEMBL2425,IC50,nM,181.0,"TgDHFR-TS (T. gondii, apicomplexan)"
CHEMBL4423789,Cc1cccc(N2CCN(c3cnc(N)nc3N)CC2)c1,CHEMBL4549054,IC50,nM,75.3,CHEMBL2425,IC50,nM,75.3,"TgDHFR-TS (T. gondii, apicomplexan)"
CHEMBL4423789,Nc1ncc(N2CCN(c3ccc(-c4ccccc4)cc3)CC2)c(N)n1,CHEMBL4552468,IC50,nM,31.5,CHEMBL2425,IC50,nM,31.5,"TgDHFR-TS (T. gondii, apicomplexan)"
CHEMBL4423789,Nc1ncc(N2CCN(c3ccccc3-c3ccccc3)CC2)c(N)n1,CHEMBL4544467,IC50,nM,30.9,CHEMBL2425,IC50,nM,30.9,"TgDHFR-TS (T. gondii, apicomplexan)"
CHEMBL4423789,Nc1ncc(N2CCN(c3ccccc3)CC2)c(N)n1,CHEMBL4553229,IC50,nM,209.0,CHEMBL2425,IC50,nM,209.0,"TgDHFR-TS (T. gondii, apicomplexan)"
CHEMBL4423789,COc1cc(NCc2ccc3nc(N)nc(N)c3c2C)cc(OC)c1OC,CHEMBL119,IC50,nM,1.35,CHEMBL2425,IC50,nM,1.35,"TgDHFR-TS (T. gondii, apicomplexan)"
CHEMBL4423789,CN(Cc1cnc2nc(N)nc(N)c2n1)c1ccc(C(=O)N[C@@H](CCC(=O)O)C(=O)O)cc1,CHEMBL34259,IC50,nM,78.3,CHEMBL2425,IC50,nM,78.3,"TgDHFR-TS (T. gondii, apicomplexan)"
CHEMBL4423789,COc1cc(Cc2cnc(N)nc2N)cc(OC)c1OC,CHEMBL22,IC50,nM,33100.0,CHEMBL2425,IC50,nM,33100.0,"TgDHFR-TS (T. gondii, apicomplexan)"
CHEMBL4423789,Nc1ncc(N2CCN(c3cccc(-c4ccccc4)c3)CC2)c(N)n1,CHEMBL3953119,IC50,nM,8.76,CHEMBL2425,IC50,nM,8.76,"TgDHFR-TS (T. gondii, apicomplexan)"
CHEMBL4423789,CCc1nc(N)nc(N)c1-c1ccc(Cl)cc1,CHEMBL36,IC50,nM,139.0,CHEMBL2425,IC50,nM,139.0,"TgDHFR-TS (T. gondii, apicomplexan)"
CHEMBL5506101,COc1ccc(CCCCCCC(=O)O)cc1Cc1cnc2nc(N)nc(N)c2c1OC,CHEMBL5561705,IC50,nM,3.0,CHEMBL2425,IC50,uM,0.003,"TgDHFR-TS (T. gondii, apicomplexan)"
CHEMBL5506101,COc1ccc(C#Cc2cccc(C(=O)O)c2)cc1Cc1cnc2nc(N)nc(N)c2c1OC,CHEMBL5561721,IC50,nM,5.0,CHEMBL2425,IC50,uM,0.005,"TgDHFR-TS (T. gondii, apicomplexan)"
CHEMBL5506101,CCc1sc2nc(N)[nH]c(=O)c2c1Sc1ccccc1,CHEMBL550769,IC50,nM,33.0,CHEMBL2425,IC50,uM,0.033,"TgDHFR-TS (T. gondii, apicomplexan)"
CHEMBL5506101,CCc1sc2nc(N)[nH]c(=O)c2c1Sc1ccc(Cl)cc1,CHEMBL564277,IC50,nM,9.0,CHEMBL2425,IC50,uM,0.009,"TgDHFR-TS (T. gondii, apicomplexan)"
CHEMBL5506101,CCc1sc2nc(N)[nH]c(=O)c2c1Sc1ccc([N+](=O)[O-])cc1,CHEMBL564937,IC50,nM,8.0,CHEMBL2425,IC50,uM,0.008,"TgDHFR-TS (T. gondii, apicomplexan)"
CHEMBL5506101,CCc1sc2nc(N)[nH]c(=O)c2c1Sc1ccc2ccccc2c1,CHEMBL550296,IC50,nM,8.0,CHEMBL2425,IC50,uM,0.008,"TgDHFR-TS (T. gondii, apicomplexan)"
CHEMBL5506101,CCc1sc2nc(N)[nH]c(=O)c2c1Sc1ccc(Br)cc1,CHEMBL565179,IC50,nM,10.0,CHEMBL2425,IC50,uM,0.01,"TgDHFR-TS (T. gondii, apicomplexan)"
CHEMBL5506101,CCc1sc2nc(N)[nH]c(=O)c2c1Sc1ccc(C(=O)N[C@@H](CCC(=O)O)C(=O)O)cc1,CHEMBL551049,IC50,nM,2.0,CHEMBL2425,IC50,uM,0.002,"TgDHFR-TS (T. gondii, apicomplexan)"
CHEMBL5506102,Cc1sc2nc(N)[nH]c(=O)c2c1Sc1ccc(C(=O)N[C@@H](CCC(=O)O)C(=O)O)cc1,CHEMBL562369,IC50,nM,36.0,CHEMBL2425,IC50,nM,36.0,"TgDHFR-TS (T. gondii, apicomplexan)"
CHEMBL3101467,Nc1nc2[nH]c3cccc(Sc4cccc5ccccc45)c3c2c(=O)[nH]1,CHEMBL3099581,Ki,nM,3.1,CHEMBL2425,Ki,nM,3.1,"TgDHFR-TS (T. gondii, apicomplexan)"
CHEMBL3101467,Nc1nc2[nH]c3cccc(Sc4ccccc4)c3c2c(=O)[nH]1,CHEMBL3099580,Ki,nM,2.0,CHEMBL2425,Ki,nM,2.0,"TgDHFR-TS (T. gondii, apicomplexan)"
CHEMBL3101467,Nc1nc2[nH]c3cccc(Sc4ccc5ccccc5c4)c3c2c(=O)[nH]1,CHEMBL3099582,Ki,nM,1.8,CHEMBL2425,Ki,nM,1.8,"TgDHFR-TS (T. gondii, apicomplexan)"
CHEMBL879983,CCc1cc(Cc2cnc(N)nc2N)cc(CC)c1O,CHEMBL25817,IC50,nM,120.0,CHEMBL202,I50,M,1.2E-7,HsDHFR (H. sapiens)
CHEMBL879983,CC(C)(C)c1cc(Cc2cnc(N)nc2N)cc(C(C)(C)C)c1O,CHEMBL277176,IC50,nM,61.0,CHEMBL202,I50,M,6.1E-8,HsDHFR (H. sapiens)
CHEMBL879983,CCCc1cc(Cc2cnc(N)nc2N)cc(CC)c1OC,CHEMBL279455,IC50,nM,44.0,CHEMBL202,I50,M,4.4E-8,HsDHFR (H. sapiens)
CHEMBL879983,C/C=C/c1cc(Cc2cnc(N)nc2N)cc(OC)c1OC,CHEMBL23338,IC50,nM,93.0,CHEMBL202,I50,M,9.3E-8,HsDHFR (H. sapiens)
CHEMBL668278,CN(Cc1cnc2nc(N)nc(N)c2n1)c1ccc(C(=O)NC(CCCN)C(=O)O)cc1,CHEMBL36083,IC50,nM,2.5,CHEMBL202,IC50,nM,2.5,HsDHFR (H. sapiens)
CHEMBL668279,CN(Cc1cnc2nc(N)nc(N)c2n1)c1ccc(C(=O)NC(CCCN)C(=O)O)cc1,CHEMBL36083,IC50,nM,1.0,CHEMBL202,IC50,nM,1.0,HsDHFR (H. sapiens)
CHEMBL879983,COc1cc(Cc2cnc(N)nc2N)cc(OC)c1OC,CHEMBL22,IC50,nM,450.0,CHEMBL202,I50,M,4.5E-7,HsDHFR (H. sapiens)
CHEMBL668277,CN(Cc1cnc2nc(N)nc(N)c2n1)c1ccc(C(=O)N[C@@H](CCC(=O)O)C(=O)O)cc1,CHEMBL34259,IC50,nM,0.82,CHEMBL202,IC50,nM,0.82,HsDHFR (H. sapiens)
CHEMBL668441,COc1cc(Cc2cnc(N)nc2N)cc(OC)c1OC,CHEMBL22,IC50,nM,200000.0,CHEMBL202,IC50,uM,200.0,HsDHFR (H. sapiens)
CHEMBL668441,Nc1nc(O)c2c(CNc3ccc(C(=O)N[C@@H](CCC(=O)O)C(=O)O)cc3)c[nH]c2n1,CHEMBL61708,IC50,nM,10000.0,CHEMBL202,IC50,uM,10.0,HsDHFR (H. sapiens)
CHEMBL879983,C=CCc1cc(Cc2cnc(N)nc2N)cc(OC)c1OC,CHEMBL282022,IC50,nM,110.0,CHEMBL202,I50,M,1.1E-7,HsDHFR (H. sapiens)
CHEMBL668441,Nc1nc2[nH]cc(CCc3ccc(C(=O)N[C@@H](CCC(=O)O)C(=O)O)cc3)c2c(=O)[nH]1,CHEMBL225072,IC50,nM,2300.0,CHEMBL202,IC50,uM,2.3,HsDHFR (H. sapiens)
CHEMBL663135,N#CCN(Cc1ccc2nc(N)nc(O)c2c1)c1ccc(C(=O)NC(CCC(=O)O)C(=O)O)cc1,CHEMBL34918,IC50,nM,460.0,CHEMBL202,IC50,M,4.6E-7,HsDHFR (H. sapiens)
CHEMBL879983,CCc1cc(Cc2cnc(N)nc2N)cc(C)c1OC,CHEMBL23447,IC50,nM,310.0,CHEMBL202,I50,M,3.1E-7,HsDHFR (H. sapiens)
CHEMBL879983,CCCc1cc(Cc2cnc(N)nc2N)cc(OC)c1OC,CHEMBL278345,IC50,nM,67.0,CHEMBL202,I50,M,6.7E-8,HsDHFR (H. sapiens)
CHEMBL668278,CN(Cc1cnc2nc(N)nc(N)c2n1)c1ccc(C(=O)NC(CC(F)(F)CN)C(=O)O)cc1,CHEMBL83644,IC50,nM,1.3,CHEMBL202,IC50,nM,1.3,HsDHFR (H. sapiens)
CHEMBL663135,CN(Cc1cnc2nc(N)nc(N)c2n1)c1ccc(C(=O)N[C@@H](CCC(=O)O)C(=O)O)cc1,CHEMBL34259,IC50,nM,1.2,CHEMBL202,IC50,M,1.2E-9,HsDHFR (H. sapiens)
CHEMBL668441,COc1cc(NCc2ccc3nc(N)nc(N)c3c2C)cc(OC)c1OC,CHEMBL119,IC50,nM,90.0,CHEMBL202,IC50,uM,0.09,HsDHFR (H. sapiens)
CHEMBL879983,CCOc1cc(Cc2cnc(N)nc2N)cc(OC)c1OC,CHEMBL23609,IC50,nM,170.0,CHEMBL202,I50,M,1.7E-7,HsDHFR (H. sapiens)
CHEMBL663135,C#CCN(Cc1ccc2[nH]c(N)nc(=O)c2c1)c1ccc(C(=O)NC(CCC(=O)O)C(=O)O)cc1,CHEMBL422395,IC50,nM,300.0,CHEMBL202,IC50,M,3E-7,HsDHFR (H. sapiens)
CHEMBL663134,C#CCN(Cc1ccc2[nH]c(N)nc(=O)c2c1)c1ccc(C(=O)NC(CCC(=O)O)C(=O)O)cc1,CHEMBL422395,IC50,nM,22000.0,CHEMBL202,IC50,M,0.000022,HsDHFR (H. sapiens)
CHEMBL879983,CC(C)c1cc(Cc2cnc(N)nc2N)cc(C(C)C)c1O,CHEMBL440946,IC50,nM,29.0,CHEMBL202,I50,M,2.9E-8,HsDHFR (H. sapiens)
CHEMBL879983,COc1c(C)cc(Cc2cnc(N)nc2N)cc1C,CHEMBL287553,IC50,nM,370.0,CHEMBL202,I50,M,3.7E-7,HsDHFR (H. sapiens)
CHEMBL879983,COc1c(C(C)(C)C)cc(Cc2cnc(N)nc2N)cc1C(C)(C)C,CHEMBL24374,IC50,nM,58.0,CHEMBL202,I50,M,5.8E-8,HsDHFR (H. sapiens)
CHEMBL668441,CN(Cc1cnc2nc(N)nc(N)c2n1)c1ccc(C(=O)N[C@@H](CCC(=O)O)C(=O)O)cc1,CHEMBL34259,IC50,nM,66.0,CHEMBL202,IC50,uM,0.066,HsDHFR (H. sapiens)
CHEMBL879983,C=CCc1cc(Cc2cnc(N)nc2N)cc(CCC)c1O,CHEMBL24503,IC50,nM,20.0,CHEMBL202,I50,M,2E-8,HsDHFR (H. sapiens)
CHEMBL879983,CCCc1cc(Cc2cnc(N)nc2N)cc(CC)c1O,CHEMBL25888,IC50,nM,49.0,CHEMBL202,I50,M,4.9E-8,HsDHFR (H. sapiens)
CHEMBL667987,Nc1cc(N)c2cc(CCc3ccc(C(=O)NC(CCC(=O)O)C(=O)O)cc3)ccc2c1,CHEMBL109260,IC50,nM,14.0,CHEMBL202,I50,uM,0.014,HsDHFR (H. sapiens)
CHEMBL667987,CN(Cc1cnc2nc(N)nc(N)c2n1)c1ccc(C(=O)N[C@@H](CCC(=O)O)C(=O)O)cc1,CHEMBL34259,IC50,nM,26.0,CHEMBL202,I50,uM,0.026,HsDHFR (H. sapiens)
CHEMBL668427,CN(Cc1cnc2nc(N)nc(N)c2n1)c1ccc(C(=O)N[C@@H](CCC(=O)O)C(=O)O)cc1,CHEMBL34259,IC50,nM,20.0,CHEMBL202,IC50,uM,0.02,HsDHFR (H. sapiens)
CHEMBL669277,NCCCC(NC(=O)c1ccc(NCc2ccc3nc(N)nc(O)c3c2Cl)cc1)C(=O)O,CHEMBL288142,IC50,nM,430.0,CHEMBL202,I50,uM,0.43,HsDHFR (H. sapiens)
CHEMBL668427,Nc1ncnc2ncc(CNc3ccc(C(=O)NC(CCC(=O)O)C(=O)O)cc3)nc12,CHEMBL430797,IC50,nM,19000.0,CHEMBL202,IC50,uM,19.0,HsDHFR (H. sapiens)
CHEMBL668085,COc1ccc(OC)c(Cc2sc3nc(N)nc(N)c3c2C)c1,CHEMBL104787,IC50,nM,730.0,CHEMBL202,IC50,uM,0.73,HsDHFR (H. sapiens)
CHEMBL669278,NCCCC(NC(=O)c1ccc(NCC2CNc3nc(N)nc(O)c3C2)cc1)C(=O)O,CHEMBL289923,IC50,nM,2000.0,CHEMBL202,I50,uM,2.0,HsDHFR (H. sapiens)
CHEMBL668085,COc1ccc(OC)c(-c2sc3nc(N)nc(N)c3c2C)c1,CHEMBL323960,IC50,nM,750.0,CHEMBL202,IC50,uM,0.75,HsDHFR (H. sapiens)
CHEMBL668085,COc1cc(NCc2ccc3nc(N)nc(N)c3c2C)cc(OC)c1OC,CHEMBL119,IC50,nM,1.4,CHEMBL202,IC50,uM,0.0014,HsDHFR (H. sapiens)
CHEMBL668094,C=C(CC(NC(=O)c1ccc(N(C)Cc2cnc3nc(N)nc(N)c3n2)cc1)C(=O)O)C(=O)O,CHEMBL65616,IC50,nM,6.4,CHEMBL202,IC50,nM,6.4,HsDHFR (H. sapiens)
CHEMBL668094,Nc1nc(N)c2nc(CCc3ccc(C(=O)NC(C(=O)O)C(O)CC(=O)O)cc3)cnc2n1,CHEMBL73267,IC50,nM,5.9,CHEMBL202,IC50,nM,5.9,HsDHFR (H. sapiens)
CHEMBL668094,C=C(CC(NC(=O)c1ccc(C(CC)Cc2cnc3nc(N)nc(N)c3n2)cc1)C(=O)O)C(=O)O,CHEMBL308279,IC50,nM,5.8,CHEMBL202,IC50,nM,5.8,HsDHFR (H. sapiens)
CHEMBL668094,CN(Cc1cnc2nc(N)nc(N)c2n1)c1ccc(C(=O)N[C@@H](CCC(=O)O)C(=O)O)cc1,CHEMBL34259,IC50,nM,3.9,CHEMBL202,IC50,nM,3.9,HsDHFR (H. sapiens)
CHEMBL668094,CN(Cc1cnc2nc(N)nc(N)c2n1)c1ccc(C(=O)NC(C(=O)O)C(O)CC(=O)O)cc1,CHEMBL307820,IC50,nM,5.3,CHEMBL202,IC50,nM,5.3,HsDHFR (H. sapiens)
CHEMBL668094,C=C(CC(NC(=O)c1ccc(CCc2cnc3nc(N)nc(N)c3n2)cc1)C(=O)O)C(=O)O,CHEMBL307486,IC50,nM,8.8,CHEMBL202,IC50,nM,8.8,HsDHFR (H. sapiens)
CHEMBL668094,CCC(Cc1cnc2nc(N)nc(N)c2n1)c1ccc(C(=O)N[C@@H](CCC(=O)O)C(=O)O)cc1,CHEMBL296373,IC50,nM,4.4,CHEMBL202,IC50,nM,4.4,HsDHFR (H. sapiens)
CHEMBL668094,Nc1nc(N)c2nc(CCc3ccc(C(=O)N[C@@H](CCC(=O)O)C(=O)O)cc3)cnc2n1,CHEMBL293263,IC50,nM,4.1,CHEMBL202,IC50,nM,4.1,HsDHFR (H. sapiens)
CHEMBL668093,CN(Cc1cnc2ncnc(N)c2n1)c1ccc(C(=O)NC(CCC(=O)O)C(=O)O)cc1,CHEMBL74422,IC50,nM,6000.0,CHEMBL202,IC50,uM,6.0,HsDHFR (H. sapiens)
CHEMBL668093,CN(Cc1cnc2nc(N)nc(N)c2n1)c1ccc(C(=O)N[C@@H](CCC(=O)O)C(=O)O)cc1,CHEMBL34259,IC50,nM,24.0,CHEMBL202,IC50,uM,0.024,HsDHFR (H. sapiens)
CHEMBL668104,COc1ccc(C#CCCC(=O)O)cc1Cc1cnc(N)nc1N,CHEMBL34823,IC50,nM,30000.0,CHEMBL202,IC50,nM,30000.0,HsDHFR (H. sapiens)
CHEMBL668103,COc1ccc(C#CCCC(=O)O)cc1Cc1cnc(N)nc1N,CHEMBL34823,IC50,nM,5000.0,CHEMBL202,IC50,nM,5000.0,HsDHFR (H. sapiens)
CHEMBL668093,Nc1nc(N)c2nc(CNc3ccc(C(=O)N[C@@H](CCC(=O)O)C(=O)O)cc3)cnc2n1,CHEMBL376180,IC50,nM,25.0,CHEMBL202,IC50,uM,0.025,HsDHFR (H. sapiens)
CHEMBL667004,CCOc1cc(Cc2cnc(N)nc2N)cc2c1OCO2,CHEMBL58908,IC50,nM,140.0,CHEMBL202,I50,M,1.4E-7,HsDHFR (H. sapiens)
CHEMBL668280,COc1cc(Cc2cnc3nc(N)nc(N)c3c2C)cc(OC)c1,CHEMBL38053,IC50,nM,1.5,CHEMBL202,IC50,nM,1.5,HsDHFR (H. sapiens)
CHEMBL667004,Cc1cc(Cc2cnc(N)nc2N)cc2c1OC(C)(C)C2,CHEMBL291540,IC50,nM,190.0,CHEMBL202,I50,M,1.9E-7,HsDHFR (H. sapiens)
CHEMBL668097,COc1ccc(OCCCCC(=O)O)cc1Cc1cnc(N)nc1N,CHEMBL37520,IC50,nM,8000.0,CHEMBL202,IC50,nM,8000.0,HsDHFR (H. sapiens)
CHEMBL668096,COc1ccc(OCCCCC(=O)O)cc1Cc1cnc(N)nc1N,CHEMBL37520,IC50,nM,5000.0,CHEMBL202,IC50,nM,5000.0,HsDHFR (H. sapiens)
CHEMBL668098,COc1ccc(OCCCCC(=O)O)cc1Cc1cnc(N)nc1N,CHEMBL37520,IC50,nM,8000.0,CHEMBL202,IC50,nM,8000.0,HsDHFR (H. sapiens)
CHEMBL880679,COc1cc(Cc2cnc(N)nc2N)cc(OC)c1OC,CHEMBL22,IC50,nM,5000.0,CHEMBL202,IC50,nM,5000.0,HsDHFR (H. sapiens)
CHEMBL668105,COc1cc(Cc2cnc(N)nc2N)cc(OC)c1OC,CHEMBL22,IC50,nM,2000.0,CHEMBL202,IC50,nM,2000.0,HsDHFR (H. sapiens)
CHEMBL668276,COc1cc(Cc2cnc(N)nc2N)cc(OC)c1OC,CHEMBL22,IC50,nM,300000.0,CHEMBL202,IC50,nM,300000.0,HsDHFR (H. sapiens)
CHEMBL667004,CCCc1cc(Cc2cnc(N)nc2N)cc2c1OC(C)C2,CHEMBL61356,IC50,nM,66.0,CHEMBL202,I50,M,6.6E-8,HsDHFR (H. sapiens)
CHEMBL667004,CCCc1cc(Cc2cnc(N)nc2N)cc2c1OC(C)(C)C2,CHEMBL301629,IC50,nM,46.0,CHEMBL202,I50,M,4.6E-8,HsDHFR (H. sapiens)
CHEMBL667004,COc1cc(Cc2cnc(N)nc2N)cc(OC)c1OC,CHEMBL22,IC50,nM,450.0,CHEMBL202,I50,M,4.5E-7,HsDHFR (H. sapiens)
CHEMBL667004,CCCc1cc(Cc2cnc(N)nc2N)cc2c1OC(C)C2C,CHEMBL61857,IC50,nM,14.0,CHEMBL202,I50,M,1.4E-8,HsDHFR (H. sapiens)
CHEMBL668093,Nc1ncnc2ncc(CNc3ccc(C(=O)NC(CCC(=O)O)C(=O)O)cc3)nc12,CHEMBL430797,IC50,nM,19000.0,CHEMBL202,IC50,uM,19.0,HsDHFR (H. sapiens)
CHEMBL667004,CCc1cc(Cc2cnc(N)nc2N)cc2c1OC(C)C2,CHEMBL58481,IC50,nM,110.0,CHEMBL202,I50,M,1.1E-7,HsDHFR (H. sapiens)
CHEMBL668440,COc1ccc(CN2CCc3nc4nc(N)nc(N)c4cc3C2)cc1,CHEMBL146925,IC50,nM,27000.0,CHEMBL202,IC50,uM,27.0,HsDHFR (H. sapiens)
CHEMBL668440,COc1cc(NCc2ccc3nc(N)nc(N)c3c2C)cc(OC)c1OC,CHEMBL119,IC50,nM,18.0,CHEMBL202,IC50,uM,0.018,HsDHFR (H. sapiens)
CHEMBL668440,Nc1nc(N)c2cc3c(nc2n1)CCN(Cc1ccccc1)C3,CHEMBL421959,IC50,nM,32000.0,CHEMBL202,IC50,uM,32.0,HsDHFR (H. sapiens)
CHEMBL668440,Nc1nc(N)c2cc3c(nc2n1)CCN(C(=O)OCc1ccccc1)C3,CHEMBL148599,IC50,nM,30000.0,CHEMBL202,IC50,uM,30.0,HsDHFR (H. sapiens)
CHEMBL668440,CN(Cc1cnc2nc(N)nc(N)c2n1)c1ccc(C(=O)N[C@@H](CCC(=O)O)C(=O)O)cc1,CHEMBL34259,IC50,nM,22.0,CHEMBL202,IC50,uM,0.022,HsDHFR (H. sapiens)
CHEMBL668440,Nc1nc(N)c2cc3c(nc2n1)CCN(Cc1ccc(C(=O)N[C@@H](CCC(=O)O)C(=O)O)cc1)C3,CHEMBL422316,IC50,nM,5400.0,CHEMBL202,IC50,uM,5.4,HsDHFR (H. sapiens)
CHEMBL668440,COc1cc(Cc2cnc(N)nc2N)cc(OC)c1OC,CHEMBL22,IC50,nM,340000.0,CHEMBL202,IC50,uM,340.0,HsDHFR (H. sapiens)
CHEMBL668440,COc1cc(CN2CCc3nc4nc(N)nc(N)c4cc3C2)cc(OC)c1,CHEMBL357973,IC50,nM,22000.0,CHEMBL202,IC50,uM,22.0,HsDHFR (H. sapiens)
CHEMBL668440,Nc1nc(N)c2cc3c(nc2n1)CCN(Cc1ccc(Cl)cc1Cl)C3,CHEMBL149027,IC50,nM,1300.0,CHEMBL202,IC50,uM,1.3,HsDHFR (H. sapiens)
CHEMBL669988,COc1cc(Cc2cnc(N)nc2N)cc(OC)c1OC,CHEMBL22,IC50,nM,3400.0,CHEMBL202,IC50,M,0.0000034,HsDHFR (H. sapiens)
CHEMBL669988,CCc1[nH]c(N)nc2nc(C)c(CCc3ccc(C(=O)N[C@@H](CCC(=O)O)C(=O)O)cc3)c1-2,CHEMBL154935,IC50,nM,22000.0,CHEMBL202,IC50,M,0.000022,HsDHFR (H. sapiens)
CHEMBL669988,CN(Cc1cnc2nc(N)nc(N)c2n1)c1ccc(C(=O)N[C@@H](CCC(=O)O)C(=O)O)cc1,CHEMBL34259,IC50,nM,22.0,CHEMBL202,IC50,M,2.2E-8,HsDHFR (H. sapiens)
CHEMBL669988,Cc1nc(N)nc2[nH]cc(CCc3ccc(C(=O)N[C@@H](CCC(=O)O)C(=O)O)cc3)c12,CHEMBL439973,IC50,nM,1200.0,CHEMBL202,IC50,M,0.0000012,HsDHFR (H. sapiens)
CHEMBL669988,Nc1nc2[nH]cc(CCc3ccc(C(=O)N[C@@H](CCC(=O)O)C(=O)O)cc3)c2c(=O)[nH]1,CHEMBL225072,IC50,nM,1400.0,CHEMBL202,IC50,M,0.0000014,HsDHFR (H. sapiens)
CHEMBL669988,CCc1[nH]c(N)nc2ncc(CCc3ccc(C(=O)N[C@@H](CCC(=O)O)C(=O)O)cc3)c1-2,CHEMBL157434,IC50,nM,920.0,CHEMBL202,IC50,M,9.2E-7,HsDHFR (H. sapiens)
CHEMBL669443,CN(Cc1cnc2nc(N)nc(N)c2n1)c1ccc(C(=O)N[C@@H](CCC(=O)O)C(=O)O)cc1,CHEMBL34259,IC50,nM,4.3,CHEMBL202,I50,uM,0.0043,HsDHFR (H. sapiens)
CHEMBL669445,Nc1nc(=O)c2cc(CSc3ccc(C(=O)NC(CCC(=O)O)C(=O)O)cc3)ccc2[nH]1,CHEMBL138870,IC50,nM,330.0,CHEMBL202,I50,uM,0.33,HsDHFR (H. sapiens)
CHEMBL669445,O=C(O)CCC(NC(=O)c1ccc(SCc2ccc3ncnc(O)c3c2)cc1)C(=O)O,CHEMBL171790,IC50,nM,650.0,CHEMBL202,I50,uM,0.65,HsDHFR (H. sapiens)
CHEMBL669445,NCCCC(NC(=O)c1ccc(SCc2ccc3ncnc(O)c3c2)cc1)C(=O)O,CHEMBL43288,IC50,nM,3800.0,CHEMBL202,I50,uM,3.8,HsDHFR (H. sapiens)
CHEMBL669445,NCCCC(NC(=O)c1ccc(SCc2ccc3nc(N)nc(O)c3c2)cc1)C(=O)O,CHEMBL41161,IC50,nM,1500.0,CHEMBL202,I50,uM,1.5,HsDHFR (H. sapiens)
CHEMBL669445,NCCCC(NC(=O)c1ccc(NCc2ccc3nc(N)nc(N)c3c2Cl)cc1)C(=O)O,CHEMBL38937,IC50,nM,3.0,CHEMBL202,I50,uM,0.003,HsDHFR (H. sapiens)
CHEMBL669445,NCCCC(NC(=O)c1ccc(OCc2ccc3nc(N)nc(O)c3c2)cc1)C(=O)O,CHEMBL289372,IC50,nM,530.0,CHEMBL202,I50,uM,0.53,HsDHFR (H. sapiens)
CHEMBL669445,NCCCC(NC(=O)c1ccc(OCc2ccc3ncnc(O)c3c2)cc1)C(=O)O,CHEMBL39107,IC50,nM,3800.0,CHEMBL202,I50,uM,3.8,HsDHFR (H. sapiens)
CHEMBL669445,NCCCC(NC(=O)c1ccc(NCc2ccc3nc(N)nc(O)c3c2Cl)cc1)C(=O)O,CHEMBL288142,IC50,nM,430.0,CHEMBL202,I50,uM,0.43,HsDHFR (H. sapiens)
CHEMBL669445,Nc1nc(O)c2cc(COc3ccc(C(=O)NC(CCC(=O)O)C(=O)O)cc3)ccc2n1,CHEMBL139551,IC50,nM,170.0,CHEMBL202,I50,uM,0.17,HsDHFR (H. sapiens)
CHEMBL668271,CN(Cc1cnc2nc(N)nc(N)c2n1)c1ccc(C(=O)NC(CC(F)C(=O)O)C(=O)O)cc1,CHEMBL160505,IC50,nM,1.35,CHEMBL202,IC50,nM,1.35,HsDHFR (H. sapiens)
CHEMBL668271,CN(Cc1cnc2nc(N)nc(N)c2n1)c1ccc(C(=O)N[C@@H](CCC(=O)O)C(=O)O)cc1,CHEMBL34259,IC50,nM,1.18,CHEMBL202,IC50,nM,1.18,HsDHFR (H. sapiens)
CHEMBL668272,CN(Cc1cnc2nc(N)nc(N)c2n1)c1ccc(C(=O)N[C@@H](CCC(=O)O)C(=O)O)cc1,CHEMBL34259,IC50,nM,1.4,CHEMBL202,IC50,nM,1.4,HsDHFR (H. sapiens)
CHEMBL668271,CN(Cc1cnc2nc(N)nc(N)c2n1)c1ccc(C(=O)N[C@H](C[C@@H](F)C(=O)O)C(=O)O)cc1,CHEMBL349572,IC50,nM,0.84,CHEMBL202,IC50,nM,0.84,HsDHFR (H. sapiens)
CHEMBL669445,Nc1nc(O)c2c(Cl)c(CNc3ccc(C(=O)NC(CCC(=O)O)C(=O)O)cc3)ccc2n1,CHEMBL38561,IC50,nM,100.0,CHEMBL202,I50,uM,0.1,HsDHFR (H. sapiens)
CHEMBL669445,Nc1nc(N)c2c(Cl)c(CNc3ccc(C(=O)NC(CCC(=O)O)C(=O)O)cc3)ccc2n1,CHEMBL37061,IC50,nM,3.8,CHEMBL202,I50,uM,0.0038,HsDHFR (H. sapiens)
CHEMBL668271,CN(Cc1cnc2nc(N)nc(N)c2n1)c1ccc(C(=O)N[C@@H](CCC(=O)O)C(=O)O)cc1,CHEMBL34259,IC50,nM,0.72,CHEMBL202,IC50,nM,0.72,HsDHFR (H. sapiens)
CHEMBL668272,CN(Cc1cnc2nc(N)nc(N)c2n1)c1ccc(C(=O)N[C@@H](CCC(=O)O)C(=O)O)cc1,CHEMBL34259,IC50,nM,0.6,CHEMBL202,IC50,nM,0.6,HsDHFR (H. sapiens)
CHEMBL668272,CN(Cc1cnc2nc(N)nc(N)c2n1)c1ccc(C(=O)NC(C(=O)O)C(F)(F)CC(=O)O)cc1,CHEMBL160699,IC50,nM,1.34,CHEMBL202,IC50,nM,1.34,HsDHFR (H. sapiens)
CHEMBL669445,O=C(O)CCC(NC(=O)c1ccc(OCc2ccc3ncnc(O)c3c2)cc1)C(=O)O,CHEMBL354121,IC50,nM,260.0,CHEMBL202,I50,uM,0.26,HsDHFR (H. sapiens)
CHEMBL669279,Nc1ccc(Sc2cccc3nc(N)nc(N)c23)cc1,CHEMBL333769,IC50,nM,320.0,CHEMBL202,I50,uM,0.32,HsDHFR (H. sapiens)
CHEMBL669279,Nc1nc(N)c2c(Sc3ccc(C(F)(F)F)cc3)cccc2n1,CHEMBL413110,IC50,nM,2600.0,CHEMBL202,I50,uM,2.6,HsDHFR (H. sapiens)
CHEMBL669279,Nc1nc(N)c2c(Sc3cccc(Cl)c3)cccc2n1,CHEMBL338742,IC50,nM,270.0,CHEMBL202,I50,uM,0.27,HsDHFR (H. sapiens)
CHEMBL669279,Nc1nc(N)c2c(Sc3ccccc3Cl)cccc2n1,CHEMBL334307,IC50,nM,92.0,CHEMBL202,I50,uM,0.092,HsDHFR (H. sapiens)
CHEMBL669279,CCc1nc(N)nc(N)c1-c1ccc(Cl)cc1,CHEMBL36,IC50,nM,2600.0,CHEMBL202,I50,uM,2.6,HsDHFR (H. sapiens)
CHEMBL669279,CC(C)(C)c1ccc(Sc2c(N)ccc3nc(N)nc(N)c23)cc1,CHEMBL120588,IC50,nM,4300.0,CHEMBL202,I50,uM,4.3,HsDHFR (H. sapiens)
CHEMBL669279,COc1ccc(OC)c(Cc2cnc3nc(N)nc(N)c3c2C)c1,CHEMBL7492,IC50,nM,2.0,CHEMBL202,I50,uM,0.002,HsDHFR (H. sapiens)
CHEMBL669279,Nc1nc(N)c2c(Sc3ccc(OC4CCOCC4)cc3)cccc2n1,CHEMBL121057,IC50,nM,200.0,CHEMBL202,I50,uM,0.2,HsDHFR (H. sapiens)
CHEMBL669279,COc1ccc(Sc2cccc3nc(N)nc(N)c23)cc1,CHEMBL330868,IC50,nM,3500.0,CHEMBL202,I50,uM,3.5,HsDHFR (H. sapiens)
CHEMBL669279,CC(C)COc1ccc2nc(N)nc(N)c2c1Sc1ccc(C(C)(C)C)cc1,CHEMBL121669,IC50,nM,30.0,CHEMBL202,I50,uM,0.03,HsDHFR (H. sapiens)
CHEMBL669279,CCN(CC)c1ccc(Sc2cccc3nc(N)nc(N)c23)cc1,CHEMBL333976,IC50,nM,4300.0,CHEMBL202,I50,uM,4.3,HsDHFR (H. sapiens)
CHEMBL669279,N#Cc1ccc(Sc2cccc3nc(N)nc(N)c23)cc1,CHEMBL120783,IC50,nM,33000.0,CHEMBL202,I50,uM,33.0,HsDHFR (H. sapiens)
CHEMBL669279,COc1cccc(Sc2cccc3nc(N)nc(N)c23)c1,CHEMBL118490,IC50,nM,1300.0,CHEMBL202,I50,uM,1.3,HsDHFR (H. sapiens)
CHEMBL668275,CC(Cc1ccc(C(=O)NC(CCC(=O)O)C(=O)O)cc1)c1cnc2nc(N)nc(N)c2n1,CHEMBL431359,IC50,nM,40.0,CHEMBL202,IC50,uM,0.04,HsDHFR (H. sapiens)
CHEMBL669279,Nc1nc(N)c2c(Sc3ccc(Br)cc3)cccc2n1,CHEMBL118316,IC50,nM,3100.0,CHEMBL202,I50,uM,3.1,HsDHFR (H. sapiens)
CHEMBL669279,COc1ccc(Sc2cccc3nc(N)nc(N)c23)cc1OC,CHEMBL122647,IC50,nM,4100.0,CHEMBL202,I50,uM,4.1,HsDHFR (H. sapiens)
CHEMBL669279,CC(C)(C)c1ccc(Sc2cccc3nc(N)nc(N)c23)cc1,CHEMBL329985,IC50,nM,2000.0,CHEMBL202,I50,uM,2.0,HsDHFR (H. sapiens)
CHEMBL669279,Nc1nc(N)c2c(Sc3ccc(N4CCOCC4)cc3)cccc2n1,CHEMBL328827,IC50,nM,70000.0,CHEMBL202,I50,uM,70.0,HsDHFR (H. sapiens)
CHEMBL669279,COc1ccccc1Sc1cccc2nc(N)nc(N)c12,CHEMBL121303,IC50,nM,400.0,CHEMBL202,I50,uM,0.4,HsDHFR (H. sapiens)
CHEMBL669279,CC(C)c1ccc(Sc2cccc3nc(N)nc(N)c23)cc1,CHEMBL124304,IC50,nM,2400.0,CHEMBL202,I50,uM,2.4,HsDHFR (H. sapiens)
CHEMBL669279,CCCCCCc1ccc(Sc2cccc3nc(N)nc(N)c23)cc1,CHEMBL121595,IC50,nM,550.0,CHEMBL202,I50,uM,0.55,HsDHFR (H. sapiens)
CHEMBL669279,Nc1nc(N)c2c(Sc3ccc(Cl)cc3)cccc2n1,CHEMBL310759,IC50,nM,2100.0,CHEMBL202,I50,uM,2.1,HsDHFR (H. sapiens)
CHEMBL669279,COc1cc(Sc2cccc3nc(N)nc(N)c23)cc(OC)c1OC,CHEMBL120924,IC50,nM,4400.0,CHEMBL202,I50,uM,4.4,HsDHFR (H. sapiens)
CHEMBL669279,Nc1nc(N)c2c(Sc3ccc([N+](=O)[O-])cc3)cccc2n1,CHEMBL121680,IC50,nM,24000.0,CHEMBL202,I50,uM,24.0,HsDHFR (H. sapiens)
CHEMBL669279,COc1cc(Cc2cnc(N)nc2N)cc(OC)c1OC,CHEMBL22,IC50,nM,490000.0,CHEMBL202,I50,uM,490.0,HsDHFR (H. sapiens)
CHEMBL669987,CCC(Cc1ccc(C(=O)NC(CCC(=O)O)C(=O)O)cc1)c1cnc2nc(N)nc(N)c2n1,CHEMBL302068,IC50,nM,70.0,CHEMBL202,IC50,uM,0.07,HsDHFR (H. sapiens)
CHEMBL669279,CCOc1ccc2nc(N)nc(N)c2c1Sc1ccc(C(C)(C)C)cc1,CHEMBL420721,IC50,nM,820.0,CHEMBL202,I50,uM,0.82,HsDHFR (H. sapiens)
CHEMBL669279,Nc1nc(N)c2c(Sc3ccc(O)cc3)cccc2n1,CHEMBL123353,IC50,nM,180.0,CHEMBL202,I50,uM,0.18,HsDHFR (H. sapiens)
CHEMBL669279,Nc1nc(N)c2c(Sc3ccc(F)cc3)cccc2n1,CHEMBL121644,IC50,nM,2000.0,CHEMBL202,I50,uM,2.0,HsDHFR (H. sapiens)
CHEMBL669279,Nc1nc(N)c2c(Sc3ccccc3)cccc2n1,CHEMBL100239,IC50,nM,620.0,CHEMBL202,I50,uM,0.62,HsDHFR (H. sapiens)
CHEMBL669279,Cc1ccc(Sc2cccc3nc(N)nc(N)c23)cc1,CHEMBL83547,IC50,nM,940.0,CHEMBL202,I50,uM,0.94,HsDHFR (H. sapiens)
CHEMBL669279,CCC(C)(C)c1ccc(Sc2cccc3nc(N)nc(N)c23)cc1,CHEMBL123061,IC50,nM,3900.0,CHEMBL202,I50,uM,3.9,HsDHFR (H. sapiens)
CHEMBL668275,CN(Cc1cnc2nc(N)nc(N)c2n1)c1ccc(C(=O)N[C@@H](CCC(=O)O)C(=O)O)cc1,CHEMBL34259,IC50,nM,30.0,CHEMBL202,IC50,uM,0.03,HsDHFR (H. sapiens)
CHEMBL669279,CC(C)(C)c1ccc(Sc2c(C#N)ccc3nc(N)nc(N)c23)cc1,CHEMBL122628,IC50,nM,9100.0,CHEMBL202,I50,uM,9.1,HsDHFR (H. sapiens)
CHEMBL669448,CN(Cc1cnc2nc(N)nc(N)c2n1)c1ccc(C(=O)N[C@@H](CCC(=O)O)C(=O)O)cc1,CHEMBL34259,IC50,nM,25.0,CHEMBL202,IC50,uM,0.025,HsDHFR (H. sapiens)
CHEMBL669448,C=C(CC(NC(=O)c1ccc(N(C)Cc2cnc3nc(N)nc(N)c3n2)cc1)C(=O)O)C(=O)O,CHEMBL65616,IC50,nM,44.0,CHEMBL202,IC50,uM,0.044,HsDHFR (H. sapiens)
CHEMBL668435,CC(Cc1coc2nc(N)cc(N)c12)c1ccc(C(=O)NC(CCC(=O)O)C(=O)O)cc1,CHEMBL60639,IC50,nM,420.0,CHEMBL202,IC50,uM,0.42,HsDHFR (H. sapiens)
CHEMBL668432,Nc1nc(N)c2nc(CNc3ccc(C(=O)N[C@@H](CCC(=O)O)C(=O)O)cc3)cnc2n1,CHEMBL376180,IC50,nM,25.0,CHEMBL202,IC50,nM,25.0,HsDHFR (H. sapiens)
CHEMBL668432,CN(Cc1cnc2nc(N)nc(N)c2n1)c1ccc(C(=O)NC(CCC(=O)Nc2cccc(C(=O)O)c2)C(=O)O)cc1,CHEMBL155023,IC50,nM,35.0,CHEMBL202,IC50,nM,35.0,HsDHFR (H. sapiens)
CHEMBL668435,Nc1cc(N)c2c(CCc3ccc(C(=O)NC(CCC(=O)O)C(=O)O)cc3)coc2n1,CHEMBL57444,IC50,nM,1000.0,CHEMBL202,IC50,uM,1.0,HsDHFR (H. sapiens)
CHEMBL668432,CN(Cc1cnc2nc(N)nc(N)c2n1)c1ccc(C(=O)N[C@@H](CCC(=O)O)C(=O)O)cc1,CHEMBL34259,IC50,nM,24.0,CHEMBL202,IC50,nM,24.0,HsDHFR (H. sapiens)
CHEMBL668432,CN(Cc1cnc2nc(N)nc(N)c2n1)c1ccc(C(=O)NC(CCC(=O)Nc2cccc(B(O)O)c2)C(=O)O)cc1,CHEMBL157117,IC50,nM,30.0,CHEMBL202,IC50,nM,30.0,HsDHFR (H. sapiens)
CHEMBL669449,Nc1nc(N)c2nc(COC(=O)c3ccc(C(=O)N[C@@H](CCC(=O)O)C(=O)O)cc3)cnc2n1,CHEMBL327066,IC50,nM,3100.0,CHEMBL202,IC50,uM,3.1,HsDHFR (H. sapiens)
CHEMBL668435,CCC(Cc1coc2nc(N)cc(N)c12)c1ccc(C(=O)NC(CCC(=O)O)C(=O)O)cc1,CHEMBL56977,IC50,nM,220.0,CHEMBL202,IC50,uM,0.22,HsDHFR (H. sapiens)
CHEMBL668435,CN(Cc1cnc2nc(N)nc(N)c2n1)c1ccc(C(=O)N[C@@H](CCC(=O)O)C(=O)O)cc1,CHEMBL34259,IC50,nM,22.0,CHEMBL202,IC50,uM,0.022,HsDHFR (H. sapiens)
CHEMBL668432,Nc1nc(N)c2nc(CNc3ccc(C(=O)NC(CCC(=O)Nc4cccc(C(=O)O)c4)C(=O)O)cc3)cnc2n1,CHEMBL421973,IC50,nM,32.0,CHEMBL202,IC50,nM,32.0,HsDHFR (H. sapiens)
CHEMBL669448,Nc1nc(N)c2nc(CNc3ccc(C(=O)N[C@@H](CCC(=O)O)C(=O)O)cc3)cnc2n1,CHEMBL376180,IC50,nM,25.0,CHEMBL202,IC50,uM,0.025,HsDHFR (H. sapiens)
CHEMBL669448,C=C(CC(NC(=O)c1ccc(NCc2cnc3nc(N)nc(N)c3n2)cc1)C(=O)O)C(=O)O,CHEMBL65711,IC50,nM,88.0,CHEMBL202,IC50,uM,0.088,HsDHFR (H. sapiens)
CHEMBL669449,Nc1nc(N)c2cc(COC(=O)c3ccc(C(=O)N[C@@H](CCC(=O)O)C(=O)O)cc3)ccc2n1,CHEMBL117602,IC50,nM,125.0,CHEMBL202,IC50,uM,0.125,HsDHFR (H. sapiens)
CHEMBL669449,CN(Cc1cnc2nc(N)nc(N)c2n1)c1ccc(C(=O)N[C@@H](CCC(=O)O)C(=O)O)cc1,CHEMBL34259,IC50,nM,2.0,CHEMBL202,IC50,uM,0.002,HsDHFR (H. sapiens)
CHEMBL669448,CN(Cc1cnc2nc(N)nc(N)c2n1)c1ccc(C(=O)NC(CC(C#N)C(=O)O)C(=O)O)cc1,CHEMBL65620,IC50,nM,57.0,CHEMBL202,IC50,uM,0.057,HsDHFR (H. sapiens)
CHEMBL668436,COc1cc(CNc2cnc3nc(N)nc(N)c3c2)cc(OC)c1OC,CHEMBL33208,IC50,nM,76000.0,CHEMBL202,IC50,uM,76.0,HsDHFR (H. sapiens)
CHEMBL668436,COc1ccc(OC)c(CN(C)c2cnc3nc(N)nc(N)c3c2)c1,CHEMBL32113,IC50,nM,8500.0,CHEMBL202,IC50,uM,8.5,HsDHFR (H. sapiens)
CHEMBL668436,COc1cc(Cc2cnc(N)nc2N)cc(OC)c1OC,CHEMBL22,IC50,nM,54.0,CHEMBL202,IC50,uM,0.054,HsDHFR (H. sapiens)
CHEMBL668436,COc1ccc(CNc2ccc3nc(N)nc(N)c3c2)c(OC)c1,CHEMBL116200,IC50,nM,26000.0,CHEMBL202,IC50,uM,26.0,HsDHFR (H. sapiens)
CHEMBL668436,Nc1nc(N)c2cc(NCc3cccc4c3CCCC4)ccc2n1,CHEMBL114839,IC50,nM,600.0,CHEMBL202,IC50,uM,0.6,HsDHFR (H. sapiens)
CHEMBL668436,COc1ccc(OC)c(CN(C)c2ccc3nc(N)nc(N)c3c2)c1,CHEMBL325434,IC50,nM,26.0,CHEMBL202,IC50,uM,0.026,HsDHFR (H. sapiens)
CHEMBL668436,COc1cc(OC)c(CNc2ccc3nc(N)nc(N)c3c2)c(OC)c1,CHEMBL114058,IC50,nM,25000.0,CHEMBL202,IC50,uM,25.0,HsDHFR (H. sapiens)
CHEMBL668436,COc1ccc(CN(C)c2ccc3nc(N)nc(N)c3c2)c(OC)c1,CHEMBL115804,IC50,nM,50.0,CHEMBL202,IC50,uM,0.05,HsDHFR (H. sapiens)
CHEMBL668436,CN(Cc1cccc2c1CCCC2)c1ccc2nc(N)nc(N)c2c1,CHEMBL114354,IC50,nM,27.0,CHEMBL202,IC50,uM,0.027,HsDHFR (H. sapiens)
CHEMBL668436,COc1cc(CNc2ccc3nc(N)nc(N)c3c2)cc(OC)c1OC,CHEMBL113999,IC50,nM,23000.0,CHEMBL202,IC50,uM,23.0,HsDHFR (H. sapiens)
CHEMBL668436,COc1ccc(OC)c(CNc2cnc3nc(N)nc(N)c3c2)c1,CHEMBL32708,IC50,nM,13000.0,CHEMBL202,IC50,uM,13.0,HsDHFR (H. sapiens)
CHEMBL668436,COc1cc(CN(C)c2cnc3nc(N)nc(N)c3c2)cc(OC)c1,CHEMBL36245,IC50,nM,2900.0,CHEMBL202,IC50,uM,2.9,HsDHFR (H. sapiens)
CHEMBL668436,COc1ccc(CN(C)c2ccc3nc(N)nc(N)c3c2)c(OC)c1OC,CHEMBL117750,IC50,nM,140.0,CHEMBL202,IC50,uM,0.14,HsDHFR (H. sapiens)
CHEMBL668436,COc1cc(CNc2ccc3nc(N)nc(N)c3c2)cc(OC)c1,CHEMBL116815,IC50,nM,28000.0,CHEMBL202,IC50,uM,28.0,HsDHFR (H. sapiens)
CHEMBL668436,COc1ccc(CNc2ccc3nc(N)nc(N)c3c2)c(OC)c1OC,CHEMBL116637,IC50,nM,27000.0,CHEMBL202,IC50,uM,27.0,HsDHFR (H. sapiens)
CHEMBL668436,COc1ccc(OC)c(CNc2ccc3nc(N)nc(N)c3c2)c1,CHEMBL116816,IC50,nM,28000.0,CHEMBL202,IC50,uM,28.0,HsDHFR (H. sapiens)
CHEMBL668436,COc1cc(CN(C)c2ccc3nc(N)nc(N)c3c2)cc(OC)c1,CHEMBL113816,IC50,nM,11.0,CHEMBL202,IC50,uM,0.011,HsDHFR (H. sapiens)
CHEMBL668436,Nc1nc(N)c2cc(NCc3ccccc3)ccc2n1,CHEMBL115474,IC50,nM,2400.0,CHEMBL202,IC50,uM,2.4,HsDHFR (H. sapiens)
CHEMBL668436,COc1cc(NCc2ccc3nc(N)nc(N)c3c2C)cc(OC)c1OC,CHEMBL119,IC50,nM,340000.0,CHEMBL202,IC50,uM,340.0,HsDHFR (H. sapiens)
CHEMBL668436,COc1cc(OC)c(OC)cc1CNc1ccc2nc(N)nc(N)c2c1,CHEMBL114833,IC50,nM,1400.0,CHEMBL202,IC50,uM,1.4,HsDHFR (H. sapiens)
CHEMBL669446,Nc1nc(=O)c2cc(CSc3ccc(C(=O)NC(CCC(=O)O)C(=O)O)cc3)ccc2[nH]1,CHEMBL138870,IC50,nM,330.0,CHEMBL202,I50,uM,0.33,HsDHFR (H. sapiens)
CHEMBL669446,Cc1c(N(C)Cc2ccc(C(=O)NC(CCC(=O)O)C(=O)O)cc2)ccc2nc(N)nc(O)c12,CHEMBL80135,IC50,nM,3200.0,CHEMBL202,I50,uM,3.2,HsDHFR (H. sapiens)
CHEMBL669446,Cc1c(NCc2ccc(C(=O)NC(CCC(=O)O)C(=O)O)cc2)ccc2nc(N)nc(N)c12,CHEMBL36866,IC50,nM,4.1,CHEMBL202,I50,uM,0.0041,HsDHFR (H. sapiens)
CHEMBL669446,Nc1nc(=O)c2cc(NCc3ccc(C(=O)NC(CCC(=O)O)C(=O)O)cc3)ccc2[nH]1,CHEMBL36739,IC50,nM,110.0,CHEMBL202,I50,uM,0.11,HsDHFR (H. sapiens)
CHEMBL669446,CN(Cc1ccc(C(=O)NC(CCC(=O)O)C(=O)O)cc1)c1ccc2nc(N)nc(N)c2c1,CHEMBL305253,IC50,nM,4.6,CHEMBL202,I50,uM,0.0046,HsDHFR (H. sapiens)
CHEMBL665699,Nc1nc(N)c2cc(CNc3ccc(C(=O)NC(CCC(=O)O)C(=O)O)c4ccccc34)cnc2n1,CHEMBL132142,IC50,nM,0.0021,CHEMBL202,IC50,pM,2.1,HsDHFR (H. sapiens)
CHEMBL884437,CN(Cc1cnc2nc(N)nc(N)c2n1)c1ccc(C(=O)N[C@@H](CCC(=O)O)C(=O)O)cc1,CHEMBL34259,IC50,nM,2.7,CHEMBL202,IC50,uM,0.0027,HsDHFR (H. sapiens)
CHEMBL669446,CN(Cc1ccc2nc(N)nc(O)c2c1)c1ccc(C(=O)NC(CCC(=O)O)C(=O)O)cc1,CHEMBL343140,IC50,nM,83.0,CHEMBL202,I50,uM,0.083,HsDHFR (H. sapiens)
CHEMBL669446,Nc1nc(N)c2cc(N(C=O)Cc3ccc(C(=O)NC(CCC(=O)O)C(=O)O)cc3)ccc2n1,CHEMBL69713,IC50,nM,5.7,CHEMBL202,I50,uM,0.0057,HsDHFR (H. sapiens)
CHEMBL669446,Nc1nc(O)c2cc(N(C=O)Cc3ccc(C(=O)NC(CCC(=O)O)C(=O)O)cc3)ccc2n1,CHEMBL77065,IC50,nM,280.0,CHEMBL202,I50,uM,0.28,HsDHFR (H. sapiens)
CHEMBL669446,Nc1nc(O)c2cc(CN(C=O)c3ccc(C(=O)NC(CCC(=O)O)C(=O)O)cc3)ccc2n1,CHEMBL140448,IC50,nM,11.0,CHEMBL202,I50,uM,0.011,HsDHFR (H. sapiens)
CHEMBL669446,Cc1c(NCc2ccc(C(=O)NC(CCC(=O)O)C(=O)O)cc2)ccc2nc(N)nc(O)c12,CHEMBL35936,IC50,nM,460.0,CHEMBL202,I50,uM,0.46,HsDHFR (H. sapiens)
CHEMBL669446,Nc1nc(O)c2cc(COc3ccc(C(=O)NC(CCC(=O)O)C(=O)O)cc3)ccc2n1,CHEMBL139551,IC50,nM,170.0,CHEMBL202,I50,uM,0.17,HsDHFR (H. sapiens)
CHEMBL884437,Nc1nc(O)c2cc(CNc3ccc(C(=O)NC(CCS(=O)(=O)O)C(=O)O)cc3)cnc2n1,CHEMBL39175,IC50,nM,400.0,CHEMBL202,IC50,uM,0.4,HsDHFR (H. sapiens)
CHEMBL669446,Nc1nc(N)c2cc(CN(C=O)c3ccc(C(=O)NC(CCC(=O)O)C(=O)O)cc3)ccc2n1,CHEMBL303654,IC50,nM,5.8,CHEMBL202,I50,uM,0.0058,HsDHFR (H. sapiens)
CHEMBL884437,Nc1nc(O)c2c(n1)NCC(CNc1ccc(C(=O)NC(CCP(=O)(O)O)C(=O)O)cc1)C2,CHEMBL38902,IC50,nM,220000.0,CHEMBL202,IC50,uM,220.0,HsDHFR (H. sapiens)
CHEMBL669446,C=CCN(Cc1ccc(C(=O)NC(CCC(=O)O)C(=O)O)cc1)c1ccc2nc(N)nc(O)c2c1,CHEMBL442217,IC50,nM,1400.0,CHEMBL202,I50,uM,1.4,HsDHFR (H. sapiens)
CHEMBL884437,Nc1nc(O)c2cc(CNc3ccc(C(=O)NC(CCP(=O)(O)O)C(=O)O)cc3)cnc2n1,CHEMBL40850,IC50,nM,4700.0,CHEMBL202,IC50,uM,4.7,HsDHFR (H. sapiens)
CHEMBL669446,CN(Cc1ccc(C(=O)NC(CCC(=O)O)C(=O)O)cc1)c1ccc2nc(N)nc(O)c2c1,CHEMBL74659,IC50,nM,300.0,CHEMBL202,I50,uM,0.3,HsDHFR (H. sapiens)
CHEMBL669446,C#CCN(Cc1ccc2[nH]c(N)nc(=O)c2c1)c1ccc(C(=O)NC(CCC(=O)O)C(=O)O)cc1,CHEMBL422395,IC50,nM,910.0,CHEMBL202,I50,uM,0.91,HsDHFR (H. sapiens)
CHEMBL669446,C=CCN(Cc1ccc(C(=O)NC(CCC(=O)O)C(=O)O)cc1)c1ccc2nc(N)nc(N)c2c1,CHEMBL141576,IC50,nM,5.4,CHEMBL202,I50,uM,0.0054,HsDHFR (H. sapiens)
CHEMBL884437,CCOP(=O)(O)CCC(NC(=O)c1ccc(NCc2cnc3nc(N)nc(O)c3c2)cc1)C(=O)O,CHEMBL294973,IC50,nM,1300.0,CHEMBL202,IC50,uM,1.3,HsDHFR (H. sapiens)
CHEMBL884437,Nc1nc(O)c2c(n1)NCC(CNc1ccc(C(=O)NC(CCS(=O)(=O)O)C(=O)O)cc1)C2,CHEMBL417696,IC50,nM,12000.0,CHEMBL202,IC50,uM,12.0,HsDHFR (H. sapiens)
CHEMBL669446,Nc1nc(O)c2cc(CNc3ccc(C(=O)NC(CCC(=O)O)C(=O)O)cc3)ccc2n1,CHEMBL23977,IC50,nM,34.0,CHEMBL202,I50,uM,0.034,HsDHFR (H. sapiens)
CHEMBL669446,C#CCN(Cc1ccc(C(=O)NC(CCC(=O)O)C(=O)O)cc1)c1ccc2nc(N)nc(N)c2c1,CHEMBL141648,IC50,nM,5.3,CHEMBL202,I50,uM,0.0053,HsDHFR (H. sapiens)
CHEMBL669446,Nc1nc(N)c2c(Cl)c(CNc3ccc(C(=O)NC(CCC(=O)O)C(=O)O)cc3)ccc2n1,CHEMBL37061,IC50,nM,3.8,CHEMBL202,I50,uM,0.0038,HsDHFR (H. sapiens)
CHEMBL669446,Nc1nc(N)c2cc(NCc3ccc(C(=O)NC(CCC(=O)O)C(=O)O)cc3)ccc2n1,CHEMBL423123,IC50,nM,8.6,CHEMBL202,I50,uM,0.0086,HsDHFR (H. sapiens)
CHEMBL669446,Nc1nc(N)c2cc(CNc3ccc(C(=O)NC(CCC(=O)O)C(=O)O)cc3)ccc2n1,CHEMBL305177,IC50,nM,4.5,CHEMBL202,I50,uM,0.0045,HsDHFR (H. sapiens)
CHEMBL669446,C#CCN(Cc1ccc(C(=O)NC(CCC(=O)O)C(=O)O)cc1)c1ccc2nc(N)nc(O)c2c1,CHEMBL141857,IC50,nM,3000.0,CHEMBL202,I50,uM,3.0,HsDHFR (H. sapiens)
CHEMBL669446,CN(Cc1cnc2nc(N)nc(N)c2n1)c1ccc(C(=O)N[C@@H](CCC(=O)O)C(=O)O)cc1,CHEMBL34259,IC50,nM,3.8,CHEMBL202,I50,uM,0.0038,HsDHFR (H. sapiens)
CHEMBL884437,CCOP(=O)(O)CCC(NC(=O)c1ccc(NCC2CNc3nc(N)nc(O)c3C2)cc1)C(=O)O,CHEMBL41459,IC50,nM,950000.0,CHEMBL202,IC50,uM,950.0,HsDHFR (H. sapiens)
CHEMBL669446,CN(Cc1ccc2nc(N)nc(N)c2c1)c1ccc(C(=O)NC(CCC(=O)O)C(=O)O)cc1,CHEMBL304397,IC50,nM,3.9,CHEMBL202,I50,uM,0.0039,HsDHFR (H. sapiens)
CHEMBL669446,Nc1nc(O)c2c(Cl)c(NCc3ccc(C(=O)NC(CCC(=O)O)C(=O)O)cc3)ccc2n1,CHEMBL39851,IC50,nM,100.0,CHEMBL202,I50,uM,0.1,HsDHFR (H. sapiens)
CHEMBL667603,COc1cc(Cc2cnc(N)nc2N)cc(OC)c1OC,CHEMBL22,IC50,nM,450.0,CHEMBL202,I50,M,4.5E-7,HsDHFR (H. sapiens)
CHEMBL668438,CC1=C(Sc2ccc(C(=O)NC(CCC(=O)O)C(=O)O)cc2)C2C(=O)NC(N)=NC2N1,CHEMBL336487,IC50,nM,2200.0,CHEMBL202,IC50,uM,2.2,HsDHFR (H. sapiens)
CHEMBL668437,CC1=C(Sc2ccc(C(=O)NC(CCC(=O)O)C(=O)O)cc2)C2C(=O)NC(N)=NC2N1,CHEMBL336487,IC50,nM,124.0,CHEMBL202,IC50,uM,0.124,HsDHFR (H. sapiens)
CHEMBL667603,COc1cc(Cc2cnc(N)nc2N)cc2c(N(C)C)cc(C)nc12,CHEMBL58366,IC50,nM,140.0,CHEMBL202,I50,M,1.4E-7,HsDHFR (H. sapiens)
CHEMBL667603,Cc1cc(N2CCOCC2)nc2cc(Cc3cnc(N)nc3N)ccc12,CHEMBL56325,IC50,nM,630.0,CHEMBL202,I50,M,6.3E-7,HsDHFR (H. sapiens)
CHEMBL667603,COc1cc(C)c2ccc(Cc3cnc(N)nc3N)cc2n1,CHEMBL294377,IC50,nM,300.0,CHEMBL202,I50,M,3E-7,HsDHFR (H. sapiens)
CHEMBL667603,COc1cc(C)c2cc(Cc3cnc(N)nc3N)cc(C)c2n1,CHEMBL60486,IC50,nM,1800.0,CHEMBL202,I50,M,0.0000018,HsDHFR (H. sapiens)
CHEMBL667603,COc1cc(C)nc2c(OC)cc(Cc3cnc(N)nc3N)cc12,CHEMBL56719,IC50,nM,540.0,CHEMBL202,I50,M,5.4E-7,HsDHFR (H. sapiens)
CHEMBL662239,C#CN(Cc1ccc2nc(N)nc(O)c2c1)c1ccc(C(=O)NC(CCC(=O)O)C(=O)NC(CCC(=O)NC(CCC(=O)NC(CCC(=O)NC(CCC(=O)O)C(=O)O)C(=O)O)C(=O)O)C(=O)O)cc1,CHEMBL1160181,IC50,nM,290.0,CHEMBL202,IC50,M,2.9E-7,HsDHFR (H. sapiens)
CHEMBL668433,NCCCC(NC(=O)c1ccc(NCc2ccc3nc(N)nc(N)c3n2)cc1)C(=O)O,CHEMBL35921,IC50,nM,16.0,CHEMBL202,IC50,uM,0.016,HsDHFR (H. sapiens)
CHEMBL668433,NCCCC(NC(=O)c1ccc(NCc2cnc3nc(N)nc(N)c3n2)cc1)C(=O)O,CHEMBL280864,IC50,nM,72.0,CHEMBL202,IC50,uM,0.072,HsDHFR (H. sapiens)
CHEMBL662239,CN(Cc1cnc2nc(N)nc(N)c2n1)c1ccc(C(=O)N[C@@H](CCC(=O)O)C(=O)O)cc1,CHEMBL34259,IC50,nM,2.7,CHEMBL202,IC50,M,2.7E-9,HsDHFR (H. sapiens)
CHEMBL662239,C#CN(Cc1ccc2nc(N)nc(O)c2c1)c1ccc(C(=O)NC(CCC(=O)NC(CCC(=O)NC(CCC(=O)O)C(=O)O)C(=O)O)C(=O)O)cc1,CHEMBL1160188,IC50,nM,370.0,CHEMBL202,IC50,M,3.7E-7,HsDHFR (H. sapiens)
CHEMBL668433,NCCCC(NC(=O)c1ccc(NCc2cnc3nc(N)nc(N)c3c2)cc1)C(=O)O,CHEMBL287532,IC50,nM,27000.0,CHEMBL202,IC50,uM,27.0,HsDHFR (H. sapiens)
CHEMBL662239,C#CN(Cc1ccc2nc(N)nc(O)c2c1)c1ccc(C(=O)NC(CCC(=O)O)C(=O)NC(CCC(=O)O)C(=O)O)cc1,CHEMBL1160189,IC50,nM,340.0,CHEMBL202,IC50,M,3.4E-7,HsDHFR (H. sapiens)
CHEMBL662239,C#CN(Cc1ccc2nc(N)nc(O)c2c1)c1ccc(C(=O)NC(CCC(=O)O)C(=O)NC(CCC(=O)NC(CCC(=O)NC(CCC(=O)O)C(=O)O)C(=O)O)C(=O)O)cc1,CHEMBL1160192,IC50,nM,300.0,CHEMBL202,IC50,M,3E-7,HsDHFR (H. sapiens)
CHEMBL662239,C#CN(Cc1ccc2nc(N)nc(O)c2c1)c1ccc(C(=O)NC(CCC=O)C(=O)O)cc1,CHEMBL1160200,IC50,nM,640.0,CHEMBL202,IC50,M,6.4E-7,HsDHFR (H. sapiens)
CHEMBL668433,NCCCC(NC(=O)c1ccc(NCc2ccc3nc(N)nc(N)c3c2)cc1)C(=O)O,CHEMBL32439,IC50,nM,35.0,CHEMBL202,IC50,uM,0.035,HsDHFR (H. sapiens)
CHEMBL668433,NCCCC(NC(=O)c1ccc(NCc2ccc3nc(N)nc(O)c3c2)cc1)C(=O)O,CHEMBL35807,IC50,nM,750.0,CHEMBL202,IC50,uM,0.75,HsDHFR (H. sapiens)
CHEMBL668433,CN(Cc1cnc2nc(N)nc(N)c2n1)c1ccc(C(=O)NC(CCCNCC(=O)O)C(=O)O)cc1,CHEMBL32691,IC50,nM,50.0,CHEMBL202,IC50,uM,0.05,HsDHFR (H. sapiens)
CHEMBL668433,NCCCC(NC(=O)c1ccc(NCc2cnc3nc(N)nc(O)c3c2)cc1)C(=O)O,CHEMBL35231,IC50,nM,8500.0,CHEMBL202,IC50,uM,8.5,HsDHFR (H. sapiens)
CHEMBL668433,CN(Cc1cnc2nc(N)nc(N)c2n1)c1ccc(C(=O)NC(CCCN)C(=O)O)cc1,CHEMBL36083,IC50,nM,160.0,CHEMBL202,IC50,uM,0.16,HsDHFR (H. sapiens)
CHEMBL669986,Cc1c(CNc2ccc(OC(F)F)cc2)cnc2nc(N)nc(N)c12,CHEMBL345708,IC50,nM,20.0,CHEMBL202,IC50,nM,20.0,HsDHFR (H. sapiens)
CHEMBL669986,Cc1ccc(Cl)cc1NCc1cnc2nc(N)nc(N)c2c1C,CHEMBL147256,IC50,nM,6.1,CHEMBL202,IC50,nM,6.1,HsDHFR (H. sapiens)
CHEMBL669986,COCc1c(CNc2ccc(Cl)cc2)cnc2nc(N)nc(N)c12,CHEMBL345757,IC50,nM,2600.0,CHEMBL202,IC50,nM,2600.0,HsDHFR (H. sapiens)
CHEMBL669986,CCOc1ccc(OCC)c(NCc2cnc3nc(N)nc(N)c3c2C)c1,CHEMBL279679,IC50,nM,2300.0,CHEMBL202,IC50,nM,2300.0,HsDHFR (H. sapiens)
CHEMBL669986,Cc1cc(Br)cc(C)c1NCc1cnc2nc(N)nc(N)c2c1C,CHEMBL147006,IC50,nM,1900.0,CHEMBL202,IC50,nM,1900.0,HsDHFR (H. sapiens)
CHEMBL669986,Nc1nc(N)c2cc(CNc3ccc(Cl)cc3)cnc2n1,CHEMBL23492,IC50,nM,670.0,CHEMBL202,IC50,nM,670.0,HsDHFR (H. sapiens)
CHEMBL669986,Cc1c(CNC2c3ccccc3-c3ccccc32)cnc2nc(N)nc(N)c12,CHEMBL151611,IC50,nM,5300.0,CHEMBL202,IC50,nM,5300.0,HsDHFR (H. sapiens)
CHEMBL669986,COc1ccc(C)c(NCc2cnc3nc(N)nc(N)c3c2C)c1,CHEMBL23713,IC50,nM,150.0,CHEMBL202,IC50,nM,150.0,HsDHFR (H. sapiens)
CHEMBL669986,Cc1ccc(C)c(NCc2cnc3nc(N)nc(N)c3c2C)c1,CHEMBL23383,IC50,nM,57.0,CHEMBL202,IC50,nM,57.0,HsDHFR (H. sapiens)
CHEMBL669986,Cc1cc(NCc2cnc3nc(N)nc(N)c3c2C)c(Cl)cc1F,CHEMBL146968,IC50,nM,33.0,CHEMBL202,IC50,nM,33.0,HsDHFR (H. sapiens)
CHEMBL669985,COc1cc(NCc2cnc3nc(N)nc(N)c3c2C)cc(OC)c1,CHEMBL23569,IC50,nM,15.0,CHEMBL202,IC50,nM,15.0,HsDHFR (H. sapiens)
CHEMBL669986,Cc1ccc(F)cc1NCc1cnc2nc(N)nc(N)c2c1C,CHEMBL347061,IC50,nM,19.0,CHEMBL202,IC50,nM,19.0,HsDHFR (H. sapiens)
CHEMBL669986,Cc1c(Cl)cccc1NCc1cnc2nc(N)nc(N)c2c1C,CHEMBL147124,IC50,nM,5.2,CHEMBL202,IC50,nM,5.2,HsDHFR (H. sapiens)
CHEMBL669444,O=C(O)CCC(NC(=O)c1ccc(OCc2ccc3ncnc(O)c3c2)cc1)C(=O)O,CHEMBL354121,IC50,nM,260.0,CHEMBL202,I50,uM,0.26,HsDHFR (H. sapiens)
CHEMBL668081,C/C(=C\c1coc2nc(N)nc(N)c12)c1ccc(C(=O)N[C@@H](CCC(=O)O)C(=O)O)cc1,CHEMBL2092925,IC50,nM,42000.0,CHEMBL202,IC50,uM,42.0,HsDHFR (H. sapiens)
CHEMBL669986,Cc1ccc(NCc2cnc3nc(N)nc(N)c3c2C)cc1Br,CHEMBL148814,IC50,nM,3.7,CHEMBL202,IC50,nM,3.7,HsDHFR (H. sapiens)
CHEMBL669986,Cc1cc(Cl)ccc1NCc1cnc2nc(N)nc(N)c2c1C,CHEMBL150470,IC50,nM,2.8,CHEMBL202,IC50,nM,2.8,HsDHFR (H. sapiens)
CHEMBL669986,COc1ccc(NCc2cnc3nc(N)nc(N)c3c2C)cc1OC,CHEMBL283518,IC50,nM,5.1,CHEMBL202,IC50,nM,5.1,HsDHFR (H. sapiens)
CHEMBL669986,Cc1c(CN(C)c2cccc3c2CCCC3)cnc2nc(N)nc(N)c12,CHEMBL23220,IC50,nM,710.0,CHEMBL202,IC50,nM,710.0,HsDHFR (H. sapiens)
CHEMBL669986,Cc1c(CNc2ccc3ccc4cccc5ccc2c3c45)cnc2nc(N)nc(N)c12,CHEMBL359144,IC50,nM,3.8,CHEMBL202,IC50,nM,3.8,HsDHFR (H. sapiens)
CHEMBL668081,C/C(=C/c1coc2nc(N)nc(N)c12)c1ccc(C(=O)N[C@@H](CCC(=O)O)C(=O)O)cc1.C/C(=C\c1coc2nc(N)nc(N)c12)c1ccc(C(=O)N[C@@H](CCC(=O)O)C(=O)O)cc1,CHEMBL1237205,IC50,nM,2200.0,CHEMBL202,IC50,uM,2.2,HsDHFR (H. sapiens)
CHEMBL669986,Cc1c(CNc2ccc(Cl)cc2)cnc2nc(N)nc(N)c12,CHEMBL23416,IC50,nM,27.0,CHEMBL202,IC50,nM,27.0,HsDHFR (H. sapiens)
CHEMBL669986,COc1cc(NCc2cnc3nc(N)nc(N)c3c2)cc(OC)c1OC,CHEMBL23288,IC50,nM,3900.0,CHEMBL202,IC50,nM,3900.0,HsDHFR (H. sapiens)
CHEMBL669986,Cc1c(CNc2cccc3ccccc23)cnc2nc(N)nc(N)c12,CHEMBL23867,IC50,nM,4.3,CHEMBL202,IC50,nM,4.3,HsDHFR (H. sapiens)
CHEMBL669986,Cc1c(CNc2ccccc2OC(F)F)cnc2nc(N)nc(N)c12,CHEMBL347088,IC50,nM,277.0,CHEMBL202,IC50,nM,277.0,HsDHFR (H. sapiens)
CHEMBL669986,COc1ccc(C(F)(F)F)cc1N(C)Cc1cnc2nc(N)nc(N)c2c1C,CHEMBL23076,IC50,nM,36.0,CHEMBL202,IC50,nM,36.0,HsDHFR (H. sapiens)
CHEMBL669986,Cc1cc(NCc2cnc3nc(N)nc(N)c3c2C)ccc1Br,CHEMBL150382,IC50,nM,6.1,CHEMBL202,IC50,nM,6.1,HsDHFR (H. sapiens)
CHEMBL669986,Cc1c(CNc2ccc(Cl)c(Cl)c2)cnc2nc(N)nc(N)c12,CHEMBL81820,IC50,nM,5.0,CHEMBL202,IC50,nM,5.0,HsDHFR (H. sapiens)
CHEMBL669986,Cc1c(CNc2cccc3c2CCCC3)cnc2nc(N)nc(N)c12,CHEMBL282948,IC50,nM,142.0,CHEMBL202,IC50,nM,142.0,HsDHFR (H. sapiens)
CHEMBL669986,Cc1c(CNc2cnc3ccccc3c2)cnc2nc(N)nc(N)c12,CHEMBL149101,IC50,nM,12.0,CHEMBL202,IC50,nM,12.0,HsDHFR (H. sapiens)
CHEMBL669986,Cc1c(CSc2ccc(Cl)cc2)cnc2nc(N)nc(N)c12,CHEMBL22677,IC50,nM,590.0,CHEMBL202,IC50,nM,590.0,HsDHFR (H. sapiens)
CHEMBL669986,Cc1c(CNc2ccccc2Cl)cnc2nc(N)nc(N)c12,CHEMBL81119,IC50,nM,120.0,CHEMBL202,IC50,nM,120.0,HsDHFR (H. sapiens)
CHEMBL669986,COc1cc(NCc2cnc3nc(N)nc(N)c3c2C)cc(C(F)(F)F)c1,CHEMBL23963,IC50,nM,5.5,CHEMBL202,IC50,nM,5.5,HsDHFR (H. sapiens)
CHEMBL669986,Cc1cc(Br)ccc1NCc1cnc2nc(N)nc(N)c2c1C,CHEMBL148877,IC50,nM,5.9,CHEMBL202,IC50,nM,5.9,HsDHFR (H. sapiens)
CHEMBL669986,COc1cc(OC)cc(N(C)Cc2cnc3nc(N)nc(N)c3c2C)c1,CHEMBL22623,IC50,nM,8.7,CHEMBL202,IC50,nM,8.7,HsDHFR (H. sapiens)
CHEMBL669986,Cc1c(CNc2ccc(Cl)c3ccccc23)cnc2nc(N)nc(N)c12,CHEMBL150317,IC50,nM,2.0,CHEMBL202,IC50,nM,2.0,HsDHFR (H. sapiens)
CHEMBL669444,C#CCN(Cc1ccc2[nH]c(N)nc(=O)c2c1)c1ccc(C(=O)NC(CCC(=O)O)C(=O)O)cc1,CHEMBL422395,IC50,nM,910.0,CHEMBL202,I50,uM,0.91,HsDHFR (H. sapiens)
CHEMBL669986,COc1cc(-c2ccccc2)ccc1NCc1cnc2nc(N)nc(N)c2c1C,CHEMBL147504,IC50,nM,68.0,CHEMBL202,IC50,nM,68.0,HsDHFR (H. sapiens)
CHEMBL669986,CCCOc1ccc(NCc2cnc3nc(N)nc(N)c3c2C)cc1OC,CHEMBL151947,IC50,nM,15.0,CHEMBL202,IC50,nM,15.0,HsDHFR (H. sapiens)
CHEMBL669986,COc1cc(NCc2cnc3nc(N)nc(N)c3c2C)cc(OC)c1OC,CHEMBL23532,IC50,nM,4.7,CHEMBL202,IC50,nM,4.7,HsDHFR (H. sapiens)
CHEMBL669986,Cc1c(CNc2ccc3ccccc3c2)cnc2nc(N)nc(N)c12,CHEMBL151367,IC50,nM,10.0,CHEMBL202,IC50,nM,10.0,HsDHFR (H. sapiens)
CHEMBL669986,CCc1c(CNc2cc(OC)ccc2OC)cnc2nc(N)nc(N)c12,CHEMBL149351,IC50,nM,1000.0,CHEMBL202,IC50,nM,1000.0,HsDHFR (H. sapiens)
CHEMBL669986,COc1ccc(C)cc1NCc1cnc2nc(N)nc(N)c2c1C,CHEMBL279705,IC50,nM,300.0,CHEMBL202,IC50,nM,300.0,HsDHFR (H. sapiens)
CHEMBL669986,COc1ccc(OC)c(CCc2cnc3nc(N)nc(N)c3c2C)c1,CHEMBL284544,IC50,nM,2700.0,CHEMBL202,IC50,nM,2700.0,HsDHFR (H. sapiens)
CHEMBL669986,CCCOc1ccc(OCCC)c(NCc2cnc3nc(N)nc(N)c3c2C)c1,CHEMBL151312,IC50,nM,7300.0,CHEMBL202,IC50,nM,7300.0,HsDHFR (H. sapiens)
CHEMBL668081,CC(Cc1coc2nc(N)nc(N)c12)c1ccc(C(=O)N[C@@H](CCC(=O)O)C(=O)O)cc1,CHEMBL430872,IC50,nM,420.0,CHEMBL202,IC50,uM,0.42,HsDHFR (H. sapiens)
CHEMBL669986,COc1ccc(OC)c(NCc2cnc3nc(N)nc(N)c3c2C)c1,CHEMBL23021,IC50,nM,1000.0,CHEMBL202,IC50,nM,1000.0,HsDHFR (H. sapiens)
CHEMBL669986,Cc1ccc(NCc2cnc3nc(N)nc(N)c3c2C)cc1Cl,CHEMBL347974,IC50,nM,6.7,CHEMBL202,IC50,nM,6.7,HsDHFR (H. sapiens)
CHEMBL669986,Cc1c(CNc2cccc3cnccc23)cnc2nc(N)nc(N)c12,CHEMBL346666,IC50,nM,4.0,CHEMBL202,IC50,nM,4.0,HsDHFR (H. sapiens)
CHEMBL669986,Cc1c(CNc2ccc3c(c2)Cc2ccccc2-3)cnc2nc(N)nc(N)c12,CHEMBL150082,IC50,nM,6.7,CHEMBL202,IC50,nM,6.7,HsDHFR (H. sapiens)
CHEMBL668081,Nc1nc(N)c2c(CNc3ccc(C(=O)N[C@@H](CCC(=O)O)C(=O)O)cc3)coc2n1,CHEMBL106628,IC50,nM,450.0,CHEMBL202,IC50,uM,0.45,HsDHFR (H. sapiens)
CHEMBL668081,CN(Cc1cnc2nc(N)nc(N)c2n1)c1ccc(C(=O)N[C@@H](CCC(=O)O)C(=O)O)cc1,CHEMBL34259,IC50,nM,22.0,CHEMBL202,IC50,uM,0.022,HsDHFR (H. sapiens)
CHEMBL669986,Cc1c(CNc2cc(Br)ccc2Br)cnc2nc(N)nc(N)c12,CHEMBL147131,IC50,nM,4.6,CHEMBL202,IC50,nM,4.6,HsDHFR (H. sapiens)
CHEMBL668081,CN(Cc1coc2nc(N)nc(N)c12)c1ccc(C(=O)N[C@@H](CCC(=O)O)C(=O)O)cc1,CHEMBL104829,IC50,nM,220.0,CHEMBL202,IC50,uM,0.22,HsDHFR (H. sapiens)
CHEMBL669986,Cc1cc(C)c(NCc2cnc3nc(N)nc(N)c3c2C)c(Cl)c1,CHEMBL147458,IC50,nM,850.0,CHEMBL202,IC50,nM,850.0,HsDHFR (H. sapiens)
CHEMBL669986,CCc1c(CNc2cc(C)ccc2OC)cnc2nc(N)nc(N)c12,CHEMBL358381,IC50,nM,370.0,CHEMBL202,IC50,nM,370.0,HsDHFR (H. sapiens)
CHEMBL669986,COc1cc(Cl)c(C)cc1NCc1cnc2nc(N)nc(N)c2c1C,CHEMBL345258,IC50,nM,10.0,CHEMBL202,IC50,nM,10.0,HsDHFR (H. sapiens)
CHEMBL668081,Nc1nc(N)c2c(CCc3ccc(C(=O)N[C@@H](CCC(=O)O)C(=O)O)cc3)coc2n1,CHEMBL323565,IC50,nM,1000.0,CHEMBL202,IC50,uM,1.0,HsDHFR (H. sapiens)
CHEMBL669986,CCOc1ccc(NCc2cnc3nc(N)nc(N)c3c2C)cc1OC,CHEMBL358195,IC50,nM,18.0,CHEMBL202,IC50,nM,18.0,HsDHFR (H. sapiens)
CHEMBL669986,COCc1c(CNc2ccc(OC)c(OC)c2)cnc2nc(N)nc(N)c12,CHEMBL151129,IC50,nM,6100.0,CHEMBL202,IC50,nM,6100.0,HsDHFR (H. sapiens)
CHEMBL669986,Cc1c(CNc2cc(C(F)(F)F)ccc2Br)cnc2nc(N)nc(N)c12,CHEMBL151674,IC50,nM,3.2,CHEMBL202,IC50,nM,3.2,HsDHFR (H. sapiens)
CHEMBL669986,Cc1c(CNc2ccc3ncccc3c2)cnc2nc(N)nc(N)c12,CHEMBL147469,IC50,nM,7.1,CHEMBL202,IC50,nM,7.1,HsDHFR (H. sapiens)
CHEMBL669986,COc1cc(CCc2cnc3nc(N)nc(N)c3c2C)cc(OC)c1,CHEMBL151543,IC50,nM,990.0,CHEMBL202,IC50,nM,990.0,HsDHFR (H. sapiens)
CHEMBL669444,Nc1nc(O)c2cc(COc3ccc(C(=O)NC(CCC(=O)O)C(=O)O)cc3)ccc2n1,CHEMBL139551,IC50,nM,170.0,CHEMBL202,I50,uM,0.17,HsDHFR (H. sapiens)
CHEMBL669444,O=C(O)CCC(NC(=O)c1ccc(SCc2ccc3ncnc(O)c3c2)cc1)C(=O)O,CHEMBL171790,IC50,nM,650.0,CHEMBL202,I50,uM,0.65,HsDHFR (H. sapiens)
CHEMBL666225,Nc1nc(N)c2c(CNCc3ccc(C(=O)N[C@@H](CCC(=O)O)C(=O)O)cc3)coc2n1,CHEMBL106699,IC50,nM,10000.0,CHEMBL202,IC50,M,0.00001,HsDHFR (H. sapiens)
CHEMBL669986,Cc1c(CNc2cc(Cl)ccc2Cl)cnc2nc(N)nc(N)c12,CHEMBL147257,IC50,nM,8.0,CHEMBL202,IC50,nM,8.0,HsDHFR (H. sapiens)
CHEMBL669444,C#CCN(Cc1ccc2ncnc(O)c2c1)c1ccc(C(=O)NC(CCC(=O)O)C(=O)O)cc1,CHEMBL171480,IC50,nM,7000.0,CHEMBL202,I50,uM,7.0,HsDHFR (H. sapiens)
CHEMBL669444,CN(Cc1cnc2nc(N)nc(N)c2n1)c1ccc(C(=O)N[C@@H](CCC(=O)O)C(=O)O)cc1,CHEMBL34259,IC50,nM,4.3,CHEMBL202,I50,uM,0.0043,HsDHFR (H. sapiens)
CHEMBL669986,CCOc1ccc(OCC)c(N(C)Cc2cnc3nc(N)nc(N)c3c2C)c1,CHEMBL23844,IC50,nM,1000.0,CHEMBL202,IC50,nM,1000.0,HsDHFR (H. sapiens)
CHEMBL669986,Cc1ccc(F)c(NCc2cnc3nc(N)nc(N)c3c2C)c1,CHEMBL348209,IC50,nM,250.0,CHEMBL202,IC50,nM,250.0,HsDHFR (H. sapiens)
CHEMBL669986,Nc1nc(N)c2cc(CNc3cccc4ccccc34)cnc2n1,CHEMBL22924,IC50,nM,820.0,CHEMBL202,IC50,nM,820.0,HsDHFR (H. sapiens)
CHEMBL669986,Cc1c(CNc2cccc3ncccc23)cnc2nc(N)nc(N)c12,CHEMBL151958,IC50,nM,4.3,CHEMBL202,IC50,nM,4.3,HsDHFR (H. sapiens)
CHEMBL669986,COc1ccc(C(F)(F)F)cc1NCc1cnc2nc(N)nc(N)c2c1C,CHEMBL281648,IC50,nM,2.7,CHEMBL202,IC50,nM,2.7,HsDHFR (H. sapiens)
CHEMBL669986,COCc1c(CNc2cc(OC)c(OC)c(OC)c2)cnc2nc(N)nc(N)c12,CHEMBL151673,IC50,nM,1300.0,CHEMBL202,IC50,nM,1300.0,HsDHFR (H. sapiens)
CHEMBL669986,Cc1c(CNc2cc(C(F)(F)F)ccc2F)cnc2nc(N)nc(N)c12,CHEMBL358884,IC50,nM,4.1,CHEMBL202,IC50,nM,4.1,HsDHFR (H. sapiens)
CHEMBL669986,Cc1cccc(SCc2cnc3nc(N)nc(N)c3c2C)c1,CHEMBL23272,IC50,nM,850.0,CHEMBL202,IC50,nM,850.0,HsDHFR (H. sapiens)
CHEMBL669444,Nc1nc(=O)c2cc(CSc3ccc(C(=O)NC(CCC(=O)O)C(=O)O)cc3)ccc2[nH]1,CHEMBL138870,IC50,nM,330.0,CHEMBL202,I50,uM,0.33,HsDHFR (H. sapiens)
CHEMBL669986,COc1cc(SCc2cnc3nc(N)nc(N)c3c2C)cc(OC)c1OC,CHEMBL148938,IC50,nM,1200.0,CHEMBL202,IC50,nM,1200.0,HsDHFR (H. sapiens)
CHEMBL669986,Cc1c(CNC2CCCc3ccccc32)cnc2nc(N)nc(N)c12,CHEMBL148591,IC50,nM,3400.0,CHEMBL202,IC50,nM,3400.0,HsDHFR (H. sapiens)
CHEMBL669986,Cc1c(CNc2cc(F)ccc2F)cnc2nc(N)nc(N)c12,CHEMBL151109,IC50,nM,69.0,CHEMBL202,IC50,nM,69.0,HsDHFR (H. sapiens)
CHEMBL669444,O=C(O)CCC(NC(=O)c1ccc(CNc2ccc3ncnc(O)c3c2)cc1)C(=O)O,CHEMBL169376,IC50,nM,320.0,CHEMBL202,I50,uM,0.32,HsDHFR (H. sapiens)
CHEMBL669986,Cc1c(CNc2cccc(Cl)c2)cnc2nc(N)nc(N)c12,CHEMBL80066,IC50,nM,17.0,CHEMBL202,IC50,nM,17.0,HsDHFR (H. sapiens)
CHEMBL669986,COc1ccc(SCc2cnc3nc(N)nc(N)c3c2C)cc1OC,CHEMBL23244,IC50,nM,440.0,CHEMBL202,IC50,nM,440.0,HsDHFR (H. sapiens)
CHEMBL710926,Cc1c(CN(C=O)c2cc(Cl)c(Cl)c(Cl)c2)cnc2nc(N)nc(N)c12,CHEMBL334271,IC50,nM,18200.0,CHEMBL202,IC50,uM,18.2,HsDHFR (H. sapiens)
CHEMBL669986,Cc1ccc(Cl)c(NCc2cnc3nc(N)nc(N)c3c2C)c1,CHEMBL149273,IC50,nM,44.0,CHEMBL202,IC50,nM,44.0,HsDHFR (H. sapiens)
CHEMBL669986,COCc1c(CNc2cc(OC)ccc2OC)cnc2nc(N)nc(N)c12,CHEMBL150835,IC50,nM,31000.0,CHEMBL202,IC50,nM,31000.0,HsDHFR (H. sapiens)
CHEMBL669986,COc1cccc(SCc2cnc3nc(N)nc(N)c3c2C)c1,CHEMBL277217,IC50,nM,500.0,CHEMBL202,IC50,nM,500.0,HsDHFR (H. sapiens)
CHEMBL669986,COc1ccc(OC)c(SCc2cnc3nc(N)nc(N)c3c2C)c1,CHEMBL150247,IC50,nM,2500.0,CHEMBL202,IC50,nM,2500.0,HsDHFR (H. sapiens)
CHEMBL669986,COc1ccc(NCc2cnc3nc(N)nc(N)c3c2C)cc1F,CHEMBL356620,IC50,nM,14.0,CHEMBL202,IC50,nM,14.0,HsDHFR (H. sapiens)
CHEMBL669444,Nc1nc(=O)c2cc(NCc3ccc(C(=O)NC(CCC(=O)O)C(=O)O)cc3)ccc2[nH]1,CHEMBL36739,IC50,nM,110.0,CHEMBL202,I50,uM,0.11,HsDHFR (H. sapiens)
CHEMBL669986,Cc1c(CSc2cccc(Cl)c2)cnc2nc(N)nc(N)c12,CHEMBL24007,IC50,nM,420.0,CHEMBL202,IC50,nM,420.0,HsDHFR (H. sapiens)
CHEMBL669986,Cc1c(CSc2cccc3ccccc23)cnc2nc(N)nc(N)c12,CHEMBL23584,IC50,nM,440.0,CHEMBL202,IC50,nM,440.0,HsDHFR (H. sapiens)
CHEMBL669986,Cc1c(CNc2ccc3c4c(cccc24)-c2ccccc2-3)cnc2nc(N)nc(N)c12,CHEMBL151451,IC50,nM,6.2,CHEMBL202,IC50,nM,6.2,HsDHFR (H. sapiens)
CHEMBL669986,CCc1c(CNc2cc(C(F)(F)F)ccc2OC)cnc2nc(N)nc(N)c12,CHEMBL148577,IC50,nM,3.6,CHEMBL202,IC50,nM,3.6,HsDHFR (H. sapiens)
CHEMBL669442,Nc1nc(N)c2nc(CNc3ccc(C(=O)NC(CCC(=O)O)C(=O)O)c(F)c3)cnc2n1,CHEMBL19227,IC50,nM,27.0,CHEMBL202,I50,nM,27.0,HsDHFR (H. sapiens)
CHEMBL669442,Nc1nc(N)c2nc(CNc3ccc(C(=O)N[C@@H](CCC(=O)O)C(=O)O)cc3)cnc2n1,CHEMBL376180,IC50,nM,31.0,CHEMBL202,I50,nM,31.0,HsDHFR (H. sapiens)
CHEMBL667604,COc1ccc(Cc2cnc(N)nc2N)cc1OC,CHEMBL19633,IC50,nM,530.0,CHEMBL202,I50,M,5.3E-7,HsDHFR (H. sapiens)
CHEMBL667604,CCc1cc(Cc2cnc(N)nc2N)cc(CC)c1CC,CHEMBL57582,IC50,nM,230.0,CHEMBL202,I50,M,2.3E-7,HsDHFR (H. sapiens)
CHEMBL667604,CCc1ccc(Cc2cnc(N)nc2N)cc1CC,CHEMBL293013,IC50,nM,1110.0,CHEMBL202,I50,M,0.00000111,HsDHFR (H. sapiens)
CHEMBL669442,Nc1nc(N)c2nc(CNc3ccc(C(=O)NC(CCC(=O)O)C(=O)O)cc3F)cnc2n1,CHEMBL18925,IC50,nM,19.0,CHEMBL202,I50,nM,19.0,HsDHFR (H. sapiens)
CHEMBL667604,COc1cc(Cc2cnc(N)nc2N)cc(OC)c1OC,CHEMBL22,IC50,nM,450.0,CHEMBL202,I50,M,4.5E-7,HsDHFR (H. sapiens)
CHEMBL668439,CN(Cc1cnc2nc(N)nc(N)c2n1)c1ccc(C(=O)N[C@@H](CCC(=O)O)C(=O)O)cc1,CHEMBL34259,IC50,nM,720.0,CHEMBL202,IC50,uM,0.72,HsDHFR (H. sapiens)
CHEMBL668439,CN(Cc1cnc2nc(N)nc(N)c2n1)c1ccc(C(=O)NC(CC(F)(F)C(=O)O)C(=O)O)cc1,CHEMBL423985,IC50,nM,1530.0,CHEMBL202,IC50,uM,1.53,HsDHFR (H. sapiens)
CHEMBL665670,COc1cc(Cc2cnc(N)nc2N)cc(OC)c1OC,CHEMBL22,IC50,nM,34000.0,CHEMBL202,IC50,uM,34.0,HsDHFR (H. sapiens)
CHEMBL665669,COc1cc(Cc2cnc(N)nc2N)cc(OC)c1OC,CHEMBL22,IC50,nM,75.0,CHEMBL202,IC50,uM,0.075,HsDHFR (H. sapiens)
CHEMBL665666,COc1cc(Cc2cnc(N)nc2N)cc(OC)c1OC,CHEMBL22,IC50,nM,3000.0,CHEMBL202,IC50,uM,3.0,HsDHFR (H. sapiens)
CHEMBL668273,COc1cc(Cc2cnc(N)nc2N)cc(OC)c1OC,CHEMBL22,IC50,nM,900000.0,CHEMBL202,IC50,uM,900.0,HsDHFR (H. sapiens)
CHEMBL665665,CC1c2cc(Cc3ccccc3)c(-c3ccccc3)n2CCN1Cc1cnc(N)nc1N,CHEMBL77758,IC50,nM,450.0,CHEMBL202,IC50,uM,0.45,HsDHFR (H. sapiens)
CHEMBL665670,CC1c2cc(Cc3ccccc3)c(-c3ccccc3)n2CCN1Cc1cnc(N)nc1N,CHEMBL77758,IC50,nM,550.0,CHEMBL202,IC50,uM,0.55,HsDHFR (H. sapiens)
CHEMBL669450,CC1c2cc(Cc3ccccc3)c(-c3ccccc3)n2CCN1Cc1cnc(N)nc1N,CHEMBL77758,IC50,nM,18000.0,CHEMBL202,IC50,uM,18.0,HsDHFR (H. sapiens)
CHEMBL665666,COc1cc2c(c3c1OCO3)[C@@H](C)N(Cc1cnc(N)nc1N)CC2,CHEMBL310468,IC50,nM,9.8,CHEMBL202,IC50,uM,0.0098,HsDHFR (H. sapiens)
CHEMBL665670,COc1cc2c(c3c1OCO3)[C@@H](C)N(Cc1cnc(N)nc1N)CC2,CHEMBL310468,IC50,nM,2.8,CHEMBL202,IC50,uM,0.0028,HsDHFR (H. sapiens)
CHEMBL669450,COc1cc2c(c3c1OCO3)[C@@H](C)N(Cc1cnc(N)nc1N)CC2,CHEMBL310468,IC50,nM,1200.0,CHEMBL202,IC50,uM,1.2,HsDHFR (H. sapiens)
CHEMBL665665,CC1c2ccc3c4ccccc4n(C)c3c2CCN1Cc1cnc(N)nc1N,CHEMBL308758,IC50,nM,4.0,CHEMBL202,IC50,uM,0.004,HsDHFR (H. sapiens)
CHEMBL665668,CC1c2ccc3c4ccccc4n(C)c3c2CCN1Cc1cnc(N)nc1N,CHEMBL308758,IC50,nM,10.0,CHEMBL202,IC50,uM,0.01,HsDHFR (H. sapiens)
CHEMBL669450,CC1c2ccc3c4ccccc4n(C)c3c2CCN1Cc1cnc(N)nc1N,CHEMBL308758,IC50,nM,85.0,CHEMBL202,IC50,uM,0.085,HsDHFR (H. sapiens)
CHEMBL665665,Nc1ncc(CN2CCc3c([nH]c4ccccc34)C2)c(N)n1,CHEMBL75944,IC50,nM,4.0,CHEMBL202,IC50,uM,0.004,HsDHFR (H. sapiens)
CHEMBL665670,Nc1ncc(CN2CCc3c([nH]c4ccccc34)C2)c(N)n1,CHEMBL75944,IC50,nM,47.0,CHEMBL202,IC50,uM,0.047,HsDHFR (H. sapiens)
CHEMBL669450,Nc1ncc(CN2CCc3c([nH]c4ccccc34)C2)c(N)n1,CHEMBL75944,IC50,nM,180000.0,CHEMBL202,IC50,uM,180.0,HsDHFR (H. sapiens)
CHEMBL665666,COc1cc2c(cc1OC)C(c1ccc(Cl)cc1Cl)CN(Cc1cnc(N)nc1N)C2,CHEMBL305656,IC50,nM,7.0,CHEMBL202,IC50,uM,0.007,HsDHFR (H. sapiens)
CHEMBL665670,COc1cc2c(cc1OC)C(c1ccc(Cl)cc1Cl)CN(Cc1cnc(N)nc1N)C2,CHEMBL305656,IC50,nM,31.0,CHEMBL202,IC50,uM,0.031,HsDHFR (H. sapiens)
CHEMBL669450,COc1cc2c(cc1OC)C(c1ccc(Cl)cc1Cl)CN(Cc1cnc(N)nc1N)C2,CHEMBL305656,IC50,nM,1700.0,CHEMBL202,IC50,uM,1.7,HsDHFR (H. sapiens)
CHEMBL665666,COc1cc2c(c3c1OCO3)C(C)N(Cc1cnc(N)nc1N)CC2,CHEMBL77608,IC50,nM,12.0,CHEMBL202,IC50,uM,0.012,HsDHFR (H. sapiens)
CHEMBL665670,COc1cc2c(c3c1OCO3)C(C)N(Cc1cnc(N)nc1N)CC2,CHEMBL77608,IC50,nM,24.0,CHEMBL202,IC50,uM,0.024,HsDHFR (H. sapiens)
CHEMBL669450,COc1cc2c(c3c1OCO3)C(C)N(Cc1cnc(N)nc1N)CC2,CHEMBL77608,IC50,nM,1400.0,CHEMBL202,IC50,uM,1.4,HsDHFR (H. sapiens)
CHEMBL665665,COc1ccc2c(c1)CN(Cc1cnc(N)nc1N)CC2c1cccc([N+](=O)[O-])c1,CHEMBL78104,IC50,nM,6.0,CHEMBL202,IC50,uM,0.006,HsDHFR (H. sapiens)
CHEMBL665670,COc1ccc2c(c1)CN(Cc1cnc(N)nc1N)CC2c1cccc([N+](=O)[O-])c1,CHEMBL78104,IC50,nM,56.0,CHEMBL202,IC50,uM,0.056,HsDHFR (H. sapiens)
CHEMBL669450,COc1ccc2c(c1)CN(Cc1cnc(N)nc1N)CC2c1cccc([N+](=O)[O-])c1,CHEMBL78104,IC50,nM,100000.0,CHEMBL202,IC50,uM,100.0,HsDHFR (H. sapiens)
CHEMBL665665,CSc1c2n(c3cc(Cl)ccc13)CCN(Cc1cnc(N)nc1N)C2,CHEMBL74592,IC50,nM,2.0,CHEMBL202,IC50,uM,0.002,HsDHFR (H. sapiens)
CHEMBL665670,CSc1c2n(c3cc(Cl)ccc13)CCN(Cc1cnc(N)nc1N)C2,CHEMBL74592,IC50,nM,31.0,CHEMBL202,IC50,uM,0.031,HsDHFR (H. sapiens)
CHEMBL669450,CSc1c2n(c3cc(Cl)ccc13)CCN(Cc1cnc(N)nc1N)C2,CHEMBL74592,IC50,nM,5200.0,CHEMBL202,IC50,uM,5.2,HsDHFR (H. sapiens)
CHEMBL665666,COc1cc2c(c3c1OCO3)[C@H](C)N(Cc1cnc(N)nc1N)CC2,CHEMBL420755,IC50,nM,21.0,CHEMBL202,IC50,uM,0.021,HsDHFR (H. sapiens)
CHEMBL665670,COc1cc2c(c3c1OCO3)[C@H](C)N(Cc1cnc(N)nc1N)CC2,CHEMBL420755,IC50,nM,29.0,CHEMBL202,IC50,uM,0.029,HsDHFR (H. sapiens)
CHEMBL669450,COc1cc2c(c3c1OCO3)[C@H](C)N(Cc1cnc(N)nc1N)CC2,CHEMBL420755,IC50,nM,520.0,CHEMBL202,IC50,uM,0.52,HsDHFR (H. sapiens)
CHEMBL665668,COc1cc2c(cc1OC)CN(Cc1cnc(N)nc1N)CC2,CHEMBL77582,IC50,nM,210.0,CHEMBL202,IC50,uM,0.21,HsDHFR (H. sapiens)
CHEMBL665666,COc1cc2c(cc1OC)CN(Cc1cnc(N)nc1N)CC2,CHEMBL77582,IC50,nM,10.0,CHEMBL202,IC50,uM,0.01,HsDHFR (H. sapiens)
CHEMBL665667,COc1cc2c(cc1OC)CN(Cc1cnc(N)nc1N)CC2,CHEMBL77582,IC50,nM,210.0,CHEMBL202,IC50,uM,0.21,HsDHFR (H. sapiens)
CHEMBL669450,COc1cc2c(cc1OC)CN(Cc1cnc(N)nc1N)CC2,CHEMBL77582,IC50,nM,30000.0,CHEMBL202,IC50,uM,30.0,HsDHFR (H. sapiens)
CHEMBL665666,Nc1ncc(CN2CCc3ccccc3C2)c(N)n1,CHEMBL74782,IC50,nM,1100.0,CHEMBL202,IC50,uM,1.1,HsDHFR (H. sapiens)
CHEMBL665670,Nc1ncc(CN2CCc3ccccc3C2)c(N)n1,CHEMBL74782,IC50,nM,5500.0,CHEMBL202,IC50,uM,5.5,HsDHFR (H. sapiens)
CHEMBL665666,COc1cc2c(cc1OC)C(C)N(Cc1cnc(N)nc1N)CC2,CHEMBL74781,IC50,nM,44.0,CHEMBL202,IC50,uM,0.044,HsDHFR (H. sapiens)
CHEMBL665670,COc1cc2c(cc1OC)C(C)N(Cc1cnc(N)nc1N)CC2,CHEMBL74781,IC50,nM,53.0,CHEMBL202,IC50,uM,0.053,HsDHFR (H. sapiens)
CHEMBL669450,COc1cc2c(cc1OC)C(C)N(Cc1cnc(N)nc1N)CC2,CHEMBL74781,IC50,nM,670.0,CHEMBL202,IC50,uM,0.67,HsDHFR (H. sapiens)
CHEMBL668671,Nc1nc(N)c2nc(CNc3ccc(C(=O)NC(CCNC(=O)c4ccccc4C(=O)O)C(=O)O)cc3)cnc2n1,CHEMBL42819,IC50,nM,11.6,CHEMBL202,IC50,nM,11.6,HsDHFR (H. sapiens)
CHEMBL880698,CCC(CC)n1ccc2c3c(N)nc(N)nc3ccc21,CHEMBL318721,IC50,nM,6.6,CHEMBL202,IC50,uM,0.0066,HsDHFR (H. sapiens)
CHEMBL668671,COc1cc(NCc2ccc3nc(N)nc(N)c3c2C)cc(OC)c1OC,CHEMBL119,IC50,nM,12.2,CHEMBL202,IC50,nM,12.2,HsDHFR (H. sapiens)
CHEMBL669255,Nc1nc(N)c2nc(CNc3ccc(C(=O)NC(CCCCNC(=O)c4ccccc4C(=O)O)C(=O)O)cc3)cnc2n1,CHEMBL44919,IC50,nM,11.4,CHEMBL202,IC50,nM,11.4,HsDHFR (H. sapiens)
CHEMBL880698,Cc1ccc(Sc2cccc3nc(N)nc(N)c23)cc1,CHEMBL83547,IC50,nM,940.0,CHEMBL202,IC50,uM,0.94,HsDHFR (H. sapiens)
CHEMBL668671,CN(Cc1cnc2nc(N)nc(N)c2n1)c1ccc(C(=O)N[C@@H](CCC(=O)O)C(=O)O)cc1,CHEMBL34259,IC50,nM,11.2,CHEMBL202,IC50,nM,11.2,HsDHFR (H. sapiens)
CHEMBL668274,COc1ccc(OC)c(CN(C)c2cnc3nc(N)nc(N)c3c2)c1,CHEMBL32113,IC50,nM,8500.0,CHEMBL202,IC50,nM,8500.0,HsDHFR (H. sapiens)
CHEMBL880698,Nc1nc(N)c2c(Sc3ccccc3)cccc2n1,CHEMBL100239,IC50,nM,620.0,CHEMBL202,IC50,uM,0.62,HsDHFR (H. sapiens)
CHEMBL668084,CN(Cc1cnc2nc(N)nc(N)c2n1)c1ccc(C(=O)N[C@@H](CCC(=O)O)C(=O)O)cc1,CHEMBL34259,IC50,nM,4.0,CHEMBL202,IC50,uM,0.004,HsDHFR (H. sapiens)
CHEMBL875393,COc1cc(Cc2cnc(N)nc2N)c2c(c1OC)OC(C1CC1)C=C2,CHEMBL134561,IC50,nM,8.0,CHEMBL202,IC50,uM,0.008,HsDHFR (H. sapiens)
CHEMBL668274,CN(Cc1ccccc1)c1cnc2nc(N)nc(N)c2c1,CHEMBL33038,IC50,nM,700.0,CHEMBL202,IC50,nM,700.0,HsDHFR (H. sapiens)
CHEMBL668274,COc1ccc(OC)c(CNc2cnc3nc(N)nc(N)c3c2)c1,CHEMBL32708,IC50,nM,13000.0,CHEMBL202,IC50,nM,13000.0,HsDHFR (H. sapiens)
CHEMBL668084,CN(Cc1coc2nc(N)nc(N)c12)c1ccc(C(=O)NC(CCC(=O)O)C(=O)O)cc1,CHEMBL278515,IC50,nM,220.0,CHEMBL202,IC50,uM,0.22,HsDHFR (H. sapiens)
CHEMBL668274,Nc1nc(N)c2cc(NCc3ccc(C(=O)NC(=O)[C@H](N)CCC(=O)O)cc3)cnc2n1,CHEMBL33045,IC50,nM,320.0,CHEMBL202,IC50,nM,320.0,HsDHFR (H. sapiens)
CHEMBL668274,COc1cc(CNc2cnc3nc(N)nc(N)c3c2)cc(OC)c1,CHEMBL32266,IC50,nM,160000.0,CHEMBL202,IC50,nM,160000.0,HsDHFR (H. sapiens)
CHEMBL663142,COc1cc(Cc2cnc(N)nc2N)cc(OC)c1OC,CHEMBL22,IC50,nM,75.0,CHEMBL202,IC50,uM,0.075,HsDHFR (H. sapiens)
CHEMBL669252,CCC(Cc1cnc2nc(N)nc(N)c2n1)c1ccc(C(=O)N[C@@H](CCC(=O)O)C(=O)O)cc1,CHEMBL296373,IC50,nM,2.6,CHEMBL202,IC50,nM,2.6,HsDHFR (H. sapiens)
CHEMBL668274,CN(Cc1cnc2nc(N)nc(N)c2n1)c1ccc(C(=O)N[C@@H](CCC(=O)O)C(=O)O)cc1,CHEMBL34259,IC50,nM,38.0,CHEMBL202,IC50,nM,38.0,HsDHFR (H. sapiens)
CHEMBL668671,Nc1nc(N)c2nc(CNc3c(Cl)cc(C(=O)NC(CCCNC(=O)c4ccccc4C(=O)O)C(=O)O)cc3Cl)cnc2n1,CHEMBL309160,IC50,nM,10.2,CHEMBL202,IC50,nM,10.2,HsDHFR (H. sapiens)
CHEMBL668274,CN(Cc1ccc(C(=O)NC(=O)[C@H](N)CCC(=O)O)cc1)c1cnc2nc(N)nc(N)c2c1,CHEMBL33815,IC50,nM,650.0,CHEMBL202,IC50,nM,650.0,HsDHFR (H. sapiens)
CHEMBL668274,COc1cc(CNc2cnc3nc(N)nc(N)c3c2)cc(OC)c1OC,CHEMBL33208,IC50,nM,76000.0,CHEMBL202,IC50,nM,76000.0,HsDHFR (H. sapiens)
CHEMBL668274,COc1ccc(CN(C)c2cnc3nc(N)nc(N)c3c2)c(OC)c1OC,CHEMBL35222,IC50,nM,530.0,CHEMBL202,IC50,nM,530.0,HsDHFR (H. sapiens)
CHEMBL668274,Nc1nc(N)c2cc(NCc3ccccc3)cnc2n1,CHEMBL286700,IC50,nM,6200.0,CHEMBL202,IC50,nM,6200.0,HsDHFR (H. sapiens)
CHEMBL880698,Nc1nc(N)c2c(Sc3ccc(N4CCOCC4)cc3)cccc2n1,CHEMBL328827,IC50,nM,70000.0,CHEMBL202,IC50,uM,70.0,HsDHFR (H. sapiens)
CHEMBL668084,Nc1nc(N)c2c(CNc3ccc(C(=O)NC(CCC(=O)O)C(=O)O)cc3)coc2n1,CHEMBL17383,IC50,nM,450.0,CHEMBL202,IC50,uM,0.45,HsDHFR (H. sapiens)
CHEMBL668671,Nc1nc(N)c2nc(CNc3ccc(C(=O)N[C@@H](CCC(=O)O)C(=O)O)cc3)cnc2n1,CHEMBL376180,IC50,nM,11.8,CHEMBL202,IC50,nM,11.8,HsDHFR (H. sapiens)
CHEMBL669252,Nc1nc(N)c2nc(CNc3ccc(C(=O)N[C@@H](CCC(=O)O)C(=O)O)cc3)cnc2n1,CHEMBL376180,IC50,nM,3.0,CHEMBL202,IC50,nM,3.0,HsDHFR (H. sapiens)
CHEMBL668671,Nc1nc(N)c2nc(CNc3ccc(C(=O)NC(CCCNC(=O)c4ccccc4C(=O)O)C(=O)O)cc3)cnc2n1,CHEMBL18155,IC50,nM,12.2,CHEMBL202,IC50,nM,12.2,HsDHFR (H. sapiens)
CHEMBL669252,Nc1nc(N)c2nc(CNc3ccc(C(=O)NC(CCCNC(=O)c4ccccc4C(=O)O)C(=O)O)cc3)cnc2n1,CHEMBL18155,IC50,nM,1.1,CHEMBL202,IC50,nM,1.1,HsDHFR (H. sapiens)
CHEMBL668274,COc1cc(CN(C)c2cnc3nc(N)nc(N)c3c2)cc(OC)c1,CHEMBL36245,IC50,nM,2900.0,CHEMBL202,IC50,nM,2900.0,HsDHFR (H. sapiens)
CHEMBL880698,CC(C)(C)c1ccc(Sc2cccc3nc(N)nc(N)c23)cc1,CHEMBL329985,IC50,nM,2000.0,CHEMBL202,IC50,uM,2.0,HsDHFR (H. sapiens)
CHEMBL668428,CCOc1cc(Cc2cnc(N)nc2N)cc(OCC)c1-n1cccc1,CHEMBL280378,IC50,nM,200.0,CHEMBL202,IC50,nM,200.0,HsDHFR (H. sapiens)
CHEMBL668429,CCOc1cc(Cc2cnc(N)nc2N)cc(OCC)c1-n1cccc1,CHEMBL280378,IC50,nM,600000.0,CHEMBL202,IC50,nM,600000.0,HsDHFR (H. sapiens)
CHEMBL879985,Nc1nc(O)c2cc(NCc3ccc(C(=O)NC(CCC(=O)O)C(=O)O)cc3)cnc2n1,CHEMBL157857,IC50,nM,210.0,CHEMBL202,I50,uM,0.21,HsDHFR (H. sapiens)
CHEMBL879985,CN(Cc1ccc(C(=O)NC(CCC(=O)O)C(=O)O)cc1)c1cnc2nc(N)nc(O)c2c1,CHEMBL156551,IC50,nM,250.0,CHEMBL202,I50,uM,0.25,HsDHFR (H. sapiens)
CHEMBL879985,Nc1nc(O)c2cc(N(C=O)Cc3ccc(C(=O)NC(CCC(=O)O)C(=O)O)cc3)cnc2n1,CHEMBL157775,IC50,nM,1950.0,CHEMBL202,I50,uM,1.95,HsDHFR (H. sapiens)
CHEMBL668430,COc1cc(Cc2cnc(N)nc2N)cc(OC)c1OC,CHEMBL22,IC50,nM,900.0,CHEMBL202,IC50,nM,900.0,HsDHFR (H. sapiens)
CHEMBL668430,COc1cc(Cc2cnc(N)nc2N)cc(OC)c1OC,CHEMBL22,IC50,nM,900000.0,CHEMBL202,IC50,nM,900000.0,HsDHFR (H. sapiens)
CHEMBL668080,Cc1nc(N)nc2[nH]cc(CCc3ccc(C(=O)N[C@@H](CCC(=O)O)C(=O)O)cc3)c12,CHEMBL439973,IC50,nM,800.0,CHEMBL202,IC50,M,8E-7,HsDHFR (H. sapiens)
CHEMBL668080,Cc1cn([C@@H]2O[C@H](COP(=O)(O)O)[C@@H](O)[C@H]2O)c(=O)[nH]c1=O,CHEMBL1230421,IC50,nM,340000.0,CHEMBL202,IC50,M,0.00034,HsDHFR (H. sapiens)
CHEMBL668281,CN(Cc1coc2nc(N)nc(N)c12)c1ccc(C(=O)N[C@@H](CCC(=O)O)C(=O)O)cc1,CHEMBL104829,IC50,nM,220.0,CHEMBL202,IC50,uM,0.22,HsDHFR (H. sapiens)
CHEMBL669274,Nc1nc(N)c2nc(COc3ccc(C(=O)NC(CCC(=O)O)C(=O)O)cc3)cnc2n1,CHEMBL10804,IC50,nM,740.0,CHEMBL202,I50,M,7.4E-7,HsDHFR (H. sapiens)
CHEMBL669273,Nc1nc(N)c2nc(CCSc3ccc(C(=O)NC(CCC(=O)O)C(=O)O)cc3)cnc2n1,CHEMBL10592,IC50,nM,25000.0,CHEMBL202,I50,M,0.000025,HsDHFR (H. sapiens)
CHEMBL668080,Nc1nc2[nH]cc(CCc3ccc(C(=O)N[C@@H](CCC(=O)O)C(=O)O)cc3)c2c(=O)[nH]1,CHEMBL225072,IC50,nM,6600.0,CHEMBL202,IC50,M,0.0000066,HsDHFR (H. sapiens)
CHEMBL669276,Nc1nc(N)c2nc(CSc3ccc(C(=O)NC(CCC(=O)O)C(=O)O)cc3)cnc2n1,CHEMBL10591,IC50,nM,2700.0,CHEMBL202,I50,M,0.0000027,HsDHFR (H. sapiens)
CHEMBL668080,CN(Cc1cnc2nc(N)nc(N)c2n1)c1ccc(C(=O)N[C@@H](CCC(=O)O)C(=O)O)cc1,CHEMBL34259,IC50,nM,14.5,CHEMBL202,IC50,nM,14.5,HsDHFR (H. sapiens)
CHEMBL668282,Nc1nc(N)c2c(CNc3ccc(C(=O)N[C@@H](CCC(=O)O)C(=O)O)cc3)coc2n1,CHEMBL106628,IC50,nM,450.0,CHEMBL202,IC50,uM,0.45,HsDHFR (H. sapiens)
CHEMBL669275,CN(Cc1cnc2nc(N)nc(N)c2n1)c1ccc(C(=O)N[C@@H](CCC(=O)O)C(=O)O)cc1,CHEMBL34259,IC50,nM,7.9,CHEMBL202,I50,M,7.9E-9,HsDHFR (H. sapiens)
CHEMBL668082,Nc1nc(N)c2c(CNCc3ccc(C(=O)N[C@@H](CCC(=O)O)C(=O)O)cc3)coc2n1,CHEMBL106699,IC50,nM,30500.0,CHEMBL202,IC50,uM,30.5,HsDHFR (H. sapiens)
CHEMBL668083,Nc1nc(N)c2c(CCc3ccc(C(=O)N[C@@H](CCC(=O)O)C(=O)O)cc3)coc2n1,CHEMBL323565,IC50,nM,1000.0,CHEMBL202,IC50,uM,1.0,HsDHFR (H. sapiens)
CHEMBL668082,Nc1nc(N)c2c(CCc3ccc(C(=O)N[C@@H](CCC(=O)O)C(=O)O)cc3)coc2n1,CHEMBL323565,IC50,nM,250.0,CHEMBL202,IC50,uM,0.25,HsDHFR (H. sapiens)
CHEMBL668083,Nc1nc(N)c2c(CNc3ccc(C(=O)N[C@@H](CCC(=O)O)C(=O)O)cc3)coc2n1,CHEMBL106628,IC50,nM,450.0,CHEMBL202,IC50,uM,0.45,HsDHFR (H. sapiens)
CHEMBL668083,CN(Cc1cnc2nc(N)nc(N)c2n1)c1ccc(C(=O)N[C@@H](CCC(=O)O)C(=O)O)cc1,CHEMBL34259,IC50,nM,40.0,CHEMBL202,IC50,uM,0.04,HsDHFR (H. sapiens)
CHEMBL668082,CN(Cc1cnc2nc(N)nc(N)c2n1)c1ccc(C(=O)N[C@@H](CCC(=O)O)C(=O)O)cc1,CHEMBL34259,IC50,nM,0.7,CHEMBL202,IC50,uM,0.0007,HsDHFR (H. sapiens)
CHEMBL669254,C#CCN(Cc1ccc2nc(N)nc(O)c2c1)c1ccc(S(=O)(=O)N(C)C)cc1,CHEMBL302669,IC50,nM,20300.0,CHEMBL202,IC50,uM,20.3,HsDHFR (H. sapiens)
CHEMBL669254,C#CCN(Cc1ccc2ncnc(O)c2c1)c1cc(OC)c(OC)c(OC)c1,CHEMBL433059,IC50,nM,66600.0,CHEMBL202,IC50,uM,66.6,HsDHFR (H. sapiens)
CHEMBL669254,C#CCN(Cc1ccc2nc(N)nc(O)c2c1)c1ccc(C(=O)C(F)(F)F)cc1,CHEMBL304407,IC50,nM,10200.0,CHEMBL202,IC50,uM,10.2,HsDHFR (H. sapiens)
CHEMBL669254,C#CCN(Cc1ccc2nc(N)nc(O)c2c1)c1ccc(C#N)cc1,CHEMBL62675,IC50,nM,66600.0,CHEMBL202,IC50,uM,66.6,HsDHFR (H. sapiens)
CHEMBL669254,C#CCN(Cc1ccc2nc(N)nc(O)c2c1)c1ccc([N+](=O)[O-])cc1,CHEMBL62769,IC50,nM,22600.0,CHEMBL202,IC50,uM,22.6,HsDHFR (H. sapiens)
CHEMBL669254,C#CCN(Cc1ccc2ncnc(O)c2c1)c1ccc(C(C)=O)cc1,CHEMBL64215,IC50,nM,100000.0,CHEMBL202,IC50,uM,100.0,HsDHFR (H. sapiens)
CHEMBL669254,C#CCN(Cc1ccc2[nH]c(N)nc(=O)c2c1)c1ccc(C(=O)NC(CCC(=O)O)C(=O)O)cc1,CHEMBL422395,IC50,nM,7200.0,CHEMBL202,IC50,uM,7.2,HsDHFR (H. sapiens)
CHEMBL669254,C#CCN(Cc1ccc2nc(N)nc(O)c2c1)c1ccc(C(C)=O)cc1,CHEMBL62599,IC50,nM,37300.0,CHEMBL202,IC50,uM,37.3,HsDHFR (H. sapiens)
CHEMBL669254,C#CCN(Cc1ccc2nc(N)nc(O)c2c1)c1ccc(C(N)=O)cc1,CHEMBL417562,IC50,nM,72600.0,CHEMBL202,IC50,uM,72.6,HsDHFR (H. sapiens)
CHEMBL829464,Nc1nc(N)c2c(CCc3ccc(C(=O)N[C@@H](CCC(=O)O)C(=O)O)cc3)coc2n1,CHEMBL323565,IC50,nM,1000.0,CHEMBL202,IC50,uM,1.0,HsDHFR (H. sapiens)
CHEMBL829464,Nc1nc(N)c2c(CCCc3ccc(C(=O)N[C@@H](CCC(=O)O)C(=O)O)cc3)coc2n1,CHEMBL223279,IC50,nM,9000.0,CHEMBL202,IC50,uM,9.0,HsDHFR (H. sapiens)
CHEMBL829464,Nc1nc(N)c2c(CCCCc3ccc(C(=O)N[C@@H](CCC(=O)O)C(=O)O)cc3)coc2n1,CHEMBL193275,IC50,nM,21000.0,CHEMBL202,IC50,uM,21.0,HsDHFR (H. sapiens)
CHEMBL829464,CN(Cc1cnc2nc(N)nc(N)c2n1)c1ccc(C(=O)N[C@@H](CCC(=O)O)C(=O)O)cc1,CHEMBL34259,IC50,nM,22.0,CHEMBL202,IC50,uM,0.022,HsDHFR (H. sapiens)
CHEMBL829464,Nc1nc2[nH]cc(CCc3ccc(C(=O)N[C@@H](CCC(=O)O)C(=O)O)cc3)c2c(=O)[nH]1,CHEMBL225072,IC50,nM,2300.0,CHEMBL202,IC50,uM,2.3,HsDHFR (H. sapiens)
CHEMBL829335,Nc1nc2[nH]cc(CCc3ccc(C(=O)N[C@@H](CCC(=O)O)C(=O)O)cc3)c2c(=O)[nH]1,CHEMBL225072,IC50,nM,66000.0,CHEMBL202,IC50,M,0.000066,HsDHFR (H. sapiens)
CHEMBL829335,CN(CC1=NC2C(=NC(N)=NC2N)C=C1)c1ccc(C(=O)NC(CCC(=O)O)C(=O)O)cc1,CHEMBL195221,IC50,nM,2200000.0,CHEMBL202,IC50,M,0.0022,HsDHFR (H. sapiens)
CHEMBL867007,Cc1[nH]c2nc(N)[nH]c(=O)c2c1Sc1ccc(C(=O)N[C@@H](CCC(=O)O)C(=O)O)cc1,CHEMBL225180,IC50,nM,2100.0,CHEMBL202,IC50,uM,2.1,HsDHFR (H. sapiens)
CHEMBL867007,Nc1nc2[nH]cc(CCc3ccc(C(=O)N[C@@H](CCC(=O)O)C(=O)O)cc3)c2c(=O)[nH]1,CHEMBL225072,IC50,nM,6600.0,CHEMBL202,IC50,uM,6.6,HsDHFR (H. sapiens)
CHEMBL867007,CCc1[nH]c2nc(N)nc(O)c2c1Sc1ccc(C(=O)N[C@@H](CCC(=O)O)C(=O)O)cc1,CHEMBL371860,IC50,nM,420.0,CHEMBL202,IC50,uM,0.42,HsDHFR (H. sapiens)
CHEMBL867007,CN(Cc1cnc2nc(N)nc(N)c2n1)c1ccc(C(=O)N[C@@H](CCC(=O)O)C(=O)O)cc1,CHEMBL34259,IC50,nM,22.0,CHEMBL202,IC50,uM,0.022,HsDHFR (H. sapiens)
CHEMBL869067,Nc1nc(N)c(-c2ccc(NC(=O)C3CC3)cc2)c(COCc2ccccc2)n1,CHEMBL211265,IC50,nM,28000.0,CHEMBL202,IC50,uM,28.0,HsDHFR (H. sapiens)
CHEMBL869067,CCc1nc(N)nc(N)c1-c1ccc2c(c1)nc(-c1ccccc1)n2Cc1ccc(S(C)(=O)=O)cc1,CHEMBL209394,IC50,nM,2300.0,CHEMBL202,IC50,uM,2.3,HsDHFR (H. sapiens)
CHEMBL869067,Nc1nc(N)c(-c2ccc(NCc3ccc(Cl)cc3)cc2)c(COCc2ccccc2)n1,CHEMBL425048,IC50,nM,300.0,CHEMBL202,IC50,uM,0.3,HsDHFR (H. sapiens)
CHEMBL869067,CCc1nc(N)nc(N)c1-c1ccc2c(c1)nc(C1CCCC1)n2Cc1ccc(S(C)(=O)=O)cc1,CHEMBL209443,IC50,nM,1830.0,CHEMBL202,IC50,uM,1.83,HsDHFR (H. sapiens)
CHEMBL916823,Cc1[nH]c2nc(N)[nH]c(=O)c2c1Sc1ccc(C(=O)N[C@@H](CCC(=O)O)C(=O)O)cc1,CHEMBL225180,IC50,nM,2100.0,CHEMBL202,IC50,uM,2.1,HsDHFR (H. sapiens)
CHEMBL916823,CN(Cc1cnc2nc(N)nc(N)c2n1)c1ccc(C(=O)N[C@@H](CCC(=O)O)C(=O)O)cc1,CHEMBL34259,IC50,nM,9.0,CHEMBL202,IC50,uM,0.009,HsDHFR (H. sapiens)
CHEMBL916823,Nc1nc2[nH]cc(CCc3ccc(C(=O)N[C@@H](CCC(=O)O)C(=O)O)cc3)c2c(=O)[nH]1,CHEMBL225072,IC50,nM,6600.0,CHEMBL202,IC50,uM,6.6,HsDHFR (H. sapiens)
CHEMBL916823,Cc1[nH]c2nc(N)[nH]c(=O)c2c1Sc1ccc(C(=O)N[C@@H](CCC(=O)O)C(=O)O)c(Cl)c1,CHEMBL224868,IC50,nM,11000.0,CHEMBL202,IC50,uM,11.0,HsDHFR (H. sapiens)
CHEMBL916823,Cc1[nH]c2nc(N)[nH]c(=O)c2c1Sc1ccc(C(=O)N[C@@H](CCC(=O)O)C(=O)O)c(F)c1,CHEMBL388340,IC50,nM,2100.0,CHEMBL202,IC50,uM,2.1,HsDHFR (H. sapiens)
CHEMBL918699,Nc1nc(N)c2c(CCc3ccc(C(=O)N[C@@H](CCC(=O)O)C(=O)O)cc3)coc2n1,CHEMBL323565,IC50,nM,1000.0,CHEMBL202,IC50,uM,1.0,HsDHFR (H. sapiens)
CHEMBL918699,Nc1nc2[nH]cc(CCc3ccc(C(=O)N[C@@H](CCC(=O)O)C(=O)O)cc3)c2c(=O)[nH]1,CHEMBL225072,IC50,nM,2300.0,CHEMBL202,IC50,uM,2.3,HsDHFR (H. sapiens)
CHEMBL918699,CN(Cc1cnc2nc(N)nc(N)c2n1)c1ccc(C(=O)N[C@@H](CCC(=O)O)C(=O)O)cc1,CHEMBL34259,IC50,nM,22.0,CHEMBL202,IC50,uM,0.022,HsDHFR (H. sapiens)
CHEMBL918699,Nc1nc(N)c2c(CCCc3ccc(C(=O)N[C@@H](CCC(=O)O)C(=O)O)cc3)coc2n1,CHEMBL223279,IC50,nM,9000.0,CHEMBL202,IC50,uM,9.0,HsDHFR (H. sapiens)
CHEMBL914524,Cc1c(Sc2ccc(C(=O)N[C@@H](CCC(=O)O)C(=O)O)cc2)[nH]c2nc(N)nc(N)c12,CHEMBL389643,IC50,nM,210.0,CHEMBL202,IC50,uM,0.21,HsDHFR (H. sapiens)
CHEMBL914524,Nc1nc2[nH]cc(CCc3ccc(C(=O)N[C@@H](CCC(=O)O)C(=O)O)cc3)c2c(=O)[nH]1,CHEMBL225072,IC50,nM,1500.0,CHEMBL202,IC50,uM,1.5,HsDHFR (H. sapiens)
CHEMBL914524,Cc1nc(=O)c2cc(CN(C)c3ccc(C(=O)N[C@@H](CCC(=O)O)C(=O)O)s3)ccc2[nH]1,CHEMBL225071,IC50,nM,21000.0,CHEMBL202,IC50,uM,21.0,HsDHFR (H. sapiens)
CHEMBL914524,CN(Cc1cnc2nc(N)nc(N)c2n1)c1ccc(C(=O)N[C@@H](CCC(=O)O)C(=O)O)cc1,CHEMBL34259,IC50,nM,22.0,CHEMBL202,IC50,uM,0.022,HsDHFR (H. sapiens)
CHEMBL914524,C#CCN(Cc1ccc2[nH]c(N)nc(=O)c2c1)c1ccc(C(=O)NC(CCC(=O)O)C(=O)O)cc1,CHEMBL422395,IC50,nM,1900.0,CHEMBL202,IC50,uM,1.9,HsDHFR (H. sapiens)
CHEMBL889604,COc1cc(Cc2cnc(N)nc2N)cc(OC)c1OC,CHEMBL22,IC50,nM,680000.0,CHEMBL202,IC50,uM,680.0,HsDHFR (H. sapiens)
CHEMBL889604,CN(Cc1cnc2nc(N)nc(N)c2n1)c1ccc(C(=O)N[C@@H](CCC(=O)O)C(=O)O)cc1,CHEMBL34259,IC50,nM,22.0,CHEMBL202,IC50,uM,0.022,HsDHFR (H. sapiens)
CHEMBL889604,CCc1c(Sc2c(C)cccc2C)[nH]c2nc(N)nc(N)c12,CHEMBL227064,IC50,nM,32000.0,CHEMBL202,IC50,uM,32.0,HsDHFR (H. sapiens)
CHEMBL889604,CCc1c(Sc2cccc3cccnc23)[nH]c2nc(N)nc(N)c12,CHEMBL227063,IC50,nM,1400.0,CHEMBL202,IC50,uM,1.4,HsDHFR (H. sapiens)
CHEMBL889604,CCc1c(Sc2ccccc2)[nH]c2nc(N)nc(N)c12,CHEMBL389686,IC50,nM,18000.0,CHEMBL202,IC50,uM,18.0,HsDHFR (H. sapiens)
CHEMBL889604,CCc1c(Sc2cc(OC)ccc2OC)[nH]c2nc(N)nc(N)c12,CHEMBL227009,IC50,nM,5800.0,CHEMBL202,IC50,uM,5.8,HsDHFR (H. sapiens)
CHEMBL889604,CCc1c(Sc2ccc(OC)cc2)[nH]c2nc(N)nc(N)c12,CHEMBL388121,IC50,nM,2900.0,CHEMBL202,IC50,uM,2.9,HsDHFR (H. sapiens)
CHEMBL889604,CCc1c(Sc2ccc(Cl)cc2Cl)[nH]c2nc(N)nc(N)c12,CHEMBL388120,IC50,nM,1400.0,CHEMBL202,IC50,uM,1.4,HsDHFR (H. sapiens)
CHEMBL889604,CCc1c(Sc2ccc(Cl)c(Cl)c2)[nH]c2nc(C)nc(N)c12,CHEMBL227007,IC50,nM,2800.0,CHEMBL202,IC50,uM,2.8,HsDHFR (H. sapiens)
CHEMBL889604,CCc1c(Sc2ccc(Br)cc2)[nH]c2nc(N)nc(N)c12,CHEMBL226954,IC50,nM,2700.0,CHEMBL202,IC50,uM,2.7,HsDHFR (H. sapiens)
CHEMBL889604,CCc1c(Sc2ccc([N+](=O)[O-])cc2)[nH]c2nc(N)nc(N)c12,CHEMBL389887,IC50,nM,5800.0,CHEMBL202,IC50,uM,5.8,HsDHFR (H. sapiens)
CHEMBL889604,CCc1c(Sc2ccc3ccccc3c2)[nH]c2nc(N)nc(N)c12,CHEMBL226953,IC50,nM,6000.0,CHEMBL202,IC50,uM,6.0,HsDHFR (H. sapiens)
CHEMBL889604,CCc1c(Sc2cccc3ccccc23)[nH]c2nc(N)nc(N)c12,CHEMBL226952,IC50,nM,2900.0,CHEMBL202,IC50,uM,2.9,HsDHFR (H. sapiens)
CHEMBL889604,CCc1c(Sc2ccc(C(=O)N[C@@H](CCC(=O)O)C(=O)O)cc2)[nH]c2nc(N)nc(N)c12,CHEMBL438664,IC50,nM,66.0,CHEMBL202,IC50,uM,0.066,HsDHFR (H. sapiens)
CHEMBL888665,CN(Cc1cnc2nc(N)nc(N)c2n1)c1ccc(C(=O)N[C@@H](CCC(=O)O)C(=O)O)cc1,CHEMBL34259,IC50,nM,20.0,CHEMBL202,IC50,uM,0.02,HsDHFR (H. sapiens)
CHEMBL891310,CN(Cc1cnc2nc(N)nc(N)c2n1)c1ccc(C(=O)N[C@@H](CCC(=O)NO)C(=O)O)cc1,CHEMBL244883,IC50,nM,170.0,CHEMBL202,IC50,nM,170.0,HsDHFR (H. sapiens)
CHEMBL891310,CN(Cc1cnc2nc(N)nc(N)c2n1)c1ccc(C(=O)N[C@@H](CCC(=O)O)C(=O)O)cc1,CHEMBL34259,IC50,nM,35.0,CHEMBL202,IC50,nM,35.0,HsDHFR (H. sapiens)
CHEMBL891310,CN(Cc1cnc2nc(N)nc(N)c2n1)c1ccc(C(=O)N[C@@H](CCC(=O)N2CCC[C@H]2C(=O)NO)C(=O)O)cc1,CHEMBL388879,IC50,nM,130.0,CHEMBL202,IC50,nM,130.0,HsDHFR (H. sapiens)
CHEMBL891310,CN(Cc1cnc2nc(N)nc(N)c2n1)c1ccc(C(=O)N[C@@H](CCC(=O)N[C@@H](Cc2ccccc2)C(=O)NO)C(=O)O)cc1,CHEMBL396296,IC50,nM,250.0,CHEMBL202,IC50,nM,250.0,HsDHFR (H. sapiens)
CHEMBL891311,CN(Cc1cnc2nc(N)nc(N)c2n1)c1ccc(C(=O)N[C@@H](CCC(=O)NO)C(=O)O)cc1,CHEMBL244883,IC50,nM,70.0,CHEMBL202,IC50,nM,70.0,HsDHFR (H. sapiens)
CHEMBL891311,CN(Cc1cnc2nc(N)nc(N)c2n1)c1ccc(C(=O)N[C@@H](CCC(=O)O)C(=O)O)cc1,CHEMBL34259,IC50,nM,9.0,CHEMBL202,IC50,nM,9.0,HsDHFR (H. sapiens)
CHEMBL891311,CN(Cc1cnc2nc(N)nc(N)c2n1)c1ccc(C(=O)N[C@@H](CCC(=O)N2CCC[C@H]2C(=O)NO)C(=O)O)cc1,CHEMBL388879,IC50,nM,120.0,CHEMBL202,IC50,nM,120.0,HsDHFR (H. sapiens)
CHEMBL891311,CN(Cc1cnc2nc(N)nc(N)c2n1)c1ccc(C(=O)N[C@@H](CCC(=O)N[C@@H](Cc2ccccc2)C(=O)NO)C(=O)O)cc1,CHEMBL396296,IC50,nM,170.0,CHEMBL202,IC50,nM,170.0,HsDHFR (H. sapiens)
CHEMBL926353,Cc1[nH]c2nc(N)[nH]c(=O)c2c1Sc1ccc(C(=O)N[C@@H](CCC(=O)O)C(=O)O)cc1,CHEMBL225180,IC50,nM,2100.0,CHEMBL202,IC50,uM,2.1,HsDHFR (H. sapiens)
CHEMBL926353,CN(Cc1cnc2nc(N)nc(N)c2n1)c1ccc(C(=O)N[C@@H](CCC(=O)O)C(=O)O)cc1,CHEMBL34259,IC50,nM,20.0,CHEMBL202,IC50,uM,0.02,HsDHFR (H. sapiens)
CHEMBL926353,C#CCN(Cc1ccc2[nH]c(N)nc(=O)c2c1)c1ccc(C(=O)N[C@@H](CCC(=O)O)C(=O)O)cc1,CHEMBL389051,IC50,nM,1900.0,CHEMBL202,IC50,uM,1.9,HsDHFR (H. sapiens)
CHEMBL926353,Nc1nc2[nH]cc(CCc3ccc(C(=O)N[C@@H](CCC(=O)O)C(=O)O)cc3)c2c(=O)[nH]1,CHEMBL225072,IC50,nM,6600.0,CHEMBL202,IC50,uM,6.6,HsDHFR (H. sapiens)
CHEMBL926353,Cc1cc2nc(N)[nH]c(=O)c2n1Cc1ccc([N+](=O)[O-])cc1,CHEMBL401073,IC50,nM,33000.0,CHEMBL202,IC50,uM,33.0,HsDHFR (H. sapiens)
CHEMBL926353,Cc1cc2nc(N)[nH]c(=O)c2n1Cc1ccc(C(=O)N[C@@H](CCC(=O)O)C(=O)O)cc1,CHEMBL252132,IC50,nM,120.0,CHEMBL202,IC50,uM,0.12,HsDHFR (H. sapiens)
CHEMBL944098,C[C@H](Oc1cccc2nc(N)nc(N)c12)c1cccc(Cl)c1,CHEMBL253976,IC50,nM,25.0,CHEMBL202,IC50,nM,25.0,HsDHFR (H. sapiens)
CHEMBL944098,CC(Oc1cccc2nc(N)nc(N)c12)c1cccc(Cl)c1,CHEMBL398416,IC50,nM,34.0,CHEMBL202,IC50,nM,34.0,HsDHFR (H. sapiens)
CHEMBL944098,Nc1nc(N)c2c(OCc3cccc(Cl)c3)cccc2n1,CHEMBL250231,IC50,nM,98000.0,CHEMBL202,IC50,uM,98.0,HsDHFR (H. sapiens)
CHEMBL944098,CN(Cc1cnc2nc(N)nc(N)c2n1)c1ccc(C(=O)N[C@@H](CCC(=O)O)C(=O)O)cc1,CHEMBL34259,IC50,nM,1.0,CHEMBL202,IC50,nM,1.0,HsDHFR (H. sapiens)
CHEMBL944098,Nc1nc(N)c2c(COc3ccc(F)cc3F)cccc2n1,CHEMBL251428,IC50,nM,10700.0,CHEMBL202,IC50,uM,10.7,HsDHFR (H. sapiens)
CHEMBL944098,Nc1nc(N)c2c(COc3ccccc3F)cccc2n1,CHEMBL251906,IC50,nM,39.0,CHEMBL202,IC50,nM,39.0,HsDHFR (H. sapiens)
CHEMBL944098,Nc1nc(N)c2c(COc3cccc(Cl)c3)cccc2n1,CHEMBL255019,IC50,nM,8400.0,CHEMBL202,IC50,uM,8.4,HsDHFR (H. sapiens)
CHEMBL944098,Nc1nc(N)c2c(OCc3ccccc3F)cccc2n1,CHEMBL251427,IC50,nM,0.39,CHEMBL202,IC50,nM,0.39,HsDHFR (H. sapiens)
CHEMBL944098,Nc1nc(N)c2c(OCC3CCN(Cc4cccc(Cl)c4)CC3)cccc2n1,CHEMBL251430,IC50,nM,55200.0,CHEMBL202,IC50,uM,55.2,HsDHFR (H. sapiens)
CHEMBL1034981,Cc1[nH]c2nc(N)[nH]c(=O)c2c1Sc1ccc(C(=O)N[C@@H](CCC(=O)O)C(=O)O)cc1,CHEMBL225180,IC50,nM,2200.0,CHEMBL202,IC50,uM,2.2,HsDHFR (H. sapiens)
CHEMBL1034981,CN(Cc1cnc2nc(N)nc(N)c2n1)c1ccc(C(=O)N[C@@H](CCC(=O)O)C(=O)O)cc1,CHEMBL34259,IC50,nM,20.0,CHEMBL202,IC50,uM,0.02,HsDHFR (H. sapiens)
CHEMBL1034981,C#CCN(Cc1ccc2[nH]c(N)nc(=O)c2c1)c1ccc(C(=O)NC(CCC(=O)O)C(=O)O)cc1,CHEMBL422395,IC50,nM,1900.0,CHEMBL202,IC50,uM,1.9,HsDHFR (H. sapiens)
CHEMBL1034981,Nc1nc2[nH]cc(CCc3ccc(C(=O)N[C@@H](CCC(=O)O)C(=O)O)cc3)c2c(=O)[nH]1,CHEMBL225072,IC50,nM,6600.0,CHEMBL202,IC50,uM,6.6,HsDHFR (H. sapiens)
CHEMBL1034981,Cc1sc2nc(N)[nH]c(=O)c2c1Sc1ccc(F)cc1,CHEMBL449543,IC50,nM,2600.0,CHEMBL202,IC50,uM,2.6,HsDHFR (H. sapiens)
CHEMBL1034981,Cc1sc2nc(N)[nH]c(=O)c2c1Sc1ccncc1,CHEMBL495125,IC50,nM,2500.0,CHEMBL202,IC50,uM,2.5,HsDHFR (H. sapiens)
CHEMBL1034981,Cc1sc2nc(N)[nH]c(=O)c2c1Sc1ccc2ccccc2c1,CHEMBL495124,IC50,nM,2900.0,CHEMBL202,IC50,uM,2.9,HsDHFR (H. sapiens)
CHEMBL1034981,Cc1sc2nc(N)[nH]c(=O)c2c1Sc1cc(Cl)cc(Cl)c1,CHEMBL492839,IC50,nM,5600.0,CHEMBL202,IC50,uM,5.6,HsDHFR (H. sapiens)
CHEMBL1034981,Cc1sc2nc(N)[nH]c(=O)c2c1Sc1ccc(Cl)c(Cl)c1,CHEMBL492838,IC50,nM,2800.0,CHEMBL202,IC50,uM,2.8,HsDHFR (H. sapiens)
CHEMBL1034981,COc1ccc(OC)c(Sc2c(C)[nH]c3nc(N)[nH]c(=O)c23)c1,CHEMBL492837,IC50,nM,22000.0,CHEMBL202,IC50,uM,22.0,HsDHFR (H. sapiens)
CHEMBL1034981,Cc1sc2nc(N)[nH]c(=O)c2c1Sc1ccc([N+](=O)[O-])cc1,CHEMBL492836,IC50,nM,560.0,CHEMBL202,IC50,uM,0.56,HsDHFR (H. sapiens)
CHEMBL1034981,Cc1sc2nc(N)[nH]c(=O)c2c1Sc1ccc(Cl)cc1,CHEMBL522517,IC50,nM,1500.0,CHEMBL202,IC50,uM,1.5,HsDHFR (H. sapiens)
CHEMBL1034981,Cc1sc2nc(N)[nH]c(=O)c2c1Sc1ccccc1,CHEMBL494067,IC50,nM,3500.0,CHEMBL202,IC50,uM,3.5,HsDHFR (H. sapiens)
CHEMBL1034981,Cc1sc2nc(N)[nH]c(=O)c2c1Sc1ccc(C(=O)N(CCC(=O)O)C(=O)O)cc1,CHEMBL522363,IC50,nM,20.0,CHEMBL202,IC50,uM,0.02,HsDHFR (H. sapiens)
CHEMBL999460,COc1cc(Cc2cnc(N)nc2N)cc(OC)c1OC,CHEMBL22,IC50,nM,120000.0,CHEMBL202,IC50,uM,120.0,HsDHFR (H. sapiens)
CHEMBL999460,COc1cc(CC#Cc2cnc(N)nc2N)cc(OC)c1OC,CHEMBL219624,IC50,nM,1460.0,CHEMBL202,IC50,uM,1.46,HsDHFR (H. sapiens)
CHEMBL999460,COc1cc(CC#Cc2c(C)nc(N)nc2N)cc(OC)c1OC,CHEMBL220159,IC50,nM,400.0,CHEMBL202,IC50,uM,0.4,HsDHFR (H. sapiens)
CHEMBL999460,COc1cc(C(C)C#Cc2cnc(N)nc2N)cc(OC)c1OC,CHEMBL219889,IC50,nM,1460.0,CHEMBL202,IC50,uM,1.46,HsDHFR (H. sapiens)
CHEMBL999460,COc1cc(C(O)C#Cc2cnc(N)nc2N)cc(OC)c1OC,CHEMBL384443,IC50,nM,14300.0,CHEMBL202,IC50,uM,14.3,HsDHFR (H. sapiens)
CHEMBL999460,COc1cc(C(C#Cc2cnc(N)nc2N)OC)cc(OC)c1OC,CHEMBL220936,IC50,nM,1160.0,CHEMBL202,IC50,uM,1.16,HsDHFR (H. sapiens)
CHEMBL999460,COc1cc(C(C)C#Cc2c(C)nc(N)nc2N)cc(OC)c1OC,CHEMBL222461,IC50,nM,1380.0,CHEMBL202,IC50,uM,1.38,HsDHFR (H. sapiens)
CHEMBL999460,COc1cc(C(O)C#Cc2c(C)nc(N)nc2N)cc(OC)c1OC,CHEMBL221172,IC50,nM,5710.0,CHEMBL202,IC50,uM,5.71,HsDHFR (H. sapiens)
CHEMBL999460,COc1cc(C(C#Cc2c(C)nc(N)nc2N)OC)cc(OC)c1OC,CHEMBL220937,IC50,nM,1220.0,CHEMBL202,IC50,uM,1.22,HsDHFR (H. sapiens)
CHEMBL999460,COc1ccc(OC)c(CC#Cc2cnc(N)nc2N)c1,CHEMBL521055,IC50,nM,3200.0,CHEMBL202,IC50,uM,3.2,HsDHFR (H. sapiens)
CHEMBL999460,COc1ccc(OC)c(CC#Cc2c(C)nc(N)nc2N)c1,CHEMBL485960,IC50,nM,1300.0,CHEMBL202,IC50,uM,1.3,HsDHFR (H. sapiens)
CHEMBL999460,CCc1nc(N)nc(N)c1C#CCc1cc(OC)ccc1OC,CHEMBL485961,IC50,nM,1280.0,CHEMBL202,IC50,uM,1.28,HsDHFR (H. sapiens)
CHEMBL999460,CCCc1nc(N)nc(N)c1C#CCc1cc(OC)ccc1OC,CHEMBL485962,IC50,nM,1180.0,CHEMBL202,IC50,uM,1.18,HsDHFR (H. sapiens)
CHEMBL999460,CCc1nc(N)nc(N)c1C#CCc1cc(OC)c(OC)c(OC)c1,CHEMBL485959,IC50,nM,57.0,CHEMBL202,IC50,uM,0.057,HsDHFR (H. sapiens)
CHEMBL999460,CCc1nc(N)nc(N)c1C#CCc1cccc(OC)c1OC,CHEMBL486570,IC50,nM,130.0,CHEMBL202,IC50,uM,0.13,HsDHFR (H. sapiens)
CHEMBL999460,CCc1nc(N)nc(N)c1C#CCc1ccccc1,CHEMBL501263,IC50,nM,360.0,CHEMBL202,IC50,uM,0.36,HsDHFR (H. sapiens)
CHEMBL957672,Nc1nc(N)c2c(n1)CCC(CNc1ccc(C(=O)NC(CCC(=O)O)C(=O)O)cc1)N2,CHEMBL476400,IC50,nM,560.0,CHEMBL202,IC50,uM,0.56,HsDHFR (H. sapiens)
CHEMBL957672,C=CCN1c2c(N)nc(N)nc2CCC1CNc1ccc(C(=O)NC(CCC(=O)O)C(=O)O)cc1,CHEMBL476401,IC50,nM,1408.0,CHEMBL202,IC50,uM,1.408,HsDHFR (H. sapiens)
CHEMBL957672,C=CCN1c2c(N)nc(N)nc2CCC1CNc1ccc(C(=O)NC(CCC(=O)O)C(=O)O)cc1Br,CHEMBL477640,IC50,nM,2370.0,CHEMBL202,IC50,uM,2.37,HsDHFR (H. sapiens)
CHEMBL957672,Nc1nc(N)c2c(n1)CCC(CNc1ccc(C(=O)NC(CCC(=O)O)C(=O)O)cc1Br)N2CC(Br)CBr,CHEMBL477641,IC50,nM,9340.0,CHEMBL202,IC50,uM,9.34,HsDHFR (H. sapiens)
CHEMBL957672,C=CCN(CC1CCc2nc(N)nc(N)c2N1CC=C)c1ccc(C(=O)NC(CCC(=O)O)C(=O)O)cc1,CHEMBL477028,IC50,nM,2150.0,CHEMBL202,IC50,uM,2.15,HsDHFR (H. sapiens)
CHEMBL957672,CN(Cc1cnc2nc(N)nc(N)c2n1)c1ccc(C(=O)N[C@@H](CCC(=O)O)C(=O)O)cc1,CHEMBL34259,IC50,nM,32.94,CHEMBL202,IC50,uM,0.03294,HsDHFR (H. sapiens)
CHEMBL1017358,O=C1N/C=C/c2cc(Br)c(c(Br)c2)Oc2cc(cc(Br)c2O)CCNC(=O)/C(=N/O)Cc2ccc(c(Br)c2)Oc2cc(cc(Br)c2O)C/C1=N\O,CHEMBL442828,IC50,ug.mL-1,2.5,CHEMBL202,IC50,ug ml-1,2.5,HsDHFR (H. sapiens)
CHEMBL995078,COc1cc([C@@H](C)C#Cc2c(C)nc(N)nc2N)cc(OC)c1OC,CHEMBL223301,IC50,nM,1380.0,CHEMBL202,IC50,nM,1380.0,HsDHFR (H. sapiens)
CHEMBL995078,COc1cc(-c2ccccc2)cc(C(C)C#Cc2c(C)nc(N)nc2N)c1,CHEMBL520358,IC50,nM,1700.0,CHEMBL202,IC50,nM,1700.0,HsDHFR (H. sapiens)
CHEMBL995078,COc1cc(-c2ccccc2C)cc(C(C)C#Cc2c(C)nc(N)nc2N)c1,CHEMBL485569,IC50,nM,1360.0,CHEMBL202,IC50,nM,1360.0,HsDHFR (H. sapiens)
CHEMBL995078,COc1cc(-c2c(C)cccc2C)cc(C(C)C#Cc2c(C)nc(N)nc2N)c1,CHEMBL457725,IC50,nM,1250.0,CHEMBL202,IC50,nM,1250.0,HsDHFR (H. sapiens)
CHEMBL995078,COc1cc(-c2c(C(C)C)cccc2C(C)C)cc(C(C)C#Cc2c(C)nc(N)nc2N)c1,CHEMBL457726,IC50,nM,7200.0,CHEMBL202,IC50,nM,7200.0,HsDHFR (H. sapiens)
CHEMBL995078,COc1cc(C(C)C#Cc2c(C)nc(N)nc2N)ccc1-c1ccccc1,CHEMBL457905,IC50,nM,1420.0,CHEMBL202,IC50,nM,1420.0,HsDHFR (H. sapiens)
CHEMBL995078,COc1cc(C(C)C#Cc2c(C)nc(N)nc2N)ccc1-c1ccccc1C,CHEMBL457906,IC50,nM,2770.0,CHEMBL202,IC50,nM,2770.0,HsDHFR (H. sapiens)
CHEMBL995078,COc1cc(C(C)C#Cc2c(C)nc(N)nc2N)ccc1-c1c(C)cccc1C,CHEMBL458817,IC50,nM,3370.0,CHEMBL202,IC50,nM,3370.0,HsDHFR (H. sapiens)
CHEMBL995078,COc1cc(C(C)C#Cc2c(C)nc(N)nc2N)ccc1-c1c(C(C)C)cccc1C(C)C,CHEMBL458829,IC50,nM,4200.0,CHEMBL202,IC50,nM,4200.0,HsDHFR (H. sapiens)
CHEMBL995078,COc1cc(-c2ccccc2)cc([C@@H](C)C#Cc2c(C)nc(N)nc2N)c1,CHEMBL459177,IC50,nM,1360.0,CHEMBL202,IC50,nM,1360.0,HsDHFR (H. sapiens)
CHEMBL995078,COc1cc(-c2ccccc2)cc([C@H](C)C#Cc2c(C)nc(N)nc2N)c1,CHEMBL459178,IC50,nM,1380.0,CHEMBL202,IC50,nM,1380.0,HsDHFR (H. sapiens)
CHEMBL983757,CCCc1c(Sc2c(Cl)cccc2Cl)[nH]c2nc(N)nc(N)c12,CHEMBL514219,IC50,nM,2600.0,CHEMBL202,IC50,uM,2.6,HsDHFR (H. sapiens)
CHEMBL983757,COc1cc(Cc2cnc(N)nc2N)cc(OC)c1OC,CHEMBL22,IC50,nM,680000.0,CHEMBL202,IC50,uM,680.0,HsDHFR (H. sapiens)
CHEMBL983757,CCc1nc(N)nc(N)c1-c1ccc(Cl)cc1,CHEMBL36,IC50,nM,6000.0,CHEMBL202,IC50,uM,6.0,HsDHFR (H. sapiens)
CHEMBL983757,Nc1nc2[nH]cc(CCc3ccc(C(=O)N[C@@H](CCC(=O)O)C(=O)O)cc3)c2c(=O)[nH]1,CHEMBL225072,IC50,nM,1500.0,CHEMBL202,IC50,uM,1.5,HsDHFR (H. sapiens)
CHEMBL983757,CN(Cc1cnc2nc(N)nc(N)c2n1)c1ccc(C(=O)N[C@@H](CCC(=O)O)C(=O)O)cc1,CHEMBL34259,IC50,nM,22.0,CHEMBL202,IC50,uM,0.022,HsDHFR (H. sapiens)
CHEMBL983757,COc1ccc(Sc2[nH]c3nc(N)nc(N)c3c2C(C)C)cc1OC,CHEMBL477566,IC50,nM,27000.0,CHEMBL202,IC50,uM,27.0,HsDHFR (H. sapiens)
CHEMBL983757,COc1ccc(Sc2[nH]c3nc(N)nc(N)c3c2C(C)C)cc1,CHEMBL478404,IC50,nM,30000.0,CHEMBL202,IC50,uM,30.0,HsDHFR (H. sapiens)
CHEMBL983757,CC(C)c1c(Sc2ccccc2)[nH]c2nc(N)nc(N)c12,CHEMBL478403,IC50,nM,16000.0,CHEMBL202,IC50,uM,16.0,HsDHFR (H. sapiens)
CHEMBL983757,CCCc1c(Sc2cc(OC)ccc2OC)[nH]c2nc(N)nc(N)c12,CHEMBL476744,IC50,nM,28000.0,CHEMBL202,IC50,uM,28.0,HsDHFR (H. sapiens)
CHEMBL983757,CCCc1c(Sc2ccccc2)[nH]c2nc(N)nc(N)c12,CHEMBL516891,IC50,nM,33000.0,CHEMBL202,IC50,uM,33.0,HsDHFR (H. sapiens)
CHEMBL983757,CCCc1c(Sc2c(C)cccc2C)[nH]c2nc(N)nc(N)c12,CHEMBL477789,IC50,nM,3000.0,CHEMBL202,IC50,uM,3.0,HsDHFR (H. sapiens)
CHEMBL1029821,Cc1cc2nc3c(=O)[nH]c(=O)nc-3n(C[C@H](O)[C@H](O)[C@H](O)COP(=O)(O)O)c2cc1C,CHEMBL1201794,IC50,nM,325000.0,CHEMBL202,IC50,uM,325.0,HsDHFR (H. sapiens)
CHEMBL1031974,COC(=O)C(C)(C)C1c2ccccc2C=NN1C(=O)/C=C/c1cc(Cc2cnc(N)nc2N)cc(OC)c1OC,CHEMBL565059,IC50,nM,813000.0,CHEMBL202,IC50,nM,813000.0,HsDHFR (H. sapiens)
CHEMBL1031974,CCCC1c2ccccc2C=NN1C(=O)/C=C/c1cc(Cc2cnc(N)nc2N)cc(O)c1OC,CHEMBL560502,IC50,nM,110000.0,CHEMBL202,IC50,nM,110000.0,HsDHFR (H. sapiens)
CHEMBL1062969,CCc1sc2nc(N)[nH]c(=O)c2c1Sc1ccc(C(=O)N[C@@H](CCC(=O)O)C(=O)O)cc1,CHEMBL551049,IC50,nM,19.0,CHEMBL202,IC50,uM,0.019,HsDHFR (H. sapiens)
CHEMBL1062969,CCc1sc2nc(N)[nH]c(=O)c2c1Sc1ccccc1,CHEMBL550769,IC50,nM,2600.0,CHEMBL202,IC50,uM,2.6,HsDHFR (H. sapiens)
CHEMBL1062969,CCc1sc2nc(N)[nH]c(=O)c2c1Sc1ccc(Cl)cc1,CHEMBL564277,IC50,nM,300.0,CHEMBL202,IC50,uM,0.3,HsDHFR (H. sapiens)
CHEMBL1062969,CCc1sc2nc(N)[nH]c(=O)c2c1Sc1ccc([N+](=O)[O-])cc1,CHEMBL564937,IC50,nM,260.0,CHEMBL202,IC50,uM,0.26,HsDHFR (H. sapiens)
CHEMBL1062969,CCc1sc2nc(N)[nH]c(=O)c2c1Sc1cc(OC)ccc1OC,CHEMBL564004,IC50,nM,840.0,CHEMBL202,IC50,uM,0.84,HsDHFR (H. sapiens)
CHEMBL1062969,CCc1sc2nc(N)[nH]c(=O)c2c1Sc1ccc(Cl)c(Cl)c1,CHEMBL556091,IC50,nM,290.0,CHEMBL202,IC50,uM,0.29,HsDHFR (H. sapiens)
CHEMBL1062969,CCc1sc2nc(N)[nH]c(=O)c2c1Sc1cc(Cl)cc(Cl)c1,CHEMBL560912,IC50,nM,280.0,CHEMBL202,IC50,uM,0.28,HsDHFR (H. sapiens)
CHEMBL1062969,CCc1sc2nc(N)[nH]c(=O)c2c1Sc1ccc2ccccc2c1,CHEMBL550296,IC50,nM,2200.0,CHEMBL202,IC50,uM,2.2,HsDHFR (H. sapiens)
CHEMBL1062969,CCc1sc2nc(N)[nH]c(=O)c2c1Sc1ccncc1,CHEMBL550842,IC50,nM,350.0,CHEMBL202,IC50,uM,0.35,HsDHFR (H. sapiens)
CHEMBL1062969,CCc1sc2nc(N)[nH]c(=O)c2c1Sc1ccc(F)cc1,CHEMBL538143,IC50,nM,620.0,CHEMBL202,IC50,uM,0.62,HsDHFR (H. sapiens)
CHEMBL1062969,CCc1sc2nc(N)[nH]c(=O)c2c1Sc1ccc(Br)cc1,CHEMBL565179,IC50,nM,260.0,CHEMBL202,IC50,uM,0.26,HsDHFR (H. sapiens)
CHEMBL1062969,CCc1sc2nc(N)[nH]c(=O)c2c1Sc1cccc(Cl)c1,CHEMBL551985,IC50,nM,300.0,CHEMBL202,IC50,uM,0.3,HsDHFR (H. sapiens)
CHEMBL1062969,CCc1sc2nc(N)[nH]c(=O)c2c1Sc1cc(OC)cc(OC)c1,CHEMBL563212,IC50,nM,540.0,CHEMBL202,IC50,uM,0.54,HsDHFR (H. sapiens)
CHEMBL1062969,CCc1sc2nc(N)[nH]c(=O)c2c1Sc1ccccc1Cl,CHEMBL551768,IC50,nM,600.0,CHEMBL202,IC50,uM,0.6,HsDHFR (H. sapiens)
CHEMBL1062969,Nc1nc2[nH]cc(CCc3ccc(C(=O)N[C@@H](CCC(=O)O)C(=O)O)cc3)c2c(=O)[nH]1,CHEMBL225072,IC50,nM,6600.0,CHEMBL202,IC50,uM,6.6,HsDHFR (H. sapiens)
CHEMBL1062969,C#CCN(Cc1ccc2[nH]c(N)nc(=O)c2c1)c1ccc(C(=O)N[C@@H](CCC(=O)O)C(=O)O)cc1,CHEMBL389051,IC50,nM,1900.0,CHEMBL202,IC50,uM,1.9,HsDHFR (H. sapiens)
CHEMBL1062969,CN(Cc1cnc2nc(N)nc(N)c2n1)c1ccc(C(=O)N[C@@H](CCC(=O)O)C(=O)O)cc1,CHEMBL34259,IC50,nM,20.0,CHEMBL202,IC50,uM,0.02,HsDHFR (H. sapiens)
CHEMBL1044822,COc1cc(C(O)C#Cc2cnc(N)nc2N)cc(OC)c1OC,CHEMBL384443,IC50,nM,14300.0,CHEMBL202,IC50,uM,14.3,HsDHFR (H. sapiens)
CHEMBL1044822,COc1cc(C(C#Cc2cnc(N)nc2N)OC)cc(OC)c1OC,CHEMBL220936,IC50,nM,1160.0,CHEMBL202,IC50,uM,1.16,HsDHFR (H. sapiens)
CHEMBL1044822,COc1cc(CC#Cc2cnc(N)nc2N)cc(OC)c1OC,CHEMBL219624,IC50,nM,1460.0,CHEMBL202,IC50,uM,1.46,HsDHFR (H. sapiens)
CHEMBL1044822,COc1cc(C(C)C#Cc2cnc(N)nc2N)cc(OC)c1OC,CHEMBL219889,IC50,nM,1460.0,CHEMBL202,IC50,uM,1.46,HsDHFR (H. sapiens)
CHEMBL1044822,COc1cc(C(O)C#Cc2c(C)nc(N)nc2N)cc(OC)c1OC,CHEMBL221172,IC50,nM,5710.0,CHEMBL202,IC50,uM,5.71,HsDHFR (H. sapiens)
CHEMBL1044822,COc1cc(C(C#Cc2c(C)nc(N)nc2N)OC)cc(OC)c1OC,CHEMBL220937,IC50,nM,1220.0,CHEMBL202,IC50,uM,1.22,HsDHFR (H. sapiens)
CHEMBL1044822,COc1cc(CC#Cc2c(C)nc(N)nc2N)cc(OC)c1OC,CHEMBL220159,IC50,nM,400.0,CHEMBL202,IC50,uM,0.4,HsDHFR (H. sapiens)
CHEMBL1044822,COc1cc(C(C)C#Cc2c(C)nc(N)nc2N)cc(OC)c1OC,CHEMBL222461,IC50,nM,1380.0,CHEMBL202,IC50,uM,1.38,HsDHFR (H. sapiens)
CHEMBL1044822,CCC(C#Cc1c(C)nc(N)nc1N)c1cc(OC)c(OC)c(OC)c1,CHEMBL574335,IC50,nM,200.0,CHEMBL202,IC50,uM,0.2,HsDHFR (H. sapiens)
CHEMBL1044822,COc1cc(C(C#Cc2c(C)nc(N)nc2N)C(C)C)cc(OC)c1OC,CHEMBL582843,IC50,nM,290.0,CHEMBL202,IC50,uM,0.29,HsDHFR (H. sapiens)
CHEMBL1044822,CCc1nc(N)nc(N)c1C#CCc1cc(OC)c(OC)c(OC)c1,CHEMBL485959,IC50,nM,57.0,CHEMBL202,IC50,uM,0.057,HsDHFR (H. sapiens)
CHEMBL1044822,CCc1nc(N)nc(N)c1C#CC(C)c1cc(OC)c(OC)c(OC)c1,CHEMBL575223,IC50,nM,88.0,CHEMBL202,IC50,uM,0.088,HsDHFR (H. sapiens)
CHEMBL1044822,COc1ccc(OC)c(CC#Cc2cnc(N)nc2N)c1,CHEMBL521055,IC50,nM,3200.0,CHEMBL202,IC50,uM,3.2,HsDHFR (H. sapiens)
CHEMBL1044822,COc1ccc(OC)c(CC#Cc2c(C)nc(N)nc2N)c1,CHEMBL485960,IC50,nM,1300.0,CHEMBL202,IC50,uM,1.3,HsDHFR (H. sapiens)
CHEMBL1044822,CCc1nc(N)nc(N)c1C#CCc1cc(OC)ccc1OC,CHEMBL485961,IC50,nM,1280.0,CHEMBL202,IC50,uM,1.28,HsDHFR (H. sapiens)
CHEMBL1044822,CCCc1nc(N)nc(N)c1C#CCc1cc(OC)ccc1OC,CHEMBL485962,IC50,nM,1180.0,CHEMBL202,IC50,uM,1.18,HsDHFR (H. sapiens)
CHEMBL1044822,COc1ccc(OC)c(C(O)C#Cc2c(C)nc(N)nc2N)c1,CHEMBL573880,IC50,nM,1200.0,CHEMBL202,IC50,uM,1.2,HsDHFR (H. sapiens)
CHEMBL1044822,COc1ccc(OC)c(C(C#Cc2c(C)nc(N)nc2N)OC)c1,CHEMBL584390,IC50,nM,60.0,CHEMBL202,IC50,uM,0.06,HsDHFR (H. sapiens)
CHEMBL1044822,COc1ccc(OC)c(C(C)C#Cc2c(C)nc(N)nc2N)c1,CHEMBL574329,IC50,nM,400.0,CHEMBL202,IC50,uM,0.4,HsDHFR (H. sapiens)
CHEMBL1044822,COc1cc(-c2ccccc2)cc(C(C)C#Cc2c(C)nc(N)nc2N)c1,CHEMBL520358,IC50,nM,1700.0,CHEMBL202,IC50,uM,1.7,HsDHFR (H. sapiens)
CHEMBL1044822,COc1cc(-c2ccccc2)cc([C@@H](C)C#Cc2c(C)nc(N)nc2N)c1,CHEMBL459177,IC50,nM,1360.0,CHEMBL202,IC50,uM,1.36,HsDHFR (H. sapiens)
CHEMBL1044822,COc1cc(-c2ccccc2)cc([C@H](C)C#Cc2c(C)nc(N)nc2N)c1,CHEMBL459178,IC50,nM,1380.0,CHEMBL202,IC50,uM,1.38,HsDHFR (H. sapiens)
CHEMBL1044822,COc1cc(-c2ccccc2C)cc(C(C)C#Cc2c(C)nc(N)nc2N)c1,CHEMBL485569,IC50,nM,1360.0,CHEMBL202,IC50,uM,1.36,HsDHFR (H. sapiens)
CHEMBL1044822,COc1cc(-c2c(C)cccc2C)cc(C(C)C#Cc2c(C)nc(N)nc2N)c1,CHEMBL457725,IC50,nM,1250.0,CHEMBL202,IC50,uM,1.25,HsDHFR (H. sapiens)
CHEMBL1044822,COc1cc(-c2c(C(C)C)cccc2C(C)C)cc(C(C)C#Cc2c(C)nc(N)nc2N)c1,CHEMBL457726,IC50,nM,7200.0,CHEMBL202,IC50,uM,7.2,HsDHFR (H. sapiens)
CHEMBL1044822,COc1ccc(-c2cc(OC)cc(C(C)C#Cc3c(C)nc(N)nc3N)c2)cc1,CHEMBL572485,IC50,nM,180.0,CHEMBL202,IC50,uM,0.18,HsDHFR (H. sapiens)
CHEMBL1044822,COc1cc(-c2ccccc2)cc(C(O)C#Cc2c(C)nc(N)nc2N)c1,CHEMBL574559,IC50,nM,2300.0,CHEMBL202,IC50,uM,2.3,HsDHFR (H. sapiens)
CHEMBL1044822,COc1cc(CC#Cc2c(C)nc(N)nc2N)cc(-c2c(C)cccc2C)c1,CHEMBL572717,IC50,nM,1580.0,CHEMBL202,IC50,uM,1.58,HsDHFR (H. sapiens)
CHEMBL1044822,COc1cc(-c2ccc(C)cc2)cc(C(C)C#Cc2c(C)nc(N)nc2N)c1,CHEMBL584391,IC50,nM,1410.0,CHEMBL202,IC50,uM,1.41,HsDHFR (H. sapiens)
CHEMBL1044822,COc1cc(-c2cc(C)cc(C)c2)cc(C(C)C#Cc2c(C)nc(N)nc2N)c1,CHEMBL575217,IC50,nM,750.0,CHEMBL202,IC50,uM,0.75,HsDHFR (H. sapiens)
CHEMBL1044822,COc1cc(-c2ccc(C(C)(C)C)cc2)cc(C(C)C#Cc2c(C)nc(N)nc2N)c1,CHEMBL578424,IC50,nM,210.0,CHEMBL202,IC50,uM,0.21,HsDHFR (H. sapiens)
CHEMBL1044822,COc1cc(C(C)C#Cc2c(C)nc(N)nc2N)ccc1-c1ccccc1,CHEMBL457905,IC50,nM,1420.0,CHEMBL202,IC50,uM,1.42,HsDHFR (H. sapiens)
CHEMBL1044822,COc1cc(C(C)C#Cc2c(C)nc(N)nc2N)ccc1-c1ccccc1C,CHEMBL457906,IC50,nM,2770.0,CHEMBL202,IC50,uM,2.77,HsDHFR (H. sapiens)
CHEMBL1044822,COc1cc(C(C)C#Cc2c(C)nc(N)nc2N)ccc1-c1c(C)cccc1C,CHEMBL458817,IC50,nM,3370.0,CHEMBL202,IC50,uM,3.37,HsDHFR (H. sapiens)
CHEMBL1044822,COc1cc(C(C)C#Cc2c(C)nc(N)nc2N)ccc1-c1c(C(C)C)cccc1C(C)C,CHEMBL458829,IC50,nM,4200.0,CHEMBL202,IC50,uM,4.2,HsDHFR (H. sapiens)
CHEMBL1044822,COc1cc(Cc2cnc(N)nc2N)cc(OC)c1OC,CHEMBL22,IC50,nM,198000.0,CHEMBL202,IC50,uM,198.0,HsDHFR (H. sapiens)
CHEMBL1038903,COc1ccccc1/C(C)=C\c1coc2nc(N)nc(N)c12,CHEMBL606039,IC50,nM,1900.0,CHEMBL202,IC50,uM,1.9,HsDHFR (H. sapiens)
CHEMBL1038903,COc1ccccc1C(Cc1coc2nc(N)nc(N)c12)C1CC1,CHEMBL603198,IC50,nM,5010.0,CHEMBL202,IC50,uM,5.01,HsDHFR (H. sapiens)
CHEMBL1038903,COc1ccccc1C(Cc1coc2nc(N)nc(N)c12)C(C)C,CHEMBL595757,IC50,nM,5090.0,CHEMBL202,IC50,uM,5.09,HsDHFR (H. sapiens)
CHEMBL1038903,COc1ccccc1C(=Cc1coc2nc(=N)[nH]c(N)c12)C(C)C,CHEMBL594810,IC50,nM,6350.0,CHEMBL202,IC50,uM,6.35,HsDHFR (H. sapiens)
CHEMBL1038903,CCC(C)C(=Cc1coc2nc(=N)[nH]c(N)c12)c1ccccc1OC,CHEMBL603849,IC50,nM,8640.0,CHEMBL202,IC50,uM,8.64,HsDHFR (H. sapiens)
CHEMBL1038903,COc1ccccc1C(=Cc1coc2nc(=N)[nH]c(N)c12)C1CC1,CHEMBL594320,IC50,nM,10200.0,CHEMBL202,IC50,uM,10.2,HsDHFR (H. sapiens)
CHEMBL1038903,CCCC(=Cc1coc2nc(=N)[nH]c(N)c12)c1ccccc1OC,CHEMBL595497,IC50,nM,12200.0,CHEMBL202,IC50,uM,12.2,HsDHFR (H. sapiens)
CHEMBL1038903,COc1ccccc1/C(C)=C/c1coc2nc(N)nc(N)c12,CHEMBL610181,IC50,nM,16400.0,CHEMBL202,IC50,uM,16.4,HsDHFR (H. sapiens)
CHEMBL1038903,CCCC(Cc1coc2nc(N)nc(N)c12)c1ccccc1OC,CHEMBL605413,IC50,nM,25900.0,CHEMBL202,IC50,uM,25.9,HsDHFR (H. sapiens)
CHEMBL1038903,CCCCC(=Cc1coc2nc(=N)[nH]c(N)c12)c1ccccc1OC,CHEMBL604879,IC50,nM,33300.0,CHEMBL202,IC50,uM,33.3,HsDHFR (H. sapiens)
CHEMBL1038903,CCC(C)C(Cc1coc2nc(N)nc(N)c12)c1ccccc1OC,CHEMBL594339,IC50,nM,42100.0,CHEMBL202,IC50,uM,42.1,HsDHFR (H. sapiens)
CHEMBL1038903,COc1ccccc1C(Cc1coc2nc(N)nc(N)c12)CC(C)C,CHEMBL606362,IC50,nM,62700.0,CHEMBL202,IC50,uM,62.7,HsDHFR (H. sapiens)
CHEMBL1038903,COc1ccccc1C(=Cc1coc2nc(=N)[nH]c(N)c12)CC(C)C,CHEMBL593154,IC50,nM,86500.0,CHEMBL202,IC50,uM,86.5,HsDHFR (H. sapiens)
CHEMBL1038903,CCCCC(Cc1coc2nc(N)nc(N)c12)c1ccccc1OC,CHEMBL594790,IC50,nM,93900.0,CHEMBL202,IC50,uM,93.9,HsDHFR (H. sapiens)
CHEMBL1073056,Nc1nc(N)c2c(CCc3ccc(C(=O)N[C@@H](CCC(=O)O)C(=O)O)cc3)coc2n1,CHEMBL323565,IC50,nM,220.0,CHEMBL202,IC50,uM,0.22,HsDHFR (H. sapiens)
CHEMBL1073056,CN(Cc1coc2nc(N)nc(N)c12)c1ccc(C(=O)N[C@@H](CCC(=O)O)C(=O)O)cc1,CHEMBL104829,IC50,nM,220.0,CHEMBL202,IC50,uM,0.22,HsDHFR (H. sapiens)
CHEMBL1073056,Nc1nc(N)c2c(CNc3ccc(C(=O)N[C@@H](CCC(=O)O)C(=O)O)cc3)coc2n1,CHEMBL106628,IC50,nM,220.0,CHEMBL202,IC50,uM,0.22,HsDHFR (H. sapiens)
CHEMBL1073056,CN(Cc1cnc2nc(N)nc(N)c2n1)c1ccc(C(=O)N[C@@H](CCC(=O)O)C(=O)O)cc1,CHEMBL34259,IC50,nM,22.0,CHEMBL202,IC50,uM,0.022,HsDHFR (H. sapiens)
CHEMBL1073056,Nc1nc2[nH]cc(CCc3ccc(C(=O)N[C@@H](CCC(=O)O)C(=O)O)cc3)c2c(=O)[nH]1,CHEMBL225072,IC50,nM,6600.0,CHEMBL202,IC50,uM,6.6,HsDHFR (H. sapiens)
CHEMBL1073056,Cc1nc(=O)c2cc(CN(C)c3ccc(C(=O)N[C@@H](CCC(=O)O)C(=O)O)s3)ccc2[nH]1,CHEMBL225071,IC50,nM,21000.0,CHEMBL202,IC50,uM,21.0,HsDHFR (H. sapiens)
CHEMBL1073056,Cc1c(Sc2ccc(C(=O)N[C@@H](CCC(=O)O)C(=O)O)cc2)oc2nc(N)nc(N)c12,CHEMBL596672,IC50,nM,4000.0,CHEMBL202,IC50,uM,4.0,HsDHFR (H. sapiens)
CHEMBL1073056,Cc1c(Sc2ccc(C(=O)N[C@@H](CCC(=O)O)C(=O)O)cc2)[nH]c2nc(N)nc(N)c12,CHEMBL389643,IC50,nM,210.0,CHEMBL202,IC50,uM,0.21,HsDHFR (H. sapiens)
CHEMBL1111495,C/C(=C/c1coc2nc(N)nc(N)c12)c1cccc2ccccc12,CHEMBL1080403,IC50,nM,10000.0,CHEMBL202,IC50,uM,10.0,HsDHFR (H. sapiens)
CHEMBL1113554,C=CCSc1nc2ccc(N(C/C=C/c3ccccc3)C/C=C/c3ccccc3)cc2c(=O)n1Cc1ccccc1,CHEMBL1093994,IC50,nM,700.0,CHEMBL202,IC50,uM,0.7,HsDHFR (H. sapiens)
CHEMBL1113554,C=CCSc1nc2ccc(NC/C=C/c3ccccc3)cc2c(=O)n1Cc1ccccc1,CHEMBL1093993,IC50,nM,3000.0,CHEMBL202,IC50,uM,3.0,HsDHFR (H. sapiens)
CHEMBL1113554,CSc1nc2ccc(N(C/C=C/c3ccccc3)C/C=C/c3ccccc3)cc2c(=O)n1Cc1ccccc1,CHEMBL1090563,IC50,nM,800.0,CHEMBL202,IC50,uM,0.8,HsDHFR (H. sapiens)
CHEMBL1113554,CSc1nc2ccc(NC/C=C/c3ccccc3)cc2c(=O)n1Cc1ccccc1,CHEMBL1090897,IC50,nM,2000.0,CHEMBL202,IC50,uM,2.0,HsDHFR (H. sapiens)
CHEMBL1113554,C=CCN(C)c1ccc2nc(SC)n(Cc3ccccc3)c(=O)c2c1,CHEMBL1090896,IC50,nM,2000.0,CHEMBL202,IC50,uM,2.0,HsDHFR (H. sapiens)
CHEMBL1113554,C=CCSc1nc2ccc(N(CC=C)CC=C)cc2c(=O)n1Cc1ccccc1,CHEMBL1093230,IC50,nM,900.0,CHEMBL202,IC50,uM,0.9,HsDHFR (H. sapiens)
CHEMBL1113554,C=CCNc1ccc2nc(SCC=C)n(Cc3ccccc3)c(=O)c2c1,CHEMBL1092683,IC50,nM,1000.0,CHEMBL202,IC50,uM,1.0,HsDHFR (H. sapiens)
CHEMBL1113554,C=CCN(CC=C)c1ccc2nc(SC)n(Cc3ccccc3)c(=O)c2c1,CHEMBL1092682,IC50,nM,1000.0,CHEMBL202,IC50,uM,1.0,HsDHFR (H. sapiens)
CHEMBL1113554,C=CCNc1ccc2nc(SC)n(Cc3ccccc3)c(=O)c2c1,CHEMBL1089230,IC50,nM,800.0,CHEMBL202,IC50,uM,0.8,HsDHFR (H. sapiens)
CHEMBL1113554,O=C(/C=C/c1ccccc1)Nc1ccc2nc(SC/C=C/c3ccccc3)n(Cc3ccccc3)c(=O)c2c1,CHEMBL1089229,IC50,nM,500.0,CHEMBL202,IC50,uM,0.5,HsDHFR (H. sapiens)
CHEMBL1113554,C=CCSc1nc2ccc(NC(=O)/C=C/c3ccccc3)cc2c(=O)n1Cc1ccccc1,CHEMBL1093519,IC50,nM,500.0,CHEMBL202,IC50,uM,0.5,HsDHFR (H. sapiens)
CHEMBL1113554,CSc1nc2ccc(NC(=O)/C=C/c3ccccc3)cc2c(=O)n1Cc1ccccc1,CHEMBL1093244,IC50,nM,1000.0,CHEMBL202,IC50,uM,1.0,HsDHFR (H. sapiens)
CHEMBL1113554,C=CC(=O)Nc1ccc2nc(SC/C=C/c3ccccc3)n(Cc3ccccc3)c(=O)c2c1,CHEMBL1093243,IC50,nM,2000.0,CHEMBL202,IC50,uM,2.0,HsDHFR (H. sapiens)
CHEMBL1113554,Cc1ccc2c(c1)c(=O)n(Cc1ccccc1)c(=S)n2C(O)/C=C/c1ccccc1,CHEMBL1093475,IC50,nM,3000.0,CHEMBL202,IC50,uM,3.0,HsDHFR (H. sapiens)
CHEMBL1113554,CC(=O)NS(=O)(=O)c1ccc(N)cc1,CHEMBL455,IC50,nM,18000.0,CHEMBL202,IC50,uM,18.0,HsDHFR (H. sapiens)
CHEMBL1113554,,CHEMBL6067485,IC50,nM,18000.0,CHEMBL202,IC50,uM,18.0,HsDHFR (H. sapiens)
CHEMBL1113554,Nc1ccc2nc(SC/C=C/c3ccccc3)n(Cc3ccccc3)c(=O)c2c1,CHEMBL1093818,IC50,nM,6000.0,CHEMBL202,IC50,uM,6.0,HsDHFR (H. sapiens)
CHEMBL1113554,C=CCSc1nc2ccc(N)cc2c(=O)n1Cc1ccccc1,CHEMBL1093491,IC50,nM,5000.0,CHEMBL202,IC50,uM,5.0,HsDHFR (H. sapiens)
CHEMBL1113554,O=c1c2cc([N+](=O)[O-])ccc2nc(SC/C=C/c2ccccc2)n1Cc1ccccc1,CHEMBL1091603,IC50,nM,3000.0,CHEMBL202,IC50,uM,3.0,HsDHFR (H. sapiens)
CHEMBL1113554,Cc1ccc2nc(SC/C=C/c3ccccc3)n(Cc3ccccc3)c(=O)c2c1,CHEMBL1091244,IC50,nM,1000.0,CHEMBL202,IC50,uM,1.0,HsDHFR (H. sapiens)
CHEMBL1113554,C=CCSc1nc2ccc([N+](=O)[O-])cc2c(=O)n1Cc1ccccc1,CHEMBL1092451,IC50,nM,2000.0,CHEMBL202,IC50,uM,2.0,HsDHFR (H. sapiens)
CHEMBL1113554,C=CCSc1nc2ccc(C)cc2c(=O)n1Cc1ccccc1,CHEMBL1091255,IC50,nM,4000.0,CHEMBL202,IC50,uM,4.0,HsDHFR (H. sapiens)
CHEMBL1113554,CN(Cc1cnc2nc(N)nc(N)c2n1)c1ccc(C(=O)N[C@@H](CCC(=O)O)C(=O)O)cc1,CHEMBL34259,IC50,nM,80.0,CHEMBL202,IC50,uM,0.08,HsDHFR (H. sapiens)
CHEMBL1115358,CN(Cc1cnc2nc(N)nc(N)c2n1)c1ccc(C(=O)N[C@@H](CCC(=O)O)C(=O)O)cc1,CHEMBL34259,IC50,nM,22.0,CHEMBL202,IC50,uM,0.022,HsDHFR (H. sapiens)
CHEMBL1115358,COc1cc(Cc2cnc(N)nc2N)cc(OC)c1OC,CHEMBL22,IC50,nM,680000.0,CHEMBL202,IC50,uM,680.0,HsDHFR (H. sapiens)
CHEMBL1167427,COc1ccc(NCc2ccc3nc(N)nc(N)c3c2)cc1OC,CHEMBL1163286,IC50,nM,85.5,CHEMBL202,IC50,nM,85.5,HsDHFR (H. sapiens)
CHEMBL1167427,CCOC(=O)CCCOc1cc(NCc2ccc3nc(N)nc(N)c3c2)ccc1OC,CHEMBL1165388,IC50,nM,68.3,CHEMBL202,IC50,nM,68.3,HsDHFR (H. sapiens)
CHEMBL1167427,COC(=O)CCCCOc1cc(NCc2ccc3nc(N)nc(N)c3c2)ccc1OC,CHEMBL1165305,IC50,nM,93.5,CHEMBL202,IC50,nM,93.5,HsDHFR (H. sapiens)
CHEMBL1167427,COC(=O)c1ccc(COc2cc(NCc3ccc4nc(N)nc(N)c4c3)ccc2OC)cc1,CHEMBL1165306,IC50,nM,174.6,CHEMBL202,IC50,nM,174.6,HsDHFR (H. sapiens)
CHEMBL1167427,CCCN(Cc1ccc2nc(N)nc(N)c2c1)c1ccc(OC)c(OCCCCC(=O)OC)c1,CHEMBL1164234,IC50,nM,1338.0,CHEMBL202,IC50,nM,1338.0,HsDHFR (H. sapiens)
CHEMBL1167427,COc1ccc(NCc2ccc3nc(N)nc(N)c3c2)cc1OCCCC(=O)O,CHEMBL1164279,IC50,nM,356.6,CHEMBL202,IC50,nM,356.6,HsDHFR (H. sapiens)
CHEMBL1167427,COc1cc(NCc2ccc3nc(N)nc(N)c3c2C)cc(OC)c1OC,CHEMBL119,IC50,nM,80.9,CHEMBL202,IC50,nM,80.9,HsDHFR (H. sapiens)
CHEMBL1655373,Nc1nc2ccc(OC(F)(F)F)cc2s1,CHEMBL744,IC50,nM,312000.0,CHEMBL202,IC50,uM,312.0,HsDHFR (H. sapiens)
CHEMBL1655373,CS(=O)(=O)c1ccc2nc(N)sc2c1,CHEMBL432942,IC50,nM,1040000.0,CHEMBL202,IC50,uM,1040.0,HsDHFR (H. sapiens)
CHEMBL1655373,Nc1nnc(CCC(=O)c2cccs2)s1,CHEMBL1650287,IC50,nM,300000.0,CHEMBL202,IC50,uM,300.0,HsDHFR (H. sapiens)
CHEMBL1653326,CCC[C@H]1c2ccccc2C=NN1C(=O)/C=C/c1cc(Cc2cnc(N)nc2N)cc(OC)c1OC,CHEMBL1235617,IC50,nM,110000.0,CHEMBL202,IC50,nM,110000.0,HsDHFR (H. sapiens)
CHEMBL1677367,CCCC1c2ccccc2C=NN1C(=O)/C=C/c1cc(Cc2cnc(N)nc2N)cc(O)c1OC,CHEMBL560502,IC50,nM,110000.0,CHEMBL202,IC50,uM,110.0,HsDHFR (H. sapiens)
CHEMBL1819662,C#CCN(Cc1ccc2[nH]c(N)nc(=O)c2c1)c1ccc(C(=O)N[C@@H](CCC(=O)O)C(=O)O)cc1,CHEMBL389051,IC50,nM,11000.0,CHEMBL202,IC50,uM,11.0,HsDHFR (H. sapiens)
CHEMBL1819662,Cc1[nH]c2nc(N)[nH]c(=O)c2c1Sc1ccc(C(=O)N[C@@H](CCC(=O)O)C(=O)O)cc1,CHEMBL225180,IC50,nM,2100.0,CHEMBL202,IC50,uM,2.1,HsDHFR (H. sapiens)
CHEMBL1819662,Nc1nc2sc3cccc(CNc4ccc(C(=O)N[C@@H](CCC(=O)O)C(=O)O)cc4)c3c2c(=O)[nH]1,CHEMBL1738741,IC50,nM,90.0,CHEMBL202,IC50,uM,0.09,HsDHFR (H. sapiens)
CHEMBL1819662,Nc1nc2sc3cccc(CNc4ccc5c(c4)CN([C@@H](CCC(=O)O)C(=O)O)C5=O)c3c2c(=O)[nH]1,CHEMBL1738740,IC50,nM,100.0,CHEMBL202,IC50,uM,0.1,HsDHFR (H. sapiens)
CHEMBL1819662,Nc1nc2[nH]cc(CCc3ccc(C(=O)N[C@@H](CCC(=O)O)C(=O)O)cc3)c2c(=O)[nH]1,CHEMBL225072,IC50,nM,6600.0,CHEMBL202,IC50,uM,6.6,HsDHFR (H. sapiens)
CHEMBL1819662,CN(Cc1cnc2nc(N)nc(N)c2n1)c1ccc(C(=O)N[C@@H](CCC(=O)O)C(=O)O)cc1,CHEMBL34259,IC50,nM,22.0,CHEMBL202,IC50,uM,0.022,HsDHFR (H. sapiens)
CHEMBL1826162,CC1(C)N=C(N)N=C(N)N1Cc1ccc(F)cc1.Cl,CHEMBL1824519,IC50,nM,21800.0,CHEMBL202,IC50,uM,21.8,HsDHFR (H. sapiens)
CHEMBL1826162,CC1(C)N=C(N)N=C(N)N1OCc1ccccc1.Cl,CHEMBL1824770,IC50,nM,69.0,CHEMBL202,IC50,uM,0.069,HsDHFR (H. sapiens)
CHEMBL1826162,CCC1(C)N=C(N)N=C(N)N1OCc1ccccc1.Cl,CHEMBL1824771,IC50,nM,155.0,CHEMBL202,IC50,uM,0.155,HsDHFR (H. sapiens)
CHEMBL1826162,Cl.NC1=NC(C2CC2)N(OCc2ccccc2)C(N)=N1,CHEMBL1824772,IC50,nM,548.0,CHEMBL202,IC50,uM,0.548,HsDHFR (H. sapiens)
CHEMBL1826162,Cl.NC1=NC2(CCC2)N(OCc2ccccc2)C(N)=N1,CHEMBL1824773,IC50,nM,134.0,CHEMBL202,IC50,uM,0.134,HsDHFR (H. sapiens)
CHEMBL1826162,NC1=NC2(CCCC2)N(OCc2ccccc2)C(N)=N1,CHEMBL1824774,IC50,nM,173.0,CHEMBL202,IC50,uM,0.173,HsDHFR (H. sapiens)
CHEMBL1826162,NC1=NC2(CCCCC2)N(OCc2ccccc2)C(N)=N1,CHEMBL1824775,IC50,nM,1790.0,CHEMBL202,IC50,uM,1.79,HsDHFR (H. sapiens)
CHEMBL1826162,Cl.NC1=NC2(CCCCCC2)N(OCc2ccccc2)C(N)=N1,CHEMBL1824776,IC50,nM,5330.0,CHEMBL202,IC50,uM,5.33,HsDHFR (H. sapiens)
CHEMBL2016367,Nc1ncc(Cn2cc(CN3CCN(c4nc5c(cc4F)c(=O)c(C(=O)O)cn5C4CC4)CC3)nn2)c(N)n1,CHEMBL2012918,IC50,nM,50000.0,CHEMBL202,IC50,uM,50.0,HsDHFR (H. sapiens)
CHEMBL2016367,COc1cc(Cc2cnc(N)nc2N)cc2c1OCCN2,CHEMBL2012911,IC50,nM,340.0,CHEMBL202,IC50,uM,0.34,HsDHFR (H. sapiens)
CHEMBL2016367,COc1cc(Cc2cnc(N)nc2N)cc(OC)c1OC,CHEMBL22,IC50,nM,123.0,CHEMBL202,IC50,uM,0.123,HsDHFR (H. sapiens)
CHEMBL2050302,CN(Cc1cnc2nc(N)nc(N)c2n1)c1ccc(C(=O)N[C@@H](CCC(=O)O)C(=O)O)cc1,CHEMBL34259,IC50,nM,20.0,CHEMBL202,IC50,10'-8M,2.0,HsDHFR (H. sapiens)
CHEMBL2050302,CCc1nc(N)nc(N)c1-c1ccc(Cl)cc1,CHEMBL36,IC50,nM,6000.0,CHEMBL202,IC50,uM,6.0,HsDHFR (H. sapiens)
CHEMBL2153943,Nc1nc(N)c2c(n1)CCC1CN(c3ccc(C(=O)N[C@@H](CCC(=O)O)C(=O)O)cc3)CN21,CHEMBL2153704,IC50,nM,800.0,CHEMBL202,IC50,uM,0.8,HsDHFR (H. sapiens)
CHEMBL2153943,Nc1nc(N)c2nc(CNc3ccc(C(=O)N[C@@H](CCC(=O)O)C(=O)O)cc3)ccc2n1,CHEMBL2153707,IC50,nM,18.0,CHEMBL202,IC50,uM,0.018,HsDHFR (H. sapiens)
CHEMBL2153943,CN(CC1CCc2nc(N)nc(N)c2N1)c1ccc(C(=O)N[C@@H](CCC(=O)O)C(=O)O)cc1,CHEMBL2153709,IC50,nM,33.0,CHEMBL202,IC50,uM,0.033,HsDHFR (H. sapiens)
CHEMBL2153943,Cc1ccc(S(=O)(=O)N2c3c(N)nc(N)nc3CCC2CN(C)c2ccc(C(=O)N[C@@H](CCC(=O)O)C(=O)O)cc2)cc1,CHEMBL2153710,IC50,nM,1070.0,CHEMBL202,IC50,uM,1.07,HsDHFR (H. sapiens)
CHEMBL2153943,CN(CC1CCc2nc(N)nc(N)c2N1C=O)c1ccc(C(=O)N[C@@H](CCC(=O)O)C(=O)O)cc1,CHEMBL2153711,IC50,nM,32.0,CHEMBL202,IC50,uM,0.032,HsDHFR (H. sapiens)
CHEMBL2153943,C=CCN1c2c(N)nc(N)nc2CCC1CN(C)c1ccc(C(=O)N[C@@H](CCC(=O)O)C(=O)O)cc1,CHEMBL2153705,IC50,nM,420.0,CHEMBL202,IC50,uM,0.42,HsDHFR (H. sapiens)
CHEMBL2153943,CC(=O)N(CC1CCc2nc(N)nc(N)c2N1)c1ccc(C(=O)N[C@@H](CCC(=O)O)C(=O)O)cc1,CHEMBL2151066,IC50,nM,33.0,CHEMBL202,IC50,uM,0.033,HsDHFR (H. sapiens)
CHEMBL3056824,CCOC(=O)C1=C(C)NC(S/C(=C\c2ccc(OC)cc2)C(=O)OCC)=NC1c1ccccc1,CHEMBL2261696,IC50,nM,10.0,CHEMBL202,IC50,uM,0.01,HsDHFR (H. sapiens)
CHEMBL3056824,CCOC(=O)CSC1=NC(c2ccccc2OC)C(C(=O)OCC)=C(C)N1,CHEMBL2261695,IC50,nM,7300.0,CHEMBL202,IC50,uM,7.3,HsDHFR (H. sapiens)
CHEMBL3056824,CCOC(=O)CSC1=NC(c2ccccc2)C(C(=O)OCC)=C(C)N1,CHEMBL2261694,IC50,nM,830.0,CHEMBL202,IC50,uM,0.83,HsDHFR (H. sapiens)
CHEMBL3056824,CCOC(=O)C1=C(C)N=C(SCC(=O)c2ccc(Cl)c([N+](=O)[O-])c2)NC1c1ccccc1,CHEMBL2261693,IC50,nM,3000.0,CHEMBL202,IC50,uM,3.0,HsDHFR (H. sapiens)
CHEMBL3056824,CCOC(=O)C1=C(C)N=C(SCCC(=O)O)NC1c1ccccc1OC,CHEMBL2261434,IC50,nM,8.9,CHEMBL202,IC50,uM,0.0089,HsDHFR (H. sapiens)
CHEMBL3056824,CC(=O)C1=C(C)N=C(SCCC(=O)O)NC1c1cccc(O)c1,CHEMBL2261433,IC50,nM,94.0,CHEMBL202,IC50,uM,0.094,HsDHFR (H. sapiens)
CHEMBL3056824,CC(=O)C1=C(C)N=C(SCCC(=O)O)NC1c1ccccc1,CHEMBL2261432,IC50,nM,1.3,CHEMBL202,IC50,uM,0.0013,HsDHFR (H. sapiens)
CHEMBL3056824,CCOC(=O)C1=C(C)NC(=S)NC1/C=C\c1ccccc1,CHEMBL2261699,IC50,nM,2900.0,CHEMBL202,IC50,uM,2.9,HsDHFR (H. sapiens)
CHEMBL3056824,CCOC(=O)C1=C(C)NC(=S)NC1c1ccccc1OC,CHEMBL2261698,IC50,nM,1900.0,CHEMBL202,IC50,uM,1.9,HsDHFR (H. sapiens)
CHEMBL3056824,CCOC(=O)C1=C(C)NC(=S)NC1c1ccccc1,CHEMBL455456,IC50,nM,580.0,CHEMBL202,IC50,uM,0.58,HsDHFR (H. sapiens)
CHEMBL3056824,CC(=O)C1=C(C)NC(=S)NC1c1cccc(O)c1,CHEMBL2261697,IC50,nM,9400.0,CHEMBL202,IC50,uM,9.4,HsDHFR (H. sapiens)
CHEMBL3056824,COc1cc(Cc2cnc(N)nc2N)cc(OC)c1OC,CHEMBL22,IC50,nM,890000.0,CHEMBL202,IC50,uM,890.0,HsDHFR (H. sapiens)
CHEMBL2340616,COc1cc(C(C)(C)C#Cc2c(C)nc(N)nc2N)cc(OC)c1OC,CHEMBL1230365,IC50,nM,290.0,CHEMBL202,IC50,nM,290.0,HsDHFR (H. sapiens)
CHEMBL2340616,CCc1nc(N)nc(N)c1C#CCc1cc(OC)ccc1OC,CHEMBL485961,IC50,nM,1280.0,CHEMBL202,IC50,nM,1280.0,HsDHFR (H. sapiens)
CHEMBL2340616,CCc1nc(N)nc(N)c1C#CC(C)c1cc(OC)cc(-c2ccc3c(c2)OCCO3)c1,CHEMBL2335423,IC50,nM,260.0,CHEMBL202,IC50,nM,260.0,HsDHFR (H. sapiens)
CHEMBL2340616,CCc1nc(N)nc(N)c1C#CCc1cc(OC)cc(-c2ccc3c(c2)OCCO3)c1,CHEMBL2335422,IC50,nM,140.0,CHEMBL202,IC50,nM,140.0,HsDHFR (H. sapiens)
CHEMBL2340616,CCc1nc(N)nc(N)c1C#CC(C)c1cc(OC)cc(-c2cccc3cnccc23)c1,CHEMBL2335421,IC50,nM,45.0,CHEMBL202,IC50,nM,45.0,HsDHFR (H. sapiens)
CHEMBL2340616,CCc1nc(N)nc(N)c1C#CCc1cc(OC)cc(-c2cccc3cnccc23)c1,CHEMBL2335420,IC50,nM,60.0,CHEMBL202,IC50,nM,60.0,HsDHFR (H. sapiens)
CHEMBL2340616,CCc1nc(N)nc(N)c1C#CC(C)c1cc(OC)cc(-c2ccncc2)c1,CHEMBL2335419,IC50,nM,1300.0,CHEMBL202,IC50,nM,1300.0,HsDHFR (H. sapiens)
CHEMBL2340616,COc1cc(-c2ccncc2)cc(C(C)C#Cc2c(C)nc(N)nc2N)c1,CHEMBL2335418,IC50,nM,1500.0,CHEMBL202,IC50,nM,1500.0,HsDHFR (H. sapiens)
CHEMBL2340616,CCc1nc(N)nc(N)c1C#CC(C)c1cc(OC)cc(N2CCOCC2)c1,CHEMBL2335417,IC50,nM,250.0,CHEMBL202,IC50,nM,250.0,HsDHFR (H. sapiens)
CHEMBL2340616,COc1cc(C(C)C#Cc2c(C)nc(N)nc2N)cc(N2CCOCC2)c1,CHEMBL2335416,IC50,nM,400.0,CHEMBL202,IC50,nM,400.0,HsDHFR (H. sapiens)
CHEMBL2340616,COc1cc(-c2ccc(C)cc2)cc(C(C)C#Cc2c(C)nc(N)nc2N)c1,CHEMBL584391,IC50,nM,1410.0,CHEMBL202,IC50,nM,1410.0,HsDHFR (H. sapiens)
CHEMBL2384165,CCc1nc(N)nc(N)c1-c1ccc(Cl)cc1,CHEMBL36,IC50,nM,400.0,CHEMBL202,IC50,uM,0.4,HsDHFR (H. sapiens)
CHEMBL2384165,COc1cc(NCc2ccc3nc(N)nc(N)c3c2C)cc(OC)c1OC,CHEMBL119,IC50,nM,2.6,CHEMBL202,IC50,uM,0.0026,HsDHFR (H. sapiens)
CHEMBL2384165,COc1ccc(OC)c(Cc2cnc3nc(N)nc(N)c3c2C)c1,CHEMBL7492,IC50,nM,3.0,CHEMBL202,IC50,uM,0.003,HsDHFR (H. sapiens)
CHEMBL2384165,CN(Cc1cnc2nc(N)nc(N)c2n1)c1ccc(C(=O)N[C@@H](CCC(=O)O)C(=O)O)cc1,CHEMBL34259,IC50,nM,1.7,CHEMBL202,IC50,uM,0.0017,HsDHFR (H. sapiens)
CHEMBL2384165,COc1cc(Cc2cnc(N)nc2N)cc(OC)c1OC,CHEMBL22,IC50,nM,32200.0,CHEMBL202,IC50,uM,32.2,HsDHFR (H. sapiens)
CHEMBL2384165,CN(c1cc(F)c(F)c(F)c1)c1cnc2nc(N)nc(N)c2c1,CHEMBL2382336,IC50,nM,150.0,CHEMBL202,IC50,uM,0.15,HsDHFR (H. sapiens)
CHEMBL2384165,CN(c1cnc2nc(N)nc(N)c2c1)c1cc(F)ccc1F,CHEMBL2382335,IC50,nM,46.0,CHEMBL202,IC50,uM,0.046,HsDHFR (H. sapiens)
CHEMBL2384165,CN(c1cnc2nc(N)nc(N)c2c1)c1cccc2ccccc12,CHEMBL2382334,IC50,nM,5.6,CHEMBL202,IC50,uM,0.0056,HsDHFR (H. sapiens)
CHEMBL2384165,CN(c1ccc([N+](=O)[O-])cc1)c1cnc2nc(N)nc(N)c2c1,CHEMBL2382333,IC50,nM,340.0,CHEMBL202,IC50,uM,0.34,HsDHFR (H. sapiens)
CHEMBL2384165,CC(C)c1ccc(N(C)c2cnc3nc(N)nc(N)c3c2)cc1,CHEMBL2382332,IC50,nM,52.0,CHEMBL202,IC50,uM,0.052,HsDHFR (H. sapiens)
CHEMBL2384165,Cc1ccc(N(C)c2cnc3nc(N)nc(N)c3c2)cc1,CHEMBL2382331,IC50,nM,32.0,CHEMBL202,IC50,uM,0.032,HsDHFR (H. sapiens)
CHEMBL2384165,COc1cc(N(C)c2cnc3nc(N)nc(N)c3c2)cc(OC)c1OC,CHEMBL2382330,IC50,nM,4.6,CHEMBL202,IC50,uM,0.0046,HsDHFR (H. sapiens)
CHEMBL2384165,COc1ccc(OC)c(N(C)c2cnc3nc(N)nc(N)c3c2)c1,CHEMBL2382329,IC50,nM,4.7,CHEMBL202,IC50,uM,0.0047,HsDHFR (H. sapiens)
CHEMBL2384165,COc1ccccc1N(C)c1cnc2nc(N)nc(N)c2c1,CHEMBL2382328,IC50,nM,14.0,CHEMBL202,IC50,uM,0.014,HsDHFR (H. sapiens)
CHEMBL2384165,COc1ccc(N(C)c2cnc3nc(N)nc(N)c3c2)cc1,CHEMBL2382327,IC50,nM,12.0,CHEMBL202,IC50,uM,0.012,HsDHFR (H. sapiens)
CHEMBL2384165,CN(c1ccccc1)c1cnc2nc(N)nc(N)c2c1,CHEMBL2382326,IC50,nM,57.0,CHEMBL202,IC50,uM,0.057,HsDHFR (H. sapiens)
CHEMBL2384165,Nc1nc(N)c2cc(Nc3cc(F)c(F)c(F)c3)cnc2n1,CHEMBL2382325,IC50,nM,3100.0,CHEMBL202,IC50,uM,3.1,HsDHFR (H. sapiens)
CHEMBL2384165,Nc1nc(N)c2cc(Nc3cc(F)ccc3F)cnc2n1,CHEMBL2382324,IC50,nM,450.0,CHEMBL202,IC50,uM,0.45,HsDHFR (H. sapiens)
CHEMBL2384165,Nc1nc(N)c2cc(Nc3cccc4ccccc34)cnc2n1,CHEMBL2382323,IC50,nM,2100.0,CHEMBL202,IC50,uM,2.1,HsDHFR (H. sapiens)
CHEMBL2384165,Nc1nc(N)c2cc(Nc3ccc([N+](=O)[O-])cc3)cnc2n1,CHEMBL2382322,IC50,nM,7200.0,CHEMBL202,IC50,uM,7.2,HsDHFR (H. sapiens)
CHEMBL2384165,Nc1nc(N)c2cc(Nc3ccc4ccccc4c3)cnc2n1,CHEMBL2382321,IC50,nM,2200.0,CHEMBL202,IC50,uM,2.2,HsDHFR (H. sapiens)
CHEMBL2384165,CC(C)c1ccc(Nc2cnc3nc(N)nc(N)c3c2)cc1,CHEMBL2382320,IC50,nM,5900.0,CHEMBL202,IC50,uM,5.9,HsDHFR (H. sapiens)
CHEMBL2384165,Cc1ccc(Nc2cnc3nc(N)nc(N)c3c2)cc1,CHEMBL2382319,IC50,nM,2100.0,CHEMBL202,IC50,uM,2.1,HsDHFR (H. sapiens)
CHEMBL2384165,COc1cc(Nc2cnc3nc(N)nc(N)c3c2)cc(OC)c1OC,CHEMBL2382318,IC50,nM,3900.0,CHEMBL202,IC50,uM,3.9,HsDHFR (H. sapiens)
CHEMBL2384165,COc1ccc(OC)c(Nc2cnc3nc(N)nc(N)c3c2)c1,CHEMBL2382317,IC50,nM,1000.0,CHEMBL202,IC50,uM,1.0,HsDHFR (H. sapiens)
CHEMBL2384165,COc1ccccc1Nc1cnc2nc(N)nc(N)c2c1,CHEMBL2382316,IC50,nM,250.0,CHEMBL202,IC50,uM,0.25,HsDHFR (H. sapiens)
CHEMBL2384165,COc1ccc(Nc2cnc3nc(N)nc(N)c3c2)cc1,CHEMBL2382315,IC50,nM,3650.0,CHEMBL202,IC50,uM,3.65,HsDHFR (H. sapiens)
CHEMBL2384165,Nc1nc(N)c2cc(Nc3ccccc3)cnc2n1,CHEMBL2382314,IC50,nM,190.0,CHEMBL202,IC50,uM,0.19,HsDHFR (H. sapiens)
CHEMBL2388428,CN(Cc1cnc2nc(N)nc(N)c2n1)c1ccc(C(=O)N[C@@H](CCC(=O)O)C(=O)O)cc1,CHEMBL34259,IC50,nM,2.1,CHEMBL202,IC50,uM,0.0021,HsDHFR (H. sapiens)
CHEMBL2388428,Nc1nc(N)c2cc(CSC(=S)N3CCN(c4ccc([N+](=O)[O-])cc4)CC3)ccc2n1,CHEMBL2387094,IC50,nM,1610.0,CHEMBL202,IC50,uM,1.61,HsDHFR (H. sapiens)
CHEMBL2388428,Nc1nc(N)c2cc(CSC(=S)N3CCN(c4ccc(F)cc4)CC3)ccc2n1,CHEMBL2387090,IC50,nM,2110.0,CHEMBL202,IC50,uM,2.11,HsDHFR (H. sapiens)
CHEMBL2388428,COc1ccc(N2CCN(C(=S)SCc3ccc4nc(N)nc(N)c4c3)CC2)cc1,CHEMBL2387104,IC50,nM,5960.0,CHEMBL202,IC50,uM,5.96,HsDHFR (H. sapiens)
CHEMBL3226184,CN(Cc1cnc2nc(N)nc(N)c2n1)c1ccc(C(=O)N[C@@H](CCC(=O)O)C(=O)O)cc1,CHEMBL34259,IC50,nM,3.0,CHEMBL202,IC50,uM,0.003,HsDHFR (H. sapiens)
CHEMBL3226184,Nc1cccn2cc(Cc3ccccc3)c(=O)nc12,CHEMBL3218941,IC50,nM,8720.0,CHEMBL202,IC50,uM,8.72,HsDHFR (H. sapiens)
CHEMBL3226184,O=c1nc2ccccn2cc1Cc1ccc(F)cc1C(F)(F)F,CHEMBL3218936,IC50,nM,3100.0,CHEMBL202,IC50,uM,3.1,HsDHFR (H. sapiens)
CHEMBL3226184,O=c1nc2ccc(Br)cn2cc1Cc1cccc(Oc2nc(Cl)c(Cl)cc2Cl)c1,CHEMBL3218935,IC50,nM,2730.0,CHEMBL202,IC50,uM,2.73,HsDHFR (H. sapiens)
CHEMBL3231540,CC1=Nc2c(O)nc(N)nc2OC1C,CHEMBL3228455,IC50,nM,377000.0,CHEMBL202,IC50,uM,377.0,HsDHFR (H. sapiens)
CHEMBL3231540,CC1=Nc2c(O)nc(N)nc2OC1c1ccccc1,CHEMBL3228458,IC50,nM,740000.0,CHEMBL202,IC50,uM,740.0,HsDHFR (H. sapiens)
CHEMBL3231540,Nc1nc(O)c2c(n1)OCC(c1ccccc1)=N2,CHEMBL3228459,IC50,nM,57000.0,CHEMBL202,IC50,uM,57.0,HsDHFR (H. sapiens)
CHEMBL3231540,CC1=Nc2c(O)nc(N)nc2OC1,CHEMBL3228460,IC50,nM,242000.0,CHEMBL202,IC50,uM,242.0,HsDHFR (H. sapiens)
CHEMBL3231540,Nc1nc(O)c2c(n1)OCC(Cc1ccccc1)=N2,CHEMBL3228461,IC50,nM,28000.0,CHEMBL202,IC50,uM,28.0,HsDHFR (H. sapiens)
CHEMBL3231540,Nc1nc(O)c2c(n1)OCC(CCc1ccccc1)=N2,CHEMBL3228462,IC50,nM,3000.0,CHEMBL202,IC50,uM,3.0,HsDHFR (H. sapiens)
CHEMBL3231540,Nc1nc(O)c2c(n1)OCC(CCCc1ccccc1)=N2,CHEMBL3228463,IC50,nM,7000.0,CHEMBL202,IC50,uM,7.0,HsDHFR (H. sapiens)
CHEMBL3231540,Nc1nc(O)c2c(n1)OCC(CCCCc1ccccc1)=N2,CHEMBL3228464,IC50,nM,8000.0,CHEMBL202,IC50,uM,8.0,HsDHFR (H. sapiens)
CHEMBL3231540,CCCCCC1=Nc2c(O)nc(N)nc2OC1,CHEMBL3228465,IC50,nM,11000.0,CHEMBL202,IC50,uM,11.0,HsDHFR (H. sapiens)
CHEMBL3231540,CC1=Nc2c(N)nc(N)nc2OC1C,CHEMBL3228466,IC50,nM,903000.0,CHEMBL202,IC50,uM,903.0,HsDHFR (H. sapiens)
CHEMBL3231540,Nc1nc(N)c2c(n1)OCC(c1ccccc1)=N2,CHEMBL3228468,IC50,nM,168000.0,CHEMBL202,IC50,uM,168.0,HsDHFR (H. sapiens)
CHEMBL3231540,CN(Cc1cnc2nc(N)nc(N)c2n1)c1ccc(C(=O)N[C@@H](CCC(=O)O)C(=O)O)cc1,CHEMBL34259,IC50,nM,1.5,CHEMBL202,IC50,nM,1.5,HsDHFR (H. sapiens)
CHEMBL3239992,COc1cc(-c2ccccc2)ccc1C(C)C#Cc1c(C)nc(N)nc1N,CHEMBL1270837,IC50,nM,340.0,CHEMBL202,IC50,nM,340.0,HsDHFR (H. sapiens)
CHEMBL3239992,COc1cc(C(C)C#Cc2c(C)nc(N)nc2N)ccc1-c1ccccc1,CHEMBL457905,IC50,nM,1420.0,CHEMBL202,IC50,nM,1420.0,HsDHFR (H. sapiens)
CHEMBL3239992,COc1cc(C(C)C#Cc2c(C)nc(N)nc2N)c(OC)cc1-c1ccccc1,CHEMBL1270734,IC50,nM,314.0,CHEMBL202,IC50,nM,314.0,HsDHFR (H. sapiens)
CHEMBL3239992,CCc1nc(N)nc(N)c1C#CC(C)c1ccc(-c2ccccc2)cc1OC,CHEMBL3234116,IC50,nM,172.0,CHEMBL202,IC50,nM,172.0,HsDHFR (H. sapiens)
CHEMBL3239992,CCc1nc(N)nc(N)c1C#CC(C)c1ccc(-c2ccncc2)cc1OC,CHEMBL3234117,IC50,nM,127.0,CHEMBL202,IC50,nM,127.0,HsDHFR (H. sapiens)
CHEMBL3239992,CCc1nc(N)nc(N)c1C#CC(C)c1ccc(-c2ccc(O)cc2)cc1OC,CHEMBL3234118,IC50,nM,136.0,CHEMBL202,IC50,nM,136.0,HsDHFR (H. sapiens)
CHEMBL3239992,CCc1nc(N)nc(N)c1C#CC(C)c1ccc(-c2ccc(C)cc2)cc1OC,CHEMBL3234119,IC50,nM,208.0,CHEMBL202,IC50,nM,208.0,HsDHFR (H. sapiens)
CHEMBL3239992,CCc1nc(N)nc(N)c1C#CC(C)c1ccc(-c2ccc(C#N)cc2)cc1OC,CHEMBL3234120,IC50,nM,477.0,CHEMBL202,IC50,nM,477.0,HsDHFR (H. sapiens)
CHEMBL3239992,CCc1nc(N)nc(N)c1C#CC(C)c1ccc(-c2ccc(OC(N)=O)cc2)cc1OC,CHEMBL3234317,IC50,nM,170.0,CHEMBL202,IC50,nM,170.0,HsDHFR (H. sapiens)
CHEMBL3239992,CCc1nc(N)nc(N)c1C#CC(C)c1ccc(-c2ccc(C(=O)OC)cc2)cc1OC,CHEMBL3234318,IC50,nM,49.0,CHEMBL202,IC50,nM,49.0,HsDHFR (H. sapiens)
CHEMBL3239992,CCc1nc(N)nc(N)c1C#CC(C)c1ccc(-c2ccc(N(C)C)cc2)cc1OC,CHEMBL3234319,IC50,nM,147.0,CHEMBL202,IC50,nM,147.0,HsDHFR (H. sapiens)
CHEMBL3239992,CCc1nc(N)nc(N)c1C#CC(C)c1ccc(-c2ccc(F)cc2)cc1OC,CHEMBL3234320,IC50,nM,148.0,CHEMBL202,IC50,nM,148.0,HsDHFR (H. sapiens)
CHEMBL3239992,CCc1nc(N)nc(N)c1C#CC(C)c1ccc(-c2ccccc2)cc1,CHEMBL3234321,IC50,nM,174.0,CHEMBL202,IC50,nM,174.0,HsDHFR (H. sapiens)
CHEMBL3239992,CCc1nc(N)nc(N)c1C#CC(C)c1ccc(-c2ccccc2)nc1,CHEMBL3234322,IC50,nM,688.0,CHEMBL202,IC50,nM,688.0,HsDHFR (H. sapiens)
CHEMBL3239992,CCc1nc(N)nc(N)c1C#CC(C)c1ccc(-c2ccc(C)cc2)nc1,CHEMBL3234323,IC50,nM,625.0,CHEMBL202,IC50,nM,625.0,HsDHFR (H. sapiens)
CHEMBL3239992,CCc1nc(N)nc(N)c1C#CC(C)c1cnc(-c2ccccc2)nc1,CHEMBL3234324,IC50,nM,180.0,CHEMBL202,IC50,nM,180.0,HsDHFR (H. sapiens)
CHEMBL3364305,Nc1nc2[nH]cc(Cc3ccc(C(=O)N[C@@H](CCC(=O)O)C(=O)O)cc3)c2c(=O)[nH]1,CHEMBL2426247,IC50,nM,640.0,CHEMBL202,IC50,uM,0.64,HsDHFR (H. sapiens)
CHEMBL3399404,COc1ccc(/C=C2\CCCc3c2nc(C)nc3-c2ccc(OC)c(OC)c2)cc1OC,CHEMBL3115730,IC50,nM,100.0,CHEMBL202,IC50,uM,0.1,HsDHFR (H. sapiens)
CHEMBL3399404,COc1cc(/C=C2\CCCc3c2nc(C)nc3-c2cc(OC)c(OC)c(OC)c2)cc(OC)c1OC,CHEMBL3115731,IC50,nM,500.0,CHEMBL202,IC50,uM,0.5,HsDHFR (H. sapiens)
CHEMBL3399404,COc1ccc(/C=C2\CCCc3c2nc(N)nc3-c2ccc(OC)c(OC)c2)cc1OC,CHEMBL1807580,IC50,nM,14000.0,CHEMBL202,IC50,uM,14.0,HsDHFR (H. sapiens)
CHEMBL3399404,COc1cc(/C=C2\CCCc3c2nc(N)nc3-c2cc(OC)c(OC)c(OC)c2)cc(OC)c1OC,CHEMBL1807581,IC50,nM,14000.0,CHEMBL202,IC50,uM,14.0,HsDHFR (H. sapiens)
CHEMBL3707564,COc1cc(-c2ccccc2)cc([C@H](C)C#Cc2c(C)nc(N)nc2N)c1,CHEMBL459178,IC50,nM,1380.0,CHEMBL202,IC50,nM,1380.0,HsDHFR (H. sapiens)
CHEMBL3707564,COc1cc(-c2ccccc2)cc([C@@H](C)C#Cc2c(C)nc(N)nc2N)c1,CHEMBL459177,IC50,nM,1360.0,CHEMBL202,IC50,nM,1360.0,HsDHFR (H. sapiens)
CHEMBL3707564,COc1cc(-c2ccccc2C)ccc1C(C)C#Cc1c(C)nc(N)nc1N,CHEMBL3644517,IC50,nM,2770.0,CHEMBL202,IC50,nM,2770.0,HsDHFR (H. sapiens)
CHEMBL3707564,COc1cc([C@@H](C)C#Cc2c(C)nc(N)nc2N)cc(OC)c1OC,CHEMBL223301,IC50,nM,1380.0,CHEMBL202,IC50,nM,1380.0,HsDHFR (H. sapiens)
CHEMBL3707851,CCc1nc(N)nc(N)c1C#CCc1cc(OC)cc(-c2ccccc2)c1,CHEMBL1270633,IC50,nM,140.0,CHEMBL202,IC50,nM,140.0,HsDHFR (H. sapiens)
CHEMBL3707564,COc1cc(-c2ccccc2)cc(C(C)C#Cc2c(C)nc(N)nc2N)c1,CHEMBL520358,IC50,nM,1700.0,CHEMBL202,IC50,nM,1700.0,HsDHFR (H. sapiens)
CHEMBL3707564,COc1cc(-c2ccccc2)ccc1C(C)C#Cc1c(C)nc(N)nc1N,CHEMBL1270837,IC50,nM,1420.0,CHEMBL202,IC50,nM,1420.0,HsDHFR (H. sapiens)
CHEMBL3707851,CCc1nc(N)nc(N)c1C#CCc1cccc(-c2cncnc2)c1,CHEMBL3644523,IC50,nM,160.0,CHEMBL202,IC50,nM,160.0,HsDHFR (H. sapiens)
CHEMBL3707851,COc1cc(-c2cc(C)cc(C)c2)cc(C(C)C#Cc2c(C)nc(N)nc2N)c1,CHEMBL575217,IC50,nM,750.0,CHEMBL202,IC50,nM,750.0,HsDHFR (H. sapiens)
CHEMBL3707564,COc1cc(-c2c(C)cccc2C)cc(C(C)C#Cc2c(C)nc(N)nc2N)c1,CHEMBL457725,IC50,nM,1250.0,CHEMBL202,IC50,nM,1250.0,HsDHFR (H. sapiens)
CHEMBL3707851,COc1cc(-c2ccc(C)cc2)cc(C(C)C#Cc2c(C)nc(N)nc2N)c1,CHEMBL584391,IC50,nM,1400.0,CHEMBL202,IC50,nM,1400.0,HsDHFR (H. sapiens)
CHEMBL3707851,CCc1nc(N)nc(N)c1C#CCc1cc(-c2ccncc2)ccc1OC,CHEMBL3526249,IC50,nM,330.0,CHEMBL202,IC50,nM,330.0,HsDHFR (H. sapiens)
CHEMBL3707851,CCc1nc(N)nc(N)c1C#CC(C)c1cc(-c2ccccc2)ccc1OC,CHEMBL3644520,IC50,nM,100.0,CHEMBL202,IC50,nM,100.0,HsDHFR (H. sapiens)
CHEMBL3707564,COc1cc(-c2c(C)cccc2C)ccc1C(C)C#Cc1c(C)nc(N)nc1N,CHEMBL3644518,IC50,nM,3370.0,CHEMBL202,IC50,nM,3370.0,HsDHFR (H. sapiens)
CHEMBL3707564,COc1cc(-c2c(C(C)C)cccc2C(C)C)ccc1C(C)C#Cc1c(C)nc(N)nc1N,CHEMBL3644519,IC50,nM,4200.0,CHEMBL202,IC50,nM,4200.0,HsDHFR (H. sapiens)
CHEMBL3707851,COc1cc(C(C)C#Cc2c(C)nc(N)nc2N)cc(N2CCOCC2)c1,CHEMBL2335416,IC50,nM,400.0,CHEMBL202,IC50,nM,400.0,HsDHFR (H. sapiens)
CHEMBL3707851,CCc1nc(N)nc(N)c1C#CCc1cccc(-c2ccccc2)c1,CHEMBL1270439,IC50,nM,290.0,CHEMBL202,IC50,nM,290.0,HsDHFR (H. sapiens)
CHEMBL3707564,COc1cc(-c2ccccc2C)cc(C(C)C#Cc2c(C)nc(N)nc2N)c1,CHEMBL485569,IC50,nM,1360.0,CHEMBL202,IC50,nM,1360.0,HsDHFR (H. sapiens)
CHEMBL3707851,COc1cc(-c2ccncc2)cc(C(C)C#Cc2c(C)nc(N)nc2N)c1,CHEMBL2335418,IC50,nM,1500.0,CHEMBL202,IC50,nM,1500.0,HsDHFR (H. sapiens)
CHEMBL3707851,CCc1nc(N)nc(N)c1C#CCc1cc(OC)cc(-c2ccncc2)c1,CHEMBL3219804,IC50,nM,61.0,CHEMBL202,IC50,nM,61.0,HsDHFR (H. sapiens)
CHEMBL3707851,CCc1nc(N)nc(N)c1C#CCc1cccc(-c2cccnc2)c1,CHEMBL3644522,IC50,nM,290.0,CHEMBL202,IC50,nM,290.0,HsDHFR (H. sapiens)
CHEMBL3707851,CCc1nc(N)nc(N)c1C#CCc1cccc(-c2ccncc2)c1,CHEMBL3644521,IC50,nM,520.0,CHEMBL202,IC50,nM,520.0,HsDHFR (H. sapiens)
CHEMBL3707851,CCc1nc(N)nc(N)c1C#CCc1cc(-c2ccccc2)ccc1OC,CHEMBL1270533,IC50,nM,300.0,CHEMBL202,IC50,nM,300.0,HsDHFR (H. sapiens)
CHEMBL3707851,COc1ccc(-c2ccccc2)cc1C(C)C#Cc1c(C)nc(N)nc1N,CHEMBL3234115,IC50,nM,97.0,CHEMBL202,IC50,nM,97.0,HsDHFR (H. sapiens)
CHEMBL3707564,COc1cc(-c2c(C(C)C)cccc2C(C)C)cc(C(C)C#Cc2c(C)nc(N)nc2N)c1,CHEMBL457726,IC50,nM,7200.0,CHEMBL202,IC50,nM,7200.0,HsDHFR (H. sapiens)
CHEMBL3707851,CCc1nc(N)nc(N)c1C#CC(C)c1cc(OC)cc(-c2ccncc2)c1,CHEMBL2335419,IC50,nM,1300.0,CHEMBL202,IC50,nM,1300.0,HsDHFR (H. sapiens)
CHEMBL3750438,Cc1nc2cc(Nc3nc(Nc4ccc(F)cc4)nc(N4CCN(C)CC4)n3)ccc2n1Cc1ccccc1,CHEMBL3747446,IC50,nM,310.0,CHEMBL202,IC50,uM,0.31,HsDHFR (H. sapiens)
CHEMBL3750438,Cc1nc2cc(Nc3nc(Nc4ccc(F)cc4)nc(N4CCCC4)n3)ccc2n1Cc1ccccc1,CHEMBL3746911,IC50,nM,110.0,CHEMBL202,IC50,uM,0.11,HsDHFR (H. sapiens)
CHEMBL3750438,Cc1nc2ccc(Nc3nc(NCCN4CCOCC4)nc(Nc4ccc(F)cc4)n3)cc2n1Cc1ccccc1,CHEMBL3747216,IC50,nM,2.0,CHEMBL202,IC50,uM,0.002,HsDHFR (H. sapiens)
CHEMBL3750438,Cc1nc2cc(Nc3nc(Nc4ccc(F)cc4)nc(-c4ccc(Cl)cc4)n3)ccc2n1Cc1ccccc1,CHEMBL3746597,IC50,nM,42400.0,CHEMBL202,IC50,uM,42.4,HsDHFR (H. sapiens)
CHEMBL3750438,Cc1nc2cc(Nc3nc(Nc4ccc(F)cc4)nc(-c4cccs4)n3)ccc2n1Cc1ccccc1,CHEMBL3746824,IC50,nM,720.0,CHEMBL202,IC50,uM,0.72,HsDHFR (H. sapiens)
CHEMBL3750438,COc1ccc(-c2nc(Nc3ccc(F)cc3)nc(Nc3ccc4c(c3)nc(C)n4Cc3ccccc3)n2)cc1,CHEMBL3746201,IC50,nM,320.0,CHEMBL202,IC50,uM,0.32,HsDHFR (H. sapiens)
CHEMBL3750438,Cc1nc2ccc(Nc3nc(Cl)nc(Nc4ccc(F)cc4)n3)cc2n1Cc1ccccc1,CHEMBL3746172,IC50,nM,310.0,CHEMBL202,IC50,uM,0.31,HsDHFR (H. sapiens)
CHEMBL3750438,CN(Cc1cnc2nc(N)nc(N)c2n1)c1ccc(C(=O)N[C@@H](CCC(=O)O)C(=O)O)cc1,CHEMBL34259,IC50,nM,20.0,CHEMBL202,IC50,uM,0.02,HsDHFR (H. sapiens)
CHEMBL3755622,Cc1cccc(Oc2ccc(-c3nc(N)nc(N)n3)cc2)c1C,CHEMBL3752202,IC50,nM,42000.0,CHEMBL202,IC50,uM,42.0,HsDHFR (H. sapiens)
CHEMBL3755622,CN(Cc1cnc2nc(N)nc(N)c2n1)c1ccc(C(=O)N[C@@H](CCC(=O)O)C(=O)O)cc1,CHEMBL34259,IC50,nM,1.6,CHEMBL202,IC50,uM,0.0016,HsDHFR (H. sapiens)
CHEMBL3788092,CC1(C)N=C(N)N=C(N)N1c1ccccc1.Cl,CHEMBL532909,IC50,nM,9400.0,CHEMBL202,IC50,uM,9.4,HsDHFR (H. sapiens)
CHEMBL3788092,CC1(C)N=C(N)N=C(N)N1OCc1ccccc1.Cl,CHEMBL1824770,IC50,nM,430.0,CHEMBL202,IC50,uM,0.43,HsDHFR (H. sapiens)
CHEMBL3788092,CC1(C)N=C(N)N=C(N)N1c1ccc(C(=O)/C=C/c2ccccc2)cc1.Cl,CHEMBL3785981,IC50,nM,56400.0,CHEMBL202,IC50,uM,56.4,HsDHFR (H. sapiens)
CHEMBL3788092,CC1(C)N=C(N)N=C(N)N1c1cccc(C(=O)/C=C/c2ccccc2)c1.Cl,CHEMBL3787397,IC50,nM,2400.0,CHEMBL202,IC50,uM,2.4,HsDHFR (H. sapiens)
CHEMBL3788092,CN(Cc1cnc2nc(N)nc(N)c2n1)c1ccc(C(=O)N[C@@H](CCC(=O)O)C(=O)O)cc1,CHEMBL34259,IC50,nM,7.9,CHEMBL202,IC50,uM,0.0079,HsDHFR (H. sapiens)
CHEMBL3789540,CN(Cc1cnc2nc(N)nc(N)c2n1)c1ccc(C(=O)N[C@@H](CCC(=O)O)C(=O)O)cc1,CHEMBL34259,IC50,nM,1500.0,CHEMBL202,IC50,uM,1.5,HsDHFR (H. sapiens)
CHEMBL3789540,COc1cc(/C=C2\C(=O)Nc3ccccc32)cc(OC)c1O,CHEMBL2163553,IC50,nM,500.0,CHEMBL202,IC50,uM,0.5,HsDHFR (H. sapiens)
CHEMBL3789540,CC1=NN(c2cccc(Cl)c2)C(=O)/C1=C\c1cn(CC(O)Cn2cc(/C=C3\C(=O)N(c4cccc(Cl)c4)N=C3C)c3ccccc32)c2ccccc12,CHEMBL3785354,IC50,nM,30000.0,CHEMBL202,IC50,uM,30.0,HsDHFR (H. sapiens)
CHEMBL3789540,CN1C(=O)C(=Cc2cn(CC(O)Cn3cc(C=C4C(=O)N(C)C(=O)N(C)C4=O)c4ccccc43)c3ccccc23)C(=O)N(C)C1=O,CHEMBL3785302,IC50,nM,20000.0,CHEMBL202,IC50,uM,20.0,HsDHFR (H. sapiens)
CHEMBL3789540,O=C1NC(=S)NC(=O)C1=Cc1cn(CC(O)Cn2cc(C=C3C(=O)NC(=S)NC3=O)c3ccccc32)c2ccccc12,CHEMBL3786155,IC50,nM,7000.0,CHEMBL202,IC50,uM,7.0,HsDHFR (H. sapiens)
CHEMBL3789540,O=C1NC(=O)C(=Cc2cn(CC(O)Cn3cc(C=C4C(=O)NC(=O)NC4=O)c4ccccc43)c3ccccc23)C(=O)N1,CHEMBL3786170,IC50,nM,5000.0,CHEMBL202,IC50,uM,5.0,HsDHFR (H. sapiens)
CHEMBL3789540,O=C1/C(=C\c2cn(CC(O)Cn3cc(/C=C4\C(=O)N(c5c(Cl)cccc5Cl)c5ccccc54)c4ccccc43)c3ccccc23)c2ccccc2N1c1c(Cl)cccc1Cl,CHEMBL3785863,IC50,nM,8000.0,CHEMBL202,IC50,uM,8.0,HsDHFR (H. sapiens)
CHEMBL3789540,Nc1ccc2c(c1)/C(=C/c1cn(CC(O)Cn3cc(/C=C4\C(=O)Nc5ccc(N)cc54)c4ccccc43)c3ccccc13)C(=O)N2,CHEMBL3786413,IC50,nM,300.0,CHEMBL202,IC50,uM,0.3,HsDHFR (H. sapiens)
CHEMBL3789540,O=C1Nc2ccc([N+](=O)[O-])cc2/C1=C/c1cn(CC(O)Cn2cc(/C=C3\C(=O)Nc4ccc([N+](=O)[O-])cc43)c3ccccc32)c2ccccc12,CHEMBL3785463,IC50,nM,700.0,CHEMBL202,IC50,uM,0.7,HsDHFR (H. sapiens)
CHEMBL3789540,O=C1Nc2ccccc2/C1=C/c1cn(CC(O)Cn2cc(/C=C3\C(=O)Nc4ccccc43)c3ccccc32)c2ccccc12,CHEMBL3787137,IC50,nM,30.0,CHEMBL202,IC50,uM,0.03,HsDHFR (H. sapiens)
CHEMBL3867373,Nc1nc(Cl)c2cc(-c3cccc(Cl)c3)[nH]c2n1,CHEMBL3935452,IC50,nM,4200.0,CHEMBL202,IC50,uM,4.2,HsDHFR (H. sapiens)
CHEMBL3867373,Nc1ncc(N2CCN(c3cccc(-c4ccccc4)c3)CC2)c(N)n1,CHEMBL3953119,IC50,nM,760.0,CHEMBL202,IC50,uM,0.76,HsDHFR (H. sapiens)
CHEMBL3867373,Nc1ncc(N2CCN(c3ccc(Cl)c(Cl)c3)CC2)c(N)n1,CHEMBL3953069,IC50,nM,92.0,CHEMBL202,IC50,uM,0.092,HsDHFR (H. sapiens)
CHEMBL3867373,Cn1cc(-c2c(N)nc(N)nc2C2CC2)c2ccccc21,CHEMBL3980903,IC50,nM,2800.0,CHEMBL202,IC50,uM,2.8,HsDHFR (H. sapiens)
CHEMBL3867373,Nc1nc(N)c(-c2c[nH]c3ccccc23)c(C2CC2)n1,CHEMBL3910843,IC50,nM,2500.0,CHEMBL202,IC50,uM,2.5,HsDHFR (H. sapiens)
CHEMBL3867373,Cc1nc(N)nc(N)c1CN1CCN(c2cccc(-c3cccc(C#N)c3)c2)CC1,CHEMBL3901807,IC50,nM,920.0,CHEMBL202,IC50,uM,0.92,HsDHFR (H. sapiens)
CHEMBL3867373,Cc1nc(N)nc(N)c1CN1CCN(c2cc(Cl)ccc2-c2ccccn2)CC1,CHEMBL3912823,IC50,nM,2100.0,CHEMBL202,IC50,uM,2.1,HsDHFR (H. sapiens)
CHEMBL3867373,Cc1nc(N)nc(N)c1CN1CCN(c2cccc(-c3ccccc3)c2)CC1,CHEMBL3921798,IC50,nM,1100.0,CHEMBL202,IC50,uM,1.1,HsDHFR (H. sapiens)
CHEMBL3867373,Nc1ncc(CN2CCN(c3cccc(C(F)(F)F)c3)CC2)c(N)n1,CHEMBL3930739,IC50,nM,9200.0,CHEMBL202,IC50,uM,9.2,HsDHFR (H. sapiens)
CHEMBL3867373,CCc1nc(N)nc(N)c1-c1ccc(Cl)cc1,CHEMBL36,IC50,nM,4300.0,CHEMBL202,IC50,uM,4.3,HsDHFR (H. sapiens)
CHEMBL3867373,CN(Cc1cnc2nc(N)nc(N)c2n1)c1ccc(C(=O)N[C@@H](CCC(=O)O)C(=O)O)cc1,CHEMBL34259,IC50,nM,4.6,CHEMBL202,IC50,uM,0.0046,HsDHFR (H. sapiens)
CHEMBL3878855,Br.NC1=NC2(CCOCC2)N(OCCCOc2ccc(Cl)cc2)C(N)=N1,CHEMBL3903562,IC50,nM,33.56,CHEMBL202,IC50,nM,33.56,HsDHFR (H. sapiens)
CHEMBL3878855,Br.Cc1ccc(OCCCON2C(N)=NC(N)=NC23CCOCC3)cc1,CHEMBL3965991,IC50,nM,56.75,CHEMBL202,IC50,nM,56.75,HsDHFR (H. sapiens)
CHEMBL3878855,Br.NC1=NC2(CCOCC2)N(OCCCOc2cc(Cl)c(Cl)cc2Cl)C(N)=N1,CHEMBL3894617,IC50,nM,36.01,CHEMBL202,IC50,nM,36.01,HsDHFR (H. sapiens)
CHEMBL3878855,Br.NC1=NC2(CCOCC2)N(OCCCOc2ccc(Br)cc2)C(N)=N1,CHEMBL3893628,IC50,nM,32.49,CHEMBL202,IC50,nM,32.49,HsDHFR (H. sapiens)
CHEMBL3878855,Br.CC(C)(C)c1ccc(OCCCON2C(N)=NC(N)=NC23CCOCC3)cc1,CHEMBL3974488,IC50,nM,3.72,CHEMBL202,IC50,nM,3.72,HsDHFR (H. sapiens)
CHEMBL3878855,Br.COc1ccc(OCCCON2C(N)=NC(N)=NC23CCOCC3)cc1,CHEMBL3912587,IC50,nM,11.07,CHEMBL202,IC50,nM,11.07,HsDHFR (H. sapiens)
CHEMBL3878855,Br.NC1=NC2(CCOCC2)N(OCCCOc2ccc(F)cc2)C(N)=N1,CHEMBL3957080,IC50,nM,46.62,CHEMBL202,IC50,nM,46.62,HsDHFR (H. sapiens)
CHEMBL3878855,Br.NC1=NC2(CCOCC2)N(OCCCOc2ccc(Cl)cc2Cl)C(N)=N1,CHEMBL3931887,IC50,nM,7.46,CHEMBL202,IC50,nM,7.46,HsDHFR (H. sapiens)
CHEMBL3878855,Br.NC1=NC2(CCOCC2)N(OCCCOc2ccccc2)C(N)=N1,CHEMBL3924555,IC50,nM,86.11,CHEMBL202,IC50,nM,86.11,HsDHFR (H. sapiens)
CHEMBL3878855,Br.NC1=NC2(CCOCC2)N(OCCCOc2ccc(Cl)c(Cl)c2)C(N)=N1,CHEMBL3965885,IC50,nM,8.23,CHEMBL202,IC50,nM,8.23,HsDHFR (H. sapiens)
CHEMBL3878855,Cl.NC1=NC2(CCSCC2)N(OCCCOc2ccc(Br)cc2)C(N)=N1,CHEMBL3952384,IC50,nM,6.46,CHEMBL202,IC50,nM,6.46,HsDHFR (H. sapiens)
CHEMBL3878855,Cl.NC1=NC2(CCSCC2)N(OCCCOc2ccc(Cl)cc2)C(N)=N1,CHEMBL3946546,IC50,nM,18.28,CHEMBL202,IC50,nM,18.28,HsDHFR (H. sapiens)
CHEMBL3878855,Cl.NC1=NC2(CCSCC2)N(OCCCOc2ccc(Cl)cc2Cl)C(N)=N1,CHEMBL3943671,IC50,nM,4.08,CHEMBL202,IC50,nM,4.08,HsDHFR (H. sapiens)
CHEMBL3878855,Cl.NC1=NC2(CCCCC2)N(OCCCOc2ccc(Cl)cc2)C(N)=N1,CHEMBL1800948,IC50,nM,49.04,CHEMBL202,IC50,nM,49.04,HsDHFR (H. sapiens)
CHEMBL3878855,CN(Cc1cnc2nc(N)nc(N)c2n1)c1ccc(C(=O)N[C@@H](CCC(=O)O)C(=O)O)cc1,CHEMBL34259,IC50,nM,6.67,CHEMBL202,IC50,nM,6.67,HsDHFR (H. sapiens)
CHEMBL4005826,Nc1nc(N)c2nc(/C=C/c3ccccc3)ccc2n1,CHEMBL4066381,IC50,nM,5330.0,CHEMBL202,IC50,uM,5.33,HsDHFR (H. sapiens)
CHEMBL4005826,Cc1ccc(/C=C/c2ccc3nc(N)nc(N)c3n2)cc1,CHEMBL4093938,IC50,nM,3190.0,CHEMBL202,IC50,uM,3.19,HsDHFR (H. sapiens)
CHEMBL4005826,CCc1ccc(/C=C/c2ccc3nc(N)nc(N)c3n2)cc1,CHEMBL4074984,IC50,nM,5280.0,CHEMBL202,IC50,uM,5.28,HsDHFR (H. sapiens)
CHEMBL4005826,CC(C)c1ccc(/C=C/c2ccc3nc(N)nc(N)c3n2)cc1,CHEMBL4101669,IC50,nM,20100.0,CHEMBL202,IC50,uM,20.1,HsDHFR (H. sapiens)
CHEMBL4005826,Nc1nc(N)c2nc(/C=C/c3ccc(F)cc3)ccc2n1,CHEMBL4085240,IC50,nM,4780.0,CHEMBL202,IC50,uM,4.78,HsDHFR (H. sapiens)
CHEMBL4005826,Nc1nc(N)c2nc(/C=C/c3ccc(Cl)cc3)ccc2n1,CHEMBL4063614,IC50,nM,16900.0,CHEMBL202,IC50,uM,16.9,HsDHFR (H. sapiens)
CHEMBL4005826,Nc1nc(N)c2nc(/C=C/c3ccc(Br)cc3)ccc2n1,CHEMBL4070083,IC50,nM,14800.0,CHEMBL202,IC50,uM,14.8,HsDHFR (H. sapiens)
CHEMBL4005826,COc1ccc(/C=C/c2ccc3nc(N)nc(N)c3n2)cc1,CHEMBL4097295,IC50,nM,4340.0,CHEMBL202,IC50,uM,4.34,HsDHFR (H. sapiens)
CHEMBL4005826,COc1cccc(/C=C/c2ccc3nc(N)nc(N)c3n2)c1,CHEMBL4094791,IC50,nM,4130.0,CHEMBL202,IC50,uM,4.13,HsDHFR (H. sapiens)
CHEMBL4005826,COc1ccccc1/C=C/c1ccc2nc(N)nc(N)c2n1,CHEMBL4074287,IC50,nM,3610.0,CHEMBL202,IC50,uM,3.61,HsDHFR (H. sapiens)
CHEMBL4005826,COc1cc(/C=C/c2ccc3nc(N)nc(N)c3n2)cc(OC)c1OC,CHEMBL4087099,IC50,nM,4000.0,CHEMBL202,IC50,uM,4.0,HsDHFR (H. sapiens)
CHEMBL4005826,Nc1nc(N)c2nc(CCc3ccccc3)ccc2n1,CHEMBL4065674,IC50,nM,2250.0,CHEMBL202,IC50,uM,2.25,HsDHFR (H. sapiens)
CHEMBL4005826,Cc1ccc(CCc2ccc3nc(N)nc(N)c3n2)cc1,CHEMBL4079226,IC50,nM,2550.0,CHEMBL202,IC50,uM,2.55,HsDHFR (H. sapiens)
CHEMBL4005826,CCc1ccc(CCc2ccc3nc(N)nc(N)c3n2)cc1,CHEMBL4103483,IC50,nM,2480.0,CHEMBL202,IC50,uM,2.48,HsDHFR (H. sapiens)
CHEMBL4005826,CC(C)c1ccc(CCc2ccc3nc(N)nc(N)c3n2)cc1,CHEMBL4068381,IC50,nM,19000.0,CHEMBL202,IC50,uM,19.0,HsDHFR (H. sapiens)
CHEMBL4005826,Nc1nc(N)c2nc(CCc3ccc(F)cc3)ccc2n1,CHEMBL4095728,IC50,nM,950.0,CHEMBL202,IC50,uM,0.95,HsDHFR (H. sapiens)
CHEMBL4005826,Nc1nc(N)c2nc(CCc3ccc(Cl)cc3)ccc2n1,CHEMBL4083636,IC50,nM,2840.0,CHEMBL202,IC50,uM,2.84,HsDHFR (H. sapiens)
CHEMBL4005826,Nc1nc(N)c2nc(CCc3ccc(Br)cc3)ccc2n1,CHEMBL4061867,IC50,nM,1260.0,CHEMBL202,IC50,uM,1.26,HsDHFR (H. sapiens)
CHEMBL4005826,COc1ccc(CCc2ccc3nc(N)nc(N)c3n2)cc1,CHEMBL4090780,IC50,nM,710.0,CHEMBL202,IC50,uM,0.71,HsDHFR (H. sapiens)
CHEMBL4005826,COc1cccc(CCc2ccc3nc(N)nc(N)c3n2)c1,CHEMBL4062835,IC50,nM,450.0,CHEMBL202,IC50,uM,0.45,HsDHFR (H. sapiens)
CHEMBL4005826,COc1ccccc1CCc1ccc2nc(N)nc(N)c2n1,CHEMBL4098497,IC50,nM,1670.0,CHEMBL202,IC50,uM,1.67,HsDHFR (H. sapiens)
CHEMBL4005826,COc1cc(CCc2ccc3nc(N)nc(N)c3n2)cc(OC)c1OC,CHEMBL4071461,IC50,nM,290.0,CHEMBL202,IC50,uM,0.29,HsDHFR (H. sapiens)
CHEMBL4005826,CN(Cc1cnc2nc(N)nc(N)c2n1)c1ccc(C(=O)N[C@@H](CCC(=O)O)C(=O)O)cc1,CHEMBL34259,IC50,nM,30.9,CHEMBL202,IC50,uM,0.0309,HsDHFR (H. sapiens)
CHEMBL4006962,O=C(Nc1c(F)c(F)c(-c2ccccc2)c(F)c1F)c1c(O)nnn1CC1CC1,CHEMBL4090575,IC50,nM,36.0,CHEMBL202,IC50,uM,0.036,HsDHFR (H. sapiens)
CHEMBL4006962,O=C(Nc1c(F)c(F)c(-c2ccccc2)c(F)c1F)c1nn(CC2CC2)nc1O,CHEMBL4071260,IC50,nM,108.0,CHEMBL202,IC50,uM,0.108,HsDHFR (H. sapiens)
CHEMBL4006962,Cn1nnc(O)c1C(=O)Nc1c(F)c(F)c(-c2ccccc2)c(F)c1F,CHEMBL4098306,IC50,nM,18.0,CHEMBL202,IC50,uM,0.018,HsDHFR (H. sapiens)
CHEMBL4006962,Cn1nc(O)c(C(=O)Nc2ccc(-c3ccccc3)cc2F)n1,CHEMBL4089886,IC50,nM,6000.0,CHEMBL202,IC50,uM,6.0,HsDHFR (H. sapiens)
CHEMBL4006962,Cn1nc(O)c(C(=O)Nc2c(F)cc(-c3ccccc3)cc2F)n1,CHEMBL4061824,IC50,nM,853.0,CHEMBL202,IC50,uM,0.853,HsDHFR (H. sapiens)
CHEMBL4006962,Cn1nc(O)c(C(=O)Nc2c(F)c(F)c(-c3ccccc3)c(F)c2F)n1,CHEMBL4062046,IC50,nM,45.0,CHEMBL202,IC50,uM,0.045,HsDHFR (H. sapiens)
CHEMBL4006962,Cc1c(C(=O)Nc2c(F)c(F)c(-c3ccccc3)c(F)c2F)c(O)nn1C,CHEMBL4088968,IC50,nM,41.0,CHEMBL202,IC50,uM,0.041,HsDHFR (H. sapiens)
CHEMBL4006962,O=C(Nc1c(F)c(F)c(-c2ccccc2)c(F)c1F)c1nsnc1O,CHEMBL4105330,IC50,nM,16.0,CHEMBL202,IC50,uM,0.016,HsDHFR (H. sapiens)
CHEMBL4006962,O=C(Nc1c(F)c(F)c(-c2cccc(OC(F)(F)F)c2)c(F)c1F)c1nsnc1O,CHEMBL4081077,IC50,nM,44.0,CHEMBL202,IC50,uM,0.044,HsDHFR (H. sapiens)
CHEMBL4006962,O=C(Nc1c(F)c(F)c(-c2ccccc2)c(F)c1F)c1nonc1O,CHEMBL1946659,IC50,nM,289.0,CHEMBL202,IC50,uM,0.289,HsDHFR (H. sapiens)
CHEMBL4006962,O=C(Nc1c(F)c(F)c(-c2cccc(OC(F)(F)F)c2)c(F)c1F)c1nonc1O,CHEMBL1946851,IC50,nM,599.0,CHEMBL202,IC50,uM,0.599,HsDHFR (H. sapiens)
CHEMBL4006962,C/C(O)=C(\C#N)C(=O)Nc1ccc(C(F)(F)F)cc1,CHEMBL973,IC50,nM,388.0,CHEMBL202,IC50,uM,0.388,HsDHFR (H. sapiens)
CHEMBL4006962,Cc1c(-c2ccc(-c3ccccc3F)cc2)nc2ccc(F)cc2c1C(=O)O,CHEMBL38434,IC50,nM,1.8,CHEMBL202,IC50,uM,0.0018,HsDHFR (H. sapiens)
CHEMBL4007201,CN(Cc1cnc2nc(N)nc(N)c2n1)c1ccc(C(=O)N[C@@H](CCC(=O)O)C(=O)O)cc1,CHEMBL34259,IC50,nM,22.0,CHEMBL202,IC50,uM,0.022,HsDHFR (H. sapiens)
CHEMBL4007201,COc1cc(Cc2cnc(N)nc2N)cc(OC)c1OC,CHEMBL22,IC50,nM,680000.0,CHEMBL202,IC50,uM,680.0,HsDHFR (H. sapiens)
CHEMBL4008609,CC1(C)N=C(N)N=C(N)N1OCCOc1cccc(C(=O)/C=C/c2ccccc2)c1.Cl,CHEMBL4104895,IC50,nM,35.6,CHEMBL202,IC50,uM,0.0356,HsDHFR (H. sapiens)
CHEMBL4008609,CC1(C)N=C(N)N=C(N)N1OCCOc1ccc(C(=O)/C=C/c2ccccc2)cc1.Cl,CHEMBL4074887,IC50,nM,14.1,CHEMBL202,IC50,uM,0.0141,HsDHFR (H. sapiens)
CHEMBL4008609,CC1(C)N=C(N)N=C(N)N1OCCOc1ccc(/C=C/C(=O)c2ccccc2)cc1.Cl,CHEMBL4080662,IC50,nM,53.4,CHEMBL202,IC50,uM,0.0534,HsDHFR (H. sapiens)
CHEMBL4008609,CC1(C)N=C(N)N=C(N)N1OCCOc1cccc(/C=C/C(=O)c2ccccc2)c1.Cl,CHEMBL4097389,IC50,nM,59.2,CHEMBL202,IC50,uM,0.0592,HsDHFR (H. sapiens)
CHEMBL4008609,CC1(C)N=C(N)N=C(N)N1OCCCOc1ccc(C(=O)/C=C/c2ccccc2)cc1.Cl,CHEMBL4069255,IC50,nM,9.2,CHEMBL202,IC50,uM,0.0092,HsDHFR (H. sapiens)
CHEMBL4008609,CC1(C)N=C(N)N=C(N)N1OCCCOc1cccc(C(=O)/C=C/c2ccccc2)c1.Cl,CHEMBL4098009,IC50,nM,9.0,CHEMBL202,IC50,uM,0.009,HsDHFR (H. sapiens)
CHEMBL4008609,CC1(C)N=C(N)N=C(N)N1OCCCOc1ccc(/C=C/C(=O)c2ccccc2)cc1.Cl,CHEMBL4079985,IC50,nM,6.4,CHEMBL202,IC50,uM,0.0064,HsDHFR (H. sapiens)
CHEMBL4008609,CC1(C)N=C(N)N=C(N)N1OCCCOc1cccc(/C=C/C(=O)c2ccccc2)c1.Cl,CHEMBL4071967,IC50,nM,3.2,CHEMBL202,IC50,uM,0.0032,HsDHFR (H. sapiens)
CHEMBL4008609,CC1(C)N=C(N)N=C(N)N1OCCCCOc1ccc(C(=O)/C=C/c2ccccc2)cc1.Cl,CHEMBL4098945,IC50,nM,3.4,CHEMBL202,IC50,uM,0.0034,HsDHFR (H. sapiens)
CHEMBL4008609,CC1(C)N=C(N)N=C(N)N1OCCCCOc1cccc(C(=O)/C=C/c2ccccc2)c1.Cl,CHEMBL4082453,IC50,nM,4.2,CHEMBL202,IC50,uM,0.0042,HsDHFR (H. sapiens)
CHEMBL4008609,CC1(C)N=C(N)N=C(N)N1OCCCCOc1ccc(/C=C/C(=O)c2ccccc2)cc1.Cl,CHEMBL4060570,IC50,nM,4.0,CHEMBL202,IC50,uM,0.004,HsDHFR (H. sapiens)
CHEMBL4008609,CC1(C)N=C(N)N=C(N)N1OCCCCOc1cccc(/C=C/C(=O)c2ccccc2)c1.Cl,CHEMBL4101407,IC50,nM,4.8,CHEMBL202,IC50,uM,0.0048,HsDHFR (H. sapiens)
CHEMBL4008609,Cl.NC1=NC2(CCCC2)N(OCCOc2cccc(C(=O)/C=C/c3ccccc3)c2)C(N)=N1,CHEMBL4083419,IC50,nM,13.1,CHEMBL202,IC50,uM,0.0131,HsDHFR (H. sapiens)
CHEMBL4008609,Cl.NC1=NC2(CCCC2)N(OCCCOc2cccc(C(=O)/C=C/c3ccccc3)c2)C(N)=N1,CHEMBL4070144,IC50,nM,6.1,CHEMBL202,IC50,uM,0.0061,HsDHFR (H. sapiens)
CHEMBL4008609,Cl.NC1=NC2(CCCC2)N(OCCCCOc2cccc(C(=O)/C=C/c3ccccc3)c2)C(N)=N1,CHEMBL4091106,IC50,nM,2.6,CHEMBL202,IC50,uM,0.0026,HsDHFR (H. sapiens)
CHEMBL4008609,CC1(C)N=C(N)N=C(N)N1OCCCOc1ccccc1.Cl,CHEMBL4080801,IC50,nM,5.3,CHEMBL202,IC50,uM,0.0053,HsDHFR (H. sapiens)
CHEMBL4008609,Cl.NC1=NC2(CCCC2)N(OCCCOc2ccccc2)C(N)=N1,CHEMBL1800937,IC50,nM,19.9,CHEMBL202,IC50,uM,0.0199,HsDHFR (H. sapiens)
CHEMBL4008609,CC1(C)N=C(N)N=C(N)N1OCCCOc1cccc(C(=O)CCc2ccccc2)c1.Cl,CHEMBL4099755,IC50,nM,3.9,CHEMBL202,IC50,uM,0.0039,HsDHFR (H. sapiens)
CHEMBL4008609,CN(Cc1cnc2nc(N)nc(N)c2n1)c1ccc(C(=O)N[C@@H](CCC(=O)O)C(=O)O)cc1,CHEMBL34259,IC50,nM,7.9,CHEMBL202,IC50,uM,0.0079,HsDHFR (H. sapiens)
CHEMBL4010336,Nc1nc(N)c2c(OCc3cc(F)cc(F)c3)cccc2n1,CHEMBL398675,IC50,nM,630.0,CHEMBL202,IC50,uM,0.63,HsDHFR (H. sapiens)
CHEMBL4010336,CC1(COc2cccc3nc(N)nc(N)c23)COC1,CHEMBL4075292,IC50,nM,15000.0,CHEMBL202,IC50,uM,15.0,HsDHFR (H. sapiens)
CHEMBL4010336,COC[C@H](C)Oc1cccc2nc(N)nc(N)c12,CHEMBL4084161,IC50,nM,1400.0,CHEMBL202,IC50,uM,1.4,HsDHFR (H. sapiens)
CHEMBL4010336,COC[C@@H](C)Oc1cccc2nc(N)nc(N)c12,CHEMBL4090641,IC50,nM,25000.0,CHEMBL202,IC50,uM,25.0,HsDHFR (H. sapiens)
CHEMBL4010336,Nc1nc(N)c2c(OCC3CCOCC3)cccc2n1,CHEMBL4068466,IC50,nM,28000.0,CHEMBL202,IC50,uM,28.0,HsDHFR (H. sapiens)
CHEMBL4010336,Nc1nc(N)c2c(COc3cccc(Cl)c3)cccc2n1,CHEMBL255019,IC50,nM,38000.0,CHEMBL202,IC50,uM,38.0,HsDHFR (H. sapiens)
CHEMBL4010336,N#Cc1cc(F)cc(OCc2cccc3nc(N)nc(N)c23)c1,CHEMBL4077061,IC50,nM,52000.0,CHEMBL202,IC50,uM,52.0,HsDHFR (H. sapiens)
CHEMBL4146155,COc1ccc(-c2nc3c(N)nc(N)nc3nc2C(C)C)cc1,CHEMBL531405,IC50,nM,382.1,CHEMBL202,IC50,nM,382.1,HsDHFR (H. sapiens)
CHEMBL4146155,N#Cc1ccc(Cn2ccc3c4c(N)nc(N)nc4ccc32)cc1,CHEMBL526243,IC50,nM,6.8,CHEMBL202,IC50,nM,6.8,HsDHFR (H. sapiens)
CHEMBL4146155,Cc1c(Cc2ccccc2Br)cnc2nc(N)nc(N)c12,CHEMBL526013,IC50,nM,7.6,CHEMBL202,IC50,nM,7.6,HsDHFR (H. sapiens)
CHEMBL4146159,Nc1nc(N)nc(-c2ccc(OCc3ccc(Cl)cc3)cc2)n1,CHEMBL4169358,IC50,nM,83300.0,CHEMBL202,IC50,uM,83.3,HsDHFR (H. sapiens)
CHEMBL4146159,Nc1nc(N)nc(-c2ccc(OCc3cccc(Cl)c3)cc2)n1,CHEMBL4162075,IC50,nM,72490.0,CHEMBL202,IC50,uM,72.49,HsDHFR (H. sapiens)
CHEMBL4146167,Cl.NC1=NC2(CCCCC2)N(c2ccc(OCc3cn(CCCc4ccccc4)nn3)cc2)C(N)=N1,CHEMBL4160241,IC50,nM,3670.0,CHEMBL202,IC50,uM,3.67,HsDHFR (H. sapiens)
CHEMBL4146167,Cl.NC1=NC2(CCCCC2)N(c2ccc(OCc3cn(CCCOc4ccc5ccc(=O)oc5c4)nn3)cc2)C(N)=N1,CHEMBL4174883,IC50,nM,11990.0,CHEMBL202,IC50,uM,11.99,HsDHFR (H. sapiens)
CHEMBL4146167,Cl.NC1=NC2(CCCCC2)N(c2ccc(OCc3cn(CCCCOc4ccc5ccc(=O)oc5c4)nn3)cc2)C(N)=N1,CHEMBL4160822,IC50,nM,15320.0,CHEMBL202,IC50,uM,15.32,HsDHFR (H. sapiens)
CHEMBL4146167,CN(Cc1cnc2nc(N)nc(N)c2n1)c1ccc(C(=O)N[C@@H](CCC(=O)O)C(=O)O)cc1,CHEMBL34259,IC50,nM,7.1,CHEMBL202,IC50,uM,0.0071,HsDHFR (H. sapiens)
CHEMBL4224046,COc1cccc(Sc2[nH]c3nc(N)nc(N)c3c2C)c1,CHEMBL123984,IC50,nM,970.0,CHEMBL202,IC50,nM,970.0,HsDHFR (H. sapiens)
CHEMBL4224046,COc1cc(Cc2cnc(N)nc2N)cc(OC)c1OC,CHEMBL22,IC50,nM,24500.0,CHEMBL202,IC50,nM,24500.0,HsDHFR (H. sapiens)
CHEMBL4224046,COc1ccc(OC)c(Cc2cnc3nc(N)nc(N)c3c2C)c1,CHEMBL7492,IC50,nM,2.0,CHEMBL202,IC50,nM,2.0,HsDHFR (H. sapiens)
CHEMBL4224046,COc1cccc(Sc2c(C)c3c(N)nc(N)nc3n2C)c1,CHEMBL4227977,IC50,nM,1200.0,CHEMBL202,IC50,nM,1200.0,HsDHFR (H. sapiens)
CHEMBL4224046,CCn1c(Sc2cccc(OC)c2)c(C)c2c(N)nc(N)nc21,CHEMBL4227124,IC50,nM,511.0,CHEMBL202,IC50,nM,511.0,HsDHFR (H. sapiens)
CHEMBL4224046,CCCn1c(Sc2cccc(OC)c2)c(C)c2c(N)nc(N)nc21,CHEMBL4228228,IC50,nM,2046.0,CHEMBL202,IC50,nM,2046.0,HsDHFR (H. sapiens)
CHEMBL4224046,COc1cccc(Sc2c(C)c3c(N)nc(N)nc3n2C(C)C)c1,CHEMBL4227384,IC50,nM,579.0,CHEMBL202,IC50,nM,579.0,HsDHFR (H. sapiens)
CHEMBL4224046,CCCCn1c(Sc2cccc(OC)c2)c(C)c2c(N)nc(N)nc21,CHEMBL4228488,IC50,nM,1130.0,CHEMBL202,IC50,nM,1130.0,HsDHFR (H. sapiens)
CHEMBL4224046,COc1ccccc1Sc1[nH]c2nc(N)nc(N)c2c1C,CHEMBL331314,IC50,nM,624.0,CHEMBL202,IC50,nM,624.0,HsDHFR (H. sapiens)
CHEMBL4224046,COc1ccc(Sc2[nH]c3nc(N)nc(N)c3c2C)cc1,CHEMBL123892,IC50,nM,1410.0,CHEMBL202,IC50,nM,1410.0,HsDHFR (H. sapiens)
CHEMBL4224046,Cc1c(Sc2ccc3ccccc3c2)[nH]c2nc(N)nc(N)c12,CHEMBL227065,IC50,nM,2100.0,CHEMBL202,IC50,nM,2100.0,HsDHFR (H. sapiens)
CHEMBL4224046,Cc1c(Sc2cccc3ccccc23)[nH]c2nc(N)nc(N)c12,CHEMBL122998,IC50,nM,1216.0,CHEMBL202,IC50,nM,1216.0,HsDHFR (H. sapiens)
CHEMBL4224046,Cc1c(Sc2ccc(F)c(F)c2)[nH]c2nc(N)nc(N)c12,CHEMBL4226849,IC50,nM,2318.0,CHEMBL202,IC50,nM,2318.0,HsDHFR (H. sapiens)
CHEMBL4224046,Cc1c(Sc2ccc(OC(F)(F)F)cc2)[nH]c2nc(N)nc(N)c12,CHEMBL4226262,IC50,nM,811.0,CHEMBL202,IC50,nM,811.0,HsDHFR (H. sapiens)
CHEMBL4224046,COc1ccccc1Sc1c(C)c2c(N)nc(N)nc2n1C,CHEMBL4227112,IC50,nM,1400.0,CHEMBL202,IC50,nM,1400.0,HsDHFR (H. sapiens)
CHEMBL4224046,COc1ccc(Sc2c(C)c3c(N)nc(N)nc3n2C)cc1,CHEMBL4226465,IC50,nM,1372.0,CHEMBL202,IC50,nM,1372.0,HsDHFR (H. sapiens)
CHEMBL4224046,Cc1c(Sc2ccc3ccccc3c2)n(C)c2nc(N)nc(N)c12,CHEMBL4227373,IC50,nM,970.0,CHEMBL202,IC50,nM,970.0,HsDHFR (H. sapiens)
CHEMBL4224046,Cc1c(Sc2cccc3ccccc23)n(C)c2nc(N)nc(N)c12,CHEMBL4229284,IC50,nM,1104.0,CHEMBL202,IC50,nM,1104.0,HsDHFR (H. sapiens)
CHEMBL4224046,Cc1c(Sc2ccc(F)c(F)c2)n(C)c2nc(N)nc(N)c12,CHEMBL4225535,IC50,nM,1917.0,CHEMBL202,IC50,nM,1917.0,HsDHFR (H. sapiens)
CHEMBL4224046,Cc1c(Sc2ccc(OC(F)(F)F)cc2)n(C)c2nc(N)nc(N)c12,CHEMBL4225860,IC50,nM,1101.0,CHEMBL202,IC50,nM,1101.0,HsDHFR (H. sapiens)
CHEMBL4224051,CN(Cc1cnc2nc(N)nc(N)c2n1)c1ccc(C(=O)N[C@@H](CCC(=O)O)C(=O)O)cc1,CHEMBL34259,IC50,nM,35.0,CHEMBL202,IC50,uM,0.035,HsDHFR (H. sapiens)
CHEMBL4224051,Nc1nc(N)c2nc(CCc3ccccc3)ccc2n1,CHEMBL4065674,IC50,nM,2250.0,CHEMBL202,IC50,uM,2.25,HsDHFR (H. sapiens)
CHEMBL4224051,Nc1nc(N)c2nc(CCCCCc3ccccc3)ccc2n1,CHEMBL4227367,IC50,nM,700.0,CHEMBL202,IC50,uM,0.7,HsDHFR (H. sapiens)
CHEMBL4224051,Nc1nc(N)c2nc(/C=C/CCCc3ccccc3)ccc2n1,CHEMBL4225586,IC50,nM,2100.0,CHEMBL202,IC50,uM,2.1,HsDHFR (H. sapiens)
CHEMBL4224051,Nc1nc(N)c2nc(CCC(=O)CCc3ccccc3)ccc2n1,CHEMBL4225877,IC50,nM,7930.0,CHEMBL202,IC50,uM,7.93,HsDHFR (H. sapiens)
CHEMBL4224051,Nc1nc(N)c2nc(CCC(O)CCc3ccccc3)ccc2n1,CHEMBL4228675,IC50,nM,2530.0,CHEMBL202,IC50,uM,2.53,HsDHFR (H. sapiens)
CHEMBL4224051,Nc1nc(N)c2nc(/C=C/C(=O)/C=C/c3ccccc3)ccc2n1,CHEMBL4227744,IC50,nM,70510.0,CHEMBL202,IC50,uM,70.51,HsDHFR (H. sapiens)
CHEMBL4224051,Nc1nc(N)c2nc(CCCCc3ccccc3)ccc2n1,CHEMBL4227155,IC50,nM,610.0,CHEMBL202,IC50,uM,0.61,HsDHFR (H. sapiens)
CHEMBL4224051,Nc1nc(N)c2nc(/C=C/C=C/c3ccccc3)ccc2n1,CHEMBL4228007,IC50,nM,12290.0,CHEMBL202,IC50,uM,12.29,HsDHFR (H. sapiens)
CHEMBL4224051,Nc1nc(N)c2nc(CCCc3ccccc3)ccc2n1,CHEMBL4226361,IC50,nM,60.0,CHEMBL202,IC50,uM,0.06,HsDHFR (H. sapiens)
CHEMBL4224051,Nc1nc(N)c2nc(/C=C/Cc3ccccc3)ccc2n1,CHEMBL4227213,IC50,nM,590.0,CHEMBL202,IC50,uM,0.59,HsDHFR (H. sapiens)
CHEMBL4224051,Nc1nc(N)c2nc(CCC(=O)c3ccccc3)ccc2n1,CHEMBL4226633,IC50,nM,11230.0,CHEMBL202,IC50,uM,11.23,HsDHFR (H. sapiens)
CHEMBL4224051,Nc1nc(N)c2nc(CCC(O)c3ccccc3)ccc2n1,CHEMBL4227478,IC50,nM,2730.0,CHEMBL202,IC50,uM,2.73,HsDHFR (H. sapiens)
CHEMBL4360404,Nc1nc2[nH]c(CCNC(=O)c3ccc(C(=O)NCc4ccncc4)cc3)cc2c(=O)[nH]1,CHEMBL4552684,IC50,nM,48.95,CHEMBL202,IC50,nM,48.95,HsDHFR (H. sapiens)
CHEMBL4360404,Nc1nc2[nH]c(CCNC(=O)c3ccc(C(=O)NCc4cccnc4)cc3)cc2c(=O)[nH]1,CHEMBL4435374,IC50,nM,37.94,CHEMBL202,IC50,nM,37.94,HsDHFR (H. sapiens)
CHEMBL4360404,Nc1nc2[nH]c(CCNC(=O)c3ccc(C(=O)NCc4ccccn4)cc3)cc2c(=O)[nH]1,CHEMBL4444154,IC50,nM,29.29,CHEMBL202,IC50,nM,29.29,HsDHFR (H. sapiens)
CHEMBL4360404,Nc1nc2[nH]c(CCNC(=O)c3cccc(C(=O)NCc4ccncc4)c3)cc2c(=O)[nH]1,CHEMBL4522253,IC50,nM,65.88,CHEMBL202,IC50,nM,65.88,HsDHFR (H. sapiens)
CHEMBL4360404,Nc1nc2[nH]c(CCNC(=O)c3cccc(C(=O)NCc4cccnc4)c3)cc2c(=O)[nH]1,CHEMBL4531384,IC50,nM,53.42,CHEMBL202,IC50,nM,53.42,HsDHFR (H. sapiens)
CHEMBL4360404,Nc1nc2[nH]c(CCNC(=O)c3cccc(C(=O)NCc4ccccn4)c3)cc2c(=O)[nH]1,CHEMBL4587332,IC50,nM,9.28,CHEMBL202,IC50,nM,9.28,HsDHFR (H. sapiens)
CHEMBL4360404,CN(Cc1cnc2nc(N)nc(N)c2n1)c1ccc(C(=O)N[C@@H](CCC(=O)O)C(=O)O)cc1,CHEMBL34259,IC50,nM,24.99,CHEMBL202,IC50,nM,24.99,HsDHFR (H. sapiens)
CHEMBL4363350,O=C(OC[C@@H]1CO1)c1cccc2c(=O)c3ccccc3[nH]c12,CHEMBL4453575,IC50,nM,10.0,CHEMBL202,IC50,uM,0.01,HsDHFR (H. sapiens)
CHEMBL4363350,CC1=NN(c2cccc(Cl)c2)C(=O)/C1=C\c1cn(CC(O)Cn2c3ccccc3c(=O)c3ccccc32)c2ccccc12,CHEMBL4467394,IC50,nM,1800.0,CHEMBL202,IC50,uM,1.8,HsDHFR (H. sapiens)
CHEMBL4363350,CN1C(=O)C(=Cc2cn(CC(O)Cn3c4ccccc4c(=O)c4ccccc43)c3ccccc23)C(=O)N(C)C1=O,CHEMBL4544130,IC50,nM,210.0,CHEMBL202,IC50,uM,0.21,HsDHFR (H. sapiens)
CHEMBL4363350,O=c1c2ccccc2n(CC2CO2)c2ccccc12,CHEMBL4458303,IC50,nM,20.0,CHEMBL202,IC50,uM,0.02,HsDHFR (H. sapiens)
CHEMBL4363350,O=C1Nc2ccccc2/C1=C/c1cn(CC(O)Cn2c3ccccc3c(=O)c3ccccc32)c2ccccc12,CHEMBL4533705,IC50,nM,100.0,CHEMBL202,IC50,uM,0.1,HsDHFR (H. sapiens)
CHEMBL4363350,C[C@H](NC(=O)CNC(=O)c1cccc2c(=O)c3ccccc3[nH]c12)C(=O)O,CHEMBL4581410,IC50,nM,670.0,CHEMBL202,IC50,uM,0.67,HsDHFR (H. sapiens)
CHEMBL4363350,CN(Cc1cnc2nc(N)nc(N)c2n1)c1ccc(C(=O)N[C@@H](CCC(=O)O)C(=O)O)cc1,CHEMBL34259,IC50,nM,1000.0,CHEMBL202,IC50,uM,1.0,HsDHFR (H. sapiens)
CHEMBL4368149,CC(=O)c1c(C)n(Cc2ccccc2)c2ccc(OCCCC(=O)O)cc12,CHEMBL4526073,IC50,nM,980000.0,CHEMBL202,IC50,uM,980.0,HsDHFR (H. sapiens)
CHEMBL4390132,Nc1nc(N)c2cc(Nc3ccccc3)cnc2n1,CHEMBL2382314,IC50,nM,190.0,CHEMBL202,IC50,nM,190.0,HsDHFR (H. sapiens)
CHEMBL4390132,Cc1ccc(Nc2cnc3nc(N)nc(N)c3c2)cc1,CHEMBL2382319,IC50,nM,2100.0,CHEMBL202,IC50,nM,2100.0,HsDHFR (H. sapiens)
CHEMBL4390132,COc1ccc(Nc2cnc3nc(N)nc(N)c3c2)cc1,CHEMBL2382315,IC50,nM,3650.0,CHEMBL202,IC50,nM,3650.0,HsDHFR (H. sapiens)
CHEMBL4390132,Nc1nc(N)c2cc(Nc3cccc4ccccc34)cnc2n1,CHEMBL2382323,IC50,nM,2100.0,CHEMBL202,IC50,nM,2100.0,HsDHFR (H. sapiens)
CHEMBL4390132,Nc1nc(N)c2cc(Nc3ccc4ccccc4c3)cnc2n1,CHEMBL2382321,IC50,nM,2200.0,CHEMBL202,IC50,nM,2200.0,HsDHFR (H. sapiens)
CHEMBL4390132,Nc1nc(N)c2cc(Nc3cc(F)c(F)c(F)c3)cnc2n1,CHEMBL2382325,IC50,nM,3100.0,CHEMBL202,IC50,nM,3100.0,HsDHFR (H. sapiens)
CHEMBL4390132,COc1cc(Cc2cnc(N)nc2N)cc(OC)c1OC,CHEMBL22,IC50,nM,32200.0,CHEMBL202,IC50,nM,32200.0,HsDHFR (H. sapiens)
CHEMBL4390132,COc1ccc(OC)c(Cc2cnc3nc(N)nc(N)c3c2C)c1,CHEMBL7492,IC50,nM,3.0,CHEMBL202,IC50,nM,3.0,HsDHFR (H. sapiens)
CHEMBL4390132,COc1cc(NCc2ccc3nc(N)nc(N)c3c2C)cc(OC)c1OC,CHEMBL119,IC50,nM,2.6,CHEMBL202,IC50,nM,2.6,HsDHFR (H. sapiens)
CHEMBL4390137,Nc1nc(N)c2nc(Nc3ccccc3)ccc2n1,CHEMBL139188,IC50,nM,1526.0,CHEMBL202,IC50,nM,1526.0,HsDHFR (H. sapiens)
CHEMBL4390137,Cc1ccc(Nc2ccc3nc(N)nc(N)c3n2)cc1,CHEMBL4462778,IC50,nM,2626.0,CHEMBL202,IC50,nM,2626.0,HsDHFR (H. sapiens)
CHEMBL4390137,COc1ccc(Nc2ccc3nc(N)nc(N)c3n2)cc1,CHEMBL141218,IC50,nM,2459.0,CHEMBL202,IC50,nM,2459.0,HsDHFR (H. sapiens)
CHEMBL4390137,Nc1nc(N)c2nc(Nc3ccc(O)cc3)ccc2n1,CHEMBL4573954,IC50,nM,1576.0,CHEMBL202,IC50,nM,1576.0,HsDHFR (H. sapiens)
CHEMBL4390137,Nc1nc(N)c2nc(Nc3cccc4ccccc34)ccc2n1,CHEMBL4449630,IC50,nM,1098.0,CHEMBL202,IC50,nM,1098.0,HsDHFR (H. sapiens)
CHEMBL4390137,Nc1nc(N)c2nc(Nc3ccc4ccccc4c3)ccc2n1,CHEMBL138419,IC50,nM,3185.0,CHEMBL202,IC50,nM,3185.0,HsDHFR (H. sapiens)
CHEMBL4390137,Nc1nc(N)c2nc(Nc3ccc(F)c(F)c3)ccc2n1,CHEMBL4522334,IC50,nM,2253.0,CHEMBL202,IC50,nM,2253.0,HsDHFR (H. sapiens)
CHEMBL4390137,Nc1nc(N)c2nc(Nc3cc(F)c(F)c(F)c3)ccc2n1,CHEMBL4522888,IC50,nM,1808.0,CHEMBL202,IC50,nM,1808.0,HsDHFR (H. sapiens)
CHEMBL4390137,Nc1nc(N)c2nc(Nc3ccc(OC(F)(F)F)cc3)ccc2n1,CHEMBL4469864,IC50,nM,4125.0,CHEMBL202,IC50,nM,4125.0,HsDHFR (H. sapiens)
CHEMBL4390137,CN(c1ccccc1)c1ccc2nc(N)nc(N)c2n1,CHEMBL140940,IC50,nM,942.0,CHEMBL202,IC50,nM,942.0,HsDHFR (H. sapiens)
CHEMBL4390137,CCN(c1ccccc1)c1ccc2nc(N)nc(N)c2n1,CHEMBL4571736,IC50,nM,1571.0,CHEMBL202,IC50,nM,1571.0,HsDHFR (H. sapiens)
CHEMBL4390137,CCCN(c1ccccc1)c1ccc2nc(N)nc(N)c2n1,CHEMBL4588482,IC50,nM,1338.0,CHEMBL202,IC50,nM,1338.0,HsDHFR (H. sapiens)
CHEMBL4390137,CC(C)N(c1ccccc1)c1ccc2nc(N)nc(N)c2n1,CHEMBL4589761,IC50,nM,1373.0,CHEMBL202,IC50,nM,1373.0,HsDHFR (H. sapiens)
CHEMBL4390137,CCCCN(c1ccccc1)c1ccc2nc(N)nc(N)c2n1,CHEMBL4440383,IC50,nM,903.0,CHEMBL202,IC50,nM,903.0,HsDHFR (H. sapiens)
CHEMBL4390137,COc1cc(Cc2cnc(N)nc2N)cc(OC)c1OC,CHEMBL22,IC50,nM,24500.0,CHEMBL202,IC50,nM,24500.0,HsDHFR (H. sapiens)
CHEMBL4390137,COc1ccc(OC)c(Cc2cnc3nc(N)nc(N)c3c2C)c1,CHEMBL7492,IC50,nM,2.0,CHEMBL202,IC50,nM,2.0,HsDHFR (H. sapiens)
CHEMBL4423790,Nc1ncc(N2CCN(c3cccc(-c4cnc(C5CC5)nc4)c3)CC2)c(N)n1,CHEMBL4550110,IC50,nM,973.0,CHEMBL202,IC50,nM,973.0,HsDHFR (H. sapiens)
CHEMBL4423790,Nc1ncc(N2CCN(c3cccc(-c4cnc(C(F)(F)F)nc4)c3)CC2)c(N)n1,CHEMBL4591892,IC50,nM,2800.0,CHEMBL202,IC50,nM,2800.0,HsDHFR (H. sapiens)
CHEMBL4423790,COc1ncc(-c2cccc(N3CCN(c4cnc(N)nc4N)CC3)c2)cn1,CHEMBL4468777,IC50,nM,308.0,CHEMBL202,IC50,nM,308.0,HsDHFR (H. sapiens)
CHEMBL4423790,Cc1ncc(-c2cccc(N3CCN(c4cnc(N)nc4N)CC3)c2)cn1,CHEMBL4543226,IC50,nM,935.0,CHEMBL202,IC50,nM,935.0,HsDHFR (H. sapiens)
CHEMBL4423790,Nc1ncc(N2CCN(c3cccc(-c4ccnnc4)c3)CC2)c(N)n1,CHEMBL4464707,IC50,nM,1100.0,CHEMBL202,IC50,nM,1100.0,HsDHFR (H. sapiens)
CHEMBL4423790,Nc1ncc(N2CCN(c3cccc(-c4cnccn4)c3)CC2)c(N)n1,CHEMBL4466302,IC50,nM,1330.0,CHEMBL202,IC50,nM,1330.0,HsDHFR (H. sapiens)
CHEMBL4423790,Nc1ncc(N2CCN(c3cccc(-c4cncnc4)c3)CC2)c(N)n1,CHEMBL4573445,IC50,nM,1430.0,CHEMBL202,IC50,nM,1430.0,HsDHFR (H. sapiens)
CHEMBL4423790,Nc1ncc(N2CCN(c3cccc(-c4ncccn4)c3)CC2)c(N)n1,CHEMBL4584470,IC50,nM,1300.0,CHEMBL202,IC50,nM,1300.0,HsDHFR (H. sapiens)
CHEMBL4423790,Nc1ncc(N2CCN(c3cccc(-c4ccncc4)c3)CC2)c(N)n1,CHEMBL4591654,IC50,nM,468.0,CHEMBL202,IC50,nM,468.0,HsDHFR (H. sapiens)
CHEMBL4423790,Nc1ncc(N2CCN(c3cccc(-c4cccnc4)c3)CC2)c(N)n1,CHEMBL4461133,IC50,nM,300.0,CHEMBL202,IC50,nM,300.0,HsDHFR (H. sapiens)
CHEMBL4423790,Nc1ncc(N2CCN(c3cccc(-c4ccccn4)c3)CC2)c(N)n1,CHEMBL4519642,IC50,nM,1360.0,CHEMBL202,IC50,nM,1360.0,HsDHFR (H. sapiens)
CHEMBL4423790,CCc1nc(N)nc(N)c1N1CCN(c2cccc(-c3ccccc3)c2)CC1,CHEMBL4582435,IC50,nM,200.0,CHEMBL202,IC50,nM,200.0,HsDHFR (H. sapiens)
CHEMBL4423790,Cc1nc(N)nc(N)c1N1CCN(c2cccc(-c3ccccc3)c2)CC1,CHEMBL4459877,IC50,nM,237.0,CHEMBL202,IC50,nM,237.0,HsDHFR (H. sapiens)
CHEMBL4423790,Nc1ncc(N2CCN(c3cccc(C4CC4)c3)CC2)c(N)n1,CHEMBL4435247,IC50,nM,1630.0,CHEMBL202,IC50,nM,1630.0,HsDHFR (H. sapiens)
CHEMBL4423790,Nc1ncc(N2CCN(c3cccc(OC(F)(F)F)c3)CC2)c(N)n1,CHEMBL4439025,IC50,nM,819.0,CHEMBL202,IC50,nM,819.0,HsDHFR (H. sapiens)
CHEMBL4423790,Nc1ncc(N2CCN(c3cccc(C(F)(F)F)c3)CC2)c(N)n1,CHEMBL4535103,IC50,nM,541.0,CHEMBL202,IC50,nM,541.0,HsDHFR (H. sapiens)
CHEMBL4423790,COc1cccc(N2CCN(c3cnc(N)nc3N)CC2)c1,CHEMBL4546142,IC50,nM,2710.0,CHEMBL202,IC50,nM,2710.0,HsDHFR (H. sapiens)
CHEMBL4423790,Nc1ncc(N2CCN(c3ccc(Cl)cc3)CC2)c(N)n1,CHEMBL4456834,IC50,nM,1090.0,CHEMBL202,IC50,nM,1090.0,HsDHFR (H. sapiens)
CHEMBL4423790,Nc1ncc(N2CCN(c3cccc(Cl)c3)CC2)c(N)n1,CHEMBL4544894,IC50,nM,1540.0,CHEMBL202,IC50,nM,1540.0,HsDHFR (H. sapiens)
CHEMBL4423790,Cc1ccc(N2CCN(c3cnc(N)nc3N)CC2)cc1,CHEMBL4525462,IC50,nM,3260.0,CHEMBL202,IC50,nM,3260.0,HsDHFR (H. sapiens)
CHEMBL4423790,Cc1cccc(N2CCN(c3cnc(N)nc3N)CC2)c1,CHEMBL4549054,IC50,nM,5980.0,CHEMBL202,IC50,nM,5980.0,HsDHFR (H. sapiens)
CHEMBL4423790,Nc1ncc(N2CCN(c3ccc(-c4ccccc4)cc3)CC2)c(N)n1,CHEMBL4552468,IC50,nM,347.0,CHEMBL202,IC50,nM,347.0,HsDHFR (H. sapiens)
CHEMBL4423790,Nc1ncc(N2CCN(c3ccccc3-c3ccccc3)CC2)c(N)n1,CHEMBL4544467,IC50,nM,1790.0,CHEMBL202,IC50,nM,1790.0,HsDHFR (H. sapiens)
CHEMBL4423790,Nc1ncc(N2CCN(c3ccccc3)CC2)c(N)n1,CHEMBL4553229,IC50,nM,12500.0,CHEMBL202,IC50,nM,12500.0,HsDHFR (H. sapiens)
CHEMBL4423790,COc1cc(NCc2ccc3nc(N)nc(N)c3c2C)cc(OC)c1OC,CHEMBL119,IC50,nM,4.07,CHEMBL202,IC50,nM,4.07,HsDHFR (H. sapiens)
CHEMBL4423790,CN(Cc1cnc2nc(N)nc(N)c2n1)c1ccc(C(=O)N[C@@H](CCC(=O)O)C(=O)O)cc1,CHEMBL34259,IC50,nM,4.74,CHEMBL202,IC50,nM,4.74,HsDHFR (H. sapiens)
CHEMBL4423790,COc1cc(Cc2cnc(N)nc2N)cc(OC)c1OC,CHEMBL22,IC50,nM,503000.0,CHEMBL202,IC50,nM,503000.0,HsDHFR (H. sapiens)
CHEMBL4423790,Nc1ncc(N2CCN(c3cccc(-c4ccccc4)c3)CC2)c(N)n1,CHEMBL3953119,IC50,nM,689.0,CHEMBL202,IC50,nM,689.0,HsDHFR (H. sapiens)
CHEMBL4423790,CCc1nc(N)nc(N)c1-c1ccc(Cl)cc1,CHEMBL36,IC50,nM,1680.0,CHEMBL202,IC50,nM,1680.0,HsDHFR (H. sapiens)
CHEMBL4423827,CCc1nc(N)nc(N)c1-c1ccc(Cl)cc1,CHEMBL36,IC50,nM,760.0,CHEMBL202,IC50,nM,760.0,HsDHFR (H. sapiens)
CHEMBL4431995,O=c1c(O)c(-c2cccc(O)c2)oc2ccc(O)cc12,CHEMBL4464764,IC50,nM,50000.0,CHEMBL202,IC50,uM,50.0,HsDHFR (H. sapiens)
CHEMBL4481837,CN(Cc1cnc2nc(N)nc(N)c2n1)c1ccc(C(=O)N[C@@H](CCC(=O)O)C(=O)O)cc1,CHEMBL34259,IC50,nM,1.97,CHEMBL202,IC50,uM,0.00197,HsDHFR (H. sapiens)
CHEMBL4481837,CC(=O)c1c(C)n(Cc2ccccc2)c2ccc(OCc3cn(-c4ccc(Br)cc4)nn3)cc12,CHEMBL4544311,IC50,nM,125000.0,CHEMBL202,IC50,uM,125.0,HsDHFR (H. sapiens)
CHEMBL4481837,CC(=O)c1c(C)n(Cc2ccccc2)c2ccc(OCc3cn(-c4cccc(Cl)c4)nn3)cc12,CHEMBL4578986,IC50,nM,180000.0,CHEMBL202,IC50,uM,180.0,HsDHFR (H. sapiens)
CHEMBL4621660,N[C@@H](Cc1c[nH]c2ccccc12)C(=O)O,CHEMBL54976,IC50,nM,6500000.0,CHEMBL202,IC50,mM,6.5,HsDHFR (H. sapiens)
CHEMBL4624219,CN(Cc1cnc2nc(N)nc(N)c2n1)c1ccc(C(=O)N[C@@H](CCC(=O)O)C(=O)O)cc1,CHEMBL34259,IC50,nM,6.0,CHEMBL202,IC50,nM,6.0,HsDHFR (H. sapiens)
CHEMBL4624220,CN(Cc1cnc2nc(N)nc(N)c2n1)c1ccc(C(=O)N[C@@H](CCC(=O)O)C(=O)O)cc1,CHEMBL34259,IC50,nM,20.0,CHEMBL202,IC50,nM,20.0,HsDHFR (H. sapiens)
CHEMBL4624219,Nc1nc2[nH]cc(CCc3ccc(C(=O)N[C@@H](CCC(=O)O)C(=O)O)cc3)c2c(=O)[nH]1,CHEMBL225072,IC50,nM,68.0,CHEMBL202,IC50,nM,68.0,HsDHFR (H. sapiens)
CHEMBL4624220,Nc1nc2[nH]cc(CCc3ccc(C(=O)N[C@@H](CCC(=O)O)C(=O)O)cc3)c2c(=O)[nH]1,CHEMBL225072,IC50,nM,327.0,CHEMBL202,IC50,nM,327.0,HsDHFR (H. sapiens)
CHEMBL4625702,Nc1nc(N)c2nc3c(nc2n1)-c1cccc2cccc-3c12,CHEMBL4641198,IC50,nM,810.0,CHEMBL202,IC50,uM,0.81,HsDHFR (H. sapiens)
CHEMBL4625702,Nc1nc(N)c2nc3c4cccnc4c4ncccc4c3nc2n1,CHEMBL4635593,IC50,nM,5800.0,CHEMBL202,IC50,uM,5.8,HsDHFR (H. sapiens)
CHEMBL4625702,Nc1nc(N)c2nc(-c3ccccc3)c(-c3ccccc3)nc2n1,CHEMBL48296,IC50,nM,13600.0,CHEMBL202,IC50,uM,13.6,HsDHFR (H. sapiens)
CHEMBL4625702,Nc1nc(N)c2nc(-c3ccco3)c(-c3ccco3)nc2n1,CHEMBL4644558,IC50,nM,10400.0,CHEMBL202,IC50,uM,10.4,HsDHFR (H. sapiens)
CHEMBL4625702,Nc1nc(N)c2nc(-c3cccs3)c(-c3cccs3)nc2n1,CHEMBL4647373,IC50,nM,1430.0,CHEMBL202,IC50,uM,1.43,HsDHFR (H. sapiens)
CHEMBL4625702,CN(Cc1cnc2nc(N)nc(N)c2n1)c1ccc(C(=O)N[C@@H](CCC(=O)O)C(=O)O)cc1,CHEMBL34259,IC50,nM,83.0,CHEMBL202,IC50,uM,0.083,HsDHFR (H. sapiens)
CHEMBL4734506,CC1=C(C(=O)Nc2ccc(C(=O)NC(CCC(=O)O)C(=O)O)cc2)C(c2ccccc2)NC(=O)N1,CHEMBL4743204,IC50,nM,840.0,CHEMBL202,IC50,uM,0.84,HsDHFR (H. sapiens)
CHEMBL4734506,CC1=C(C(=O)Nc2ccc(C(=O)NC(CCC(=O)O)C(=O)O)cc2)C(c2ccc([N+](=O)[O-])cc2)NC(=O)N1,CHEMBL4791810,IC50,nM,810.0,CHEMBL202,IC50,uM,0.81,HsDHFR (H. sapiens)
CHEMBL4734506,CC1=C(C(=O)Nc2ccc(C(=O)NC(CCC(=O)O)C(=O)O)cc2)C(c2ccc(Cl)cc2)NC(=O)N1,CHEMBL4748158,IC50,nM,530.0,CHEMBL202,IC50,uM,0.53,HsDHFR (H. sapiens)
CHEMBL4734506,COc1cc(Cc2cnc(N)nc2N)cc(OC)c1OCCNc1ccc(C(=O)NC(C(=O)O)C(C)C)cc1,CHEMBL4759800,IC50,nM,40.0,CHEMBL202,IC50,uM,0.04,HsDHFR (H. sapiens)
CHEMBL4734506,COc1cc(Cc2cnc(N)nc2N)cc(OC)c1OCCNc1ccc(C(=O)NC(Cc2cc3ccccc3[nH]2)C(=O)O)cc1,CHEMBL4757974,IC50,nM,30.0,CHEMBL202,IC50,uM,0.03,HsDHFR (H. sapiens)
CHEMBL4734506,COc1cc(Cc2cnc(N)nc2N)cc(OC)c1OCCNc1ccc(C(=O)NC(Cc2ccccc2)C(=O)O)cc1,CHEMBL4783671,IC50,nM,90.0,CHEMBL202,IC50,uM,0.09,HsDHFR (H. sapiens)
CHEMBL4734506,COc1cc(Cc2cnc(N)nc2N)cc(OC)c1OCCNc1ccc(C(=O)NC(CCC(=O)O)C(=O)O)cc1,CHEMBL4748139,IC50,nM,10.0,CHEMBL202,IC50,uM,0.01,HsDHFR (H. sapiens)
CHEMBL4734506,COc1cc(Cc2cnc(N)nc2N)cc(OC)c1OC(=O)CNC(CC(C)C)C(=O)O,CHEMBL4752301,IC50,nM,10980.0,CHEMBL202,IC50,uM,10.98,HsDHFR (H. sapiens)
CHEMBL4734506,COc1cc(Cc2cnc(N)nc2N)cc(OC)c1OC(=O)CNC(Cc1cc2ccccc2[nH]1)C(=O)O,CHEMBL4761589,IC50,nM,1830.0,CHEMBL202,IC50,uM,1.83,HsDHFR (H. sapiens)
CHEMBL4734506,COc1cc(Cc2cnc(N)nc2N)cc(OC)c1OC(=O)CNC(Cc1ccccc1)C(=O)O,CHEMBL4779765,IC50,nM,12260.0,CHEMBL202,IC50,uM,12.26,HsDHFR (H. sapiens)
CHEMBL4734506,COc1cc(Cc2cnc(N)nc2N)cc(OC)c1OC(=O)CNC(CCC(=O)O)C(=O)O,CHEMBL4745475,IC50,nM,1630.0,CHEMBL202,IC50,uM,1.63,HsDHFR (H. sapiens)
CHEMBL4734506,CN(Cc1cnc2nc(N)nc(N)c2n1)c1ccc(C(=O)N[C@@H](CCC(=O)O)C(=O)O)cc1,CHEMBL34259,IC50,nM,5.0,CHEMBL202,IC50,uM,0.005,HsDHFR (H. sapiens)
CHEMBL4734506,COc1cc(Cc2cnc(N)nc2N)cc(OC)c1OC,CHEMBL22,IC50,nM,1030.0,CHEMBL202,IC50,uM,1.03,HsDHFR (H. sapiens)
CHEMBL4734513,CN(Cc1cnc2nc(N)nc(N)c2n1)c1ccc(C(=O)N[C@@H](CCC(=O)O)C(=O)O)cc1,CHEMBL34259,IC50,nM,3.0,CHEMBL202,IC50,uM,0.003,HsDHFR (H. sapiens)
CHEMBL5110649,Cc1ccc(-c2c(CN3CCCCC3)nc3scc(C(=O)O)n23)cc1,CHEMBL5194543,IC50,nM,907.0,CHEMBL202,IC50,uM,0.907,HsDHFR (H. sapiens)
CHEMBL5110649,CCC(=O)NNC(=O)c1csc2ncc(-c3ccc(C)cc3)n12,CHEMBL5176561,IC50,nM,5669.0,CHEMBL202,IC50,uM,5.669,HsDHFR (H. sapiens)
CHEMBL5110649,CC(=O)NNC(=O)c1csc2ncc(-c3ccc(Br)cc3)n12,CHEMBL5204417,IC50,nM,291.0,CHEMBL202,IC50,uM,0.29100000000000004,HsDHFR (H. sapiens)
CHEMBL5110649,Cc1ccc(-c2c(CN3CCOCC3)nc3scc(C(=O)NN)n23)cc1,CHEMBL5170804,IC50,nM,123.0,CHEMBL202,IC50,uM,0.12300000000000001,HsDHFR (H. sapiens)
CHEMBL5110649,COc1ccc(-c2c(CN3CCOCC3)nc3scc(C(=O)NN)n23)cc1,CHEMBL5173449,IC50,nM,585.0,CHEMBL202,IC50,uM,0.585,HsDHFR (H. sapiens)
CHEMBL5110649,NNC(=O)c1csc2nc(CN3CCOCC3)c(-c3ccc(Br)cc3)n12,CHEMBL5204650,IC50,nM,3277.0,CHEMBL202,IC50,uM,3.2769999999999997,HsDHFR (H. sapiens)
CHEMBL5110649,CN(Cc1cnc2nc(N)nc(N)c2n1)c1ccc(C(=O)N[C@@H](CCC(=O)O)C(=O)O)cc1,CHEMBL34259,IC50,nM,61.0,CHEMBL202,IC50,uM,0.061,HsDHFR (H. sapiens)
CHEMBL5148457,CN(Cc1cnc2nc(N)nc(N)c2n1)c1ccc(C(=O)NC(CCC(=O)O)C(=O)O)cc1,CHEMBL426,IC50,nM,30.0,CHEMBL202,IC50,uM,0.03,HsDHFR (H. sapiens)
CHEMBL5148457,COC(=O)C1CCN(C(=O)c2ccc(N(C)Cc3cnc4nc(N)nc(N)c4n3)cc2)CC1,CHEMBL1232702,IC50,nM,44000.0,CHEMBL202,IC50,uM,44.0,HsDHFR (H. sapiens)
CHEMBL5148457,COC(=O)C1CCN(C(=O)c2ccc(NCc3cnc4nc(N)nc(N)c4n3)cc2)CC1,CHEMBL1232399,IC50,nM,51000.0,CHEMBL202,IC50,uM,51.0,HsDHFR (H. sapiens)
CHEMBL5148457,COC(=O)C1CCN(C(=O)c2ccc(N(CCO)Cc3cnc4nc(N)nc(N)c4n3)cc2)CC1,CHEMBL2178602,IC50,nM,27000.0,CHEMBL202,IC50,uM,27.0,HsDHFR (H. sapiens)
CHEMBL5148457,COC(=O)C1CCN(C(=O)c2ccc(NCc3cnc4nc(N)nc(N)c4n3)cn2)CC1,CHEMBL2178600,IC50,nM,60000.0,CHEMBL202,IC50,uM,60.0,HsDHFR (H. sapiens)
CHEMBL5148457,Nc1nc(N)c2nc(CNc3ccc(C(=O)N4CCC(C(=O)O)CC4)cc3)cnc2n1,CHEMBL2178604,IC50,nM,45000.0,CHEMBL202,IC50,uM,45.0,HsDHFR (H. sapiens)
CHEMBL5148457,NC(=O)C1CCN(C(=O)c2ccc(NCc3cnc4nc(N)nc(N)c4n3)cc2)CC1,CHEMBL2178599,IC50,nM,65000.0,CHEMBL202,IC50,uM,65.0,HsDHFR (H. sapiens)
CHEMBL5148457,CCOC(=O)C1CCCN1C(=O)c1ccc(NCc2cnc3nc(N)nc(N)c3n2)cc1,CHEMBL5182291,IC50,nM,10200.0,CHEMBL202,IC50,uM,10.2,HsDHFR (H. sapiens)
CHEMBL5148457,CCN(Cc1cnc2nc(N)nc(N)c2n1)c1ccc(C(=O)N2CCC(C(=O)OC)CC2)cc1,CHEMBL5180552,IC50,nM,4300.0,CHEMBL202,IC50,uM,4.3,HsDHFR (H. sapiens)
CHEMBL5148457,C#CCN(Cc1cnc2nc(N)nc(N)c2n1)c1ccc(C(=O)N2CCC(C(=O)OC)CC2)cc1,CHEMBL5193564,IC50,nM,78000.0,CHEMBL202,IC50,uM,78.0,HsDHFR (H. sapiens)
CHEMBL5148457,COC(=O)C1CCN(C(=O)c2ccc(N(Cc3ccccc3)Cc3cnc4nc(N)nc(N)c4n3)cc2)CC1,CHEMBL5184936,IC50,nM,73000.0,CHEMBL202,IC50,uM,73.0,HsDHFR (H. sapiens)
CHEMBL5148457,COC(=O)C1CCN(C(=O)c2ccc(SCc3cnc4nc(N)nc(N)c4n3)nc2)CC1,CHEMBL5182125,IC50,nM,89000.0,CHEMBL202,IC50,uM,89.0,HsDHFR (H. sapiens)
CHEMBL5148457,COC(=O)C1CCN(C(=O)c2ccc(N(CCCO)Cc3cnc4nc(N)nc(N)c4n3)cc2)CC1,CHEMBL5171609,IC50,nM,15000.0,CHEMBL202,IC50,uM,15.0,HsDHFR (H. sapiens)
CHEMBL5148457,COC(=O)C1CCN(C(=O)Cc2ccc(NCc3cnc4nc(N)nc(N)c4n3)cc2)CC1,CHEMBL5183748,IC50,nM,35000.0,CHEMBL202,IC50,uM,35.0,HsDHFR (H. sapiens)
CHEMBL5148457,COC(=O)C1CCN(C(=O)c2cccc(NCc3cnc4nc(N)nc(N)c4n3)c2)CC1,CHEMBL5170968,IC50,nM,59000.0,CHEMBL202,IC50,uM,59.0,HsDHFR (H. sapiens)
CHEMBL5148457,Nc1nc(N)c2nc(CNc3cccc4ccccc34)cnc2n1,CHEMBL26006,IC50,nM,4400.0,CHEMBL202,IC50,uM,4.4,HsDHFR (H. sapiens)
CHEMBL5148457,Nc1nc(N)c2nc(C(=O)NCc3ccccc3)cnc2n1,CHEMBL5198855,IC50,nM,100000.0,CHEMBL202,IC50,uM,100.0,HsDHFR (H. sapiens)
CHEMBL5148457,Nc1nc(N)c2nc(C(=O)NCc3cccc(C(F)(F)F)c3)cnc2n1,CHEMBL5175397,IC50,nM,100000.0,CHEMBL202,IC50,uM,100.0,HsDHFR (H. sapiens)
CHEMBL5148457,CCOC(=O)C1CCN(C(=O)c2ccc(N(C)Cc3cnc4nc(N)nc(N)c4n3)cc2)CC1,CHEMBL5206994,IC50,nM,12000.0,CHEMBL202,IC50,uM,12.0,HsDHFR (H. sapiens)
CHEMBL5148457,CCCOC(=O)C1CCN(C(=O)c2ccc(N(C)Cc3cnc4nc(N)nc(N)c4n3)cc2)CC1,CHEMBL5205559,IC50,nM,9000.0,CHEMBL202,IC50,uM,9.0,HsDHFR (H. sapiens)
CHEMBL5148457,CN(Cc1cnc2nc(N)nc(N)c2n1)c1ccc(C(=O)N2CCCCC2)cc1,CHEMBL5197107,IC50,nM,29900.0,CHEMBL202,IC50,uM,29.9,HsDHFR (H. sapiens)
CHEMBL5148457,Nc1nc(N)c2nc(CNc3ccc(C(=O)c4ccccc4)cc3)cnc2n1,CHEMBL5175012,IC50,nM,6020.0,CHEMBL202,IC50,uM,6.02,HsDHFR (H. sapiens)
CHEMBL5148457,Nc1nc(N)c2nc(CNc3ccc(C(=O)NCCc4ccccc4)cc3)cnc2n1,CHEMBL5204239,IC50,nM,40300.0,CHEMBL202,IC50,uM,40.3,HsDHFR (H. sapiens)
CHEMBL5148457,COc1ccc(CNC(=O)c2ccc(CNCc3cnc4nc(N)nc(N)c4n3)cc2)cc1,CHEMBL5208403,IC50,nM,100000.0,CHEMBL202,IC50,uM,100.0,HsDHFR (H. sapiens)
CHEMBL5148457,COc1ccc(CNC(=O)c2ccc(CNCc3cnc4nc(N)nc(N)c4n3)cc2)cc1OC,CHEMBL5173732,IC50,nM,100000.0,CHEMBL202,IC50,uM,100.0,HsDHFR (H. sapiens)
CHEMBL5148457,Nc1nc(N)c2nc(CNCc3ccc(Oc4ccccc4)cc3)cnc2n1,CHEMBL5201599,IC50,nM,100000.0,CHEMBL202,IC50,uM,100.0,HsDHFR (H. sapiens)
CHEMBL5148457,COc1ccc(Oc2ccc(CNCc3cnc4nc(N)nc(N)c4n3)cc2)cc1,CHEMBL5205037,IC50,nM,100000.0,CHEMBL202,IC50,uM,100.0,HsDHFR (H. sapiens)
CHEMBL5148457,COc1cc(Oc2ccc(CNCc3cnc4nc(N)nc(N)c4n3)cc2)cc(OC)c1OC,CHEMBL5180685,IC50,nM,100000.0,CHEMBL202,IC50,uM,100.0,HsDHFR (H. sapiens)
CHEMBL5148457,NC(=O)C1CCN(C(=O)Cc2ccc(N(CCCO)Cc3cnc4nc(N)nc(N)c4n3)cc2)CC1,CHEMBL5188304,IC50,nM,35700.0,CHEMBL202,IC50,uM,35.7,HsDHFR (H. sapiens)
CHEMBL5148457,NC(=O)C1CCCN1C(=O)Cc1ccc(N(CCCO)Cc2cnc3nc(N)nc(N)c3n2)cc1,CHEMBL5200612,IC50,nM,100000.0,CHEMBL202,IC50,uM,100.0,HsDHFR (H. sapiens)
CHEMBL5148457,CCOC(=O)C1CCN(C(=O)c2ccc(N(CC)Cc3cnc4nc(N)nc(N)c4n3)cc2)CC1,CHEMBL5199171,IC50,nM,13000.0,CHEMBL202,IC50,uM,13.0,HsDHFR (H. sapiens)
CHEMBL5148457,CCN(Cc1cnc2nc(N)nc(N)c2n1)c1ccc(C(=O)c2ccccc2)cc1,CHEMBL5201183,IC50,nM,3400.0,CHEMBL202,IC50,uM,3.4,HsDHFR (H. sapiens)
CHEMBL5148457,COc1ccc(Oc2ccc(CN(Cc3ccccc3)Cc3cnc4nc(N)nc(N)c4n3)cc2)cc1,CHEMBL5193762,IC50,nM,100000.0,CHEMBL202,IC50,uM,100.0,HsDHFR (H. sapiens)
CHEMBL5148457,COc1ccc(Oc2ccc(CN(C)Cc3cnc4nc(N)nc(N)c4n3)cc2)cc1,CHEMBL5184646,IC50,nM,100000.0,CHEMBL202,IC50,uM,100.0,HsDHFR (H. sapiens)
CHEMBL5215237,Cc1nc(=O)c2cc(CN(C)c3ccc(C(=O)N[C@@H](CCC(=O)O)C(=O)O)s3)ccc2[nH]1,CHEMBL225071,IC50,nM,9.0,CHEMBL202,IC50,nM,9.0,HsDHFR (H. sapiens)
CHEMBL5231715,COc1nc(N)nc(Nc2ccccc2)c1/N=C/c1ccccc1,CHEMBL5285331,IC50,nM,68010.0,CHEMBL202,IC50,uM,68.01,HsDHFR (H. sapiens)
CHEMBL5231715,COc1nc(N)nc(Nc2ccccc2)c1/N=C/c1ccc(C)cc1,CHEMBL5282483,IC50,nM,65980.0,CHEMBL202,IC50,uM,65.98,HsDHFR (H. sapiens)
CHEMBL5231715,COc1nc(N)nc(Nc2ccccc2)c1/N=C/c1ccncc1,CHEMBL5273429,IC50,nM,63050.0,CHEMBL202,IC50,uM,63.05,HsDHFR (H. sapiens)
CHEMBL5231715,COc1nc(N)nc(Nc2ccccc2)c1/N=C/c1ccccc1O,CHEMBL5283807,IC50,nM,52890.0,CHEMBL202,IC50,uM,52.89,HsDHFR (H. sapiens)
CHEMBL5231715,COc1nc(N)nc(Nc2ccccc2)c1/N=C/c1ccc(C(F)(F)F)cc1,CHEMBL5288242,IC50,nM,64540.0,CHEMBL202,IC50,uM,64.54,HsDHFR (H. sapiens)
CHEMBL5231715,Nc1nc2c(nc(-c3ccc(Br)cc3)n2-c2ccccc2)c(=O)[nH]1,CHEMBL5282297,IC50,nM,54450.0,CHEMBL202,IC50,uM,54.45,HsDHFR (H. sapiens)
CHEMBL5231715,Cc1ccc(-c2nc3c(=O)[nH]c(N)nc3n2-c2ccccc2)cc1,CHEMBL5289931,IC50,nM,27870.0,CHEMBL202,IC50,uM,27.87,HsDHFR (H. sapiens)
CHEMBL5231715,CC(C)c1ccc(-c2nc3c(=O)[nH]c(N)nc3n2-c2ccccc2)cc1,CHEMBL5270228,IC50,nM,43840.0,CHEMBL202,IC50,uM,43.84,HsDHFR (H. sapiens)
CHEMBL5231715,Nc1nc2c(nc(-c3ccccc3O)n2-c2ccccc2)c(=O)[nH]1,CHEMBL5269398,IC50,nM,77090.0,CHEMBL202,IC50,uM,77.09,HsDHFR (H. sapiens)
CHEMBL5231715,Nc1nc2c(nc(-c3ccc4c(c3)OCO4)n2-c2ccccc2)c(=O)[nH]1,CHEMBL5281935,IC50,nM,20810.0,CHEMBL202,IC50,uM,20.81,HsDHFR (H. sapiens)
CHEMBL5231715,COc1cc(-c2nc3c(=O)[nH]c(N)nc3n2-c2ccccc2)cc(OC)c1OC,CHEMBL5291343,IC50,nM,49390.0,CHEMBL202,IC50,uM,49.39,HsDHFR (H. sapiens)
CHEMBL5232751,COc1cc(NCc2ccc3nc(N)nc(N)c3c2C)cc(OC)c1OC,CHEMBL119,IC50,nM,0.42,CHEMBL202,IC50,nM,0.42,HsDHFR (H. sapiens)
CHEMBL5232751,COc1ccc(OC)c(CNc2cnc3nc(N)nc(N)c3c2)c1,CHEMBL32708,IC50,nM,8500.0,CHEMBL202,IC50,nM,8500.0,HsDHFR (H. sapiens)
CHEMBL5232751,COc1ccc(OC)c(CN(C)c2cnc3nc(N)nc(N)c3c2)c1,CHEMBL32113,IC50,nM,26.0,CHEMBL202,IC50,nM,26.0,HsDHFR (H. sapiens)
CHEMBL5243089,NS(=O)(=O)c1ccc(N2C(=O)/C(=C/c3ccc(OC(=O)c4ccccc4)cc3)N=C2c2ccccc2)cc1,CHEMBL5271705,IC50,nM,280.0,CHEMBL202,IC50,uM,0.28,HsDHFR (H. sapiens)
CHEMBL5243089,COc1cc(/C=C2\N=C(c3ccccc3)N(c3ccc(S(N)(=O)=O)cc3)C2=O)ccc1OC(=O)c1ccccc1,CHEMBL5276096,IC50,nM,280.0,CHEMBL202,IC50,uM,0.28,HsDHFR (H. sapiens)
CHEMBL5243089,COc1cc(/C=C2\N=C(c3ccccc3)N(c3ccc(C(=O)O)cc3)C2=O)ccc1OC(=O)c1ccccc1,CHEMBL5286217,IC50,nM,280.0,CHEMBL202,IC50,uM,0.28,HsDHFR (H. sapiens)
CHEMBL5243089,Nc1ccc(S(=O)(=O)Nc2ncccn2)cc1,CHEMBL439,IC50,nM,130.0,CHEMBL202,IC50,uM,0.13,HsDHFR (H. sapiens)
CHEMBL5259435,CN(Cc1cnc2nc(N)nc(N)c2n1)c1ccc(C(=O)N[C@@H](CCC(=O)O)C(=O)O)cc1,CHEMBL34259,IC50,nM,88.0,CHEMBL202,IC50,uM,0.088,HsDHFR (H. sapiens)
CHEMBL5259435,CC(=O)Nc1nc(C(=O)NNC(=O)CCN2CCN(C)CC2)cs1,CHEMBL5276173,IC50,nM,678.0,CHEMBL202,IC50,uM,0.678,HsDHFR (H. sapiens)
CHEMBL5259435,CC(=O)Nc1nc(C(=O)NNC(=O)CCN2CCOCC2)cs1,CHEMBL5269071,IC50,nM,159.0,CHEMBL202,IC50,uM,0.159,HsDHFR (H. sapiens)
CHEMBL5259435,CC(=O)Nc1nc(C(=O)NNC(=O)CCN2CCCCC2)cs1,CHEMBL5282535,IC50,nM,262.0,CHEMBL202,IC50,uM,0.262,HsDHFR (H. sapiens)
CHEMBL5356095,CN(C)c1ncc2nc(NC(=O)c3ccc(Cl)c([N+](=O)[O-])c3)sc2n1,CHEMBL5424267,IC50,ug.mL-1,1808.0,CHEMBL202,IC50,ug ml-1,1808.0,HsDHFR (H. sapiens)
CHEMBL5356095,CN(C)c1ncc2nc(NC(=O)c3ccc(Cl)c([N+](=O)[O-])c3)sc2n1,CHEMBL5424267,IC50,nM,549540.87,CHEMBL202,pIC50,,3.26,HsDHFR (H. sapiens)
CHEMBL5356095,CCN(CC)c1ncc2nc(NC(=O)c3ccc(Cl)c([N+](=O)[O-])c3)sc2n1,CHEMBL5418602,IC50,ug.mL-1,1302.0,CHEMBL202,IC50,ug ml-1,1302.0,HsDHFR (H. sapiens)
CHEMBL5356095,CCN(CC)c1ncc2nc(NC(=O)c3ccc(Cl)c([N+](=O)[O-])c3)sc2n1,CHEMBL5418602,IC50,nM,758577.58,CHEMBL202,pIC50,,3.12,HsDHFR (H. sapiens)
CHEMBL5356095,O=C(Nc1nc2cnc(N3CCCC3)nc2s1)c1ccc(Cl)c([N+](=O)[O-])c1,CHEMBL5434898,IC50,ug.mL-1,151.2,CHEMBL202,IC50,ug ml-1,151.2,HsDHFR (H. sapiens)
CHEMBL5356095,O=C(Nc1nc2cnc(N3CCCC3)nc2s1)c1ccc(Cl)c([N+](=O)[O-])c1,CHEMBL5434898,IC50,nM,6606934.48,CHEMBL202,pIC50,,2.18,HsDHFR (H. sapiens)
CHEMBL5356095,CN1CCN(c2ncc3nc(NC(=O)c4ccc(Cl)cc4)sc3n2)CC1,CHEMBL5430345,IC50,ug.mL-1,105.3,CHEMBL202,IC50,ug ml-1,105.3,HsDHFR (H. sapiens)
CHEMBL5356095,CN1CCN(c2ncc3nc(NC(=O)c4ccc(Cl)cc4)sc3n2)CC1,CHEMBL5430345,IC50,nM,9549925.86,CHEMBL202,pIC50,,2.02,HsDHFR (H. sapiens)
CHEMBL5356095,CN1CCN(c2ncc3nc(NC(=O)c4ccc(Cl)c(Cl)c4)sc3n2)CC1,CHEMBL5393901,IC50,ug.mL-1,2520.0,CHEMBL202,IC50,ug ml-1,2520.0,HsDHFR (H. sapiens)
CHEMBL5356095,CN1CCN(c2ncc3nc(NC(=O)c4ccc(Cl)c(Cl)c4)sc3n2)CC1,CHEMBL5393901,IC50,nM,398107.17,CHEMBL202,pIC50,,3.4,HsDHFR (H. sapiens)
CHEMBL5356095,CCOC(=O)N1CCN(c2ncc3nc(NC(=O)c4ccc(Cl)c(Cl)c4)sc3n2)CC1,CHEMBL5424202,IC50,ug.mL-1,2520.0,CHEMBL202,IC50,ug ml-1,2520.0,HsDHFR (H. sapiens)
CHEMBL5356095,CCOC(=O)N1CCN(c2ncc3nc(NC(=O)c4ccc(Cl)c(Cl)c4)sc3n2)CC1,CHEMBL5424202,IC50,nM,398107.17,CHEMBL202,pIC50,,3.4,HsDHFR (H. sapiens)
CHEMBL5531630,COc1cc(C(C)C)c(Oc2cnc(N)nc2N)cc1I,CHEMBL526307,IC50,nM,175900.0,CHEMBL202,IC50,uM,175.9,HsDHFR (H. sapiens)
CHEMBL5531630,COc1cc(C(C)C)c(Oc2cnc(N)nc2N)cc1-c1ccc(C(C)C)cc1,CHEMBL5562750,IC50,nM,2910.0,CHEMBL202,IC50,uM,2.91,HsDHFR (H. sapiens)
CHEMBL5531630,CC(C)c1cc(OCC2CC2)c(I)cc1Oc1cnc(N)nc1N,CHEMBL5563206,IC50,nM,4190.0,CHEMBL202,IC50,uM,4.19,HsDHFR (H. sapiens)
CHEMBL5531630,COc1cc(Cc2cnc(N)nc2N)cc(OC)c1OC,CHEMBL22,IC50,nM,269400.0,CHEMBL202,IC50,uM,269.4,HsDHFR (H. sapiens)
CHEMBL5538801,CCc1nc(N)nc(N)c1-c1ccc(Cl)cc1,CHEMBL36,IC50,nM,6700.0,CHEMBL202,IC50,uM,6.7,HsDHFR (H. sapiens)
CHEMBL5538801,Nc1ncc(-c2ccc(Cl)c([N+](=O)[O-])c2)c(N)n1,CHEMBL5569615,IC50,nM,17500.0,CHEMBL202,IC50,uM,17.5,HsDHFR (H. sapiens)
CHEMBL5538801,NCCCCCCNc1ccc(-c2cnc(N)nc2N)cc1[N+](=O)[O-],CHEMBL5565442,IC50,nM,40000.0,CHEMBL202,IC50,uM,40.0,HsDHFR (H. sapiens)
CHEMBL5538801,Nc1ncc(-c2cccc(Cl)c2)c(N)n1,CHEMBL21414,IC50,nM,8170.0,CHEMBL202,IC50,uM,8.17,HsDHFR (H. sapiens)
CHEMBL5538801,Nc1ncc(-c2ccc3ccccc3c2)c(N)n1,CHEMBL5575210,IC50,nM,13200.0,CHEMBL202,IC50,uM,13.2,HsDHFR (H. sapiens)
CHEMBL5538801,COc1cc(-c2cnc(N)nc2N)ccc1C,CHEMBL5569327,IC50,nM,22600.0,CHEMBL202,IC50,uM,22.6,HsDHFR (H. sapiens)
CHEMBL5538801,Nc1ncc(-c2ccc(Cl)c(Cl)c2)c(N)n1,CHEMBL586281,IC50,nM,5500.0,CHEMBL202,IC50,uM,5.5,HsDHFR (H. sapiens)
CHEMBL5736252,CCc1nc(N)nc(N)c1C#CCc1cc(-c2ccccc2C(=O)O)ccc1OC,CHEMBL3827086,IC50,nM,1577.0,CHEMBL202,IC50,nM,1577.0,HsDHFR (H. sapiens)
CHEMBL5736252,CCc1nc(N)nc(N)c1C#CCc1cc(-c2ccc(C(=O)O)cc2)ccc1OC,CHEMBL3827532,IC50,nM,870.0,CHEMBL202,IC50,nM,870.0,HsDHFR (H. sapiens)
CHEMBL5736252,CCc1nc(N)nc(N)c1C#CC(SC)c1cc(-c2ccc(C(=O)O)cc2)ccc1OC,CHEMBL6003177,IC50,nM,1955.0,CHEMBL202,IC50,nM,1955.0,HsDHFR (H. sapiens)
CHEMBL5736252,CCc1nc(N)nc(N)c1C#CC(C)c1cc2c(c(-c3cncn3C)c1)OCO2,CHEMBL5927176,IC50,nM,323.0,CHEMBL202,IC50,nM,323.0,HsDHFR (H. sapiens)
CHEMBL5736252,CCc1nc(N)nc(N)c1C#C[C@H](C)c1cc2c(c(-c3ccncc3)c1)OCO2,CHEMBL4483336,IC50,nM,2914.0,CHEMBL202,IC50,nM,2914.0,HsDHFR (H. sapiens)
CHEMBL5736252,CCc1nc(N)nc(N)c1C#CCc1cc(-c2cncn2C)ccc1OC,CHEMBL5878950,IC50,nM,1452.0,CHEMBL202,IC50,nM,1452.0,HsDHFR (H. sapiens)
CHEMBL5736252,CCc1nc(N)nc(N)c1C#C[C@@H](C)c1cc(-c2ccncc2)ccc1OC,CHEMBL4588910,IC50,nM,144.0,CHEMBL202,IC50,nM,144.0,HsDHFR (H. sapiens)
CHEMBL5736252,CCc1nc(N)nc(N)c1C#CC(C)c1cc(OC)cc(-c2ccc(C(=O)O)cc2)c1,CHEMBL5818232,IC50,nM,1015.0,CHEMBL202,IC50,nM,1015.0,HsDHFR (H. sapiens)
CHEMBL5736252,CCc1nc(N)nc(N)c1C#CCc1ccc(OC)c(-c2ccc(C(=O)O)cc2)c1,CHEMBL5902174,IC50,nM,688.0,CHEMBL202,IC50,nM,688.0,HsDHFR (H. sapiens)
CHEMBL5736252,COc1cc(Cc2cnc(N)nc2N)cc(OC)c1OC,CHEMBL22,IC50,nM,97179.0,CHEMBL202,IC50,nM,97179.0,HsDHFR (H. sapiens)
CHEMBL5736802,COc1ccc(Sc2sc3nc(N)nc(N)c3c2C)cc1OC,CHEMBL5774604,IC50,nM,910.0,CHEMBL202,IC50,nM,910.0,HsDHFR (H. sapiens)
CHEMBL5736802,COc1ccccc1Sc1sc2nc(N)nc(N)c2c1C,CHEMBL5812290,IC50,nM,624.0,CHEMBL202,IC50,nM,624.0,HsDHFR (H. sapiens)
CHEMBL5736802,COc1cccc(Sc2sc3nc(N)nc(N)c3c2C)c1,CHEMBL5767398,IC50,nM,970.0,CHEMBL202,IC50,nM,970.0,HsDHFR (H. sapiens)
CHEMBL5736802,COc1ccc(Sc2sc3nc(N)nc(N)c3c2C)cc1,CHEMBL5815851,IC50,nM,1410.0,CHEMBL202,IC50,nM,1410.0,HsDHFR (H. sapiens)
CHEMBL5736802,COc1ccc(Sc2sc3nc(N)nc(N)c3c2C)cc1OC,CHEMBL5774604,IC50,nM,6900.0,CHEMBL202,IC50,nM,6900.0,HsDHFR (H. sapiens)
CHEMBL5736802,COc1ccccc1Sc1c(C)c2c(N)nc(N)nc2n1C,CHEMBL4227112,IC50,nM,1400.0,CHEMBL202,IC50,nM,1400.0,HsDHFR (H. sapiens)
CHEMBL5736802,COc1cccc(Sc2c(C)c3c(N)nc(N)nc3n2C)c1,CHEMBL4227977,IC50,nM,1900.0,CHEMBL202,IC50,nM,1900.0,HsDHFR (H. sapiens)
CHEMBL5736802,COc1ccc(Sc2c(C)c3c(N)nc(N)nc3n2C)cc1OC,CHEMBL5863845,IC50,nM,1100.0,CHEMBL202,IC50,nM,1100.0,HsDHFR (H. sapiens)
CHEMBL5736802,COC(=O)[C@H](c1ccccc1)[C@@H]1CCCCN1,CHEMBL1178933,IC50,nM,32200.0,CHEMBL202,IC50,nM,32200.0,HsDHFR (H. sapiens)
CHEMBL5736802,COc1cc(C[C@H]2NCCc3cc(O)c(O)cc32)cc(OC)c1OC,CHEMBL1788319,IC50,nM,2.6,CHEMBL202,IC50,nM,2.6,HsDHFR (H. sapiens)
CHEMBL5737091,Cc1nc(N)nc2ccc(Nc3ccccc3)nc12,CHEMBL5833360,IC50,nM,122.0,CHEMBL202,IC50,nM,122.0,HsDHFR (H. sapiens)
CHEMBL5737091,Cc1ccc(Nc2ccc3nc(N)nc(C)c3n2)cc1,CHEMBL5784601,IC50,nM,174.0,CHEMBL202,IC50,nM,174.0,HsDHFR (H. sapiens)
CHEMBL5737091,Cc1nc(N)nc2ccc(Nc3ccc(O)cc3)nc12,CHEMBL5837385,IC50,nM,150.0,CHEMBL202,IC50,nM,150.0,HsDHFR (H. sapiens)
CHEMBL5737091,COc1ccc(Nc2ccc3nc(N)nc(C)c3n2)cc1,CHEMBL6029951,IC50,nM,239.0,CHEMBL202,IC50,nM,239.0,HsDHFR (H. sapiens)
CHEMBL5737091,CCc1cccc(Nc2ccc3nc(N)nc(C)c3n2)c1CC,CHEMBL6064361,IC50,nM,112.0,CHEMBL202,IC50,nM,112.0,HsDHFR (H. sapiens)
CHEMBL5737091,CCc1ccc(Nc2ccc3nc(N)nc(C)c3n2)cc1CC,CHEMBL5925361,IC50,nM,275.0,CHEMBL202,IC50,nM,275.0,HsDHFR (H. sapiens)
CHEMBL5737091,Cc1nc(N)nc2ccc(Nc3ccc(F)c(F)c3)nc12,CHEMBL5970779,IC50,nM,155.0,CHEMBL202,IC50,nM,155.0,HsDHFR (H. sapiens)
CHEMBL5737091,Cc1nc(N)nc2ccc(Nc3cc(F)c(F)c(F)c3)nc12,CHEMBL5943772,IC50,nM,80.0,CHEMBL202,IC50,nM,80.0,HsDHFR (H. sapiens)
CHEMBL5737091,Cc1nc(N)nc2ccc(Nc3ccc(OC(F)(F)F)cc3)nc12,CHEMBL5797185,IC50,nM,194.0,CHEMBL202,IC50,nM,194.0,HsDHFR (H. sapiens)
CHEMBL5737091,Cc1nc(N)nc2ccc(N(C)c3ccccc3)nc12,CHEMBL5889333,IC50,nM,96.0,CHEMBL202,IC50,nM,96.0,HsDHFR (H. sapiens)
CHEMBL5737091,CCN(c1ccccc1)c1ccc2nc(N)nc(C)c2n1,CHEMBL5930323,IC50,nM,150.0,CHEMBL202,IC50,nM,150.0,HsDHFR (H. sapiens)
CHEMBL5737091,CCCN(c1ccccc1)c1ccc2nc(N)nc(C)c2n1,CHEMBL5959332,IC50,nM,123.0,CHEMBL202,IC50,nM,123.0,HsDHFR (H. sapiens)
CHEMBL5737091,Cc1nc(N)nc2ccc(N(c3ccccc3)C(C)C)nc12,CHEMBL6044548,IC50,nM,201.0,CHEMBL202,IC50,nM,201.0,HsDHFR (H. sapiens)
CHEMBL5737091,CCCCN(c1ccccc1)c1ccc2nc(N)nc(C)c2n1,CHEMBL6051920,IC50,nM,66.0,CHEMBL202,IC50,nM,66.0,HsDHFR (H. sapiens)
CHEMBL5737091,Cc1nc(N)nc2ccc(N(C)c3ccc(OC(F)(F)F)cc3)nc12,CHEMBL6044677,IC50,nM,13.0,CHEMBL202,IC50,nM,13.0,HsDHFR (H. sapiens)
CHEMBL5737091,Cc1nc(N)nc2ccc(Nc3cc(F)c(F)c(F)c3)nc12,CHEMBL5943772,IC50,nM,870.0,CHEMBL202,IC50,nM,870.0,HsDHFR (H. sapiens)
CHEMBL5737091,Cc1cn([C@H]2CC3OP(=O)(O)OCC3O2)c(=O)[nH]c1=O,CHEMBL5788763,IC50,nM,92.0,CHEMBL202,IC50,nM,92.0,HsDHFR (H. sapiens)
CHEMBL5737091,Cc1[nH]cnc1CN1CCN(C(=O)NC(CC(C)C)C(=O)O)C(Cc2ccccc2)C1=O,CHEMBL5793770,IC50,nM,41.0,CHEMBL202,IC50,nM,41.0,HsDHFR (H. sapiens)
CHEMBL5737329,COc1ccc(Sc2sc3nc(N)nc(N)c3c2C)cc1OC,CHEMBL5774604,IC50,nM,910.0,CHEMBL202,IC50,nM,910.0,HsDHFR (H. sapiens)
CHEMBL5737329,COc1cccc(Sc2sc3nc(N)nc(N)c3c2C)c1,CHEMBL5767398,IC50,nM,624.0,CHEMBL202,IC50,nM,624.0,HsDHFR (H. sapiens)
CHEMBL5737329,COc1ccc(Sc2sc3nc(N)nc(N)c3c2C)cc1,CHEMBL5815851,IC50,nM,970.0,CHEMBL202,IC50,nM,970.0,HsDHFR (H. sapiens)
CHEMBL5737329,COc1cccc(Sc2sc3nc(N)nc(N)c3c2C)c1,CHEMBL5767398,IC50,nM,1410.0,CHEMBL202,IC50,nM,1410.0,HsDHFR (H. sapiens)
CHEMBL5737329,COc1ccc(Sc2sc3nc(N)nc(N)c3c2C)cc1OC,CHEMBL5774604,IC50,nM,6900.0,CHEMBL202,IC50,nM,6900.0,HsDHFR (H. sapiens)
CHEMBL5737329,COc1ccccc1Sc1c(C)c2c(N)nc(N)nc2n1C,CHEMBL4227112,IC50,nM,1400.0,CHEMBL202,IC50,nM,1400.0,HsDHFR (H. sapiens)
CHEMBL5737329,COc1cccc(Sc2c(C)c3c(N)nc(N)nc3n2C)c1,CHEMBL4227977,IC50,nM,1900.0,CHEMBL202,IC50,nM,1900.0,HsDHFR (H. sapiens)
CHEMBL5737329,COc1ccc(Sc2c(C)c3c(N)nc(N)nc3n2C)cc1OC,CHEMBL5863845,IC50,nM,1100.0,CHEMBL202,IC50,nM,1100.0,HsDHFR (H. sapiens)
CHEMBL5737329,Cc1cn([C@H]2C[C@H](O)[C@@H](COP(=O)(O)O)O2)c(=O)[nH]c1=O,CHEMBL394429,IC50,nM,32200.0,CHEMBL202,IC50,nM,32200.0,HsDHFR (H. sapiens)
CHEMBL5737329,COc1cc(NCc2ccc3nc(N)nc(N)c3c2C)cc(OC)c1OC,CHEMBL119,IC50,nM,2.6,CHEMBL202,IC50,nM,2.6,HsDHFR (H. sapiens)
CHEMBL5738778,CN(Cc1cnc2nc(N)nc(N)c2n1)c1ccc(C(=O)N[C@@H](CCC(=O)O)C(=O)O)cc1,CHEMBL34259,IC50,nM,4.27,CHEMBL202,IC50,nM,4.27,HsDHFR (H. sapiens)
CHEMBL5738778,CCc1nc(N)nc(N)c1-c1ccc(Cl)cc1,CHEMBL36,IC50,nM,4169.0,CHEMBL202,IC50,nM,4169.0,HsDHFR (H. sapiens)
CHEMBL5738778,COc1cc(NCc2ccc3nc(N)nc(N)c3c2C)cc(OC)c1OC,CHEMBL119,IC50,nM,4.07,CHEMBL202,IC50,nM,4.07,HsDHFR (H. sapiens)
CHEMBL5738778,Nc1ncc(N2CCN(c3ccc(Cl)c(Cl)c3)CC2)c(N)n1,CHEMBL3953069,IC50,nM,75.9,CHEMBL202,IC50,nM,75.9,HsDHFR (H. sapiens)
CHEMBL5738778,Nc1ncc(N2CCN(c3cccc(-c4ccccc4)c3)CC2)c(N)n1,CHEMBL3953119,IC50,nM,692.0,CHEMBL202,IC50,nM,692.0,HsDHFR (H. sapiens)
CHEMBL5738778,Nc1ncc(N2CCN(c3cccc(C(F)(F)F)c3)CC2)c(N)n1,CHEMBL4535103,IC50,nM,537.0,CHEMBL202,IC50,nM,537.0,HsDHFR (H. sapiens)
CHEMBL5738778,Nc1ncc(N2CCN(c3ccccc3)CC2)c(N)n1,CHEMBL4553229,IC50,nM,12589.0,CHEMBL202,IC50,nM,12589.0,HsDHFR (H. sapiens)
CHEMBL5738778,Nc1ncc(N2CCN(c3ccc(Cl)cc3)CC2)c(N)n1,CHEMBL4456834,IC50,nM,1096.0,CHEMBL202,IC50,nM,1096.0,HsDHFR (H. sapiens)
CHEMBL5738778,Cc1cccc(N2CCN(c3cnc(N)nc3N)CC2)c1,CHEMBL4549054,IC50,nM,6026.0,CHEMBL202,IC50,nM,6026.0,HsDHFR (H. sapiens)
CHEMBL5738778,Nc1ncc(N2CCN(c3cccc(Br)c3)CC2)c(N)n1,CHEMBL5976681,IC50,nM,437.0,CHEMBL202,IC50,nM,437.0,HsDHFR (H. sapiens)
CHEMBL5738778,Nc1ncc(N2CCN(c3ccccc3-c3ccccc3)CC2)c(N)n1,CHEMBL4544467,IC50,nM,1778.0,CHEMBL202,IC50,nM,1778.0,HsDHFR (H. sapiens)
CHEMBL5738778,Nc1ncc(N2CCC(c3ccccc3)CC2)c(N)n1,CHEMBL5939499,IC50,nM,4074.0,CHEMBL202,IC50,nM,4074.0,HsDHFR (H. sapiens)
CHEMBL5738778,Cc1nc(N)nc(N)c1N1CCN(c2cccc(Cl)c2)CC1,CHEMBL5857341,IC50,nM,240.0,CHEMBL202,IC50,nM,240.0,HsDHFR (H. sapiens)
CHEMBL5738778,Cc1nc(N)nc(N)c1N1CCN(c2ccccc2)CC1,CHEMBL5777305,IC50,nM,2239.0,CHEMBL202,IC50,nM,2239.0,HsDHFR (H. sapiens)
CHEMBL5738778,CC1CN(c2cnc(N)nc2N)CCN1c1cccc(-c2ccccc2)c1,CHEMBL5941951,IC50,nM,30.2,CHEMBL202,IC50,nM,30.2,HsDHFR (H. sapiens)
CHEMBL5738778,CC1CN(c2cccc(-c3ccccc3)c2)CCN1c1cnc(N)nc1N,CHEMBL5783758,IC50,nM,30200.0,CHEMBL202,IC50,nM,30200.0,HsDHFR (H. sapiens)
CHEMBL5738778,CCc1nc(N)nc(N)c1N1CCN(c2ccccc2)CC1,CHEMBL5883668,IC50,nM,1349.0,CHEMBL202,IC50,nM,1349.0,HsDHFR (H. sapiens)
CHEMBL5738778,CCc1nc(N)nc(N)c1N1CCN(c2cccc(C)c2)CC1,CHEMBL5936551,IC50,nM,417.0,CHEMBL202,IC50,nM,417.0,HsDHFR (H. sapiens)
CHEMBL5738778,CCc1nc(N)nc(N)c1N1CCN(c2cccc(OC)c2)CC1,CHEMBL5796794,IC50,nM,525.0,CHEMBL202,IC50,nM,525.0,HsDHFR (H. sapiens)
CHEMBL5738778,CCc1nc(N)nc(N)c1N1CCN(c2ccccn2)CC1,CHEMBL5831279,IC50,nM,1023.0,CHEMBL202,IC50,nM,1023.0,HsDHFR (H. sapiens)
CHEMBL5738778,CCc1nc(N)nc(N)c1N1CCN(c2ccc(F)cc2)CC1,CHEMBL6001741,IC50,nM,1413.0,CHEMBL202,IC50,nM,1413.0,HsDHFR (H. sapiens)
CHEMBL5738778,CCc1nc(N)nc(N)c1N1CCN(c2ccncc2)CC1,CHEMBL5779683,IC50,nM,30200.0,CHEMBL202,IC50,nM,30200.0,HsDHFR (H. sapiens)
CHEMBL5738778,CCCc1nc(N)nc(N)c1N1CCN(c2ccccc2)CC1,CHEMBL5822647,IC50,nM,9120.0,CHEMBL202,IC50,nM,9120.0,HsDHFR (H. sapiens)
CHEMBL5738778,Nc1ncc(N2CCN(c3cccc(-c4cccc(F)c4)c3)CC2)c(N)n1,CHEMBL5891847,IC50,nM,1072.0,CHEMBL202,IC50,nM,1072.0,HsDHFR (H. sapiens)
CHEMBL5738778,Nc1ncc(N2CCN(c3cccc(C4CC4)c3)CC2)c(N)n1,CHEMBL4435247,IC50,nM,1622.0,CHEMBL202,IC50,nM,1622.0,HsDHFR (H. sapiens)
CHEMBL5738778,N#Cc1cccc(-c2cccc(N3CCN(c4cnc(N)nc4N)CC3)c2)c1,CHEMBL5985430,IC50,nM,302.0,CHEMBL202,IC50,nM,302.0,HsDHFR (H. sapiens)
CHEMBL5738778,Nc1ncc(N2CCN(c3cccc(-c4ncccn4)c3)CC2)c(N)n1,CHEMBL4584470,IC50,nM,1288.0,CHEMBL202,IC50,nM,1288.0,HsDHFR (H. sapiens)
CHEMBL5738778,Nc1ncc(N2CCN(c3cccc(-c4cnccn4)c3)CC2)c(N)n1,CHEMBL4466302,IC50,nM,1318.0,CHEMBL202,IC50,nM,1318.0,HsDHFR (H. sapiens)
CHEMBL5738778,Cc1ncc(-c2cccc(N3CCN(c4cnc(N)nc4N)CC3)c2)cn1,CHEMBL4543226,IC50,nM,1023.0,CHEMBL202,IC50,nM,1023.0,HsDHFR (H. sapiens)
CHEMBL5738778,Nc1ncc(N2CCN(c3cccc(-c4ccnnc4)c3)CC2)c(N)n1,CHEMBL4464707,IC50,nM,1096.0,CHEMBL202,IC50,nM,1096.0,HsDHFR (H. sapiens)
CHEMBL5738778,Nc1ncc(N2CCN(c3cccc(-c4cncnc4)c3)CC2)c(N)n1,CHEMBL4573445,IC50,nM,1445.0,CHEMBL202,IC50,nM,1445.0,HsDHFR (H. sapiens)
CHEMBL5738778,COc1ncc(-c2cccc(N3CCN(c4cnc(N)nc4N)CC3)c2)cn1,CHEMBL4468777,IC50,nM,1202.0,CHEMBL202,IC50,nM,1202.0,HsDHFR (H. sapiens)
CHEMBL5738778,COc1ncccc1-c1cccc(N2CCN(c3cnc(N)nc3N)CC2)c1,CHEMBL5830010,IC50,nM,1023.0,CHEMBL202,IC50,nM,1023.0,HsDHFR (H. sapiens)
CHEMBL5738778,CCc1ncc(-c2cccc(N3CCN(c4cnc(N)nc4N)CC3)c2)cn1,CHEMBL5806112,IC50,nM,1585.0,CHEMBL202,IC50,nM,1585.0,HsDHFR (H. sapiens)
CHEMBL5738778,Nc1ncc(N2CCN(c3cccc(C4CCOCC4)c3)CC2)c(N)n1,CHEMBL5786336,IC50,nM,6166.0,CHEMBL202,IC50,nM,6166.0,HsDHFR (H. sapiens)
CHEMBL5738778,Cc1ncc(-c2cccc(C3CCN(c4cnc(N)nc4N)CC3)c2)cn1,CHEMBL5806347,IC50,nM,372.0,CHEMBL202,IC50,nM,372.0,HsDHFR (H. sapiens)
CHEMBL5738778,CN(C)c1ncc(-c2cccc(N3CCN(c4cnc(N)nc4N)CC3)c2)cn1,CHEMBL6049272,IC50,nM,1148.0,CHEMBL202,IC50,nM,1148.0,HsDHFR (H. sapiens)
CHEMBL5738778,CCCc1nc(N)nc(N)c1N1CCC(c2ccccc2)CC1,CHEMBL5803160,IC50,nM,2455.0,CHEMBL202,IC50,nM,2455.0,HsDHFR (H. sapiens)
CHEMBL5738778,CCCc1nc(N)nc(N)c1N1CCN(c2ccc(F)cc2)CC1,CHEMBL5747929,IC50,nM,10000.0,CHEMBL202,IC50,nM,10000.0,HsDHFR (H. sapiens)
CHEMBL5738778,CNc1ncc(-c2cccc(N3CCN(c4cnc(N)nc4N)CC3)c2)cn1,CHEMBL6034917,IC50,nM,741.0,CHEMBL202,IC50,nM,741.0,HsDHFR (H. sapiens)
CHEMBL5738778,Nc1ncc(N2CCN(c3cccc(-c4cnc(N5CCC5)nc4)c3)CC2)c(N)n1,CHEMBL5759188,IC50,nM,955.0,CHEMBL202,IC50,nM,955.0,HsDHFR (H. sapiens)
CHEMBL5738778,CCCc1nc(N)nc(N)c1N1CCN(c2ccccn2)CC1,CHEMBL5856822,IC50,nM,6761.0,CHEMBL202,IC50,nM,6761.0,HsDHFR (H. sapiens)
CHEMBL5738778,Nc1ncc(N2CCN(c3cccc(-c4cnc(Cl)nc4)c3)CC2)c(N)n1,CHEMBL6014553,IC50,nM,1318.0,CHEMBL202,IC50,nM,1318.0,HsDHFR (H. sapiens)
CHEMBL5738778,CCCc1nc(N)nc(N)c1N1CCN(c2ncc(C)cn2)CC1,CHEMBL6013215,IC50,nM,8128.0,CHEMBL202,IC50,nM,8128.0,HsDHFR (H. sapiens)
CHEMBL5738778,CCc1nc(N)nc(N)c1N1CCN(c2ccc(C)cc2)CC1,CHEMBL6061610,IC50,nM,1738.0,CHEMBL202,IC50,nM,1738.0,HsDHFR (H. sapiens)
CHEMBL5738778,CCCc1nc(N)nc(N)c1N1CCN(c2ccc(OC)cn2)CC1,CHEMBL5796711,IC50,nM,2884.0,CHEMBL202,IC50,nM,2884.0,HsDHFR (H. sapiens)
CHEMBL5738778,Nc1ncc(N2CCN(c3cccc(N4CCOCC4)c3)CC2)c(N)n1,CHEMBL5985260,IC50,nM,14125.0,CHEMBL202,IC50,nM,14125.0,HsDHFR (H. sapiens)
CHEMBL5738778,CCc1nc(N)nc(N)c1N1CCN(c2ccc(F)cn2)CC1,CHEMBL5751279,IC50,nM,295.0,CHEMBL202,IC50,nM,295.0,HsDHFR (H. sapiens)
CHEMBL5738778,CCc1nc(N)nc(N)c1N1CCN(c2ccc(C)cn2)CC1,CHEMBL5877082,IC50,nM,794.0,CHEMBL202,IC50,nM,794.0,HsDHFR (H. sapiens)
CHEMBL5738778,Nc1nc(N)c(N2CCN(c3ccccc3)CC2)c(CC2CC2)n1,CHEMBL5975024,IC50,nM,5888.0,CHEMBL202,IC50,nM,5888.0,HsDHFR (H. sapiens)
CHEMBL5738778,CN(Cc1cnc2nc(N)nc(N)c2n1)c1ccc(C(=O)N[C@@H](CCC(=O)O)C(=O)O)cc1,CHEMBL34259,IC50,nM,5.37,CHEMBL202,IC50,nM,5.37,HsDHFR (H. sapiens)
CHEMBL5738778,CCc1nc(N)nc(N)c1-c1ccc(Cl)cc1,CHEMBL36,IC50,nM,4074.0,CHEMBL202,IC50,nM,4074.0,HsDHFR (H. sapiens)
CHEMBL5738778,Nc1ncc(N2CCN(c3ccccc3)CC2)c(N)n1,CHEMBL4553229,IC50,nM,12589.0,CHEMBL202,IC50,nM,12589.0,HsDHFR (H. sapiens)
CHEMBL5738778,Nc1ncc(N2CCN(c3ccc(C(F)(F)F)nc3)CC2)c(N)n1,CHEMBL5914970,IC50,nM,2042.0,CHEMBL202,IC50,nM,2042.0,HsDHFR (H. sapiens)
CHEMBL5738778,Nc1ncc(N2CCN(c3ccc(Cl)cc3)CC2)c(N)n1,CHEMBL4456834,IC50,nM,490.0,CHEMBL202,IC50,nM,490.0,HsDHFR (H. sapiens)
CHEMBL5738778,Cc1ccc(N2CCN(c3cnc(N)nc3N)CC2)cc1,CHEMBL4525462,IC50,nM,2630.0,CHEMBL202,IC50,nM,2630.0,HsDHFR (H. sapiens)
CHEMBL5738778,COc1ccc(N2CCN(c3cnc(N)nc3N)CC2)cc1,CHEMBL5941843,IC50,nM,813.0,CHEMBL202,IC50,nM,813.0,HsDHFR (H. sapiens)
CHEMBL5738778,Nc1ncc(N2CCN(c3ccc(C(F)(F)F)cc3)CC2)c(N)n1,CHEMBL5838395,IC50,nM,813.0,CHEMBL202,IC50,nM,813.0,HsDHFR (H. sapiens)
CHEMBL5738778,COc1cccc(N2CCN(c3cnc(N)nc3N)CC2)c1,CHEMBL4546142,IC50,nM,3162.0,CHEMBL202,IC50,nM,3162.0,HsDHFR (H. sapiens)
CHEMBL5738778,Nc1ncc(N2CCN(c3cccc(-c4ccncn4)c3)CC2)c(N)n1,CHEMBL5993677,IC50,nM,1660.0,CHEMBL202,IC50,nM,1660.0,HsDHFR (H. sapiens)
CHEMBL5738778,Nc1ncc(N2CCN(c3ccc(F)cc3)CC2)c(N)n1,CHEMBL5779394,IC50,nM,5012.0,CHEMBL202,IC50,nM,5012.0,HsDHFR (H. sapiens)
CHEMBL5738778,CN(Cc1cnc2nc(N)nc(N)c2n1)c1ccc(C(=O)N[C@@H](CCC(=O)O)C(=O)O)cc1,CHEMBL34259,IC50,nM,5.37,CHEMBL202,IC50,nM,5.37,HsDHFR (H. sapiens)
CHEMBL5738778,CCc1nc(N)nc(N)c1-c1ccc(Cl)cc1,CHEMBL36,IC50,nM,4074.0,CHEMBL202,IC50,nM,4074.0,HsDHFR (H. sapiens)
CHEMBL5738778,Nc1ncc(N2CCN(c3ccccc3)CC2)c(N)n1,CHEMBL4553229,IC50,nM,12589.0,CHEMBL202,IC50,nM,12589.0,HsDHFR (H. sapiens)
CHEMBL5738778,Nc1ncc(N2CCN(c3cccc(-c4cnc(C(F)(F)F)nc4)c3)CC2)c(N)n1,CHEMBL4591892,IC50,nM,5495.0,CHEMBL202,IC50,nM,5495.0,HsDHFR (H. sapiens)
CHEMBL5738778,Nc1ncc(N2CCN(c3cccc(-c4cncnc4)c3)CC2)c(N)n1,CHEMBL4573445,IC50,nM,3090.0,CHEMBL202,IC50,nM,3090.0,HsDHFR (H. sapiens)
CHEMBL5738778,Nc1ncc(N2CCN(c3cccc(-c4cnc(Cl)nc4)c3)CC2)c(N)n1,CHEMBL6014553,IC50,nM,1318.0,CHEMBL202,IC50,nM,1318.0,HsDHFR (H. sapiens)
CHEMBL5738778,COc1ncc(-c2cccc(N3CCN(c4cnc(N)nc4N)CC3)c2)cn1,CHEMBL4468777,IC50,nM,912.0,CHEMBL202,IC50,nM,912.0,HsDHFR (H. sapiens)
CHEMBL5738778,Cc1ncc(-c2cccc(N3CCN(c4cnc(N)nc4N)CC3)c2)cn1,CHEMBL4543226,IC50,nM,794.0,CHEMBL202,IC50,nM,794.0,HsDHFR (H. sapiens)
CHEMBL5738778,CCc1ncc(-c2cccc(N3CCN(c4cnc(N)nc4N)CC3)c2)cn1,CHEMBL5806112,IC50,nM,1413.0,CHEMBL202,IC50,nM,1413.0,HsDHFR (H. sapiens)
CHEMBL5738778,CCc1ncc(-c2cccc(C3CCN(c4cnc(N)nc4N)CC3)c2)cn1,CHEMBL5913893,IC50,nM,324.0,CHEMBL202,IC50,nM,324.0,HsDHFR (H. sapiens)
CHEMBL5738778,Nc1ncc(N2CCN(c3cccc(-c4cnc(C5CC5)nc4)c3)CC2)c(N)n1,CHEMBL4550110,IC50,nM,832.0,CHEMBL202,IC50,nM,832.0,HsDHFR (H. sapiens)
CHEMBL5738778,CN(Cc1cnc2nc(N)nc(N)c2n1)c1ccc(C(=O)N[C@@H](CCC(=O)O)C(=O)O)cc1,CHEMBL34259,IC50,nM,5.37,CHEMBL202,IC50,nM,5.37,HsDHFR (H. sapiens)
CHEMBL5738778,CCc1nc(N)nc(N)c1-c1ccc(Cl)cc1,CHEMBL36,IC50,nM,4074.0,CHEMBL202,IC50,nM,4074.0,HsDHFR (H. sapiens)
CHEMBL5738778,Nc1ncc(N2CCN(c3ccccc3)CC2)c(N)n1,CHEMBL4553229,IC50,nM,12589.0,CHEMBL202,IC50,nM,12589.0,HsDHFR (H. sapiens)
CHEMBL5738778,Nc1ncc(N2CCN(c3ccc(Cl)cc3)CC2)c(N)n1,CHEMBL4456834,IC50,nM,490.0,CHEMBL202,IC50,nM,490.0,HsDHFR (H. sapiens)
CHEMBL5738778,Nc1ncc(N2CCN(c3cccc(-c4cnc(N5CCC5)nc4)c3)CC2)c(N)n1,CHEMBL5759188,IC50,nM,1380.0,CHEMBL202,IC50,nM,1380.0,HsDHFR (H. sapiens)
CHEMBL5738778,Nc1ncc(N2CCN(c3cccc(-c4ccnnc4)c3)CC2)c(N)n1,CHEMBL4464707,IC50,nM,1585.0,CHEMBL202,IC50,nM,1585.0,HsDHFR (H. sapiens)
CHEMBL5738778,Nc1ncc(N2CCN(c3cnc4ccccc4c3)CC2)c(N)n1,CHEMBL6054471,IC50,nM,129.0,CHEMBL202,IC50,nM,129.0,HsDHFR (H. sapiens)
CHEMBL5738778,Nc1ncc(N2CCN(c3cccc(C4CCOCC4)c3)CC2)c(N)n1,CHEMBL5786336,IC50,nM,7762.0,CHEMBL202,IC50,nM,7762.0,HsDHFR (H. sapiens)
CHEMBL5738778,Nc1ncc(N2CCN(c3cccc(-c4cccnn4)c3)CC2)c(N)n1,CHEMBL5820611,IC50,nM,1585.0,CHEMBL202,IC50,nM,1585.0,HsDHFR (H. sapiens)
CHEMBL5738778,Nc1ncc(N2CCN(c3ccccc3-c3ccccc3)CC2)c(N)n1,CHEMBL4544467,IC50,nM,214.0,CHEMBL202,IC50,nM,214.0,HsDHFR (H. sapiens)
CHEMBL5738778,Nc1ncc(N2CCN(c3cccc(-c4ccnc(F)c4)c3)CC2)c(N)n1,CHEMBL5776717,IC50,nM,1148.0,CHEMBL202,IC50,nM,1148.0,HsDHFR (H. sapiens)
CHEMBL5738778,CN(Cc1cnc2nc(N)nc(N)c2n1)c1ccc(C(=O)N[C@@H](CCC(=O)O)C(=O)O)cc1,CHEMBL34259,IC50,nM,5.37,CHEMBL202,IC50,nM,5.37,HsDHFR (H. sapiens)
CHEMBL5738778,CCc1nc(N)nc(N)c1-c1ccc(Cl)cc1,CHEMBL36,IC50,nM,4074.0,CHEMBL202,IC50,nM,4074.0,HsDHFR (H. sapiens)
CHEMBL5738778,Nc1ncc(N2CCN(c3ccccc3)CC2)c(N)n1,CHEMBL4553229,IC50,nM,12589.0,CHEMBL202,IC50,nM,12589.0,HsDHFR (H. sapiens)
CHEMBL5738778,Nc1ncc(N2CCN(c3cccc(C4CCOCC4)c3)CC2)c(N)n1,CHEMBL5786336,IC50,nM,7762.0,CHEMBL202,IC50,nM,7762.0,HsDHFR (H. sapiens)
CHEMBL5738778,COc1ncc(-c2cccc(N3CCN(c4cnc(N)nc4N)CC3)c2)cn1,CHEMBL4468777,IC50,nM,912.0,CHEMBL202,IC50,nM,912.0,HsDHFR (H. sapiens)
CHEMBL5738778,CCCc1nc(N)nc(N)c1N1CCN(c2ccccc2)CC1,CHEMBL5822647,IC50,nM,11220.0,CHEMBL202,IC50,nM,11220.0,HsDHFR (H. sapiens)
CHEMBL858267,CC1(C)N=C(N)N=C(N)N1c1cccc(Cl)c1,CHEMBL7130,Ki,nM,93.33,CHEMBL202,Log 1/Ki,,7.03,HsDHFR (H. sapiens)
CHEMBL858267,CC1(C)N=C(N)N=C(N)N1c1ccc(CCCCc2ccc(S(=O)(=O)F)cc2Cl)c(Cl)c1,CHEMBL33697,Ki,nM,22.39,CHEMBL202,Log 1/Ki,,7.65,HsDHFR (H. sapiens)
CHEMBL858267,CC1(C)N=C(N)N=C(N)N1c1cccc(OCC23CC4CC(CC(C4)C2)C3)c1,CHEMBL281618,Ki,nM,776.25,CHEMBL202,Log 1/Ki,,6.11,HsDHFR (H. sapiens)
CHEMBL858267,COc1cc(Cc2cnc(N)nc2N)cc(OC)c1OC,CHEMBL22,Ki,nM,194.98,CHEMBL202,Log 1/Ki,,6.71,HsDHFR (H. sapiens)
CHEMBL666808,CC1(C)N=C(N)N=C(N)N1c1cccc(SCc2ccccc2)c1,CHEMBL20975,Ki,nM,42.66,CHEMBL202,Log 1/Ki,,7.37,HsDHFR (H. sapiens)
CHEMBL858267,CCCCCCCCCc1cccc(N2C(N)=NC(N)=NC2(C)C)c1,CHEMBL20587,Ki,nM,218.78,CHEMBL202,Log 1/Ki,,6.66,HsDHFR (H. sapiens)
CHEMBL858267,CC1(C)N=C(N)N=C(N)N1c1ccccc1,CHEMBL6742,Ki,nM,1659.59,CHEMBL202,Log 1/Ki,,5.78,HsDHFR (H. sapiens)
CHEMBL858267,CCCCCCCCc1ccc(N2C(N)=NC(N)=NC2(C)C)cc1,CHEMBL176987,Ki,nM,977.24,CHEMBL202,Log 1/Ki,,6.01,HsDHFR (H. sapiens)
CHEMBL858267,CCCCCCCCCCCCc1cccc(N2C(N)=NC(N)=NC2(C)C)c1,CHEMBL21254,Ki,nM,302.0,CHEMBL202,Log 1/Ki,,6.52,HsDHFR (H. sapiens)
CHEMBL666808,CC1(C)N=C(N)N=C(N)N1c1cccc(COc2cccc3ccccc23)c1,CHEMBL20466,Ki,nM,134.9,CHEMBL202,Log 1/Ki,,6.87,HsDHFR (H. sapiens)
CHEMBL858267,CCOc1cc(Cc2cnc(N)nc2N)cc(OCC)c1-n1cccc1,CHEMBL280378,Ki,nM,58.88,CHEMBL202,Log 1/Ki,,7.23,HsDHFR (H. sapiens)
CHEMBL858267,CN(C)C(=O)c1cccc(COc2ccc(N3C(N)=NC(N)=NC3(C)C)cc2Cl)c1,CHEMBL6666,Ki,nM,77.62,CHEMBL202,Log 1/Ki,,7.11,HsDHFR (H. sapiens)
CHEMBL666227,CCS(=O)(=O)O.Cc1nc(N)nc(N)c1NC(=O)C12CC3CC(CC(C3)C1)C2,CHEMBL1161155,Ki,nM,9.0,CHEMBL202,Ki,uM,0.009,HsDHFR (H. sapiens)
CHEMBL669872,Cc1c(CNc2ccc(C(=O)NC(CCCNC(=O)c3ccccc3C(=O)O)C(=O)O)cc2)ccc2nc(N)nc(N)c12,CHEMBL149218,Ki,nM,0.0001,CHEMBL202,Ki,pM,0.1,HsDHFR (H. sapiens)
CHEMBL669872,Nc1nc(N)c2c(Cl)c(CNc3ccc(C(=O)NC(CCCNC(=O)c4ccccc4C(=O)O)C(=O)O)cc3)ccc2n1,CHEMBL146917,Ki,nM,0.00011,CHEMBL202,Ki,pM,0.11,HsDHFR (H. sapiens)
CHEMBL669872,Nc1nc(N)c2nc(CNc3ccc(C(=O)NC(CCCNC(=O)c4ccccc4C(=O)O)C(=O)O)cc3)ccc2n1,CHEMBL149164,Ki,nM,0.00019,CHEMBL202,Ki,pM,0.19,HsDHFR (H. sapiens)
CHEMBL666805,C[C@](CCC(=O)O)(NC(=O)c1ccc(CCC2CNc3nc(N)nc(N)c3C2)o1)C(=O)O,CHEMBL167304,Ki,nM,9.87,CHEMBL202,Ki,nM,9.87,HsDHFR (H. sapiens)
CHEMBL666805,C[C@](CCC(=O)O)(NC(=O)c1ccc(CCC2CNc3nc(N)nc(N)c3C2)cc1)C(=O)O,CHEMBL354249,Ki,nM,0.29,CHEMBL202,Ki,nM,0.29,HsDHFR (H. sapiens)
CHEMBL666805,C[C@](CCC(=O)O)(NC(=O)c1ccc(CCC2CNc3nc(N)nc(N)c3C2)s1)C(=O)O,CHEMBL168069,Ki,nM,0.69,CHEMBL202,Ki,nM,0.69,HsDHFR (H. sapiens)
CHEMBL669872,Cc1c(CNc2ccc(C(=O)NC(CCCNC(=O)c3ccccc3C(=O)O)C(=O)O)cc2)cnc2nc(N)nc(N)c12,CHEMBL150607,Ki,nM,0.0004,CHEMBL202,Ki,pM,0.4,HsDHFR (H. sapiens)
CHEMBL669872,CN(Cc1cnc2nc(N)nc(N)c2n1)c1ccc(C(=O)N[C@@H](CCC(=O)O)C(=O)O)cc1,CHEMBL34259,Ki,nM,0.00519,CHEMBL202,Ki,pM,5.19,HsDHFR (H. sapiens)
CHEMBL669872,Nc1nc(N)c2nc(CNc3ccc(C(=O)NC(CCCNC(=O)c4ccccc4C(=O)O)C(=O)O)cc3)cnc2n1,CHEMBL18155,Ki,nM,0.00035,CHEMBL202,Ki,pM,0.35,HsDHFR (H. sapiens)
CHEMBL669872,Nc1nc(N)c2cc(CNc3ccc(C(=O)NC(CCCNC(=O)c4ccccc4C(=O)O)C(=O)O)cc3)ccc2n1,CHEMBL297088,Ki,nM,0.00009,CHEMBL202,Ki,pM,0.09,HsDHFR (H. sapiens)
CHEMBL669872,Nc1nc(N)c2nc(CNc3ccc(C(=O)N[C@@H](CCC(=O)O)C(=O)O)cc3)cnc2n1,CHEMBL376180,Ki,nM,0.0037,CHEMBL202,Ki,pM,3.7,HsDHFR (H. sapiens)
CHEMBL666226,Cc1nc(N)nc(N)c1-c1cccc2ccccc12,CHEMBL422095,Ki,nM,56000.0,CHEMBL202,Ki,uM,56.0,HsDHFR (H. sapiens)
CHEMBL669872,Nc1nc(N)c2cc(CNc3ccc(C(=O)NC(CCCNC(=O)c4ccccc4C(=O)O)C(=O)O)cc3)cnc2n1,CHEMBL149962,Ki,nM,0.00041,CHEMBL202,Ki,pM,0.41,HsDHFR (H. sapiens)
CHEMBL821382,Nc1nc(N)c2cc(CNc3ccc(C(=O)NC(CCC(=O)O)C(=O)O)cc3)ccc2n1,CHEMBL305177,Ki,nM,0.00089,CHEMBL202,Ki,nM,0.00089,HsDHFR (H. sapiens)
CHEMBL666806,Nc1nc(N)c2cc(CNc3ccc(C(=O)NC(CCC(=O)O)C(=O)O)cc3)ccc2n1,CHEMBL305177,Ki,nM,0.01,CHEMBL202,Ki,nM,0.01,HsDHFR (H. sapiens)
CHEMBL665356,CCc1nc(N)nc(N)c1-c1ccc(Cl)cc1,CHEMBL36,Ki,nM,250.0,CHEMBL202,Ki,nM,250.0,HsDHFR (H. sapiens)
CHEMBL664357,CCc1nc(N)nc(N)c1-c1ccc(Cl)cc1,CHEMBL36,Ki,nM,98.0,CHEMBL202,Ki,nM,98.0,HsDHFR (H. sapiens)
CHEMBL665621,CCc1nc(N)nc(N)c1-c1ccc(Cl)cc1,CHEMBL36,Ki,nM,11.0,CHEMBL202,Ki,nM,11.0,HsDHFR (H. sapiens)
CHEMBL666807,CCc1nc(N)nc(N)c1-c1ccc(Cl)cc1,CHEMBL36,Ki,nM,120.0,CHEMBL202,Ki,nM,120.0,HsDHFR (H. sapiens)
CHEMBL821382,Nc1nc(N)c2nc(CNc3ccc(C(=O)N[C@@H](CCC(=O)O)C(=O)O)cc3)cnc2n1,CHEMBL376180,Ki,nM,0.0018,CHEMBL202,Ki,nM,0.0018,HsDHFR (H. sapiens)
CHEMBL666806,Nc1nc(N)c2nc(CNc3ccc(C(=O)N[C@@H](CCC(=O)O)C(=O)O)cc3)cnc2n1,CHEMBL376180,Ki,nM,0.21,CHEMBL202,Ki,nM,0.21,HsDHFR (H. sapiens)
CHEMBL821382,CN(Cc1cnc2nc(N)nc(N)c2n1)c1ccc(C(=O)N[C@@H](CCC(=O)O)C(=O)O)cc1,CHEMBL34259,Ki,nM,0.0012,CHEMBL202,Ki,nM,0.0012,HsDHFR (H. sapiens)
CHEMBL666806,CN(Cc1cnc2nc(N)nc(N)c2n1)c1ccc(C(=O)N[C@@H](CCC(=O)O)C(=O)O)cc1,CHEMBL34259,Ki,nM,0.11,CHEMBL202,Ki,nM,0.11,HsDHFR (H. sapiens)
CHEMBL665356,CCCCCCCCCCOc1cccc(Cc2cnc(N)nc2N)c1,CHEMBL334695,Ki,nM,750.0,CHEMBL202,Ki,nM,750.0,HsDHFR (H. sapiens)
CHEMBL664357,CCCCCCCCCCOc1cccc(Cc2cnc(N)nc2N)c1,CHEMBL334695,Ki,nM,3110.0,CHEMBL202,Ki,nM,3110.0,HsDHFR (H. sapiens)
CHEMBL665621,CCCCCCCCCCOc1cccc(Cc2cnc(N)nc2N)c1,CHEMBL334695,Ki,nM,52.0,CHEMBL202,Ki,nM,52.0,HsDHFR (H. sapiens)
CHEMBL666807,CCCCCCCCCCOc1cccc(Cc2cnc(N)nc2N)c1,CHEMBL334695,Ki,nM,2220.0,CHEMBL202,Ki,nM,2220.0,HsDHFR (H. sapiens)
CHEMBL874093,COc1cc(CCc2cccc3nc(N)nc(N)c23)cc(OC)c1OC,CHEMBL441298,Ki,nM,72.0,CHEMBL202,Ki,nM,72.0,HsDHFR (H. sapiens)
CHEMBL666806,COc1cc(CCc2cccc3nc(N)nc(N)c23)cc(OC)c1OC,CHEMBL441298,Ki,nM,4.3,CHEMBL202,Ki,nM,4.3,HsDHFR (H. sapiens)
CHEMBL665356,Nc1ncc(Cc2cccc(OCc3ccccc3)c2)c(N)n1,CHEMBL274031,Ki,nM,65.0,CHEMBL202,Ki,nM,65.0,HsDHFR (H. sapiens)
CHEMBL664357,Nc1ncc(Cc2cccc(OCc3ccccc3)c2)c(N)n1,CHEMBL274031,Ki,nM,200.0,CHEMBL202,Ki,nM,200.0,HsDHFR (H. sapiens)
CHEMBL665621,Nc1ncc(Cc2cccc(OCc3ccccc3)c2)c(N)n1,CHEMBL274031,Ki,nM,11.0,CHEMBL202,Ki,nM,11.0,HsDHFR (H. sapiens)
CHEMBL666807,Nc1ncc(Cc2cccc(OCc3ccccc3)c2)c(N)n1,CHEMBL274031,Ki,nM,1000.0,CHEMBL202,Ki,nM,1000.0,HsDHFR (H. sapiens)
CHEMBL665356,CCCOc1cccc(Cc2cnc(N)nc2N)c1,CHEMBL343127,Ki,nM,130.0,CHEMBL202,Ki,nM,130.0,HsDHFR (H. sapiens)
CHEMBL664357,CCCOc1cccc(Cc2cnc(N)nc2N)c1,CHEMBL343127,Ki,nM,510.0,CHEMBL202,Ki,nM,510.0,HsDHFR (H. sapiens)
CHEMBL665621,CCCOc1cccc(Cc2cnc(N)nc2N)c1,CHEMBL343127,Ki,nM,10.5,CHEMBL202,Ki,nM,10.5,HsDHFR (H. sapiens)
CHEMBL666807,CCCOc1cccc(Cc2cnc(N)nc2N)c1,CHEMBL343127,Ki,nM,2400.0,CHEMBL202,Ki,nM,2400.0,HsDHFR (H. sapiens)
CHEMBL666806,COc1ccc(OC)c(C#Cc2cccc3nc(N)nc(N)c23)c1,CHEMBL162312,Ki,nM,140.0,CHEMBL202,Ki,nM,140.0,HsDHFR (H. sapiens)
CHEMBL666806,COc1ccc(OC)c(N(C)Cc2cccc3nc(N)nc(N)c23)c1,CHEMBL434097,Ki,nM,250.0,CHEMBL202,Ki,nM,250.0,HsDHFR (H. sapiens)
CHEMBL665356,CCCCCCOc1cccc(Cc2cnc(N)nc2N)c1,CHEMBL31547,Ki,nM,171.0,CHEMBL202,Ki,nM,171.0,HsDHFR (H. sapiens)
CHEMBL664357,CCCCCCOc1cccc(Cc2cnc(N)nc2N)c1,CHEMBL31547,Ki,nM,600.0,CHEMBL202,Ki,nM,600.0,HsDHFR (H. sapiens)
CHEMBL665621,CCCCCCOc1cccc(Cc2cnc(N)nc2N)c1,CHEMBL31547,Ki,nM,9.8,CHEMBL202,Ki,nM,9.8,HsDHFR (H. sapiens)
CHEMBL666807,CCCCCCOc1cccc(Cc2cnc(N)nc2N)c1,CHEMBL31547,Ki,nM,1900.0,CHEMBL202,Ki,nM,1900.0,HsDHFR (H. sapiens)
CHEMBL874093,COc1cc(NCc2ccc3nc(N)nc(N)c3c2C)cc(OC)c1OC,CHEMBL119,Ki,nM,13.0,CHEMBL202,Ki,nM,13.0,HsDHFR (H. sapiens)
CHEMBL666806,COc1cc(NCc2ccc3nc(N)nc(N)c3c2C)cc(OC)c1OC,CHEMBL119,Ki,nM,83.0,CHEMBL202,Ki,nM,83.0,HsDHFR (H. sapiens)
CHEMBL665356,CC(C)Oc1cccc(Cc2cnc(N)nc2N)c1,CHEMBL334919,Ki,nM,160.0,CHEMBL202,Ki,nM,160.0,HsDHFR (H. sapiens)
CHEMBL664357,CC(C)Oc1cccc(Cc2cnc(N)nc2N)c1,CHEMBL334919,Ki,nM,23.0,CHEMBL202,Ki,nM,23.0,HsDHFR (H. sapiens)
CHEMBL665621,CC(C)Oc1cccc(Cc2cnc(N)nc2N)c1,CHEMBL334919,Ki,nM,8.8,CHEMBL202,Ki,nM,8.8,HsDHFR (H. sapiens)
CHEMBL666807,CC(C)Oc1cccc(Cc2cnc(N)nc2N)c1,CHEMBL334919,Ki,nM,1400.0,CHEMBL202,Ki,nM,1400.0,HsDHFR (H. sapiens)
CHEMBL665356,Nc1ncc(Cc2cccc(OC3CCCCO3)c2)c(N)n1,CHEMBL344592,Ki,nM,93.0,CHEMBL202,Ki,nM,93.0,HsDHFR (H. sapiens)
CHEMBL664357,Nc1ncc(Cc2cccc(OC3CCCCO3)c2)c(N)n1,CHEMBL344592,Ki,nM,360.0,CHEMBL202,Ki,nM,360.0,HsDHFR (H. sapiens)
CHEMBL665621,Nc1ncc(Cc2cccc(OC3CCCCO3)c2)c(N)n1,CHEMBL344592,Ki,nM,13.0,CHEMBL202,Ki,nM,13.0,HsDHFR (H. sapiens)
CHEMBL666807,Nc1ncc(Cc2cccc(OC3CCCCO3)c2)c(N)n1,CHEMBL344592,Ki,nM,1300.0,CHEMBL202,Ki,nM,1300.0,HsDHFR (H. sapiens)
CHEMBL665356,COc1cc(Cc2cnc(N)nc2N)cc(OC)c1OC,CHEMBL22,Ki,nM,120.0,CHEMBL202,Ki,nM,120.0,HsDHFR (H. sapiens)
CHEMBL664357,COc1cc(Cc2cnc(N)nc2N)cc(OC)c1OC,CHEMBL22,Ki,nM,1000.0,CHEMBL202,Ki,nM,1000.0,HsDHFR (H. sapiens)
CHEMBL665621,COc1cc(Cc2cnc(N)nc2N)cc(OC)c1OC,CHEMBL22,Ki,nM,10.0,CHEMBL202,Ki,nM,10.0,HsDHFR (H. sapiens)
CHEMBL666807,COc1cc(Cc2cnc(N)nc2N)cc(OC)c1OC,CHEMBL22,Ki,nM,1380.0,CHEMBL202,Ki,nM,1380.0,HsDHFR (H. sapiens)
CHEMBL665356,CCCCCCCCOc1cccc(Cc2cnc(N)nc2N)c1,CHEMBL31235,Ki,nM,97.0,CHEMBL202,Ki,nM,97.0,HsDHFR (H. sapiens)
CHEMBL664357,CCCCCCCCOc1cccc(Cc2cnc(N)nc2N)c1,CHEMBL31235,Ki,nM,1130.0,CHEMBL202,Ki,nM,1130.0,HsDHFR (H. sapiens)
CHEMBL665621,CCCCCCCCOc1cccc(Cc2cnc(N)nc2N)c1,CHEMBL31235,Ki,nM,24.0,CHEMBL202,Ki,nM,24.0,HsDHFR (H. sapiens)
CHEMBL666807,CCCCCCCCOc1cccc(Cc2cnc(N)nc2N)c1,CHEMBL31235,Ki,nM,2400.0,CHEMBL202,Ki,nM,2400.0,HsDHFR (H. sapiens)
CHEMBL874093,COc1ccc(OC)c(CCc2cccc3nc(N)nc(N)c23)c1,CHEMBL349149,Ki,nM,41.0,CHEMBL202,Ki,nM,41.0,HsDHFR (H. sapiens)
CHEMBL666806,COc1ccc(OC)c(CCc2cccc3nc(N)nc(N)c23)c1,CHEMBL349149,Ki,nM,4.2,CHEMBL202,Ki,nM,4.2,HsDHFR (H. sapiens)
CHEMBL665356,CCOc1ccc(Cc2cnc(N)nc2N)cc1,CHEMBL343271,Ki,nM,130.0,CHEMBL202,Ki,nM,130.0,HsDHFR (H. sapiens)
CHEMBL664357,CCOc1ccc(Cc2cnc(N)nc2N)cc1,CHEMBL343271,Ki,nM,210.0,CHEMBL202,Ki,nM,210.0,HsDHFR (H. sapiens)
CHEMBL665621,CCOc1ccc(Cc2cnc(N)nc2N)cc1,CHEMBL343271,Ki,nM,9.8,CHEMBL202,Ki,nM,9.8,HsDHFR (H. sapiens)
CHEMBL666807,CCOc1ccc(Cc2cnc(N)nc2N)cc1,CHEMBL343271,Ki,nM,6000.0,CHEMBL202,Ki,nM,6000.0,HsDHFR (H. sapiens)
CHEMBL874093,Nc1nc(N)c2c(CCc3ccccc3)cccc2n1,CHEMBL341703,Ki,nM,23.0,CHEMBL202,Ki,nM,23.0,HsDHFR (H. sapiens)
CHEMBL666806,Nc1nc(N)c2c(CCc3ccccc3)cccc2n1,CHEMBL341703,Ki,nM,2.9,CHEMBL202,Ki,nM,2.9,HsDHFR (H. sapiens)
CHEMBL874093,COc1ccc(OC)c(NCc2cccc3nc(N)nc(N)c23)c1,CHEMBL350730,Ki,nM,200.0,CHEMBL202,Ki,nM,200.0,HsDHFR (H. sapiens)
CHEMBL666806,COc1ccc(OC)c(NCc2cccc3nc(N)nc(N)c23)c1,CHEMBL350730,Ki,nM,33.0,CHEMBL202,Ki,nM,33.0,HsDHFR (H. sapiens)
CHEMBL665356,CCCCOc1cccc(Cc2cnc(N)nc2N)c1,CHEMBL31946,Ki,nM,150.0,CHEMBL202,Ki,nM,150.0,HsDHFR (H. sapiens)
CHEMBL664357,CCCCOc1cccc(Cc2cnc(N)nc2N)c1,CHEMBL31946,Ki,nM,220.0,CHEMBL202,Ki,nM,220.0,HsDHFR (H. sapiens)
CHEMBL665621,CCCCOc1cccc(Cc2cnc(N)nc2N)c1,CHEMBL31946,Ki,nM,3.6,CHEMBL202,Ki,nM,3.6,HsDHFR (H. sapiens)
CHEMBL666807,CCCCOc1cccc(Cc2cnc(N)nc2N)c1,CHEMBL31946,Ki,nM,930.0,CHEMBL202,Ki,nM,930.0,HsDHFR (H. sapiens)
CHEMBL874093,Nc1nc(N)c2c(/C=C/c3ccccc3)cccc2n1,CHEMBL164845,Ki,nM,5.4,CHEMBL202,Ki,nM,5.4,HsDHFR (H. sapiens)
CHEMBL666806,Nc1nc(N)c2c(/C=C/c3ccccc3)cccc2n1,CHEMBL164845,Ki,nM,1.8,CHEMBL202,Ki,nM,1.8,HsDHFR (H. sapiens)
CHEMBL665356,CCOc1cccc(Cc2cnc(N)nc2N)c1,CHEMBL137448,Ki,nM,156.0,CHEMBL202,Ki,nM,156.0,HsDHFR (H. sapiens)
CHEMBL664357,CCOc1cccc(Cc2cnc(N)nc2N)c1,CHEMBL137448,Ki,nM,430.0,CHEMBL202,Ki,nM,430.0,HsDHFR (H. sapiens)
CHEMBL665621,CCOc1cccc(Cc2cnc(N)nc2N)c1,CHEMBL137448,Ki,nM,8.6,CHEMBL202,Ki,nM,8.6,HsDHFR (H. sapiens)
CHEMBL666807,CCOc1cccc(Cc2cnc(N)nc2N)c1,CHEMBL137448,Ki,nM,1600.0,CHEMBL202,Ki,nM,1600.0,HsDHFR (H. sapiens)
CHEMBL665356,Nc1ncc(Cc2cccc(O)c2)c(N)n1,CHEMBL30734,Ki,nM,750.0,CHEMBL202,Ki,nM,750.0,HsDHFR (H. sapiens)
CHEMBL664357,Nc1ncc(Cc2cccc(O)c2)c(N)n1,CHEMBL30734,Ki,nM,990.0,CHEMBL202,Ki,nM,990.0,HsDHFR (H. sapiens)
CHEMBL666807,Nc1ncc(Cc2cccc(O)c2)c(N)n1,CHEMBL30734,Ki,nM,3300.0,CHEMBL202,Ki,nM,3300.0,HsDHFR (H. sapiens)
CHEMBL666806,COc1cc(N(C)Cc2cccc3nc(N)nc(N)c23)cc(OC)c1OC,CHEMBL162270,Ki,nM,49.0,CHEMBL202,Ki,nM,49.0,HsDHFR (H. sapiens)
CHEMBL665356,CCCOc1ccc(Cc2cnc(N)nc2N)cc1,CHEMBL326989,Ki,nM,330.0,CHEMBL202,Ki,nM,330.0,HsDHFR (H. sapiens)
CHEMBL664357,CCCOc1ccc(Cc2cnc(N)nc2N)cc1,CHEMBL326989,Ki,nM,230.0,CHEMBL202,Ki,nM,230.0,HsDHFR (H. sapiens)
CHEMBL665621,CCCOc1ccc(Cc2cnc(N)nc2N)cc1,CHEMBL326989,Ki,nM,6.4,CHEMBL202,Ki,nM,6.4,HsDHFR (H. sapiens)
CHEMBL666807,CCCOc1ccc(Cc2cnc(N)nc2N)cc1,CHEMBL326989,Ki,nM,2900.0,CHEMBL202,Ki,nM,2900.0,HsDHFR (H. sapiens)
CHEMBL665356,CCCCCCCOc1cccc(Cc2c(C)nc(N)nc2N)c1,CHEMBL138230,Ki,nM,370.0,CHEMBL202,Ki,nM,370.0,HsDHFR (H. sapiens)
CHEMBL664357,CCCCCCCOc1cccc(Cc2c(C)nc(N)nc2N)c1,CHEMBL138230,Ki,nM,1500.0,CHEMBL202,Ki,nM,1500.0,HsDHFR (H. sapiens)
CHEMBL665621,CCCCCCCOc1cccc(Cc2c(C)nc(N)nc2N)c1,CHEMBL138230,Ki,nM,75.0,CHEMBL202,Ki,nM,75.0,HsDHFR (H. sapiens)
CHEMBL666807,CCCCCCCOc1cccc(Cc2c(C)nc(N)nc2N)c1,CHEMBL138230,Ki,nM,1000.0,CHEMBL202,Ki,nM,1000.0,HsDHFR (H. sapiens)
CHEMBL665356,CCCCCCCOc1cccc(Cc2c(N)nc(N)nc2CC)c1,CHEMBL135935,Ki,nM,48.0,CHEMBL202,Ki,nM,48.0,HsDHFR (H. sapiens)
CHEMBL664357,CCCCCCCOc1cccc(Cc2c(N)nc(N)nc2CC)c1,CHEMBL135935,Ki,nM,710.0,CHEMBL202,Ki,nM,710.0,HsDHFR (H. sapiens)
CHEMBL665621,CCCCCCCOc1cccc(Cc2c(N)nc(N)nc2CC)c1,CHEMBL135935,Ki,nM,19.0,CHEMBL202,Ki,nM,19.0,HsDHFR (H. sapiens)
CHEMBL666807,CCCCCCCOc1cccc(Cc2c(N)nc(N)nc2CC)c1,CHEMBL135935,Ki,nM,400.0,CHEMBL202,Ki,nM,400.0,HsDHFR (H. sapiens)
CHEMBL666806,Nc1nc(N)c2c(C#Cc3ccccc3)cccc2n1,CHEMBL355151,Ki,nM,96.3,CHEMBL202,Ki,nM,96.3,HsDHFR (H. sapiens)
CHEMBL821382,COc1ccc(OC)c(Cc2cnc3nc(N)nc(N)c3c2C)c1,CHEMBL7492,Ki,nM,33.0,CHEMBL202,Ki,nM,33.0,HsDHFR (H. sapiens)
CHEMBL666806,COc1ccc(OC)c(Cc2cnc3nc(N)nc(N)c3c2C)c1,CHEMBL7492,Ki,nM,38.0,CHEMBL202,Ki,nM,38.0,HsDHFR (H. sapiens)
CHEMBL665356,COc1cccc(Cc2cnc(N)nc2N)c1,CHEMBL18967,Ki,nM,300.0,CHEMBL202,Ki,nM,300.0,HsDHFR (H. sapiens)
CHEMBL664357,COc1cccc(Cc2cnc(N)nc2N)c1,CHEMBL18967,Ki,nM,1000.0,CHEMBL202,Ki,nM,1000.0,HsDHFR (H. sapiens)
CHEMBL665621,COc1cccc(Cc2cnc(N)nc2N)c1,CHEMBL18967,Ki,nM,9.6,CHEMBL202,Ki,nM,9.6,HsDHFR (H. sapiens)
CHEMBL666807,COc1cccc(Cc2cnc(N)nc2N)c1,CHEMBL18967,Ki,nM,2300.0,CHEMBL202,Ki,nM,2300.0,HsDHFR (H. sapiens)
CHEMBL821382,Nc1nc(N)c2c(CNc3ccc(C(=O)NC(CCC(=O)O)C(=O)O)cc3)cccc2n1,CHEMBL162476,Ki,nM,0.54,CHEMBL202,Ki,nM,0.54,HsDHFR (H. sapiens)
CHEMBL666806,Nc1nc(N)c2c(CNc3ccc(C(=O)NC(CCC(=O)O)C(=O)O)cc3)cccc2n1,CHEMBL162476,Ki,nM,2.7,CHEMBL202,Ki,nM,2.7,HsDHFR (H. sapiens)
CHEMBL666806,COc1cc(NCc2cccc3nc(N)nc(N)c23)cc(OC)c1OC,CHEMBL165955,Ki,nM,310.0,CHEMBL202,Ki,nM,310.0,HsDHFR (H. sapiens)
CHEMBL665356,CCCCCOc1cccc(Cc2cnc(N)nc2N)c1,CHEMBL137305,Ki,nM,140.0,CHEMBL202,Ki,nM,140.0,HsDHFR (H. sapiens)
CHEMBL664357,CCCCCOc1cccc(Cc2cnc(N)nc2N)c1,CHEMBL137305,Ki,nM,210.0,CHEMBL202,Ki,nM,210.0,HsDHFR (H. sapiens)
CHEMBL665621,CCCCCOc1cccc(Cc2cnc(N)nc2N)c1,CHEMBL137305,Ki,nM,7.1,CHEMBL202,Ki,nM,7.1,HsDHFR (H. sapiens)
CHEMBL666807,CCCCCOc1cccc(Cc2cnc(N)nc2N)c1,CHEMBL137305,Ki,nM,1100.0,CHEMBL202,Ki,nM,1100.0,HsDHFR (H. sapiens)
CHEMBL665356,CCCCCCCOc1cccc(Cc2cnc(N)nc2N)c1,CHEMBL285209,Ki,nM,221.0,CHEMBL202,Ki,nM,221.0,HsDHFR (H. sapiens)
CHEMBL664357,CCCCCCCOc1cccc(Cc2cnc(N)nc2N)c1,CHEMBL285209,Ki,nM,1330.0,CHEMBL202,Ki,nM,1330.0,HsDHFR (H. sapiens)
CHEMBL665621,CCCCCCCOc1cccc(Cc2cnc(N)nc2N)c1,CHEMBL285209,Ki,nM,131.0,CHEMBL202,Ki,nM,131.0,HsDHFR (H. sapiens)
CHEMBL666807,CCCCCCCOc1cccc(Cc2cnc(N)nc2N)c1,CHEMBL285209,Ki,nM,620.0,CHEMBL202,Ki,nM,620.0,HsDHFR (H. sapiens)
CHEMBL665356,CCCCCCCCCOc1cccc(Cc2cnc(N)nc2N)c1,CHEMBL137641,Ki,nM,360.0,CHEMBL202,Ki,nM,360.0,HsDHFR (H. sapiens)
CHEMBL664357,CCCCCCCCCOc1cccc(Cc2cnc(N)nc2N)c1,CHEMBL137641,Ki,nM,990.0,CHEMBL202,Ki,nM,990.0,HsDHFR (H. sapiens)
CHEMBL665621,CCCCCCCCCOc1cccc(Cc2cnc(N)nc2N)c1,CHEMBL137641,Ki,nM,36.0,CHEMBL202,Ki,nM,36.0,HsDHFR (H. sapiens)
CHEMBL666807,CCCCCCCCCOc1cccc(Cc2cnc(N)nc2N)c1,CHEMBL137641,Ki,nM,990.0,CHEMBL202,Ki,nM,990.0,HsDHFR (H. sapiens)
CHEMBL665868,C/C=C/c1cc(Cc2cnc(N)nc2N)cc(/C=C/C)c1OC,CHEMBL301030,Ki,nM,0.8,CHEMBL202,Ki,nM,0.8,HsDHFR (H. sapiens)
CHEMBL666804,C#CCC(Cc1cnc2cc(N)cc(N)c2n1)c1ccc(C(=O)NC(CCCNC(=O)c2ccccc2C(=O)O)C(=O)O)cc1,CHEMBL47919,Ki,nM,0.0006,CHEMBL202,Ki,pM,0.6,HsDHFR (H. sapiens)
CHEMBL666804,Nc1cc(N)c2nc(CNc3ccc(C(=O)NC(CCCNC(=O)c4ccccc4C(=O)O)C(=O)O)cc3)cnc2c1,CHEMBL296545,Ki,nM,0.00033,CHEMBL202,Ki,pM,0.33,HsDHFR (H. sapiens)
CHEMBL666804,Nc1cc(N)c2nc(CCc3ccc(C(=O)NC(CCCNC(=O)c4ccccc4C(=O)O)C(=O)O)cc3)cnc2c1,CHEMBL47689,Ki,nM,0.00035,CHEMBL202,Ki,pM,0.35,HsDHFR (H. sapiens)
CHEMBL666804,Nc1nc(N)c2cc(CNc3ccc(C(=O)NC(CCCNC(=O)c4ccccc4C(=O)O)C(=O)O)cc3)ccc2n1,CHEMBL297088,Ki,nM,0.000014,CHEMBL202,Ki,pM,0.014,HsDHFR (H. sapiens)
CHEMBL666804,CCC(Cc1cnc2cc(N)cc(N)c2n1)c1ccc(C(=O)NC(CCCNC(=O)c2ccccc2C(=O)O)C(=O)O)cc1,CHEMBL295859,Ki,nM,0.00062,CHEMBL202,Ki,pM,0.62,HsDHFR (H. sapiens)
CHEMBL666804,Nc1cc(N)c2cc(CCc3ccc(C(=O)NC(CCCNC(=O)c4ccccc4C(=O)O)C(=O)O)cc3)ccc2c1,CHEMBL297558,Ki,nM,0.00021,CHEMBL202,Ki,pM,0.21,HsDHFR (H. sapiens)
CHEMBL669873,CC(C)n1c(C(C)(C)C)cc2c3c(N)nc(N)nc3ccc21,CHEMBL170837,Ki,nM,0.2,CHEMBL202,Ki,nM,0.2,HsDHFR (H. sapiens)
CHEMBL669873,CCC(CC)n1ccc2c3c(N)nc(N)nc3ccc21,CHEMBL318721,Ki,nM,4.5,CHEMBL202,Ki,nM,4.5,HsDHFR (H. sapiens)
CHEMBL669873,Nc1nc(N)c2c(ccc3[nH]ccc32)n1,CHEMBL353764,Ki,nM,1000.0,CHEMBL202,Ki,nM,1000.0,HsDHFR (H. sapiens)
CHEMBL669873,CCc1cc2c3c(N)nc(N)nc3ccc2n1C(C)(C)C,CHEMBL369258,Ki,nM,0.1,CHEMBL202,Ki,nM,0.1,HsDHFR (H. sapiens)
CHEMBL669873,CCC(C)(C)n1c(C)cc2c3c(N)nc(N)nc3ccc21,CHEMBL424170,Ki,nM,0.4,CHEMBL202,Ki,nM,0.4,HsDHFR (H. sapiens)
CHEMBL669873,CCCc1cc2c3c(N)nc(N)nc3ccc2n1CC,CHEMBL353763,Ki,nM,24.0,CHEMBL202,Ki,nM,24.0,HsDHFR (H. sapiens)
CHEMBL669873,CCC(CC)n1c(C)cc2c3c(N)nc(N)nc3ccc21,CHEMBL170758,Ki,nM,0.3,CHEMBL202,Ki,nM,0.3,HsDHFR (H. sapiens)
CHEMBL669873,Cc1cc2c3c(N)nc(N)nc3ccc2n1C,CHEMBL353929,Ki,nM,87.0,CHEMBL202,Ki,nM,87.0,HsDHFR (H. sapiens)
CHEMBL669873,COc1ccc(OC)c(Cc2cnc3nc(N)nc(N)c3c2C)c1,CHEMBL7492,Ki,nM,0.025,CHEMBL202,Ki,pM,25.0,HsDHFR (H. sapiens)
CHEMBL669873,CCc1cc2c3c(N)nc(N)nc3ccc2n1CC,CHEMBL170144,Ki,nM,10.0,CHEMBL202,Ki,nM,10.0,HsDHFR (H. sapiens)
CHEMBL669873,CCC(CC)n1c(C(C)C)cc2c3c(N)nc(N)nc3ccc21,CHEMBL171765,Ki,nM,0.1,CHEMBL202,Ki,nM,0.1,HsDHFR (H. sapiens)
CHEMBL669873,Cc1cc2c3c(N)nc(N)nc3ccc2n1C(C)C,CHEMBL173617,Ki,nM,6.4,CHEMBL202,Ki,nM,6.4,HsDHFR (H. sapiens)
CHEMBL669873,CCc1cc2c3c(N)nc(N)nc3ccc2n1C,CHEMBL170900,Ki,nM,29.0,CHEMBL202,Ki,nM,29.0,HsDHFR (H. sapiens)
CHEMBL669873,CCCc1cc2c3c(N)nc(N)nc3ccc2n1C(CC)CC,CHEMBL171494,Ki,nM,0.4,CHEMBL202,Ki,nM,0.4,HsDHFR (H. sapiens)
CHEMBL669873,CCCCc1cc2c3c(N)nc(N)nc3ccc2n1C(C)(C)C,CHEMBL171629,Ki,nM,30.0,CHEMBL202,Ki,nM,30.0,HsDHFR (H. sapiens)
CHEMBL669873,COc1cc(NCc2ccc3nc(N)nc(N)c3c2C)cc(OC)c1OC,CHEMBL119,Ki,nM,1.4,CHEMBL202,Ki,nM,1.4,HsDHFR (H. sapiens)
CHEMBL669873,CC(C)c1cc2c(ccc3nc(N)nc(N)c32)[nH]1,CHEMBL353161,Ki,nM,10.0,CHEMBL202,Ki,nM,10.0,HsDHFR (H. sapiens)
CHEMBL669873,CCc1cc2c3c(N)nc(N)nc3ccc2n1C(CC)CC,CHEMBL352960,Ki,nM,0.2,CHEMBL202,Ki,nM,0.2,HsDHFR (H. sapiens)
CHEMBL669873,Cn1ccc2c3c(N)nc(N)nc3ccc21,CHEMBL174414,Ki,nM,230.0,CHEMBL202,Ki,nM,230.0,HsDHFR (H. sapiens)
CHEMBL669873,CCc1cc2c3c(N)nc(N)nc3ccc2n1C(C)CC,CHEMBL170760,Ki,nM,0.1,CHEMBL202,Ki,nM,0.1,HsDHFR (H. sapiens)
CHEMBL669873,COc1cc(Cn2ccc3c4c(N)nc(N)nc4ccc32)cc(OC)c1OC,CHEMBL353621,Ki,nM,6.0,CHEMBL202,Ki,nM,6.0,HsDHFR (H. sapiens)
CHEMBL669871,Nc1ncc(CCCCc2ccc(C(=O)N[C@@H](CCC(=O)O)C(=O)O)cc2)c(N)n1,CHEMBL145947,Ki,nM,0.005,CHEMBL202,Ki,pM,5.0,HsDHFR (H. sapiens)
CHEMBL669871,Nc1ncc(CCCc2ccc(C(=O)N[C@@H](CCC(=O)O)C(=O)O)cc2)c(N)n1,CHEMBL443763,Ki,nM,0.12,CHEMBL202,Ki,pM,120.0,HsDHFR (H. sapiens)
CHEMBL664356,Nc1nc(N)c2nc(CN(CCCCC(=O)O)c3ccc(C(=O)NC(CCC(=O)O)C(=O)O)cc3)cnc2n1,CHEMBL284943,Ki,nM,0.131,CHEMBL202,Ki,nM,0.131,HsDHFR (H. sapiens)
CHEMBL666803,Nc1nc(N)c2nc(CN(CCCCC(=O)O)c3ccc(C(=O)NC(CCC(=O)O)C(=O)O)cc3)cnc2n1,CHEMBL284943,Ki,nM,1.45,CHEMBL202,Ki,nM,1.45,HsDHFR (H. sapiens)
CHEMBL664356,CCOC(=O)CCCCCN(Cc1cnc2nc(N)nc(N)c2n1)c1ccc(C(=O)NC(CCC(=O)OCC)C(=O)OCC)cc1,CHEMBL265757,Ki,nM,55.7,CHEMBL202,Ki,nM,55.7,HsDHFR (H. sapiens)
CHEMBL666803,CCOC(=O)CCCCCN(Cc1cnc2nc(N)nc(N)c2n1)c1ccc(C(=O)NC(CCC(=O)OCC)C(=O)OCC)cc1,CHEMBL265757,Ki,nM,485.0,CHEMBL202,Ki,nM,485.0,HsDHFR (H. sapiens)
CHEMBL664356,Nc1nc(N)c2nc(CN(CCCC(=O)O)c3ccc(C(=O)NC(CCC(=O)O)C(=O)O)cc3)cnc2n1,CHEMBL35364,Ki,nM,0.107,CHEMBL202,Ki,nM,0.107,HsDHFR (H. sapiens)
CHEMBL666803,Nc1nc(N)c2nc(CN(CCCC(=O)O)c3ccc(C(=O)NC(CCC(=O)O)C(=O)O)cc3)cnc2n1,CHEMBL35364,Ki,nM,1.97,CHEMBL202,Ki,nM,1.97,HsDHFR (H. sapiens)
CHEMBL664356,CCOC(=O)CCCN(Cc1cnc2nc(N)nc(N)c2n1)c1ccc(C(=O)NC(CCC(=O)OCC)C(=O)OCC)cc1,CHEMBL285474,Ki,nM,14.1,CHEMBL202,Ki,nM,14.1,HsDHFR (H. sapiens)
CHEMBL666803,CCOC(=O)CCCN(Cc1cnc2nc(N)nc(N)c2n1)c1ccc(C(=O)NC(CCC(=O)OCC)C(=O)OCC)cc1,CHEMBL285474,Ki,nM,133.0,CHEMBL202,Ki,nM,133.0,HsDHFR (H. sapiens)
CHEMBL664356,Nc1nc(N)c2nc(CN(CCCCCC(=O)O)c3ccc(C(=O)NC(CCC(=O)O)C(=O)O)cc3)cnc2n1,CHEMBL35427,Ki,nM,0.183,CHEMBL202,Ki,nM,0.183,HsDHFR (H. sapiens)
CHEMBL666803,Nc1nc(N)c2nc(CN(CCCCCC(=O)O)c3ccc(C(=O)NC(CCC(=O)O)C(=O)O)cc3)cnc2n1,CHEMBL35427,Ki,nM,1.63,CHEMBL202,Ki,nM,1.63,HsDHFR (H. sapiens)
CHEMBL664356,CN(Cc1cnc2nc(N)nc(N)c2n1)c1ccc(C(=O)N[C@@H](CCC(=O)O)C(=O)O)cc1,CHEMBL34259,Ki,nM,0.038,CHEMBL202,Ki,nM,0.038,HsDHFR (H. sapiens)
CHEMBL666803,CN(Cc1cnc2nc(N)nc(N)c2n1)c1ccc(C(=O)N[C@@H](CCC(=O)O)C(=O)O)cc1,CHEMBL34259,Ki,nM,0.179,CHEMBL202,Ki,nM,0.179,HsDHFR (H. sapiens)
CHEMBL664356,CCOC(=O)CCCCN(Cc1cnc2nc(N)nc(N)c2n1)c1ccc(C(=O)NC(CCC(=O)OCC)C(=O)OCC)cc1,CHEMBL35552,Ki,nM,46.2,CHEMBL202,Ki,nM,46.2,HsDHFR (H. sapiens)
CHEMBL666803,CCOC(=O)CCCCN(Cc1cnc2nc(N)nc(N)c2n1)c1ccc(C(=O)NC(CCC(=O)OCC)C(=O)OCC)cc1,CHEMBL35552,Ki,nM,453.0,CHEMBL202,Ki,nM,453.0,HsDHFR (H. sapiens)
CHEMBL669875,CCc1nc(N)nc(N)c1-c1ccc(Cl)cc1,CHEMBL36,Ki,nM,8.0,CHEMBL202,Ki,uM,0.008,HsDHFR (H. sapiens)
CHEMBL669874,CCCCCCc1nc(N)nc(N)c1-c1ccccc1,CHEMBL416552,Ki,nM,15000.0,CHEMBL202,Ki,uM,15.0,HsDHFR (H. sapiens)
CHEMBL651328,Nc1nc(=O)c2c([nH]1)NCC(CNc1ccc(C(=O)N[C@@H](CCC(=O)O)C(=O)O)cc1)N2C=O,CHEMBL1679,Ki,nM,2370.0,CHEMBL202,Ki,uM,2.37,HsDHFR (H. sapiens)
CHEMBL830408,Nc1nc2[nH]cc(CCc3ccc(C(=O)N[C@@H](CCC(=O)O)C(=O)O)cc3)c2c(=O)[nH]1,CHEMBL225072,Ki,nM,7.0,CHEMBL202,Ki,nM,7.0,HsDHFR (H. sapiens)
CHEMBL912375,O=C1OC(c2ccc(O)cc2)(c2ccc(O)cc2)c2c1ccc1ccccc21,CHEMBL386685,Ki,nM,110000.0,CHEMBL202,Ki,uM,110.0,HsDHFR (H. sapiens)
CHEMBL912375,O=C1OC(c2ccc(O)c(F)c2)(c2ccc(O)c(F)c2)c2ccc(Cl)c3cccc1c23,CHEMBL217227,Ki,nM,12000.0,CHEMBL202,Ki,uM,12.0,HsDHFR (H. sapiens)
CHEMBL912375,O=C1OC(c2ccc(O)c(F)c2)(c2ccc(O)c(F)c2)c2cccc3cccc1c23,CHEMBL303171,Ki,nM,42000.0,CHEMBL202,Ki,uM,42.0,HsDHFR (H. sapiens)
CHEMBL912375,O=C1OC(c2ccc(O)c(Br)c2)(c2ccc(O)c(Br)c2)c2ccc(Cl)c3cccc1c23,CHEMBL216675,Ki,nM,13000.0,CHEMBL202,Ki,uM,13.0,HsDHFR (H. sapiens)
CHEMBL912375,O=C1OC(c2cc(Br)c(O)c(Br)c2)(c2cc(Br)c(O)c(Br)c2)c2cccc3cccc1c23,CHEMBL385891,Ki,nM,9500.0,CHEMBL202,Ki,uM,9.5,HsDHFR (H. sapiens)
CHEMBL912375,O=C1OC(c2ccc(O)c(Br)c2)(c2ccc(O)c(Br)c2)c2cccc3cccc1c23,CHEMBL387007,Ki,nM,15000.0,CHEMBL202,Ki,uM,15.0,HsDHFR (H. sapiens)
CHEMBL912375,O=C1OC(c2ccc(O)cc2)(c2ccc(O)c(Br)c2)c2cccc3cccc1c23,CHEMBL217765,Ki,nM,3400.0,CHEMBL202,Ki,uM,3.4,HsDHFR (H. sapiens)
CHEMBL912375,O=C1OC(c2cc(Cl)c(O)c(Cl)c2)(c2cc(Cl)c(O)c(Cl)c2)c2cccc3cccc1c23,CHEMBL386282,Ki,nM,28000.0,CHEMBL202,Ki,uM,28.0,HsDHFR (H. sapiens)
CHEMBL912375,O=C1OC(c2ccc(O)c(Cl)c2)(c2ccc(O)c(Cl)c2)c2cccc3cccc1c23,CHEMBL67116,Ki,nM,5200.0,CHEMBL202,Ki,uM,5.2,HsDHFR (H. sapiens)
CHEMBL912375,O=C1OC(c2ccc(O)c(I)c2)(c2ccc(O)c(I)c2)c2cccc3cccc1c23,CHEMBL385296,Ki,nM,94000.0,CHEMBL202,Ki,uM,94.0,HsDHFR (H. sapiens)
CHEMBL912375,O=C1OC(c2ccc(O)c(F)c2)(c2ccc(O)c(F)c2)c2ccc3ccccc3c21,CHEMBL411871,Ki,nM,109000.0,CHEMBL202,Ki,uM,109.0,HsDHFR (H. sapiens)
CHEMBL912375,O=C1OC(c2ccc(O)c(Cl)c2)(c2ccc(O)c(Cl)c2)c2ccc3ccccc3c21,CHEMBL217760,Ki,nM,35000.0,CHEMBL202,Ki,uM,35.0,HsDHFR (H. sapiens)
CHEMBL912375,Cc1cc(O)c(C(C)C)cc1C1(c2cc(C(C)C)c(O)cc2C)OC(=O)c2ccc3ccccc3c21,CHEMBL414689,Ki,nM,13000.0,CHEMBL202,Ki,uM,13.0,HsDHFR (H. sapiens)
CHEMBL912375,O=C1OC(c2cc(Br)c(O)c(Br)c2)(c2cc(Br)c(O)c(Br)c2)c2c1ccc1ccccc21,CHEMBL214872,Ki,nM,69000.0,CHEMBL202,Ki,uM,69.0,HsDHFR (H. sapiens)
CHEMBL912375,O=C1OC(c2ccc(O)c(Br)c2)(c2ccc(O)c(Br)c2)c2c1ccc1ccccc21,CHEMBL215133,Ki,nM,33000.0,CHEMBL202,Ki,uM,33.0,HsDHFR (H. sapiens)
CHEMBL912375,O=C1OC(c2ccc(O)c(I)c2)(c2ccc(O)c(I)c2)c2c1ccc1ccccc21,CHEMBL216560,Ki,nM,3900.0,CHEMBL202,Ki,uM,3.9,HsDHFR (H. sapiens)
CHEMBL912375,O=C1OC(c2ccc(O)cc2)(c2ccc(O)cc2)c2ccc3ccccc3c21,CHEMBL386442,Ki,nM,35000.0,CHEMBL202,Ki,uM,35.0,HsDHFR (H. sapiens)
CHEMBL919631,Nc1nc(N)c2nc(CNc3ccc4c(c3)CN([C@@H](CCC(=O)O)C(=O)O)C4=O)cnc2n1,CHEMBL390990,Ki,nM,0.034,CHEMBL202,Ki,pM,34.0,HsDHFR (H. sapiens)
CHEMBL919631,Nc1nc(N)c2nc(CNc3ccc4c(c3)CN(C(CCC(=O)O)C(=O)O)C4=O)cnc2n1,CHEMBL388501,Ki,nM,0.077,CHEMBL202,Ki,pM,77.0,HsDHFR (H. sapiens)
CHEMBL919631,CN(Cc1cnc2nc(N)nc(N)c2n1)c1ccc2c(c1)CN([C@@H](CCC(=O)O)C(=O)O)C2=O,CHEMBL224946,Ki,nM,2.1,CHEMBL202,Ki,pM,2100.0,HsDHFR (H. sapiens)
CHEMBL969384,COc1ccc(Nc2nc3cc(N)cc(N)c3nc2-c2ccccc2)cc1,CHEMBL518405,Ki,nM,1800.0,CHEMBL202,Ki,uM,1.8,HsDHFR (H. sapiens)
CHEMBL969384,COc1cc(Nc2nc3cc(N)cc(N)c3nc2-c2ccccc2)cc(OC)c1,CHEMBL464844,Ki,nM,600.0,CHEMBL202,Ki,uM,0.6,HsDHFR (H. sapiens)
CHEMBL969384,COc1cc(Nc2nc3cc(N)cc(N)c3nc2-c2ccccc2)cc(OC)c1OC,CHEMBL464504,Ki,nM,100.0,CHEMBL202,Ki,uM,0.1,HsDHFR (H. sapiens)
CHEMBL969384,CN(Cc1cnc2nc(N)nc(N)c2n1)c1ccc(C(=O)N[C@@H](CCC(=O)O)C(=O)O)cc1,CHEMBL34259,Ki,nM,4420.0,CHEMBL202,Ki,uM,4.42,HsDHFR (H. sapiens)
CHEMBL1038911,CN(Cc1cnc2nc(N)nc(N)c2n1)c1ccc(C(=O)N[C@@H](CCC(=O)O)C(=O)O)cc1,CHEMBL34259,Ki,nM,0.077,CHEMBL202,Ki,uM,0.000077,HsDHFR (H. sapiens)
CHEMBL1038911,COc1ccccc1/C(C)=C\c1coc2nc(N)nc(N)c12,CHEMBL606039,Ki,nM,500.0,CHEMBL202,Ki,uM,0.5,HsDHFR (H. sapiens)
CHEMBL1038911,COc1ccccc1/C(C)=C/c1coc2nc(N)nc(N)c12,CHEMBL610181,Ki,nM,1600.0,CHEMBL202,Ki,uM,1.6,HsDHFR (H. sapiens)
CHEMBL1038911,COc1cc(Cc2cnc(N)nc2N)cc(OC)c1OC,CHEMBL22,Ki,nM,4900.0,CHEMBL202,Ki,uM,4.9,HsDHFR (H. sapiens)
CHEMBL1038911,COc1ccccc1C(Cc1coc2nc(N)nc(N)c12)C1CC1,CHEMBL603198,Ki,nM,650.0,CHEMBL202,Ki,uM,0.65,HsDHFR (H. sapiens)
CHEMBL1038911,COc1ccccc1C(Cc1coc2nc(N)nc(N)c12)C(C)C,CHEMBL595757,Ki,nM,770.0,CHEMBL202,Ki,uM,0.77,HsDHFR (H. sapiens)
CHEMBL1038911,COc1ccccc1C(=Cc1coc2nc(=N)[nH]c(N)c12)C(C)C,CHEMBL594810,Ki,nM,830.0,CHEMBL202,Ki,uM,0.83,HsDHFR (H. sapiens)
CHEMBL1038911,CCC(C)C(=Cc1coc2nc(=N)[nH]c(N)c12)c1ccccc1OC,CHEMBL603849,Ki,nM,1100.0,CHEMBL202,Ki,uM,1.1,HsDHFR (H. sapiens)
CHEMBL1038911,COc1ccccc1C(=Cc1coc2nc(=N)[nH]c(N)c12)C1CC1,CHEMBL594320,Ki,nM,1300.0,CHEMBL202,Ki,uM,1.3,HsDHFR (H. sapiens)
CHEMBL1038911,CCCC(=Cc1coc2nc(=N)[nH]c(N)c12)c1ccccc1OC,CHEMBL595497,Ki,nM,1600.0,CHEMBL202,Ki,uM,1.6,HsDHFR (H. sapiens)
CHEMBL1038911,CCCC(Cc1coc2nc(N)nc(N)c12)c1ccccc1OC,CHEMBL605413,Ki,nM,2500.0,CHEMBL202,Ki,uM,2.5,HsDHFR (H. sapiens)
CHEMBL1038911,CCCCC(=Cc1coc2nc(=N)[nH]c(N)c12)c1ccccc1OC,CHEMBL604879,Ki,nM,4300.0,CHEMBL202,Ki,uM,4.3,HsDHFR (H. sapiens)
CHEMBL1038911,CCC(C)C(Cc1coc2nc(N)nc(N)c12)c1ccccc1OC,CHEMBL594339,Ki,nM,4600.0,CHEMBL202,Ki,uM,4.6,HsDHFR (H. sapiens)
CHEMBL1038911,COc1ccccc1C(Cc1coc2nc(N)nc(N)c12)CC(C)C,CHEMBL606362,Ki,nM,5300.0,CHEMBL202,Ki,uM,5.3,HsDHFR (H. sapiens)
CHEMBL1038911,COc1ccccc1C(=Cc1coc2nc(=N)[nH]c(N)c12)CC(C)C,CHEMBL593154,Ki,nM,11000.0,CHEMBL202,Ki,uM,11.0,HsDHFR (H. sapiens)
CHEMBL1038911,CCCCC(Cc1coc2nc(N)nc(N)c12)c1ccccc1OC,CHEMBL594790,Ki,nM,12000.0,CHEMBL202,Ki,uM,12.0,HsDHFR (H. sapiens)
CHEMBL1167427,COc1ccc(NCc2ccc3nc(N)nc(N)c3c2)cc1OC,CHEMBL1163286,Ki,nM,11.8,CHEMBL202,Ki,nM,11.8,HsDHFR (H. sapiens)
CHEMBL1167427,CCOC(=O)CCCOc1cc(NCc2ccc3nc(N)nc(N)c3c2)ccc1OC,CHEMBL1165388,Ki,nM,9.6,CHEMBL202,Ki,nM,9.6,HsDHFR (H. sapiens)
CHEMBL1167427,COC(=O)CCCCOc1cc(NCc2ccc3nc(N)nc(N)c3c2)ccc1OC,CHEMBL1165305,Ki,nM,13.0,CHEMBL202,Ki,nM,13.0,HsDHFR (H. sapiens)
CHEMBL1167427,COC(=O)c1ccc(COc2cc(NCc3ccc4nc(N)nc(N)c4c3)ccc2OC)cc1,CHEMBL1165306,Ki,nM,24.5,CHEMBL202,Ki,nM,24.5,HsDHFR (H. sapiens)
CHEMBL1167427,CCCN(Cc1ccc2nc(N)nc(N)c2c1)c1ccc(OC)c(OCCCCC(=O)OC)c1,CHEMBL1164234,Ki,nM,188.0,CHEMBL202,Ki,nM,188.0,HsDHFR (H. sapiens)
CHEMBL1167427,COc1ccc(NCc2ccc3nc(N)nc(N)c3c2)cc1OCCCC(=O)O,CHEMBL1164279,Ki,nM,49.8,CHEMBL202,Ki,nM,49.8,HsDHFR (H. sapiens)
CHEMBL1253093,Nc1nc2[nH]cc(CCc3ccc(C(=O)N[C@@H](CCC(=O)O)C(=O)O)cc3)c2c(=O)[nH]1,CHEMBL225072,Ki,nM,7.2,CHEMBL202,Ki,nM,7.2,HsDHFR (H. sapiens)
CHEMBL1260235,COc1ccc(OC)c(CNc2ccc3nc(N)nc(N)c3c2Cl)c1,CHEMBL138060,Ki,nM,10.2,CHEMBL202,Ki,nM,10.2,HsDHFR (H. sapiens)
CHEMBL1260235,CC1(C)N=C(N)N=C(N)N1OCCCOc1cc(Cl)c(Cl)cc1Cl,CHEMBL129788,Ki,nM,7.7,CHEMBL202,Ki,nM,7.7,HsDHFR (H. sapiens)
CHEMBL1260235,CCc1nc(N)nc(N)c1-c1ccc(Cl)cc1,CHEMBL36,Ki,nM,30.8,CHEMBL202,Ki,nM,30.8,HsDHFR (H. sapiens)
CHEMBL1260235,CC1(C)N=C(N)N=C(N)N1c1ccc(Cl)cc1,CHEMBL747,Ki,nM,55.6,CHEMBL202,Ki,nM,55.6,HsDHFR (H. sapiens)
CHEMBL1821392,CCOc1ccc(C(=O)N(CC)CC)cc1-c1cc2nc(N)nc(N)c2cc1C,CHEMBL1818129,Ki,nM,34.0,CHEMBL202,Ki,nM,34.0,HsDHFR (H. sapiens)
CHEMBL1821392,CCOc1ccc2ccccc2c1-c1cc2nc(N)nc(N)c2cc1C,CHEMBL1818128,Ki,nM,4.5,CHEMBL202,Ki,nM,4.5,HsDHFR (H. sapiens)
CHEMBL1821392,CCOc1ccc(-c2cccc(NS(C)(=O)=O)c2)cc1-c1ccc2c(N)nc(N)nc2c1,CHEMBL1818127,Ki,nM,5.8,CHEMBL202,Ki,nM,5.8,HsDHFR (H. sapiens)
CHEMBL1821392,CCOc1ccc(-c2cccnc2)cc1-c1ccc2c(N)nc(N)nc2c1,CHEMBL1818126,Ki,nM,10.1,CHEMBL202,Ki,nM,10.1,HsDHFR (H. sapiens)
CHEMBL1821392,CCOc1ccc2[nH]ccc2c1-c1cc2nc(N)nc(N)c2cc1C,CHEMBL1818125,Ki,nM,245.0,CHEMBL202,Ki,nM,245.0,HsDHFR (H. sapiens)
CHEMBL1821392,CCOc1ccc(Br)cc1-c1cc2nc(N)nc(N)c2cc1C,CHEMBL1818124,Ki,nM,11.1,CHEMBL202,Ki,nM,11.1,HsDHFR (H. sapiens)
CHEMBL1821392,CCOc1ccc(C)cc1-c1cc2nc(N)nc(N)c2cc1C,CHEMBL1818123,Ki,nM,22.2,CHEMBL202,Ki,nM,22.2,HsDHFR (H. sapiens)
CHEMBL1821392,CCOc1ccc(Cl)cc1-c1cc2nc(N)nc(N)c2cc1C,CHEMBL1818122,Ki,nM,11.1,CHEMBL202,Ki,nM,11.1,HsDHFR (H. sapiens)
CHEMBL1821392,CCOc1ccc(C=O)cc1-c1cc2nc(N)nc(N)c2cc1C,CHEMBL1818121,Ki,nM,12.0,CHEMBL202,Ki,nM,12.0,HsDHFR (H. sapiens)
CHEMBL1821392,CC(=O)c1cccc(-c2cc3nc(N)nc(N)c3cc2C)c1,CHEMBL1818120,Ki,nM,26.3,CHEMBL202,Ki,nM,26.3,HsDHFR (H. sapiens)
CHEMBL1821392,CC(=O)c1cccc(-c2ccc3c(N)nc(N)nc3c2)c1,CHEMBL1818119,Ki,nM,323.0,CHEMBL202,Ki,nM,323.0,HsDHFR (H. sapiens)
CHEMBL1821392,Cc1cc2c(N)nc(N)nc2cc1-c1ccccc1C(C)C,CHEMBL1818106,Ki,nM,20.9,CHEMBL202,Ki,nM,20.9,HsDHFR (H. sapiens)
CHEMBL1821392,CCOc1ccccc1-c1ccc2c(N)nc(N)nc2c1,CHEMBL1818118,Ki,nM,85.0,CHEMBL202,Ki,nM,85.0,HsDHFR (H. sapiens)
CHEMBL1821392,CCc1ccccc1-c1cc2nc(N)nc(N)c2cc1C,CHEMBL1818117,Ki,nM,41.1,CHEMBL202,Ki,nM,41.1,HsDHFR (H. sapiens)
CHEMBL1821392,Cc1ccccc1-c1cc2nc(N)nc(N)c2cc1C,CHEMBL1818116,Ki,nM,95.6,CHEMBL202,Ki,nM,95.6,HsDHFR (H. sapiens)
CHEMBL1821392,COc1ccc(OC)c(-c2cc3nc(N)nc(N)c3cc2C)c1,CHEMBL1818115,Ki,nM,27.5,CHEMBL202,Ki,nM,27.5,HsDHFR (H. sapiens)
CHEMBL1821392,COc1ccc(-c2cc3nc(N)nc(N)c3cc2C)cc1OC,CHEMBL1818114,Ki,nM,12.2,CHEMBL202,Ki,nM,12.2,HsDHFR (H. sapiens)
CHEMBL1821392,COc1ccccc1-c1ccc2c(N)nc(N)nc2c1,CHEMBL1818113,Ki,nM,1138.0,CHEMBL202,Ki,nM,1138.0,HsDHFR (H. sapiens)
CHEMBL1821392,Cc1cc2c(N)nc(N)nc2cc1-c1ccc(S(C)(=O)=O)cc1,CHEMBL1818112,Ki,nM,44.1,CHEMBL202,Ki,nM,44.1,HsDHFR (H. sapiens)
CHEMBL1821392,CS(=O)(=O)c1ccc(-c2ccc3c(N)nc(N)nc3c2)cc1,CHEMBL1818111,Ki,nM,253.0,CHEMBL202,Ki,nM,253.0,HsDHFR (H. sapiens)
CHEMBL1821392,Cc1cc2c(N)nc(N)nc2cc1-c1ccc(N)cc1,CHEMBL1818110,Ki,nM,138.0,CHEMBL202,Ki,nM,138.0,HsDHFR (H. sapiens)
CHEMBL1821392,Nc1ccc(-c2ccc3c(N)nc(N)nc3c2)cc1,CHEMBL1818109,Ki,nM,702.0,CHEMBL202,Ki,nM,702.0,HsDHFR (H. sapiens)
CHEMBL1821392,COc1cc(Cc2cnc(N)nc2N)cc(OC)c1OC,CHEMBL22,Ki,nM,19070.0,CHEMBL202,Ki,nM,19070.0,HsDHFR (H. sapiens)
CHEMBL1821392,COc1cc(Cc2cnc(N)nc2N)c2c(c1OC)OC(C1CC1)C=C2,CHEMBL134561,Ki,nM,775.0,CHEMBL202,Ki,nM,775.0,HsDHFR (H. sapiens)
CHEMBL1821392,Nc1nc(N)c2ccc(-c3ccccc3)cc2n1,CHEMBL1818107,Ki,nM,743.0,CHEMBL202,Ki,nM,743.0,HsDHFR (H. sapiens)
CHEMBL1821392,Cc1cc2c(N)nc(N)nc2cc1-c1ccccc1,CHEMBL1818108,Ki,nM,129.0,CHEMBL202,Ki,nM,129.0,HsDHFR (H. sapiens)
CHEMBL2185821,Nc1nc(N)c2nc(CNc3ccc(C(=O)N4CCC(C(=O)O)CC4)cc3)cnc2n1,CHEMBL2178604,Ki,nM,590.0,CHEMBL202,Ki,nM,590.0,HsDHFR (H. sapiens)
CHEMBL2185821,CCc1ccc(NCc2cnc3nc(N)nc(N)c3n2)cc1C(=O)N1CCC(C(=O)OC)CC1,CHEMBL2178603,Ki,nM,4680.0,CHEMBL202,Ki,nM,4680.0,HsDHFR (H. sapiens)
CHEMBL2185821,COC(=O)C1CCN(C(=O)c2ccc(N(CCO)Cc3cnc4nc(N)nc(N)c4n3)cc2)CC1,CHEMBL2178602,Ki,nM,4330.0,CHEMBL202,Ki,nM,4330.0,HsDHFR (H. sapiens)
CHEMBL2185821,NC(=O)C1CCN(C(=O)c2ccc(NCc3cnc4nc(N)nc(N)c4n3)cc2)CC1,CHEMBL2178599,Ki,nM,15430.0,CHEMBL202,Ki,nM,15430.0,HsDHFR (H. sapiens)
CHEMBL2185821,COC(=O)C1CCN(C(=O)c2ccc(N(C)Cc3cnc4nc(N)nc(N)c4n3)cc2)CC1,CHEMBL1232702,Ki,nM,800.0,CHEMBL202,Ki,nM,800.0,HsDHFR (H. sapiens)
CHEMBL2185821,COC(=O)C1CCN(C(=O)c2ccc(NCc3cnc4nc(N)nc(N)c4n3)cc2)CC1,CHEMBL1232399,Ki,nM,10000.0,CHEMBL202,Ki,nM,10000.0,HsDHFR (H. sapiens)
CHEMBL2185821,CN(Cc1cnc2nc(N)nc(N)c2n1)c1ccc(C(=O)N[C@@H](CCC(=O)O)C(=O)O)cc1,CHEMBL34259,Ki,nM,0.00034,CHEMBL202,Ki,nM,0.00034,HsDHFR (H. sapiens)
CHEMBL3122687,C#CCN(Cc1nc2cc(C(F)(F)F)ccc2nc1-c1ccccc1)c1ccc(CC(=O)OCC)cc1,CHEMBL3121457,Ki,nM,3000.0,CHEMBL202,Ki,uM,3.0,HsDHFR (H. sapiens)
CHEMBL3122687,C#CCN(Cc1nc2cc(C(F)(F)F)ccc2nc1-c1ccccc1)c1cc(OC)c(OC)c(OC)c1,CHEMBL3121455,Ki,nM,4000.0,CHEMBL202,Ki,uM,4.0,HsDHFR (H. sapiens)
CHEMBL3122687,C#CCN(Cc1nc2cc(C(F)(F)F)ccc2nc1-c1ccccc1)c1ccc(OC)c(OC)c1,CHEMBL3121454,Ki,nM,3000.0,CHEMBL202,Ki,uM,3.0,HsDHFR (H. sapiens)
CHEMBL3122687,C#CCN(Cc1nc2cc(C(F)(F)F)ccc2nc1-c1ccccc1)c1ccc(F)c(F)c1,CHEMBL3121453,Ki,nM,8000.0,CHEMBL202,Ki,uM,8.0,HsDHFR (H. sapiens)
CHEMBL3122687,C#CCN(Cc1nc2cc(C(F)(F)F)ccc2nc1-c1ccccc1)c1ccc(OC(F)(F)F)cc1,CHEMBL3121452,Ki,nM,4000.0,CHEMBL202,Ki,uM,4.0,HsDHFR (H. sapiens)
CHEMBL3122687,C#CCN(Cc1nc2cc(C(F)(F)F)ccc2nc1-c1ccccc1)c1ccc(OC)cc1,CHEMBL3121451,Ki,nM,3000.0,CHEMBL202,Ki,uM,3.0,HsDHFR (H. sapiens)
CHEMBL3122687,C#CCN(Cc1nc2cc(C(F)(F)F)ccc2nc1-c1ccccc1)c1ccc(F)cc1,CHEMBL3121450,Ki,nM,8000.0,CHEMBL202,Ki,uM,8.0,HsDHFR (H. sapiens)
CHEMBL3122687,C#CCN(Cc1nc2cc(C(F)(F)F)ccc2nc1-c1ccccc1)c1ccc(Cl)cc1,CHEMBL3121449,Ki,nM,4000.0,CHEMBL202,Ki,uM,4.0,HsDHFR (H. sapiens)
CHEMBL3122687,C#CCN(Cc1nc2cc(C(F)(F)F)ccc2nc1-c1ccccc1)c1ccccc1Cl,CHEMBL3121448,Ki,nM,2000.0,CHEMBL202,Ki,uM,2.0,HsDHFR (H. sapiens)
CHEMBL3122687,C#CCN(Cc1nc2cc(C(F)(F)F)ccc2nc1-c1ccccc1)c1ccc(C)cc1,CHEMBL3121447,Ki,nM,6000.0,CHEMBL202,Ki,uM,6.0,HsDHFR (H. sapiens)
CHEMBL3122687,CCOC(=O)CC[C@H](NC(=O)c1ccc(N(CC)Cc2nc3cc(C(F)(F)F)ccc3nc2-c2ccccc2)cc1)C(=O)OCC,CHEMBL3121446,Ki,nM,4000.0,CHEMBL202,Ki,uM,4.0,HsDHFR (H. sapiens)
CHEMBL3122687,CCOC(=O)Cc1ccc(N(CC)Cc2nc3cc(C(F)(F)F)ccc3nc2-c2ccccc2)cc1,CHEMBL3121445,Ki,nM,3000.0,CHEMBL202,Ki,uM,3.0,HsDHFR (H. sapiens)
CHEMBL3122687,CCN(Cc1nc2cc(C(F)(F)F)ccc2nc1-c1ccccc1)c1cc(OC)c(OC)c(OC)c1,CHEMBL3121444,Ki,nM,6000.0,CHEMBL202,Ki,uM,6.0,HsDHFR (H. sapiens)
CHEMBL3122687,CCN(Cc1nc2cc(C(F)(F)F)ccc2nc1-c1ccccc1)c1ccc(OC)c(OC)c1,CHEMBL3121443,Ki,nM,4000.0,CHEMBL202,Ki,uM,4.0,HsDHFR (H. sapiens)
CHEMBL3122687,CCN(Cc1nc2cc(C(F)(F)F)ccc2nc1-c1ccccc1)c1ccc(F)c(F)c1,CHEMBL3121442,Ki,nM,5000.0,CHEMBL202,Ki,uM,5.0,HsDHFR (H. sapiens)
CHEMBL3122687,CCN(Cc1nc2cc(C(F)(F)F)ccc2nc1-c1ccccc1)c1ccc(OC(F)(F)F)cc1,CHEMBL3121471,Ki,nM,5000.0,CHEMBL202,Ki,uM,5.0,HsDHFR (H. sapiens)
CHEMBL3122687,CCN(Cc1nc2cc(C(F)(F)F)ccc2nc1-c1ccccc1)c1ccc(OC)cc1,CHEMBL3121470,Ki,nM,7000.0,CHEMBL202,Ki,uM,7.0,HsDHFR (H. sapiens)
CHEMBL3122687,CCN(Cc1nc2cc(C(F)(F)F)ccc2nc1-c1ccccc1)c1ccc(F)cc1,CHEMBL3121469,Ki,nM,3000.0,CHEMBL202,Ki,uM,3.0,HsDHFR (H. sapiens)
CHEMBL3122687,CCN(Cc1nc2cc(C(F)(F)F)ccc2nc1-c1ccccc1)c1ccc(Cl)cc1,CHEMBL3121468,Ki,nM,3000.0,CHEMBL202,Ki,uM,3.0,HsDHFR (H. sapiens)
CHEMBL3122687,CCN(Cc1nc2cc(C(F)(F)F)ccc2nc1-c1ccccc1)c1ccc(C)cc1,CHEMBL3121467,Ki,nM,4000.0,CHEMBL202,Ki,uM,4.0,HsDHFR (H. sapiens)
CHEMBL3122687,Cc1ccc(N(C)Cc2nc3cc(C(F)(F)F)ccc3nc2-c2ccccc2)cc1,CHEMBL3121466,Ki,nM,11000.0,CHEMBL202,Ki,uM,11.0,HsDHFR (H. sapiens)
CHEMBL3122687,COc1cc(N(C)Cc2nc3cc(C(F)(F)F)ccc3nc2-c2ccccc2)cc(OC)c1OC,CHEMBL3121464,Ki,nM,5000.0,CHEMBL202,Ki,uM,5.0,HsDHFR (H. sapiens)
CHEMBL3122687,COc1ccc(N(C)Cc2nc3cc(C(F)(F)F)ccc3nc2-c2ccccc2)cc1OC,CHEMBL3121463,Ki,nM,8000.0,CHEMBL202,Ki,uM,8.0,HsDHFR (H. sapiens)
CHEMBL3122687,CN(Cc1nc2cc(C(F)(F)F)ccc2nc1-c1ccccc1)c1ccc(F)c(F)c1,CHEMBL3121462,Ki,nM,4000.0,CHEMBL202,Ki,uM,4.0,HsDHFR (H. sapiens)
CHEMBL3122687,CN(Cc1nc2cc(C(F)(F)F)ccc2nc1-c1ccccc1)c1ccc(OC(F)(F)F)cc1,CHEMBL3121461,Ki,nM,3000.0,CHEMBL202,Ki,uM,3.0,HsDHFR (H. sapiens)
CHEMBL3122687,COc1ccc(N(C)Cc2nc3cc(C(F)(F)F)ccc3nc2-c2ccccc2)cc1,CHEMBL3121460,Ki,nM,3000.0,CHEMBL202,Ki,uM,3.0,HsDHFR (H. sapiens)
CHEMBL3122687,CN(Cc1nc2cc(C(F)(F)F)ccc2nc1-c1ccccc1)c1ccc(F)cc1,CHEMBL3121459,Ki,nM,5000.0,CHEMBL202,Ki,uM,5.0,HsDHFR (H. sapiens)
CHEMBL3122687,CN(Cc1nc2cc(C(F)(F)F)ccc2nc1-c1ccccc1)c1ccc(Cl)cc1,CHEMBL3121458,Ki,nM,5000.0,CHEMBL202,Ki,uM,5.0,HsDHFR (H. sapiens)
CHEMBL3122687,CCOC(=O)CC[C@H](NC(=O)c1ccc(N(C)Cc2nc3cc(C(F)(F)F)ccc3nc2-c2ccccc2)cc1)C(=O)OCC,CHEMBL3121472,Ki,nM,200.0,CHEMBL202,Ki,uM,0.2,HsDHFR (H. sapiens)
CHEMBL3130225,COc1ccc(-c2nc3cc(C)c(C)cc3n2-c2ccc3c(N)nc(N)nc3c2)cc1,CHEMBL3127915,Ki,nM,2299.0,CHEMBL202,Ki,nM,2299.0,HsDHFR (H. sapiens)
CHEMBL3130225,Cc1cc2nc(-c3ccncc3)n(-c3ccc4c(N)nc(N)nc4c3)c2cc1C,CHEMBL3127914,Ki,nM,437.0,CHEMBL202,Ki,nM,437.0,HsDHFR (H. sapiens)
CHEMBL3130225,Cc1cc2nc(-c3cccnc3)n(-c3ccc4c(N)nc(N)nc4c3)c2cc1C,CHEMBL3127913,Ki,nM,1564.0,CHEMBL202,Ki,nM,1564.0,HsDHFR (H. sapiens)
CHEMBL3130225,Cc1cc2nc(-c3ccccn3)n(-c3ccc4c(N)nc(N)nc4c3)c2cc1C,CHEMBL3127912,Ki,nM,572.0,CHEMBL202,Ki,nM,572.0,HsDHFR (H. sapiens)
CHEMBL3130225,Cc1cc2nc(-c3cncn3C)n(-c3ccc4c(N)nc(N)nc4c3)c2cc1C,CHEMBL3128027,Ki,nM,2922.0,CHEMBL202,Ki,nM,2922.0,HsDHFR (H. sapiens)
CHEMBL3130225,Cc1cc2nc(-c3ccsc3)n(-c3ccc4c(N)nc(N)nc4c3)c2cc1C,CHEMBL3128026,Ki,nM,663.0,CHEMBL202,Ki,nM,663.0,HsDHFR (H. sapiens)
CHEMBL3130225,Cc1cc2nc(-c3cccs3)n(-c3ccc4c(N)nc(N)nc4c3)c2cc1C,CHEMBL3128025,Ki,nM,1026.0,CHEMBL202,Ki,nM,1026.0,HsDHFR (H. sapiens)
CHEMBL3130225,Cc1cc2nc(-c3ccoc3)n(-c3ccc4c(N)nc(N)nc4c3)c2cc1C,CHEMBL3128024,Ki,nM,723.0,CHEMBL202,Ki,nM,723.0,HsDHFR (H. sapiens)
CHEMBL3130225,Cc1cc2nc(-c3ccco3)n(-c3ccc4c(N)nc(N)nc4c3)c2cc1C,CHEMBL3128023,Ki,nM,943.0,CHEMBL202,Ki,nM,943.0,HsDHFR (H. sapiens)
CHEMBL3130225,Cc1cc2nc(-c3cscn3)n(-c3ccc4c(N)nc(N)nc4c3)c2cc1C,CHEMBL3128022,Ki,nM,1101.0,CHEMBL202,Ki,nM,1101.0,HsDHFR (H. sapiens)
CHEMBL3130225,Cc1cc2nc(-c3nccs3)n(-c3ccc4c(N)nc(N)nc4c3)c2cc1C,CHEMBL3128021,Ki,nM,93.0,CHEMBL202,Ki,nM,93.0,HsDHFR (H. sapiens)
CHEMBL3130225,Cc1cc2ncn(-c3ccc4c(N)nc(N)nc4c3)c2cc1C,CHEMBL3128020,Ki,nM,1607.0,CHEMBL202,Ki,nM,1607.0,HsDHFR (H. sapiens)
CHEMBL3130225,COc1cc(Cc2cnc(N)nc2N)c2c(c1OC)OC(C1CC1)C=C2,CHEMBL134561,Ki,nM,775.0,CHEMBL202,Ki,nM,775.0,HsDHFR (H. sapiens)
CHEMBL3130225,COc1cc(Cc2cnc(N)nc2N)cc(OC)c1OC,CHEMBL22,Ki,nM,19070.0,CHEMBL202,Ki,nM,19070.0,HsDHFR (H. sapiens)
CHEMBL3130225,COc1cc2nc(-c3ccccn3)n(-c3ccc4c(N)nc(N)nc4c3)c2cc1OC,CHEMBL3127910,Ki,nM,841.0,CHEMBL202,Ki,nM,841.0,HsDHFR (H. sapiens)
CHEMBL3130225,COc1cc2nc(-c3ccco3)n(-c3cc4nc(N)nc(N)c4cc3Cl)c2cc1OC,CHEMBL3127909,Ki,nM,610.0,CHEMBL202,Ki,nM,610.0,HsDHFR (H. sapiens)
CHEMBL3130225,COc1cc2nc(-c3nccs3)n(-c3cc4nc(N)nc(N)c4cc3Cl)c2cc1OC,CHEMBL3128018,Ki,nM,320.0,CHEMBL202,Ki,nM,320.0,HsDHFR (H. sapiens)
CHEMBL3130225,COc1cc2nc(-c3nccs3)n(-c3cc4nc(N)nc(N)c4cc3C)c2cc1OC,CHEMBL3128017,Ki,nM,170.0,CHEMBL202,Ki,nM,170.0,HsDHFR (H. sapiens)
CHEMBL3130225,COc1cc2nc(-c3nccs3)n(-c3ccc4c(N)nc(N)nc4c3)c2cc1OC,CHEMBL3128016,Ki,nM,854.0,CHEMBL202,Ki,nM,854.0,HsDHFR (H. sapiens)
CHEMBL3130225,Cc1cc2nc(-c3nccs3)n(-c3cc4nc(N)nc(N)c4cc3Cl)c2cc1C,CHEMBL3128014,Ki,nM,7.6,CHEMBL202,Ki,nM,7.6,HsDHFR (H. sapiens)
CHEMBL3130225,Cc1cc2nc(-c3nccs3)n(-c3cc4nc(N)nc(N)c4cc3C)c2cc1C,CHEMBL3128013,Ki,nM,2.9,CHEMBL202,Ki,nM,2.9,HsDHFR (H. sapiens)
CHEMBL3130225,Cc1cc2nc(C3CCCO3)n(-c3ccc4c(N)nc(N)nc4c3)c2cc1C,CHEMBL3127919,Ki,nM,749.0,CHEMBL202,Ki,nM,749.0,HsDHFR (H. sapiens)
CHEMBL3130225,Cc1cc2nc(N3CCOCC3)n(-c3ccc4c(N)nc(N)nc4c3)c2cc1C,CHEMBL3127917,Ki,nM,1086.0,CHEMBL202,Ki,nM,1086.0,HsDHFR (H. sapiens)
CHEMBL3130225,Cc1cc2nc(C3CC3)n(-c3ccc4c(N)nc(N)nc4c3)c2cc1C,CHEMBL3127916,Ki,nM,1164.0,CHEMBL202,Ki,nM,1164.0,HsDHFR (H. sapiens)
CHEMBL3369565,COc1cc(Cc2cnc(N)nc2N)cc(OC)c1OC,CHEMBL22,Ki,nM,0.006,CHEMBL202,Ki,pM,6.0,HsDHFR (H. sapiens)
CHEMBL3412567,Nc1nc(N)c2cc(CNc3cc(Cl)ccc3Cl)cnc2n1,CHEMBL145979,Ki,nM,24.4,CHEMBL202,Ki,nM,24.4,HsDHFR (H. sapiens)
CHEMBL3705472,COc1ccc(CO)cc1-c1cc2nc(N)nc(N)c2cc1C,CHEMBL3681399,Ki,nM,27.5,CHEMBL202,Ki,nM,27.5,HsDHFR (H. sapiens)
CHEMBL3705472,Cc1c(C(=O)OC(C)(C)C)nc(-c2cccs2)n1-c1ccc2c(N)nc(N)nc2c1,CHEMBL3686070,Ki,nM,1913.0,CHEMBL202,Ki,nM,1913.0,HsDHFR (H. sapiens)
CHEMBL3705472,Cc1cc2nc(-c3nccs3)n(-c3ccc4c(N)nc(N)nc4c3)c2cc1C,CHEMBL3128021,Ki,nM,93.5,CHEMBL202,Ki,nM,93.5,HsDHFR (H. sapiens)
CHEMBL3705472,Cc1cc2nc(-c3ccsc3)n(-c3ccc4c(N)nc(N)nc4c3)c2cc1C,CHEMBL3128026,Ki,nM,663.0,CHEMBL202,Ki,nM,663.0,HsDHFR (H. sapiens)
CHEMBL3705472,Cc1cc2c(N)nc(N)nc2cc1-c1ccc(N)cc1,CHEMBL1818110,Ki,nM,138.0,CHEMBL202,Ki,nM,138.0,HsDHFR (H. sapiens)
CHEMBL3705472,COc1cnc(Cl)cc1-c1cc2nc(N)nc(N)c2cc1C,CHEMBL3686069,Ki,nM,52.4,CHEMBL202,Ki,nM,52.4,HsDHFR (H. sapiens)
CHEMBL3705472,COc1ccc2nc(SCCC(C)(F)F)n(-c3ccc4c(N)nc(N)nc4c3)c2c1,CHEMBL3681406,Ki,nM,586.0,CHEMBL202,Ki,nM,586.0,HsDHFR (H. sapiens)
CHEMBL3705472,CC(=O)c1cccc(-c2ccc3c(N)nc(N)nc3c2)c1,CHEMBL1818119,Ki,nM,323.0,CHEMBL202,Ki,nM,323.0,HsDHFR (H. sapiens)
CHEMBL3705472,COc1ccc2nc(-c3ccco3)n(-c3ccc4c(N)nc(N)nc4c3)c2n1,CHEMBL3686068,Ki,nM,797.0,CHEMBL202,Ki,nM,797.0,HsDHFR (H. sapiens)
CHEMBL3705472,Cc1cc2c(N)nc(N)nc2cc1-c1cccc2[nH]ccc12,CHEMBL3681400,Ki,nM,245.0,CHEMBL202,Ki,nM,245.0,HsDHFR (H. sapiens)
CHEMBL3705472,Cc1cc2nc(-c3nccs3)n(-c3cc4nc(N)nc(N)c4cc3Cl)c2cc1C,CHEMBL3128014,Ki,nM,8.8,CHEMBL202,Ki,nM,8.8,HsDHFR (H. sapiens)
CHEMBL3705472,COC(=O)c1ccc2c(c1)nc(-c1nccs1)n2-c1ccc2c(N)nc(N)nc2c1,CHEMBL3681412,Ki,nM,53.1,CHEMBL202,Ki,nM,53.1,HsDHFR (H. sapiens)
CHEMBL3705472,Nc1nc(N)c2cc(Cn3ccnc3)c(-c3ccc(CO)c(CO)c3)cc2n1,CHEMBL3681401,Ki,nM,53.6,CHEMBL202,Ki,nM,53.6,HsDHFR (H. sapiens)
CHEMBL3705472,COc1cc(-c2cc3nc(N)nc(N)c3cc2C)cc(OC)c1OC,CHEMBL3681413,Ki,nM,47.1,CHEMBL202,Ki,nM,47.1,HsDHFR (H. sapiens)
CHEMBL3705472,Cc1cc2nc(C3CC3)n(-c3ccc4c(N)nc(N)nc4c3)c2cc1C,CHEMBL3127916,Ki,nM,1164.0,CHEMBL202,Ki,nM,1164.0,HsDHFR (H. sapiens)
CHEMBL3705472,CC(=O)c1cccc(-c2cc3nc(N)nc(N)c3cc2C)c1,CHEMBL1818120,Ki,nM,26.3,CHEMBL202,Ki,nM,26.3,HsDHFR (H. sapiens)
CHEMBL3705472,CCOc1ccc(-c2cccc(NS(C)(=O)=O)c2)cc1-c1ccc2c(N)nc(N)nc2c1,CHEMBL1818127,Ki,nM,5.8,CHEMBL202,Ki,nM,5.8,HsDHFR (H. sapiens)
CHEMBL3705472,COc1cc2c(cc1CO)nc(-c1nccs1)n2-c1cc2nc(N)nc(N)c2cc1C,CHEMBL3681408,Ki,nM,170.0,CHEMBL202,Ki,nM,170.0,HsDHFR (H. sapiens)
CHEMBL3705472,Cc1cc2nc(-c3nccs3)n(-c3cc4nc(N)nc(N)c4cc3Cl)c2cc1C,CHEMBL3128014,Ki,nM,7.6,CHEMBL202,Ki,nM,7.6,HsDHFR (H. sapiens)
CHEMBL3705472,CCOc1ccc2ccccc2c1-c1cc2nc(N)nc(N)c2cc1C,CHEMBL1818128,Ki,nM,4.5,CHEMBL202,Ki,nM,4.5,HsDHFR (H. sapiens)
CHEMBL3705472,Cc1cc2nc(-c3ccc4c(N)nc(N)nc4c3)n(CCCO)c2cc1C,CHEMBL3681405,Ki,nM,263.0,CHEMBL202,Ki,nM,263.0,HsDHFR (H. sapiens)
CHEMBL3705472,Cc1ccc2c(c1)nc(-c1cccs1)n2-c1ccc2c(N)nc(N)nc2c1,CHEMBL3686067,Ki,nM,314.0,CHEMBL202,Ki,nM,314.0,HsDHFR (H. sapiens)
CHEMBL3705472,CCOc1ccc(C(=O)N(CC)CC)cc1-c1cc2nc(N)nc(N)c2cc1C,CHEMBL1818129,Ki,nM,34.0,CHEMBL202,Ki,nM,34.0,HsDHFR (H. sapiens)
CHEMBL3705472,COc1cc2c(cc1CO)nc(-c1nccs1)n2-c1ccc2c(N)nc(N)nc2c1,CHEMBL3681414,Ki,nM,854.0,CHEMBL202,Ki,nM,854.0,HsDHFR (H. sapiens)
CHEMBL3705472,Cc1cc2c(N)nc(N)nc2cc1-c1c[nH]c2ccccc12,CHEMBL3686071,Ki,nM,50.5,CHEMBL202,Ki,nM,50.5,HsDHFR (H. sapiens)
CHEMBL3705472,COc1ccccc1-c1ccc2c(N)nc(N)nc2c1,CHEMBL1818113,Ki,nM,1138.0,CHEMBL202,Ki,nM,1138.0,HsDHFR (H. sapiens)
CHEMBL3705472,COc1ccc(OC)c(-c2ccc3c(N)nc(N)nc3c2)c1,CHEMBL3681398,Ki,nM,345.0,CHEMBL202,Ki,nM,345.0,HsDHFR (H. sapiens)
CHEMBL3705472,[C-]#[N+]c1cc(N)cc(-c2cc3nc(N)nc(N)c3cc2C)c1,CHEMBL3681403,Ki,nM,44.0,CHEMBL202,Ki,nM,44.0,HsDHFR (H. sapiens)
CHEMBL3705472,Nc1ccc(-c2ccc3c(N)nc(N)nc3c2)cc1,CHEMBL1818109,Ki,nM,702.0,CHEMBL202,Ki,nM,702.0,HsDHFR (H. sapiens)
CHEMBL3705472,Cc1cc2nc(-c3ccco3)n(-c3ccc4c(N)nc(N)nc4c3)c2cc1C,CHEMBL3128023,Ki,nM,943.0,CHEMBL202,Ki,nM,943.0,HsDHFR (H. sapiens)
CHEMBL3705472,Cc1cc2nc(-c3nccs3)n(-c3cc4nc(N)nc(N)c4cc3C)c2cc1C,CHEMBL3128013,Ki,nM,2.9,CHEMBL202,Ki,nM,2.9,HsDHFR (H. sapiens)
CHEMBL3705472,[C-]#[N+]Cc1cccc(-c2cc3nc(N)nc(N)c3cc2C)c1,CHEMBL3681404,Ki,nM,44.0,CHEMBL202,Ki,nM,44.0,HsDHFR (H. sapiens)
CHEMBL3705472,Cc1cc2nc(-c3ccccn3)n(-c3ccc4c(N)nc(N)nc4c3)c2cc1C,CHEMBL3127912,Ki,nM,572.0,CHEMBL202,Ki,nM,572.0,HsDHFR (H. sapiens)
CHEMBL3705472,COc1cc2c(cc1CO)nc(-c1nccs1)n2-c1cc2nc(N)nc(N)c2cc1Cl,CHEMBL3681407,Ki,nM,320.0,CHEMBL202,Ki,nM,320.0,HsDHFR (H. sapiens)
CHEMBL3705472,Nc1nc(N)c2ccc(-c3ccccc3N)cc2n1,CHEMBL3681397,Ki,nM,3922.0,CHEMBL202,Ki,nM,3922.0,HsDHFR (H. sapiens)
CHEMBL3705472,COc1nc(CO)ncc1-c1cc2nc(N)nc(N)c2cc1C,CHEMBL3681411,Ki,nM,54.7,CHEMBL202,Ki,nM,54.7,HsDHFR (H. sapiens)
CHEMBL3705472,Cc1cc2nc(N3CCOCC3)n(-c3ccc4c(N)nc(N)nc4c3)c2cc1C,CHEMBL3127917,Ki,nM,1086.0,CHEMBL202,Ki,nM,1086.0,HsDHFR (H. sapiens)
CHEMBL3705472,Cc1cc2c(N)nc(N)nc2cc1-c1cc(CO)ncc1Cl,CHEMBL3681410,Ki,nM,56.0,CHEMBL202,Ki,nM,56.0,HsDHFR (H. sapiens)
CHEMBL3705472,[C-]#[N+]c1cccc(-c2cc3nc(N)nc(N)c3cc2C)c1,CHEMBL3681402,Ki,nM,55.0,CHEMBL202,Ki,nM,55.0,HsDHFR (H. sapiens)
CHEMBL3705472,Cc1cc2c(N)nc(N)nc2cc1-c1cnc2[nH]ccc2c1,CHEMBL3681409,Ki,nM,235.0,CHEMBL202,Ki,nM,235.0,HsDHFR (H. sapiens)
CHEMBL3705472,Cc1cc2nc(-c3cccs3)n(-c3ccc4c(N)nc(N)nc4c3)c2cc1C,CHEMBL3128025,Ki,nM,1026.0,CHEMBL202,Ki,nM,1026.0,HsDHFR (H. sapiens)
CHEMBL3738282,CCC(CC)n1c(C)cc2c3c(N)nc(N)nc3ccc21,CHEMBL170758,Ki,nM,0.0003,CHEMBL202,Ki,pM,0.3,HsDHFR (H. sapiens)
CHEMBL3738282,Nc1nc(N)c2c(ccc3[nH]ccc32)n1,CHEMBL353764,Ki,nM,1.0,CHEMBL202,Ki,nM,1.0,HsDHFR (H. sapiens)
CHEMBL3789540,O=C1Nc2ccccc2/C1=C/c1cn(CC(O)Cn2cc(/C=C3\C(=O)Nc4ccccc43)c3ccccc32)c2ccccc12,CHEMBL3787137,Ki,nM,5.83,CHEMBL202,Ki,10'-3microM,5.83,HsDHFR (H. sapiens)
CHEMBL3829095,CCc1nc(N)nc(N)c1C#CCc1cc(-c2ccccc2C(=O)O)ccc1OC,CHEMBL3827086,Ki,nM,2494.9,CHEMBL202,Ki,nM,2494.9,HsDHFR (H. sapiens)
CHEMBL3829095,CCc1nc(N)nc(N)c1C#CCc1cc(-c2cccc(C(=O)O)c2)ccc1OC.O=C(O)C(F)(F)F,CHEMBL3828724,Ki,nM,346.15,CHEMBL202,Ki,nM,346.15,HsDHFR (H. sapiens)
CHEMBL3829095,CCc1nc(N)nc(N)c1C#CCc1cc(-c2ccc(C(=O)O)cc2)ccc1OC,CHEMBL3827532,Ki,nM,200.77,CHEMBL202,Ki,nM,200.77,HsDHFR (H. sapiens)
CHEMBL3829095,CCc1nc(N)nc(N)c1C#CCc1cc(OC)cc(-c2ccc(C(=O)O)cc2)c1.O=C(O)C(F)(F)F,CHEMBL3828291,Ki,nM,158.77,CHEMBL202,Ki,nM,158.77,HsDHFR (H. sapiens)
CHEMBL3829095,CC(=O)O.CCc1nc(N)nc(N)c1C#C[C@H](C)c1cc(-c2ccc(C(=O)O)cc2)ccc1OC,CHEMBL3827326,Ki,nM,376.62,CHEMBL202,Ki,nM,376.62,HsDHFR (H. sapiens)
CHEMBL3829095,CC(=O)O.CCc1nc(N)nc(N)c1C#C[C@@H](C)c1cc(-c2ccc(C(=O)O)cc2)ccc1OC,CHEMBL3827760,Ki,nM,451.15,CHEMBL202,Ki,nM,451.15,HsDHFR (H. sapiens)
CHEMBL3829095,CCc1nc(N)nc(N)c1C#C[C@H](C)c1cc(OC)cc(-c2ccc(C(=O)O)cc2)c1,CHEMBL3828485,Ki,nM,234.23,CHEMBL202,Ki,nM,234.23,HsDHFR (H. sapiens)
CHEMBL3829095,CCc1nc(N)nc(N)c1C#C[C@@H](C)c1cc(OC)cc(-c2ccc(C(=O)O)cc2)c1,CHEMBL3828581,Ki,nM,388.62,CHEMBL202,Ki,nM,388.62,HsDHFR (H. sapiens)
CHEMBL3829095,COc1cc(Cc2cnc(N)nc2N)cc(OC)c1OC,CHEMBL22,Ki,nM,45783.5,CHEMBL202,Ki,nM,45783.5,HsDHFR (H. sapiens)
CHEMBL3829123,CN(Cc1cnc2nc(N)nc(N)c2n1)c1ccc(C(=O)N[C@@H](CCC(=O)O)C(=O)O)cc1,CHEMBL34259,Ki,nM,0.0034,CHEMBL202,Ki,pM,3.4,HsDHFR (H. sapiens)
CHEMBL4054632,CN(Cc1cnc2nc(N)nc(N)c2n1)c1ccc(C(=O)N[C@@H](CCC(=O)O)C(=O)O)cc1,CHEMBL34259,Ki,nM,0.01,CHEMBL202,Ki,nM,0.01,HsDHFR (H. sapiens)
CHEMBL4054634,COc1cc(Cc2cnc(N)nc2N)cc(OC)c1OC,CHEMBL22,Ki,nM,48000.0,CHEMBL202,Ki,uM,48.0,HsDHFR (H. sapiens)
CHEMBL4054634,CC1(C)N=C(N)N=C(N)N1c1ccc(Cl)cc1,CHEMBL747,Ki,nM,43000.0,CHEMBL202,Ki,uM,43.0,HsDHFR (H. sapiens)
CHEMBL4054599,CC1(C)N=C(N)N=C(N)N1c1ccc(Cl)cc1,CHEMBL747,Ki,nM,410.0,CHEMBL202,Ki,uM,0.41,HsDHFR (H. sapiens)
CHEMBL4054599,CC1(C)N=C(N)N=C(N)N1c1cccc(Cl)c1,CHEMBL7130,Ki,nM,100.0,CHEMBL202,Ki,uM,0.1,HsDHFR (H. sapiens)
CHEMBL4054599,CC1(C)N=C(N)N=C(N)N1c1cccc(Br)c1,CHEMBL268088,Ki,nM,70.0,CHEMBL202,Ki,uM,0.07,HsDHFR (H. sapiens)
CHEMBL4054599,CC1(C)N=C(N)N=C(N)N1c1cccc(C(F)(F)F)c1,CHEMBL6948,Ki,nM,130.0,CHEMBL202,Ki,uM,0.13,HsDHFR (H. sapiens)
CHEMBL4054599,CC1(C)N=C(N)N=C(N)N1c1ccc(Cl)c(Cl)c1,CHEMBL92583,Ki,nM,110.0,CHEMBL202,Ki,uM,0.11,HsDHFR (H. sapiens)
CHEMBL4054599,NC1=NC2(CCCCC2)N(c2cccc(C(F)(F)F)c2)C(N)=N1,CHEMBL4105317,Ki,nM,13170.0,CHEMBL202,Ki,uM,13.17,HsDHFR (H. sapiens)
CHEMBL4054599,CCc1nc(N)nc(N)c1-c1ccc(Cl)cc1,CHEMBL36,Ki,nM,470.0,CHEMBL202,Ki,uM,0.47,HsDHFR (H. sapiens)
CHEMBL4054599,CC(C)c1ccc(N(C)c2cnc3nc(N)nc(N)c3c2)cc1,CHEMBL2382332,Ki,nM,11.0,CHEMBL202,Ki,uM,0.011,HsDHFR (H. sapiens)
CHEMBL4155855,Cc1ccc(C(=O)N2CCC3(CC2)N=C(N)N=C(N)N3c2cccc(Cl)c2)cc1,CHEMBL4167391,Ki,nM,640.0,CHEMBL202,Ki,uM,0.64,HsDHFR (H. sapiens)
CHEMBL4155855,NC1=NC2(CCN(C(=O)Nc3ccc(F)cc3)CC2)N(c2cccc(Cl)c2)C(N)=N1,CHEMBL4170787,Ki,nM,530.0,CHEMBL202,Ki,uM,0.53,HsDHFR (H. sapiens)
CHEMBL4155855,CCS(=O)(=O)N1CCC2(CC1)N=C(N)N=C(N)N2CCOC,CHEMBL4169854,Ki,nM,1400.0,CHEMBL202,Ki,uM,1.4,HsDHFR (H. sapiens)
CHEMBL4329966,Cc1nc(N)nc(N)c1OCCCOc1cc(Cl)c(Cl)cc1Cl,CHEMBL3819601,Ki,nM,47.6,CHEMBL202,Ki,nM,47.6,HsDHFR (H. sapiens)
CHEMBL4329974,CCc1nc(N)nc(N)c1-c1cccc(Cl)c1,CHEMBL278847,Ki,nM,1.6,CHEMBL202,Ki,nM,1.6,HsDHFR (H. sapiens)
CHEMBL4329974,CCc1nc(N)nc(N)c1-c1ccc(Cl)cc1,CHEMBL36,Ki,nM,28.2,CHEMBL202,Ki,nM,28.2,HsDHFR (H. sapiens)
CHEMBL4329966,CCc1nc(N)nc(N)c1OCCCOc1cccc(-c2c(N)nc(N)nc2CC)c1,CHEMBL4442735,Ki,nM,22.5,CHEMBL202,Ki,nM,22.5,HsDHFR (H. sapiens)
CHEMBL4329966,CCc1nc(N)nc(N)c1OCCCOc1ccc(-c2c(N)nc(N)nc2CC)cc1.Cl.Cl,CHEMBL4454693,Ki,nM,20.2,CHEMBL202,Ki,nM,20.2,HsDHFR (H. sapiens)
CHEMBL4329966,CCc1nc(N)nc(N)c1-c1ccc(OCCCOc2ccc(-c3c(N)nc(N)nc3CC)cc2)cc1.Cl.Cl,CHEMBL4460601,Ki,nM,33.6,CHEMBL202,Ki,nM,33.6,HsDHFR (H. sapiens)
CHEMBL4329966,CCc1nc(N)nc(N)c1OCCCOc1ccc(-c2c(N)nc(N)nc2CC)cc1,CHEMBL4462726,Ki,nM,18.1,CHEMBL202,Ki,nM,18.1,HsDHFR (H. sapiens)
CHEMBL4363353,O=C(OC[C@@H]1CO1)c1cccc2c(=O)c3ccccc3[nH]c12,CHEMBL4453575,Ki,nM,92.0,CHEMBL202,Ki,uM,0.092,HsDHFR (H. sapiens)
CHEMBL4363353,O=c1c2ccccc2n(CC2CO2)c2ccccc12,CHEMBL4458303,Ki,nM,1600.0,CHEMBL202,Ki,uM,1.6,HsDHFR (H. sapiens)
CHEMBL4410612,CCc1nc(N)nc(N)c1-c1ccc(Cl)cc1,CHEMBL36,Ki,nM,28.3,CHEMBL202,Ki,nM,28.3,HsDHFR (H. sapiens)
CHEMBL4410612,CCc1nc(N)nc(N)c1-c1ccccc1,CHEMBL22148,Ki,nM,10.4,CHEMBL202,Ki,nM,10.4,HsDHFR (H. sapiens)
CHEMBL4410612,CCc1nc(N)nc(N)c1-c1cccc(Cl)c1,CHEMBL278847,Ki,nM,1.6,CHEMBL202,Ki,nM,1.6,HsDHFR (H. sapiens)
CHEMBL4410612,Cl.Nc1nc(N)c(-c2ccccc2)c(CCc2ccccc2OCc2ccccc2)n1,CHEMBL4515405,Ki,nM,22.07,CHEMBL202,Ki,nM,22.07,HsDHFR (H. sapiens)
CHEMBL4410612,Cl.Nc1nc(N)c(-c2cccc(Cl)c2)c(CCc2ccccc2OCc2ccccc2)n1,CHEMBL4459902,Ki,nM,14.36,CHEMBL202,Ki,nM,14.36,HsDHFR (H. sapiens)
CHEMBL4410612,Cl.Nc1nc(N)c(-c2ccccc2)c(CCc2ccccc2OCCCc2ccccc2)n1,CHEMBL4557136,Ki,nM,27.27,CHEMBL202,Ki,nM,27.27,HsDHFR (H. sapiens)
CHEMBL4410612,CCOC(=O)CCCOc1ccccc1CCc1nc(N)nc(N)c1-c1ccccc1.Cl,CHEMBL4542001,Ki,nM,32.43,CHEMBL202,Ki,nM,32.43,HsDHFR (H. sapiens)
CHEMBL4410612,CCOC(=O)CCCOc1ccccc1CCc1nc(N)nc(N)c1-c1cccc(Cl)c1.Cl,CHEMBL4444614,Ki,nM,23.42,CHEMBL202,Ki,nM,23.42,HsDHFR (H. sapiens)
CHEMBL4410612,Cl.Nc1nc(N)c(-c2ccccc2)c(CCCOc2ccccc2)n1,CHEMBL4553483,Ki,nM,12.5,CHEMBL202,Ki,nM,12.5,HsDHFR (H. sapiens)
CHEMBL4410612,Cl.Nc1nc(N)c(-c2cccc(Cl)c2)c(CCCOc2ccccc2)n1,CHEMBL4565928,Ki,nM,8.72,CHEMBL202,Ki,nM,8.72,HsDHFR (H. sapiens)
CHEMBL4410612,Cl.Nc1nc(N)c(-c2ccccc2)c(CCCCOc2ccccc2)n1,CHEMBL4526752,Ki,nM,48.67,CHEMBL202,Ki,nM,48.67,HsDHFR (H. sapiens)
CHEMBL4410612,Cl.Nc1nc(N)c(-c2cccc(Cl)c2)c(CCCCOc2ccccc2)n1,CHEMBL4558959,Ki,nM,12.77,CHEMBL202,Ki,nM,12.77,HsDHFR (H. sapiens)
CHEMBL4410612,Cl.Nc1nc(N)c(-c2ccccc2)c(CCCCCOc2ccccc2)n1,CHEMBL4467953,Ki,nM,32.89,CHEMBL202,Ki,nM,32.89,HsDHFR (H. sapiens)
CHEMBL4410612,Cl.Nc1nc(N)c(-c2cccc(Cl)c2)c(CCCCCOc2ccccc2)n1,CHEMBL4437388,Ki,nM,18.41,CHEMBL202,Ki,nM,18.41,HsDHFR (H. sapiens)
CHEMBL4410612,Cl.Nc1nc(N)c(-c2ccccc2)c(COc2cccc(OCC(=O)O)c2)n1,CHEMBL4459356,Ki,nM,508.88,CHEMBL202,Ki,nM,508.88,HsDHFR (H. sapiens)
CHEMBL4410612,Cl.Nc1nc(N)c(-c2cccc(Cl)c2)c(COc2cccc(OCC(=O)O)c2)n1,CHEMBL4566524,Ki,nM,52.39,CHEMBL202,Ki,nM,52.39,HsDHFR (H. sapiens)
CHEMBL4410612,Cl.Nc1nc(N)c(-c2ccccc2)c(COc2cccc(OCCCC(=O)O)c2)n1,CHEMBL4441455,Ki,nM,555.55,CHEMBL202,Ki,nM,555.55,HsDHFR (H. sapiens)
CHEMBL4410612,Cl.Nc1nc(N)c(-c2cccc(Cl)c2)c(COc2cccc(OCCCC(=O)O)c2)n1,CHEMBL4468791,Ki,nM,74.16,CHEMBL202,Ki,nM,74.16,HsDHFR (H. sapiens)
CHEMBL4410612,Cl.Nc1nc(N)c(-c2ccccc2)c(CCCOc2cccc(OCC(=O)O)c2)n1,CHEMBL4452609,Ki,nM,18.24,CHEMBL202,Ki,nM,18.24,HsDHFR (H. sapiens)
CHEMBL4410612,Cl.Nc1nc(N)c(-c2cccc(Cl)c2)c(CCCOc2cccc(OCC(=O)O)c2)n1,CHEMBL4590684,Ki,nM,13.59,CHEMBL202,Ki,nM,13.59,HsDHFR (H. sapiens)
CHEMBL4410612,Cl.Nc1nc(N)c(-c2ccccc2)c(CCCCOc2cccc(OCC(=O)O)c2)n1,CHEMBL4588852,Ki,nM,45.97,CHEMBL202,Ki,nM,45.97,HsDHFR (H. sapiens)
CHEMBL4410612,Cl.Nc1nc(N)c(-c2cccc(Cl)c2)c(CCCCOc2cccc(OCC(=O)O)c2)n1,CHEMBL4447272,Ki,nM,13.41,CHEMBL202,Ki,nM,13.41,HsDHFR (H. sapiens)
CHEMBL4410612,Cl.Nc1nc(N)c(-c2ccccc2)c(CCCOc2cccc(OCCCC(=O)O)c2)n1,CHEMBL4586252,Ki,nM,29.05,CHEMBL202,Ki,nM,29.05,HsDHFR (H. sapiens)
CHEMBL4410612,Cl.Nc1nc(N)c(-c2cccc(Cl)c2)c(CCCOc2cccc(OCCCC(=O)O)c2)n1,CHEMBL4461699,Ki,nM,19.55,CHEMBL202,Ki,nM,19.55,HsDHFR (H. sapiens)
CHEMBL4410612,Cl.Nc1nc(N)c(-c2ccccc2)c(CCCCOc2cccc(OCCCC(=O)O)c2)n1,CHEMBL4546946,Ki,nM,34.84,CHEMBL202,Ki,nM,34.84,HsDHFR (H. sapiens)
CHEMBL4410612,Cl.Nc1nc(N)c(-c2cccc(Cl)c2)c(CCCCOc2cccc(OCCCC(=O)O)c2)n1,CHEMBL4462327,Ki,nM,21.72,CHEMBL202,Ki,nM,21.72,HsDHFR (H. sapiens)
CHEMBL4621660,Cn1cc(C[C@H](N)C(=O)O)c2ccccc21,CHEMBL504816,Ki,nM,810000.0,CHEMBL202,Ki,mM,0.81,HsDHFR (H. sapiens)
CHEMBL4621660,N[C@@H](Cc1c[nH]c2ccccc12)C(=O)O,CHEMBL54976,Ki,nM,2800000.0,CHEMBL202,Ki,mM,2.8,HsDHFR (H. sapiens)
CHEMBL4621660,N[C@H](Cc1c[nH]c2ccccc12)C(=O)O,CHEMBL292303,Ki,nM,880000.0,CHEMBL202,Ki,uM,880.0,HsDHFR (H. sapiens)
CHEMBL4621660,Cc1cccc(Nc2ccccc2C(=O)O)c1C,CHEMBL686,Ki,nM,72000.0,CHEMBL202,Ki,uM,72.0,HsDHFR (H. sapiens)
CHEMBL4621660,O=C(O)CNC(=O)c1ccccc1,CHEMBL461,Ki,nM,17000000.0,CHEMBL202,Ki,mM,17.0,HsDHFR (H. sapiens)
CHEMBL4621660,CCc1cccc2c3c([nH]c12)C(CC)(CC(=O)O)OCC3,CHEMBL622,Ki,nM,1800000.0,CHEMBL202,Ki,mM,1.8,HsDHFR (H. sapiens)
CHEMBL4621660,O=C(O)c1cc(-c2ccccc2)ccc1O,CHEMBL121772,Ki,nM,48000.0,CHEMBL202,Ki,mM,0.048,HsDHFR (H. sapiens)
CHEMBL4621660,O=C(O)c1cc(-c2ccc(F)cc2F)ccc1O,CHEMBL898,Ki,nM,34000.0,CHEMBL202,Ki,mM,0.034,HsDHFR (H. sapiens)
CHEMBL4621660,O=C(O)Cc1ccccc1Nc1c(Cl)cccc1Cl,CHEMBL139,Ki,nM,160000.0,CHEMBL202,Ki,mM,0.16,HsDHFR (H. sapiens)
CHEMBL4621660,O=C(O)CCC(=O)c1ccc(-c2ccccc2)cc1,CHEMBL277522,Ki,nM,360000.0,CHEMBL202,Ki,mM,0.36,HsDHFR (H. sapiens)
CHEMBL4621660,CC(C)Cc1ccc(C(C)C(=O)O)cc1,CHEMBL521,Ki,nM,560000.0,CHEMBL202,Ki,mM,0.56,HsDHFR (H. sapiens)
CHEMBL4621660,COc1ccc2cc([C@H](C)C(=O)O)ccc2c1,CHEMBL154,Ki,nM,7000000.0,CHEMBL202,Ki,mM,7.0,HsDHFR (H. sapiens)
CHEMBL4621660,COc1ccc2cc([C@@H](C)C(=O)O)ccc2c1,CHEMBL1618254,Ki,nM,3400000.0,CHEMBL202,Ki,mM,3.4,HsDHFR (H. sapiens)
CHEMBL4621660,Nc1ccc(C(=O)N[C@@H](CCC(=O)O)C(=O)O)cc1,CHEMBL3278332,Ki,nM,180000.0,CHEMBL202,Ki,mM,0.18,HsDHFR (H. sapiens)
CHEMBL4621660,Nc1ccnc(N)n1,CHEMBL1233987,Ki,nM,180000.0,CHEMBL202,Ki,mM,0.18,HsDHFR (H. sapiens)
CHEMBL4621660,N=C(N)NC(=N)NCCc1ccccc1,CHEMBL170988,Ki,nM,140000.0,CHEMBL202,Ki,mM,0.14,HsDHFR (H. sapiens)
CHEMBL4621660,CN(C)C(=N)NC(=N)N,CHEMBL1431,Ki,nM,18000000.0,CHEMBL202,Ki,mM,18.0,HsDHFR (H. sapiens)
CHEMBL4673750,CCc1nc(N)nc(N)c1OCCCOc1ccccc1CCC(=O)O,CHEMBL3040038,Ki,nM,2800.0,CHEMBL202,Ki,uM,2.8,HsDHFR (H. sapiens)
CHEMBL4734511,Nc1nc(N)c2nc(CNc3ccc(C(=O)N4CCC(C(=O)O)CC4)cc3)cnc2n1,CHEMBL2178604,Ki,nM,10000.0,CHEMBL202,Ki,uM,10.0,HsDHFR (H. sapiens)
CHEMBL4734511,O=C(O)C1CCN(C(=O)c2ccc(Nc3cnc4cc(C(F)(F)F)ccc4n3)cc2)CC1,CHEMBL4763597,Ki,nM,56000.0,CHEMBL202,Ki,uM,56.0,HsDHFR (H. sapiens)
CHEMBL4734511,Nc1cc(C(F)(F)F)cc2nc(-c3ccccc3)c(Nc3ccc(C(=O)N4CCC(C(=O)O)CC4)cc3)nc12,CHEMBL4776197,Ki,nM,54000.0,CHEMBL202,Ki,uM,54.0,HsDHFR (H. sapiens)
CHEMBL4734511,CCOC(=O)c1nc2ccccc2nc1Nc1ccc(C(=O)N2CCC(C(=O)OC)CC2C(=O)OC)cc1,CHEMBL4783402,Ki,nM,24000.0,CHEMBL202,Ki,uM,24.0,HsDHFR (H. sapiens)
CHEMBL4734511,COc1cc(Cc2cnc(N)nc2N)cc(OC)c1OC,CHEMBL22,Ki,nM,10.0,CHEMBL202,Ki,uM,0.01,HsDHFR (H. sapiens)
CHEMBL4768939,CC1(C)N=C(N)N=C(N)N1OCCCOc1cc(Cl)c(Cl)cc1Cl,CHEMBL129788,Ki,nM,14600.0,CHEMBL202,Ki,uM,14.6,HsDHFR (H. sapiens)
CHEMBL4768939,Br.CC1N=C(N)N=C(N)N1OCCCOc1cc(Cl)c(Cl)cc1Cl,CHEMBL4780298,Ki,nM,23700.0,CHEMBL202,Ki,uM,23.7,HsDHFR (H. sapiens)
CHEMBL4768939,Br.NC1=NC(c2ccccc2)N(OCCCOc2cc(Cl)c(Cl)cc2Cl)C(N)=N1,CHEMBL4800362,Ki,nM,145000.0,CHEMBL202,Ki,uM,145.0,HsDHFR (H. sapiens)
CHEMBL4768939,Br.CC1(C)N=C(N)N=C(N)N1OCCCOc1ccc(Cl)cc1,CHEMBL4780381,Ki,nM,29200.0,CHEMBL202,Ki,uM,29.2,HsDHFR (H. sapiens)
CHEMBL4768939,Br.CC1N=C(N)N=C(N)N1OCCCOc1ccc(Cl)cc1,CHEMBL4781162,Ki,nM,116000.0,CHEMBL202,Ki,uM,116.0,HsDHFR (H. sapiens)
CHEMBL4768939,CC1(C)N=C(N)N=C(N)N1OCCCOc1cccc(Cl)c1Cl,CHEMBL1231612,Ki,nM,23600.0,CHEMBL202,Ki,uM,23.6,HsDHFR (H. sapiens)
CHEMBL4768939,Br.CC1N=C(N)N=C(N)N1OCCCOc1cccc(Cl)c1Cl,CHEMBL4792349,Ki,nM,19500.0,CHEMBL202,Ki,uM,19.5,HsDHFR (H. sapiens)
CHEMBL4768939,Br.CC1(C)N=C(N)N=C(N)N1OCCCOc1ccc(F)cc1Cl,CHEMBL4782529,Ki,nM,37600.0,CHEMBL202,Ki,uM,37.6,HsDHFR (H. sapiens)
CHEMBL4768939,Br.CC1N=C(N)N=C(N)N1OCCCOc1ccc(F)cc1Cl,CHEMBL4792035,Ki,nM,91500.0,CHEMBL202,Ki,uM,91.5,HsDHFR (H. sapiens)
CHEMBL4768939,Br.CC1(C)N=C(N)N=C(N)N1OCCCOc1ccccc1,CHEMBL4784036,Ki,nM,36300.0,CHEMBL202,Ki,uM,36.3,HsDHFR (H. sapiens)
CHEMBL4768939,Br.CC1(C)NC(N)=NC(=N)N1OCCCCOc1ccccc1,CHEMBL527468,Ki,nM,45800.0,CHEMBL202,Ki,uM,45.8,HsDHFR (H. sapiens)
CHEMBL4768939,Br.CC1(C)NC(N)=NC(=N)N1OCCc1ccccc1,CHEMBL528489,Ki,nM,42900.0,CHEMBL202,Ki,uM,42.9,HsDHFR (H. sapiens)
CHEMBL4768939,Br.CC1(C)N=C(N)N=C(N)N1OCCCc1ccccc1,CHEMBL4796554,Ki,nM,39100.0,CHEMBL202,Ki,uM,39.1,HsDHFR (H. sapiens)
CHEMBL4768939,Br.CC1(C)N=C(N)N=C(N)N1OCCCCc1ccccc1,CHEMBL4778245,Ki,nM,41700.0,CHEMBL202,Ki,uM,41.7,HsDHFR (H. sapiens)
CHEMBL4768939,Br.CC1(C)N=C(N)N=C(N)N1OCCSc1ccc(Cl)cc1,CHEMBL4796933,Ki,nM,25200.0,CHEMBL202,Ki,uM,25.2,HsDHFR (H. sapiens)
CHEMBL4768939,Br.CC1(C)N=C(N)N=C(N)N1OCCCSc1ccc(Cl)cc1,CHEMBL4789322,Ki,nM,23700.0,CHEMBL202,Ki,uM,23.7,HsDHFR (H. sapiens)
CHEMBL4768939,Br.CC1(C)N=C(N)N=C(N)N1OCCCSc1ccccc1Cl,CHEMBL4798400,Ki,nM,21100.0,CHEMBL202,Ki,uM,21.1,HsDHFR (H. sapiens)
CHEMBL4768939,Br.CC1(C)N=C(N)N=C(N)N1OCCCSc1cccc(Cl)c1,CHEMBL4795771,Ki,nM,23700.0,CHEMBL202,Ki,uM,23.7,HsDHFR (H. sapiens)
CHEMBL4768939,Br.CC1(C)NC(N)=NC(=N)N1OCCCSc1ccccc1,CHEMBL587606,Ki,nM,29100.0,CHEMBL202,Ki,uM,29.1,HsDHFR (H. sapiens)
CHEMBL4768939,Br.CC1(C)N=C(N)N=C(N)N1OCCCNc1ccc(Cl)c(Cl)c1,CHEMBL4784738,Ki,nM,48400.0,CHEMBL202,Ki,uM,48.4,HsDHFR (H. sapiens)
CHEMBL4768939,Br.Cc1ccc(C)c(NCCCON2C(N)=NC(N)=NC2(C)C)c1,CHEMBL4781149,Ki,nM,124000.0,CHEMBL202,Ki,uM,124.0,HsDHFR (H. sapiens)
CHEMBL4768939,Br.CN(CCCON1C(N)=NC(N)=NC1(C)C)c1ccc(Cl)cc1,CHEMBL4793581,Ki,nM,33200.0,CHEMBL202,Ki,uM,33.2,HsDHFR (H. sapiens)
CHEMBL4768939,Br.CN(CCCON1C(N)=NC(N)=NC1(C)C)c1ccc(Cl)c(Cl)c1,CHEMBL4799272,Ki,nM,39100.0,CHEMBL202,Ki,uM,39.1,HsDHFR (H. sapiens)
CHEMBL4768939,Br.CCN(CC)CCCON1C(N)=NC(N)=NC1(C)C,CHEMBL4797103,Ki,nM,230000.0,CHEMBL202,Ki,uM,230.0,HsDHFR (H. sapiens)
CHEMBL5150449,C#CCC(Cc1cnc2nc(N)nc(N)c2n1)c1ccc(C(=O)N[C@@H](CCC(=O)O)C(=O)O)cc1,CHEMBL1201746,Ki,nM,0.0134,CHEMBL202,Ki,pM,13.4,HsDHFR (H. sapiens)
CHEMBL5150451,Nc1nc2[nH]cc(CCc3ccc(C(=O)N[C@@H](CCC(=O)O)C(=O)O)cc3)c2c(=O)[nH]1,CHEMBL225072,Ki,nM,7.2,CHEMBL202,Ki,nM,7.2,HsDHFR (H. sapiens)
CHEMBL5215233,COc1cc(NCc2ccc3nc(N)nc(N)c3c2C)cc(OC)c1OC,CHEMBL119,Ki,nM,0.04,CHEMBL202,Ki,nM,0.04,HsDHFR (H. sapiens)
CHEMBL5357335,CCc1nc(N)nc(N)c1OCCCOc1ccccc1CCC(=O)O,CHEMBL3040038,Ki,nM,17.41,CHEMBL202,Ki,nM,17.41,HsDHFR (H. sapiens)
CHEMBL5357335,CCc1nc(N)nc(N)c1Cc1ccc(-c2ccc(C(=O)OC)cc2)cc1.Cl,CHEMBL5440218,Ki,nM,422.92,CHEMBL202,Ki,nM,422.92,HsDHFR (H. sapiens)
CHEMBL5357335,CCc1nc(N)nc(N)c1Cc1ccc(-c2ccc(C(=O)O)cc2)cc1.Cl,CHEMBL5404134,Ki,nM,214.41,CHEMBL202,Ki,nM,214.41,HsDHFR (H. sapiens)
CHEMBL5357335,CCc1nc(N)nc(N)c1Cc1ccc(-c2cccc(C(=O)OC)c2)cc1.Cl,CHEMBL5406769,Ki,nM,139.78,CHEMBL202,Ki,nM,139.78,HsDHFR (H. sapiens)
CHEMBL5357335,CCc1nc(N)nc(N)c1Cc1ccc(-c2cccc(C(=O)O)c2)cc1.Cl,CHEMBL5417784,Ki,nM,147.13,CHEMBL202,Ki,nM,147.13,HsDHFR (H. sapiens)
CHEMBL5357335,CCc1nc(N)nc(N)c1Cc1cccc(-c2ccc(C(=O)OC)cc2)c1.Cl,CHEMBL5421199,Ki,nM,16.58,CHEMBL202,Ki,nM,16.58,HsDHFR (H. sapiens)
CHEMBL5357335,CCc1nc(N)nc(N)c1Cc1cccc(-c2ccc(C(=O)O)cc2)c1.Cl.Cl,CHEMBL5432011,Ki,nM,22.0,CHEMBL202,Ki,nM,22.0,HsDHFR (H. sapiens)
CHEMBL5357335,CCc1nc(N)nc(N)c1Cc1cccc(-c2cccc(C(=O)OC)c2)c1.Cl,CHEMBL5415214,Ki,nM,19.4,CHEMBL202,Ki,nM,19.4,HsDHFR (H. sapiens)
CHEMBL5357335,CCc1nc(N)nc(N)c1Cc1cccc(-c2cccc(C(=O)O)c2)c1.Cl,CHEMBL5397904,Ki,nM,108.4,CHEMBL202,Ki,nM,108.4,HsDHFR (H. sapiens)
CHEMBL5586203,CCc1nc(N)nc(N)c1OCCCOc1ccccc1CCC(=O)O,CHEMBL3040038,Ki,nM,17.41,CHEMBL202,Ki,nM,17.41,HsDHFR (H. sapiens)
CHEMBL5586210,CCc1nc(N)nc(N)c1OCCCOc1cccc(-c2ccccc2)c1.Cl,CHEMBL5598010,Ki,nM,9.51,CHEMBL202,Ki,nM,9.51,HsDHFR (H. sapiens)
CHEMBL5586210,CCc1nc(N)nc(N)c1OCCCCOc1cccc(-c2ccccc2)c1.Cl,CHEMBL5597998,Ki,nM,9.71,CHEMBL202,Ki,nM,9.71,HsDHFR (H. sapiens)
CHEMBL5586210,CCc1nc(N)nc(N)c1OCCCOc1ccc(-c2ccccc2)cc1,CHEMBL5596188,Ki,nM,14.67,CHEMBL202,Ki,nM,14.67,HsDHFR (H. sapiens)
CHEMBL5586210,CCc1nc(N)nc(N)c1OCCCCOc1ccc(-c2ccccc2)cc1.Cl,CHEMBL5597854,Ki,nM,13.16,CHEMBL202,Ki,nM,13.16,HsDHFR (H. sapiens)
CHEMBL5586210,CCOC(=O)c1ccc(-c2ccc(OCCCOc3c(N)nc(N)nc3CC)cc2)cc1.Cl,CHEMBL5597280,Ki,nM,52.22,CHEMBL202,Ki,nM,52.22,HsDHFR (H. sapiens)
CHEMBL5586210,CCc1nc(N)nc(N)c1OCCCOc1ccc(-c2ccc(C(=O)O)cc2)cc1.Cl,CHEMBL5598041,Ki,nM,9.86,CHEMBL202,Ki,nM,9.86,HsDHFR (H. sapiens)
CHEMBL5586210,CCc1nc(N)nc(N)c1OCCCCOc1ccc(-c2ccc(C(=O)O)cc2)cc1.Cl,CHEMBL5597152,Ki,nM,16.88,CHEMBL202,Ki,nM,16.88,HsDHFR (H. sapiens)
CHEMBL665450,COc1cc(/C=C/c2cnc3nc(N)nc(N)c3c2)cc(OC)c1OC,CHEMBL145169,IC50,nM,12900.0,CHEMBL2363,IC50,uM,12.9,RnDHFR (R. norvegicus)
CHEMBL875140,CCN(Cc1cnc2nc(N)nc(N)c2c1C)c1cc(OC)c(OC)c(OC)c1,CHEMBL52433,IC50,nM,10.5,CHEMBL2363,IC50,nM,10.5,RnDHFR (R. norvegicus)
CHEMBL665450,COc1cc(CCC2CNc3nc(N)nc(N)c3C2)cc(OC)c1OC,CHEMBL423558,IC50,nM,6100.0,CHEMBL2363,IC50,uM,6.1,RnDHFR (R. norvegicus)
CHEMBL875140,COc1ccc(N(C)Cc2cnc3nc(N)nc(N)c3c2C)c(OC)c1,CHEMBL23705,IC50,nM,330.0,CHEMBL2363,IC50,nM,330.0,RnDHFR (R. norvegicus)
CHEMBL669028,Nc1nc(N)c2nc(Cc3ccccc3)[nH]c2n1,CHEMBL102303,IC50,nM,1600.0,CHEMBL2363,IC50,uM,1.6,RnDHFR (R. norvegicus)
CHEMBL665450,COc1cc(N(C)Cc2cnc3nc(N)nc(N)c3c2C)cc(OC)c1OC,CHEMBL50514,IC50,nM,7.6,CHEMBL2363,IC50,uM,0.0076,RnDHFR (R. norvegicus)
CHEMBL665450,COc1cc(CCc2cnc3nc(N)nc(N)c3c2)cc(OC)c1OC,CHEMBL142624,IC50,nM,1140.0,CHEMBL2363,IC50,uM,1.14,RnDHFR (R. norvegicus)
CHEMBL669028,COc1ccc(-c2nc3[nH]c(N)nc(N)c-3n2)c2ccccc12,CHEMBL106383,IC50,nM,13000.0,CHEMBL2363,IC50,uM,13.0,RnDHFR (R. norvegicus)
CHEMBL669028,COc1ccc(OC)c(Cc2cnc3nc(N)nc(N)c3c2C)c1,CHEMBL7492,IC50,nM,1.5,CHEMBL2363,IC50,uM,0.0015,RnDHFR (R. norvegicus)
CHEMBL875140,COc1ccc(NCc2cnc3nc(N)nc(N)c3c2C)c(OC)c1,CHEMBL279983,IC50,nM,214.0,CHEMBL2363,IC50,nM,214.0,RnDHFR (R. norvegicus)
CHEMBL875140,C#CCN(Cc1cnc2nc(N)nc(N)c2c1C)c1cc(OC)c(OC)c(OC)c1,CHEMBL49454,IC50,nM,11.8,CHEMBL2363,IC50,nM,11.8,RnDHFR (R. norvegicus)
CHEMBL669028,Nc1nc(N)c2nc(-c3ccc4ccccc4c3)[nH]c2n1,CHEMBL105906,IC50,nM,280000.0,CHEMBL2363,IC50,uM,280.0,RnDHFR (R. norvegicus)
CHEMBL665450,COc1ccc(/C=C/c2cnc3nc(N)nc(N)c3c2)cc1,CHEMBL145005,IC50,nM,11800.0,CHEMBL2363,IC50,uM,11.8,RnDHFR (R. norvegicus)
CHEMBL665450,CCN(Cc1cnc2nc(N)nc(N)c2c1)c1cc(OC)c(OC)c(OC)c1,CHEMBL356490,IC50,nM,120.0,CHEMBL2363,IC50,uM,0.12,RnDHFR (R. norvegicus)
CHEMBL875140,COc1cc(N(C)Cc2cnc3nc(N)nc(N)c3c2C)cc(OC)c1OC,CHEMBL50514,IC50,nM,7.6,CHEMBL2363,IC50,nM,7.6,RnDHFR (R. norvegicus)
CHEMBL875140,COc1cc(OC)cc(N(C)Cc2cnc3nc(N)nc(N)c3c2C)c1,CHEMBL22623,IC50,nM,170.0,CHEMBL2363,IC50,nM,170.0,RnDHFR (R. norvegicus)
CHEMBL669028,COc1cc(OC)c(-c2nc3c(N)nc(N)nc3[nH]2)cc1OC,CHEMBL105523,IC50,nM,7000.0,CHEMBL2363,IC50,uM,7.0,RnDHFR (R. norvegicus)
CHEMBL669028,Nc1nc(N)c2nc(-c3ccc(Cl)c(Cl)c3)[nH]c2n1,CHEMBL312688,IC50,nM,252000.0,CHEMBL2363,IC50,uM,252.0,RnDHFR (R. norvegicus)
CHEMBL875140,CCOc1ccc(OCC)c(NCc2cnc3nc(N)nc(N)c3c2C)c1,CHEMBL279679,IC50,nM,17.4,CHEMBL2363,IC50,nM,17.4,RnDHFR (R. norvegicus)
CHEMBL665450,COc1cc(NCc2cnc3nc(N)nc(N)c3c2)cc(OC)c1OC,CHEMBL23288,IC50,nM,1900.0,CHEMBL2363,IC50,uM,1.9,RnDHFR (R. norvegicus)
CHEMBL665450,COc1ccc(CCC2CNc3nc(N)nc(N)c3C2)cc1OC,CHEMBL145691,IC50,nM,2100.0,CHEMBL2363,IC50,uM,2.1,RnDHFR (R. norvegicus)
CHEMBL665450,COc1ccc(OC)c(Cc2cnc3nc(N)nc(N)c3c2C)c1,CHEMBL7492,IC50,nM,1.5,CHEMBL2363,IC50,uM,0.0015,RnDHFR (R. norvegicus)
CHEMBL875140,COc1cc(N(Cc2cnc3nc(N)nc(N)c3c2C)C(C)C)cc(OC)c1OC,CHEMBL53693,IC50,nM,17.5,CHEMBL2363,IC50,nM,17.5,RnDHFR (R. norvegicus)
CHEMBL875140,COc1cc(Cc2cnc(N)nc2N)cc(OC)c1OC,CHEMBL22,IC50,nM,133000.0,CHEMBL2363,IC50,nM,133000.0,RnDHFR (R. norvegicus)
CHEMBL875140,COc1cc(NCc2ccc3nc(N)nc(N)c3c2C)cc(OC)c1OC,CHEMBL119,IC50,nM,3.0,CHEMBL2363,IC50,nM,3.0,RnDHFR (R. norvegicus)
CHEMBL669028,COc1ccc(OC)c(NCc2nc3c(N)nc(N)nc3[nH]2)c1,CHEMBL102432,IC50,nM,29000.0,CHEMBL2363,IC50,uM,29.0,RnDHFR (R. norvegicus)
CHEMBL669028,COc1ccc(-c2nc3c(N)nc(N)nc3[nH]2)c(OC)c1OC,CHEMBL105759,IC50,nM,3700.0,CHEMBL2363,IC50,uM,3.7,RnDHFR (R. norvegicus)
CHEMBL669028,COc1cc(-c2nc3c(N)nc(N)nc3[nH]2)cc(OC)c1O,CHEMBL105020,IC50,nM,15300.0,CHEMBL2363,IC50,uM,15.3,RnDHFR (R. norvegicus)
CHEMBL665450,COc1ccc(CCc2cnc3nc(N)nc(N)c3c2)cc1,CHEMBL145528,IC50,nM,260.0,CHEMBL2363,IC50,uM,0.26,RnDHFR (R. norvegicus)
CHEMBL875140,COc1ccc(N(C)Cc2cnc3nc(N)nc(N)c3c2C)cc1OC,CHEMBL279680,IC50,nM,44.0,CHEMBL2363,IC50,nM,44.0,RnDHFR (R. norvegicus)
CHEMBL669028,COc1ccc(-c2nc3c(N)nc(N)nc3[nH]2)cc1OC,CHEMBL102518,IC50,nM,52300.0,CHEMBL2363,IC50,uM,52.3,RnDHFR (R. norvegicus)
CHEMBL875140,CCOc1ccc(OCC)c(N(C)Cc2cnc3nc(N)nc(N)c3c2C)c1,CHEMBL23844,IC50,nM,3000.0,CHEMBL2363,IC50,nM,3000.0,RnDHFR (R. norvegicus)
CHEMBL665450,COc1cc(NCc2ccc3nc(N)nc(N)c3c2C)cc(OC)c1OC,CHEMBL119,IC50,nM,3.0,CHEMBL2363,IC50,uM,0.003,RnDHFR (R. norvegicus)
CHEMBL669028,Nc1nc(N)c2[nH]c(-c3c(Cl)cccc3Cl)nc2n1,CHEMBL318601,IC50,nM,11000.0,CHEMBL2363,IC50,uM,11.0,RnDHFR (R. norvegicus)
CHEMBL669028,Nc1nc(N)c2[nH]c(-c3ccccc3)nc2n1,CHEMBL66077,IC50,nM,59900.0,CHEMBL2363,IC50,uM,59.9,RnDHFR (R. norvegicus)
CHEMBL669028,COc1cc(-c2nc3c(N)nc(N)nc3[nH]2)cc(OC)c1OC,CHEMBL431257,IC50,nM,13000.0,CHEMBL2363,IC50,uM,13.0,RnDHFR (R. norvegicus)
CHEMBL669028,COc1ccc(OC)c(-c2nc3c(N)nc(N)nc3[nH]2)c1,CHEMBL106070,IC50,nM,3500.0,CHEMBL2363,IC50,uM,3.5,RnDHFR (R. norvegicus)
CHEMBL669028,Nc1nc(N)c2nc(CSc3ccc4ccccc4c3)[nH]c2n1,CHEMBL101908,IC50,nM,107000.0,CHEMBL2363,IC50,uM,107.0,RnDHFR (R. norvegicus)
CHEMBL669028,COc1ccc(-c2nc3c(N)nc(N)nc3[nH]2)c(OC)c1,CHEMBL421594,IC50,nM,900.0,CHEMBL2363,IC50,uM,0.9,RnDHFR (R. norvegicus)
CHEMBL669028,Nc1nc(N)c2nc(-c3ccc(-c4ccccc4)cc3)[nH]c2n1,CHEMBL103203,IC50,nM,30100.0,CHEMBL2363,IC50,uM,30.1,RnDHFR (R. norvegicus)
CHEMBL669619,COc1ccc(OC)c(Cc2cnc3nc(N)nc(N)c3c2C)c1,CHEMBL7492,IC50,nM,1.5,CHEMBL2363,IC50,uM,0.0015,RnDHFR (R. norvegicus)
CHEMBL875140,COc1ccc(OC)c(NCc2cnc3nc(N)nc(N)c3c2C)c1,CHEMBL23021,IC50,nM,128.0,CHEMBL2363,IC50,nM,128.0,RnDHFR (R. norvegicus)
CHEMBL875140,Cc1c(CNc2cccc3ccccc23)cnc2nc(N)nc(N)c12,CHEMBL23867,IC50,nM,29.6,CHEMBL2363,IC50,nM,29.6,RnDHFR (R. norvegicus)
CHEMBL669028,COc1cc(NCc2nc3[nH]c(N)nc(N)c-3n2)cc(OC)c1OC,CHEMBL102444,IC50,nM,34000.0,CHEMBL2363,IC50,uM,34.0,RnDHFR (R. norvegicus)
CHEMBL875140,COc1ccc(NCc2cnc3nc(N)nc(N)c3c2C)c2ccccc12,CHEMBL53903,IC50,nM,54.0,CHEMBL2363,IC50,nM,54.0,RnDHFR (R. norvegicus)
CHEMBL875140,COc1ccc(OC)c(Cc2cnc3nc(N)nc(N)c3c2C)c1,CHEMBL7492,IC50,nM,1.5,CHEMBL2363,IC50,nM,1.5,RnDHFR (R. norvegicus)
CHEMBL875140,COc1cc(NCc2cnc3nc(N)nc(N)c3c2C)cc(OC)c1OC,CHEMBL23532,IC50,nM,2.1,CHEMBL2363,IC50,nM,2.1,RnDHFR (R. norvegicus)
CHEMBL665450,COc1ccc(CCc2cnc3nc(N)nc(N)c3c2)cc1OC,CHEMBL145068,IC50,nM,610.0,CHEMBL2363,IC50,uM,0.61,RnDHFR (R. norvegicus)
CHEMBL665450,COc1cc(N(C=O)Cc2cnc3nc(N)nc(N)c3c2)cc(OC)c1OC,CHEMBL342555,IC50,nM,7400.0,CHEMBL2363,IC50,uM,7.4,RnDHFR (R. norvegicus)
CHEMBL669028,COc1cc(OC)c(-c2nc3c(N)nc(N)nc3[nH]2)c(OC)c1,CHEMBL103474,IC50,nM,1880.0,CHEMBL2363,IC50,uM,1.88,RnDHFR (R. norvegicus)
CHEMBL665450,COc1cc(Cc2cnc(N)nc2N)cc(OC)c1OC,CHEMBL22,IC50,nM,133000.0,CHEMBL2363,IC50,uM,133.0,RnDHFR (R. norvegicus)
CHEMBL669028,COc1cc(-c2nc3[nH]c(N)nc(N)c-3n2)c([N+](=O)[O-])cc1OC,CHEMBL101378,IC50,nM,25000.0,CHEMBL2363,IC50,uM,25.0,RnDHFR (R. norvegicus)
CHEMBL665450,COc1cc(N(C)Cc2cnc3nc(N)nc(N)c3c2)cc(OC)c1OC,CHEMBL142741,IC50,nM,280.0,CHEMBL2363,IC50,uM,0.28,RnDHFR (R. norvegicus)
CHEMBL669028,COc1cc(OC)cc(-c2nc3c(N)nc(N)nc3[nH]2)c1,CHEMBL105323,IC50,nM,32400.0,CHEMBL2363,IC50,uM,32.4,RnDHFR (R. norvegicus)
CHEMBL669028,Nc1nc(N)c2nc(C3c4ccccc4-c4ccccc43)[nH]c2n1,CHEMBL103108,IC50,nM,29800.0,CHEMBL2363,IC50,uM,29.8,RnDHFR (R. norvegicus)
CHEMBL665450,COc1ccc(/C=C/c2cnc3nc(N)nc(N)c3c2)cc1OC,CHEMBL141708,IC50,nM,2100.0,CHEMBL2363,IC50,uM,2.1,RnDHFR (R. norvegicus)
CHEMBL875140,COc1ccc(OC)c(N(C)Cc2cnc3nc(N)nc(N)c3c2C)c1,CHEMBL281803,IC50,nM,407.0,CHEMBL2363,IC50,nM,407.0,RnDHFR (R. norvegicus)
CHEMBL875140,COc1ccc(NCc2cnc3nc(N)nc(N)c3c2C)cc1OC,CHEMBL283518,IC50,nM,7.6,CHEMBL2363,IC50,nM,7.6,RnDHFR (R. norvegicus)
CHEMBL669028,Nc1nc(N)c2[nH]c(-c3ccncc3)nc2n1,CHEMBL317618,IC50,nM,18000.0,CHEMBL2363,IC50,uM,18.0,RnDHFR (R. norvegicus)
CHEMBL875140,COc1cc(NCc2cnc3nc(N)nc(N)c3c2C)cc(OC)c1,CHEMBL23569,IC50,nM,42.5,CHEMBL2363,IC50,nM,42.5,RnDHFR (R. norvegicus)
CHEMBL669028,COc1cc(NCc2ccc3nc(N)nc(N)c3c2C)cc(OC)c1OC,CHEMBL119,IC50,nM,3.0,CHEMBL2363,IC50,uM,0.003,RnDHFR (R. norvegicus)
CHEMBL668877,CCc1cc(Cc2cnc(N)nc2N)cc(CC)c1O,CHEMBL25817,IC50,nM,16000.0,CHEMBL2363,I50,M,0.000016,RnDHFR (R. norvegicus)
CHEMBL668877,CC(C)(C)c1cc(Cc2cnc(N)nc2N)cc(C(C)(C)C)c1O,CHEMBL277176,IC50,nM,34500.0,CHEMBL2363,I50,M,0.0000345,RnDHFR (R. norvegicus)
CHEMBL668877,CCCc1cc(Cc2cnc(N)nc2N)cc(CC)c1OC,CHEMBL279455,IC50,nM,30000.0,CHEMBL2363,I50,M,0.00003,RnDHFR (R. norvegicus)
CHEMBL665438,COc1ccc(NCc2c[nH]c3nc(N)nc(O)c23)c(OC)c1,CHEMBL294131,IC50,nM,16000.0,CHEMBL2363,IC50,uM,16.0,RnDHFR (R. norvegicus)
CHEMBL665438,Nc1nc(O)c2c(CNc3cccc(Cl)c3)c[nH]c2n1,CHEMBL61110,IC50,nM,26000.0,CHEMBL2363,IC50,uM,26.0,RnDHFR (R. norvegicus)
CHEMBL668877,COc1cc(Cc2cnc(N)nc2N)cc(OC)c1OC,CHEMBL22,IC50,nM,34000.0,CHEMBL2363,I50,M,0.000034,RnDHFR (R. norvegicus)
CHEMBL665448,CCc1nc(N)nc(N)c1-c1ccc(Cl)cc1,CHEMBL36,IC50,nM,2300.0,CHEMBL2363,IC50,uM,2.3,RnDHFR (R. norvegicus)
CHEMBL665438,COc1cc(NCc2c[nH]c3nc(N)nc(O)c23)cc(OC)c1OC,CHEMBL64729,IC50,nM,22000.0,CHEMBL2363,IC50,uM,22.0,RnDHFR (R. norvegicus)
CHEMBL665438,COc1ccc(OC)c(NCc2c[nH]c3nc(N)nc(O)c23)c1,CHEMBL302633,IC50,nM,47000.0,CHEMBL2363,IC50,uM,47.0,RnDHFR (R. norvegicus)
CHEMBL665438,COc1ccc(OC)c(N(C)Cc2c[nH]c3nc(N)nc(O)c23)c1,CHEMBL61927,IC50,nM,56000.0,CHEMBL2363,IC50,uM,56.0,RnDHFR (R. norvegicus)
CHEMBL665438,COc1cc(N(C)Cc2c[nH]c3nc(N)nc(O)c23)cc(OC)c1OC,CHEMBL293415,IC50,nM,45000.0,CHEMBL2363,IC50,uM,45.0,RnDHFR (R. norvegicus)
CHEMBL665446,CC/N=N/Nc1cc(-c2c(N)nc(N)nc2CC)ccc1Cl,CHEMBL357573,IC50,nM,18900.0,CHEMBL2363,IC50,uM,18.9,RnDHFR (R. norvegicus)
CHEMBL665447,CC1(C)N=C(N)N=C(N)N1c1ccc(Cl)cc1,CHEMBL747,IC50,nM,110.0,CHEMBL2363,IC50,uM,0.11,RnDHFR (R. norvegicus)
CHEMBL665438,COc1cc(OC)cc(N(C)Cc2c[nH]c3nc(N)nc(O)c23)c1,CHEMBL61415,IC50,nM,87000.0,CHEMBL2363,IC50,uM,87.0,RnDHFR (R. norvegicus)
CHEMBL665438,Nc1nc(O)c2c(CNc3cc(Cl)cc(Cl)c3)c[nH]c2n1,CHEMBL61108,IC50,nM,63000.0,CHEMBL2363,IC50,uM,63.0,RnDHFR (R. norvegicus)
CHEMBL665438,Nc1nc(O)c2c(CNc3ccc(Cl)cc3Cl)c[nH]c2n1,CHEMBL303102,IC50,nM,15000.0,CHEMBL2363,IC50,uM,15.0,RnDHFR (R. norvegicus)
CHEMBL665438,Cc1cn(C2CC(O)C(OP(=O)(O)O)O2)c(=O)[nH]c1=O,CHEMBL293258,IC50,nM,133000.0,CHEMBL2363,IC50,uM,133.0,RnDHFR (R. norvegicus)
CHEMBL665438,COc1cc(NCc2c[nH]c3nc(N)nc(O)c23)cc(OC)c1,CHEMBL64785,IC50,nM,20000.0,CHEMBL2363,IC50,uM,20.0,RnDHFR (R. norvegicus)
CHEMBL668877,CC(C)c1cc(Cc2cnc(N)nc2N)cc(C(C)C)c1O,CHEMBL440946,IC50,nM,7200.0,CHEMBL2363,I50,M,0.0000072,RnDHFR (R. norvegicus)
CHEMBL668877,COc1c(C(C)(C)C)cc(Cc2cnc(N)nc2N)cc1C(C)(C)C,CHEMBL24374,IC50,nM,31000.0,CHEMBL2363,I50,M,0.000031,RnDHFR (R. norvegicus)
CHEMBL668877,C=CCc1cc(Cc2cnc(N)nc2N)cc(CCC)c1O,CHEMBL24503,IC50,nM,3630.0,CHEMBL2363,I50,M,0.00000363,RnDHFR (R. norvegicus)
CHEMBL665438,Nc1nc(O)c2c(CNc3cc(Cl)ccc3Cl)c[nH]c2n1,CHEMBL418502,IC50,nM,25000.0,CHEMBL2363,IC50,uM,25.0,RnDHFR (R. norvegicus)
CHEMBL668784,Cc1[nH]c2nc(N)[nH]c(=O)c2c1Sc1ccc([N+](=O)[O-])cc1,CHEMBL400364,IC50,nM,7470000.0,CHEMBL2363,IC50,uM,7470.0,RnDHFR (R. norvegicus)
CHEMBL669015,COc1cc(CC2CCc3nc(N)nc(N)c32)cc(OC)c1OC,CHEMBL441668,IC50,nM,69000.0,CHEMBL2363,IC50,uM,69.0,RnDHFR (R. norvegicus)
CHEMBL669015,COc1cc(CCCC2CCc3nc(N)nc(N)c32)cc(OC)c1OC,CHEMBL176332,IC50,nM,220.0,CHEMBL2363,IC50,uM,0.22,RnDHFR (R. norvegicus)
CHEMBL668785,Cc1[nH]c2nc(N)nc(O)c2c1Sc1ccc(Cl)cc1,CHEMBL142176,IC50,nM,24600.0,CHEMBL2363,IC50,uM,24.6,RnDHFR (R. norvegicus)
CHEMBL669015,COc1cc(CCC2CCc3nc(N)nc(N)c32)cc(OC)c1OC,CHEMBL172353,IC50,nM,510.0,CHEMBL2363,IC50,uM,0.51,RnDHFR (R. norvegicus)
CHEMBL669015,COc1cc(NCc2ccc3nc(N)nc(N)c3c2C)cc(OC)c1OC,CHEMBL119,IC50,nM,3.0,CHEMBL2363,IC50,uM,0.003,RnDHFR (R. norvegicus)
CHEMBL669015,COc1ccc(OC)c(Cc2cnc3nc(N)nc(N)c3c2C)c1,CHEMBL7492,IC50,nM,15.0,CHEMBL2363,IC50,uM,0.015,RnDHFR (R. norvegicus)
CHEMBL669015,CCc1nc(N)nc(N)c1-c1ccc(Cl)cc1,CHEMBL36,IC50,nM,1500.0,CHEMBL2363,IC50,uM,1.5,RnDHFR (R. norvegicus)
CHEMBL669015,COc1cc(Cc2cnc(N)nc2N)cc(OC)c1OC,CHEMBL22,IC50,nM,130000.0,CHEMBL2363,IC50,uM,130.0,RnDHFR (R. norvegicus)
CHEMBL884367,Nc1nc(N)c2nc(CNc3cccc(Cl)c3)ccc2n1,CHEMBL54618,IC50,nM,140.0,CHEMBL2363,IC50,uM,0.14,RnDHFR (R. norvegicus)
CHEMBL884367,COc1cccc(N(C)Cc2ccc3nc(N)nc(N)c3n2)c1,CHEMBL54792,IC50,nM,35.0,CHEMBL2363,IC50,uM,0.035,RnDHFR (R. norvegicus)
CHEMBL884367,Nc1nc(N)c2nc(CNc3c(Cl)cc(Cl)cc3Cl)ccc2n1,CHEMBL51706,IC50,nM,570.0,CHEMBL2363,IC50,uM,0.57,RnDHFR (R. norvegicus)
CHEMBL875142,Nc1nc(N)c2c3c(sc2n1)CCCCCC3,CHEMBL108006,IC50,nM,1900.0,CHEMBL2363,IC50,uM,1.9,RnDHFR (R. norvegicus)
CHEMBL884367,C#CCN(Cc1ccc2nc(N)nc(N)c2n1)c1ccc(C(=O)C(F)(F)F)cc1,CHEMBL53872,IC50,nM,7.5,CHEMBL2363,IC50,uM,0.0075,RnDHFR (R. norvegicus)
CHEMBL884367,COc1cccc(NCc2ccc3nc(N)nc(N)c3n2)c1,CHEMBL52836,IC50,nM,200.0,CHEMBL2363,IC50,uM,0.2,RnDHFR (R. norvegicus)
CHEMBL884367,COc1ccc(OC)c(NCc2ccc3nc(N)nc(N)c3n2)c1,CHEMBL52947,IC50,nM,280.0,CHEMBL2363,IC50,uM,0.28,RnDHFR (R. norvegicus)
CHEMBL875142,Cc1c(-c2ccc(Cl)c(Cl)c2)sc2nc(N)nc(N)c12,CHEMBL107167,IC50,nM,4600.0,CHEMBL2363,IC50,uM,4.6,RnDHFR (R. norvegicus)
CHEMBL875142,Cc1c(Cc2ccccc2)sc2nc(N)nc(N)c12,CHEMBL320811,IC50,nM,14000.0,CHEMBL2363,IC50,uM,14.0,RnDHFR (R. norvegicus)
CHEMBL884367,Nc1nc(N)c2nc(CNc3cc(Cl)c(Cl)c(Cl)c3)ccc2n1,CHEMBL53420,IC50,nM,44.0,CHEMBL2363,IC50,uM,0.044,RnDHFR (R. norvegicus)
CHEMBL884367,CC(=O)c1ccc(N(C)Cc2ccc3nc(N)nc(N)c3n2)cc1,CHEMBL55012,IC50,nM,5.1,CHEMBL2363,IC50,uM,0.0051,RnDHFR (R. norvegicus)
CHEMBL884367,COc1ccc(OC)c(Cc2cnc3nc(N)nc(N)c3c2C)c1,CHEMBL7492,IC50,nM,1.5,CHEMBL2363,IC50,uM,0.0015,RnDHFR (R. norvegicus)
CHEMBL875142,COc1cc(-c2sc3nc(N)nc(N)c3c2C)cc(OC)c1OC,CHEMBL326200,IC50,nM,1800.0,CHEMBL2363,IC50,uM,1.8,RnDHFR (R. norvegicus)
CHEMBL884367,Nc1nc(N)c2nc(CSc3ccccc3)cnc2n1,CHEMBL279243,IC50,nM,246000.0,CHEMBL2363,IC50,uM,246.0,RnDHFR (R. norvegicus)
CHEMBL884367,Nc1nc(N)c2nc(CNc3c(Cl)cccc3Cl)ccc2n1,CHEMBL54913,IC50,nM,82.0,CHEMBL2363,IC50,uM,0.082,RnDHFR (R. norvegicus)
CHEMBL884367,CN(Cc1ccc2nc(N)nc(N)c2n1)c1ccc(Cl)c(Cl)c1,CHEMBL300603,IC50,nM,17.0,CHEMBL2363,IC50,uM,0.017,RnDHFR (R. norvegicus)
CHEMBL884367,COc1cc(Cc2cnc(N)nc2N)cc(OC)c1OC,CHEMBL22,IC50,nM,130000.0,CHEMBL2363,IC50,uM,130.0,RnDHFR (R. norvegicus)
CHEMBL884367,COc1ccc(NCc2ccc3nc(N)nc(N)c3n2)cc1OC,CHEMBL55928,IC50,nM,60.0,CHEMBL2363,IC50,uM,0.06,RnDHFR (R. norvegicus)
CHEMBL884367,Nc1nc(N)c2nc(CNc3ccc4ccccc4c3)ccc2n1,CHEMBL417746,IC50,nM,210.0,CHEMBL2363,IC50,uM,0.21,RnDHFR (R. norvegicus)
CHEMBL884367,COc1ccc(N(C)Cc2ccc3nc(N)nc(N)c3n2)c(OC)c1,CHEMBL299174,IC50,nM,16.0,CHEMBL2363,IC50,uM,0.016,RnDHFR (R. norvegicus)
CHEMBL884367,Nc1nc(N)c2nc(CNc3ccc(Cl)cc3Cl)ccc2n1,CHEMBL292634,IC50,nM,88.0,CHEMBL2363,IC50,uM,0.088,RnDHFR (R. norvegicus)
CHEMBL884367,Nc1nc(N)c2nc(CNc3cc(Cl)ccc3Cl)ccc2n1,CHEMBL292212,IC50,nM,200.0,CHEMBL2363,IC50,uM,0.2,RnDHFR (R. norvegicus)
CHEMBL884367,COc1ccccc1NCc1ccc2nc(N)nc(N)c2n1,CHEMBL54523,IC50,nM,420.0,CHEMBL2363,IC50,uM,0.42,RnDHFR (R. norvegicus)
CHEMBL884367,CN(Cc1ccc2nc(N)nc(N)c2n1)c1ccc(Cl)cc1Cl,CHEMBL54732,IC50,nM,58.0,CHEMBL2363,IC50,uM,0.058,RnDHFR (R. norvegicus)
CHEMBL875142,Cc1c(-c2ccccc2)sc2nc(N)nc(N)c12,CHEMBL104555,IC50,nM,57000.0,CHEMBL2363,IC50,uM,57.0,RnDHFR (R. norvegicus)
CHEMBL884367,CN(Cc1ccc2nc(N)nc(N)c2n1)c1ccc2ccccc2c1,CHEMBL55727,IC50,nM,7.2,CHEMBL2363,IC50,uM,0.0072,RnDHFR (R. norvegicus)
CHEMBL884367,CN(Cc1ccc2nc(N)nc(N)c2n1)c1ccccc1Cl,CHEMBL53318,IC50,nM,120.0,CHEMBL2363,IC50,uM,0.12,RnDHFR (R. norvegicus)
CHEMBL884367,Nc1nc(N)c2nc(CSc3ccccc3)ccc2n1,CHEMBL300886,IC50,nM,520.0,CHEMBL2363,IC50,uM,0.52,RnDHFR (R. norvegicus)
CHEMBL884367,C#CCN(Cc1ccc2nc(N)nc(N)c2n1)c1ccc(C(C)=O)cc1,CHEMBL52953,IC50,nM,15.0,CHEMBL2363,IC50,uM,0.015,RnDHFR (R. norvegicus)
CHEMBL884367,Nc1nc(N)c2nc(CSc3cccc4ccccc34)ccc2n1,CHEMBL55656,IC50,nM,160.0,CHEMBL2363,IC50,uM,0.16,RnDHFR (R. norvegicus)
CHEMBL884367,COc1cc(NCc2ccc3nc(N)nc(N)c3c2C)cc(OC)c1OC,CHEMBL119,IC50,nM,3.0,CHEMBL2363,IC50,uM,0.003,RnDHFR (R. norvegicus)
CHEMBL884367,CN(Cc1ccc2nc(N)nc(N)c2n1)c1c(Cl)cccc1Cl,CHEMBL445359,IC50,nM,48.0,CHEMBL2363,IC50,uM,0.048,RnDHFR (R. norvegicus)
CHEMBL884367,COc1ccc(OC)c(N(C)Cc2ccc3nc(N)nc(N)c3n2)c1,CHEMBL301105,IC50,nM,50.0,CHEMBL2363,IC50,uM,0.05,RnDHFR (R. norvegicus)
CHEMBL884367,COc1cc(N(C)Cc2ccc3nc(N)nc(N)c3n2)cc(OC)c1OC,CHEMBL52688,IC50,nM,26.0,CHEMBL2363,IC50,uM,0.026,RnDHFR (R. norvegicus)
CHEMBL884367,CN(Cc1ccc2nc(N)nc(N)c2n1)c1ccccc1,CHEMBL55063,IC50,nM,24.0,CHEMBL2363,IC50,uM,0.024,RnDHFR (R. norvegicus)
CHEMBL875142,COc1ccc(OC)c(CCc2csc3nc(N)nc(N)c23)c1,CHEMBL107023,IC50,nM,3100.0,CHEMBL2363,IC50,uM,3.1,RnDHFR (R. norvegicus)
CHEMBL875142,Nc1nc(N)c2c3c(sc2n1)CCCC3,CHEMBL323155,IC50,nM,3900.0,CHEMBL2363,IC50,uM,3.9,RnDHFR (R. norvegicus)
CHEMBL875142,COc1ccc(OC)c(Cc2sc3nc(N)nc(N)c3c2C)c1,CHEMBL104787,IC50,nM,400.0,CHEMBL2363,IC50,uM,0.4,RnDHFR (R. norvegicus)
CHEMBL884367,COc1ccc(NCc2ccc3nc(N)nc(N)c3n2)c(OC)c1,CHEMBL296382,IC50,nM,320.0,CHEMBL2363,IC50,uM,0.32,RnDHFR (R. norvegicus)
CHEMBL884367,Nc1nc(N)c2nc(CNc3cccc4ccccc34)ccc2n1,CHEMBL299140,IC50,nM,40.0,CHEMBL2363,IC50,uM,0.04,RnDHFR (R. norvegicus)
CHEMBL875142,Nc1nc(N)c2c3c(sc2n1)CCCCC3,CHEMBL325333,IC50,nM,1300.0,CHEMBL2363,IC50,uM,1.3,RnDHFR (R. norvegicus)
CHEMBL875142,Nc1nc(N)c2c3c(sc2n1)CN(Cc1ccccc1)CC3,CHEMBL317017,IC50,nM,570.0,CHEMBL2363,IC50,uM,0.57,RnDHFR (R. norvegicus)
CHEMBL875142,COc1ccc(OC)c(Cc2cnc3nc(N)nc(N)c3c2C)c1,CHEMBL7492,IC50,nM,1.5,CHEMBL2363,IC50,uM,0.0015,RnDHFR (R. norvegicus)
CHEMBL884367,Nc1nc(N)c2nc(CNc3ccccc3)ccc2n1,CHEMBL54733,IC50,nM,260.0,CHEMBL2363,IC50,uM,0.26,RnDHFR (R. norvegicus)
CHEMBL884367,Nc1nc(N)c2nc(CNc3ccccc3Cl)ccc2n1,CHEMBL53165,IC50,nM,140.0,CHEMBL2363,IC50,uM,0.14,RnDHFR (R. norvegicus)
CHEMBL884367,Nc1nc(N)c2nc(CSc3ccc4ccccc4c3)ccc2n1,CHEMBL292143,IC50,nM,86.0,CHEMBL2363,IC50,uM,0.086,RnDHFR (R. norvegicus)
CHEMBL884367,COc1ccc(N(C)Cc2ccc3nc(N)nc(N)c3n2)cc1OC,CHEMBL57624,IC50,nM,2.7,CHEMBL2363,IC50,uM,0.0027,RnDHFR (R. norvegicus)
CHEMBL875142,COc1ccc(OC)c(CCCc2csc3nc(N)nc(N)c23)c1,CHEMBL104379,IC50,nM,26000.0,CHEMBL2363,IC50,uM,26.0,RnDHFR (R. norvegicus)
CHEMBL884367,CN(Cc1ccc2nc(N)nc(N)c2n1)c1cc(Cl)ccc1Cl,CHEMBL55191,IC50,nM,47.0,CHEMBL2363,IC50,uM,0.047,RnDHFR (R. norvegicus)
CHEMBL875142,COc1ccc(OC)c(-c2sc3nc(N)nc(N)c3c2C)c1,CHEMBL323960,IC50,nM,370.0,CHEMBL2363,IC50,uM,0.37,RnDHFR (R. norvegicus)
CHEMBL884367,Nc1nc(N)c2nc(CNc3ccc(Cl)c(Cl)c3)ccc2n1,CHEMBL292427,IC50,nM,54.0,CHEMBL2363,IC50,uM,0.054,RnDHFR (R. norvegicus)
CHEMBL884367,COc1ccccc1N(C)Cc1ccc2nc(N)nc(N)c2n1,CHEMBL53974,IC50,nM,120.0,CHEMBL2363,IC50,uM,0.12,RnDHFR (R. norvegicus)
CHEMBL875142,COc1ccc(OC)c(CCc2sc3nc(N)nc(N)c3c2C)c1,CHEMBL322585,IC50,nM,5900.0,CHEMBL2363,IC50,uM,5.9,RnDHFR (R. norvegicus)
CHEMBL884367,CN(Cc1ccc2nc(N)nc(N)c2n1)c1cc(Cl)c(Cl)c(Cl)c1,CHEMBL52698,IC50,nM,87.0,CHEMBL2363,IC50,uM,0.087,RnDHFR (R. norvegicus)
CHEMBL884367,CN(Cc1ccc2nc(N)nc(N)c2n1)c1ccc(C(=O)C(F)(F)F)cc1,CHEMBL55049,IC50,nM,32.0,CHEMBL2363,IC50,uM,0.032,RnDHFR (R. norvegicus)
CHEMBL875142,COc1cc(Cc2sc3nc(N)nc(N)c3c2C)cc(OC)c1OC,CHEMBL322315,IC50,nM,51000.0,CHEMBL2363,IC50,uM,51.0,RnDHFR (R. norvegicus)
CHEMBL875142,COc1cc(CCc2sc3nc(N)nc(N)c3c2C)cc(OC)c1OC,CHEMBL322861,IC50,nM,25000.0,CHEMBL2363,IC50,uM,25.0,RnDHFR (R. norvegicus)
CHEMBL875142,Nc1nc(N)c2c3c(sc2n1)CCCCCCCCCC3,CHEMBL104770,IC50,nM,9300.0,CHEMBL2363,IC50,uM,9.3,RnDHFR (R. norvegicus)
CHEMBL884367,CN(Cc1ccc2nc(N)nc(N)c2n1)c1c(Cl)cc(Cl)cc1Cl,CHEMBL52930,IC50,nM,52.0,CHEMBL2363,IC50,uM,0.052,RnDHFR (R. norvegicus)
CHEMBL884367,CC(=O)c1ccc(NCc2ccc3nc(N)nc(N)c3n2)cc1,CHEMBL301795,IC50,nM,2.5,CHEMBL2363,IC50,uM,0.0025,RnDHFR (R. norvegicus)
CHEMBL884367,COc1ccc(NCc2ccc3nc(N)nc(N)c3n2)cc1,CHEMBL52777,IC50,nM,73.0,CHEMBL2363,IC50,uM,0.073,RnDHFR (R. norvegicus)
CHEMBL875142,COc1cc(NCc2ccc3nc(N)nc(N)c3c2C)cc(OC)c1OC,CHEMBL119,IC50,nM,3.0,CHEMBL2363,IC50,uM,0.003,RnDHFR (R. norvegicus)
CHEMBL884367,COc1ccc(SCc2cnc3nc(N)nc(N)c3c2C)cc1,CHEMBL23911,IC50,nM,520.0,CHEMBL2363,IC50,uM,0.52,RnDHFR (R. norvegicus)
CHEMBL884367,COc1ccc(N(C)Cc2ccc3nc(N)nc(N)c3n2)cc1,CHEMBL415962,IC50,nM,18.0,CHEMBL2363,IC50,uM,0.018,RnDHFR (R. norvegicus)
CHEMBL884367,CN(Cc1ccc2nc(N)nc(N)c2n1)c1cccc(Cl)c1,CHEMBL54399,IC50,nM,67.0,CHEMBL2363,IC50,uM,0.067,RnDHFR (R. norvegicus)
CHEMBL884367,COc1cc(NCc2ccc3nc(N)nc(N)c3n2)cc(OC)c1OC,CHEMBL55179,IC50,nM,200.0,CHEMBL2363,IC50,uM,0.2,RnDHFR (R. norvegicus)
CHEMBL884367,CN(Cc1ccc2nc(N)nc(N)c2n1)c1cccc2ccccc12,CHEMBL54538,IC50,nM,7.3,CHEMBL2363,IC50,uM,0.0073,RnDHFR (R. norvegicus)
CHEMBL665442,Cc1c(CSc2ccc(Cl)cc2)cnc2nc(N)nc(N)c12,CHEMBL22677,IC50,nM,370.0,CHEMBL2363,IC50,uM,0.37,RnDHFR (R. norvegicus)
CHEMBL665442,COc1cccc(SCc2cnc3nc(N)nc(N)c3n2)c1,CHEMBL23380,IC50,nM,7700.0,CHEMBL2363,IC50,uM,7.7,RnDHFR (R. norvegicus)
CHEMBL665442,COc1ccc(OC)c(CCc2cnc3nc(N)nc(N)c3c2C)c1,CHEMBL284544,IC50,nM,770.0,CHEMBL2363,IC50,uM,0.77,RnDHFR (R. norvegicus)
CHEMBL665442,COc1ccc(N(C)Cc2cnc3nc(N)nc(N)c3c2C)cc1OC,CHEMBL279680,IC50,nM,5.2,CHEMBL2363,IC50,uM,0.0052,RnDHFR (R. norvegicus)
CHEMBL665442,Nc1nc(N)c2cc(CNc3cccc4ccccc34)cnc2n1,CHEMBL22924,IC50,nM,230.0,CHEMBL2363,IC50,uM,0.23,RnDHFR (R. norvegicus)
CHEMBL665442,COc1ccc(OC)c(N(C)Cc2cnc3nc(N)nc(N)c3n2)c1,CHEMBL22543,IC50,nM,470.0,CHEMBL2363,IC50,uM,0.47,RnDHFR (R. norvegicus)
CHEMBL665442,COc1cc(NCc2cnc3nc(N)nc(N)c3n2)cc(OC)c1,CHEMBL23919,IC50,nM,880.0,CHEMBL2363,IC50,uM,0.88,RnDHFR (R. norvegicus)
CHEMBL665442,Nc1nc(N)c2nc(CSc3cccc4ccccc34)cnc2n1,CHEMBL22434,IC50,nM,8200.0,CHEMBL2363,IC50,uM,8.2,RnDHFR (R. norvegicus)
CHEMBL665442,Nc1nc(N)c2cc(CNc3ccc(Cl)cc3)ccc2n1,CHEMBL23092,IC50,nM,73.0,CHEMBL2363,IC50,uM,0.073,RnDHFR (R. norvegicus)
CHEMBL665442,COc1cc(NCc2ccc3nc(N)nc(N)c3c2C)cc(OC)c1OC,CHEMBL119,IC50,nM,3.0,CHEMBL2363,IC50,uM,0.003,RnDHFR (R. norvegicus)
CHEMBL665452,Cc1c(CO)cnc2nc(N)nc(N)c12,CHEMBL311432,IC50,nM,8500.0,CHEMBL2363,IC50,uM,8.5,RnDHFR (R. norvegicus)
CHEMBL665442,COc1ccc(OC)c(NCc2ccc3nc(N)nc(N)c3c2)c1,CHEMBL23454,IC50,nM,460.0,CHEMBL2363,IC50,uM,0.46,RnDHFR (R. norvegicus)
CHEMBL665442,CCc1nc(N)nc(N)c1-c1ccc(Cl)cc1,CHEMBL36,IC50,nM,2300.0,CHEMBL2363,IC50,uM,2.3,RnDHFR (R. norvegicus)
CHEMBL665442,Cc1cccc(SCc2cnc3nc(N)nc(N)c3c2C)c1,CHEMBL23272,IC50,nM,330.0,CHEMBL2363,IC50,uM,0.33,RnDHFR (R. norvegicus)
CHEMBL665445,COc1cc(CCc2cccc3nc(N)nc(N)c23)cc(OC)c1OC,CHEMBL441298,IC50,nM,3700.0,CHEMBL2363,IC50,uM,3.7,RnDHFR (R. norvegicus)
CHEMBL665452,COc1ccc(C(=O)OCc2ccc3nc(N)nc(N)c3c2)cc1OC,CHEMBL310807,IC50,nM,110.0,CHEMBL2363,IC50,uM,0.11,RnDHFR (R. norvegicus)
CHEMBL665442,COc1ccc(OC)c(NCc2cnc3nc(N)nc(N)c3c2C)c1,CHEMBL23021,IC50,nM,10.0,CHEMBL2363,IC50,uM,0.01,RnDHFR (R. norvegicus)
CHEMBL665442,COc1ccc(NCc2cnc3nc(N)nc(N)c3c2C)c(C)c1,CHEMBL23382,IC50,nM,29.0,CHEMBL2363,IC50,uM,0.029,RnDHFR (R. norvegicus)
CHEMBL665442,COc1ccc(NCc2cnc3nc(N)nc(N)c3c2C)c(OC)c1,CHEMBL279983,IC50,nM,61.0,CHEMBL2363,IC50,uM,0.061,RnDHFR (R. norvegicus)
CHEMBL665442,Cc1ccc(SCc2cnc3nc(N)nc(N)c3n2)cc1,CHEMBL23425,IC50,nM,26000.0,CHEMBL2363,IC50,uM,26.0,RnDHFR (R. norvegicus)
CHEMBL665442,Cc1ccc(SCc2cnc3nc(N)nc(N)c3c2C)cc1,CHEMBL24344,IC50,nM,500.0,CHEMBL2363,IC50,uM,0.5,RnDHFR (R. norvegicus)
CHEMBL665442,COc1cc(Cc2cnc(N)nc2N)cc(OC)c1OC,CHEMBL22,IC50,nM,133000.0,CHEMBL2363,IC50,uM,133.0,RnDHFR (R. norvegicus)
CHEMBL665442,COc1ccc(N(C)Cc2cnc3nc(N)nc(N)c3c2C)c(OC)c1,CHEMBL23705,IC50,nM,230.0,CHEMBL2363,IC50,uM,0.23,RnDHFR (R. norvegicus)
CHEMBL665452,COc1ccc(OC)c(Cc2cnc3nc(N)nc(N)c3c2C)c1,CHEMBL7492,IC50,nM,4.4,CHEMBL2363,IC50,uM,0.0044,RnDHFR (R. norvegicus)
CHEMBL667230,CCc1nc(N)nc(N)c1-c1ccc(N(C)Cc2ccccc2)c([N+](=O)[O-])c1,CHEMBL56170,IC50,nM,9.0,CHEMBL2363,I50,M,9E-9,RnDHFR (R. norvegicus)
CHEMBL665442,Cc1c(CNc2cccc3ccccc23)cnc2nc(N)nc(N)c12,CHEMBL23867,IC50,nM,110.0,CHEMBL2363,IC50,uM,0.11,RnDHFR (R. norvegicus)
CHEMBL665442,Cc1c(CNc2ccc(Cl)cc2)cnc2nc(N)nc(N)c12,CHEMBL23416,IC50,nM,72.0,CHEMBL2363,IC50,uM,0.072,RnDHFR (R. norvegicus)
CHEMBL665442,Nc1nc(N)c2nc(CCc3cccc4ccccc34)cnc2n1,CHEMBL276954,IC50,nM,60000.0,CHEMBL2363,IC50,uM,60.0,RnDHFR (R. norvegicus)
CHEMBL665445,COc1ccc(OC)c(N(C)Cc2cccc3nc(N)nc(N)c23)c1,CHEMBL434097,IC50,nM,84000.0,CHEMBL2363,IC50,uM,84.0,RnDHFR (R. norvegicus)
CHEMBL665452,Cc1c(COC(=O)c2ccccc2)cnc2nc(N)nc(N)c12,CHEMBL79182,IC50,nM,230.0,CHEMBL2363,IC50,uM,0.23,RnDHFR (R. norvegicus)
CHEMBL665445,COc1cc(NCc2ccc3nc(N)nc(N)c3c2C)cc(OC)c1OC,CHEMBL119,IC50,nM,3.0,CHEMBL2363,IC50,uM,0.003,RnDHFR (R. norvegicus)
CHEMBL665452,CN(Cc1ccc2nc(N)nc(N)c2c1)c1ccccc1,CHEMBL78578,IC50,nM,69.0,CHEMBL2363,IC50,uM,0.069,RnDHFR (R. norvegicus)
CHEMBL665452,Nc1nc(N)c2cc(CO)ccc2n1,CHEMBL309371,IC50,nM,40300.0,CHEMBL2363,IC50,uM,40.3,RnDHFR (R. norvegicus)
CHEMBL665442,COc1ccc(OC)c(NCc2cnc3nc(N)nc(N)c3n2)c1,CHEMBL23402,IC50,nM,22900.0,CHEMBL2363,IC50,uM,22.9,RnDHFR (R. norvegicus)
CHEMBL665442,COc1ccc(C(F)(F)F)cc1NCc1cnc2nc(N)nc(N)c2n1,CHEMBL23495,IC50,nM,21000.0,CHEMBL2363,IC50,uM,21.0,RnDHFR (R. norvegicus)
CHEMBL665442,Cc1cccc(SCc2cnc3nc(N)nc(N)c3n2)c1,CHEMBL286820,IC50,nM,8480.0,CHEMBL2363,IC50,uM,8.48,RnDHFR (R. norvegicus)
CHEMBL665442,Cc1c(CSc2ccccc2)cnc2nc(N)nc(N)c12,CHEMBL291239,IC50,nM,430.0,CHEMBL2363,IC50,uM,0.43,RnDHFR (R. norvegicus)
CHEMBL665442,Cc1c(CNc2cccc3c2CCCC3)cnc2nc(N)nc(N)c12,CHEMBL282948,IC50,nM,130.0,CHEMBL2363,IC50,uM,0.13,RnDHFR (R. norvegicus)
CHEMBL665442,COc1ccc(SCc2cnc3nc(N)nc(N)c3n2)cc1,CHEMBL23146,IC50,nM,10200.0,CHEMBL2363,IC50,uM,10.2,RnDHFR (R. norvegicus)
CHEMBL665442,COc1ccc(C(F)(F)F)cc1N(C)Cc1cnc2nc(N)nc(N)c2c1C,CHEMBL23076,IC50,nM,230.0,CHEMBL2363,IC50,uM,0.23,RnDHFR (R. norvegicus)
CHEMBL665445,COc1ccc(OC)c(CCc2cccc3nc(N)nc(N)c23)c1,CHEMBL349149,IC50,nM,4100.0,CHEMBL2363,IC50,uM,4.1,RnDHFR (R. norvegicus)
CHEMBL665452,COc1ccc(OC)c(C(=O)OCc2ccc3nc(N)nc(N)c3c2)c1,CHEMBL79216,IC50,nM,420.0,CHEMBL2363,IC50,uM,0.42,RnDHFR (R. norvegicus)
CHEMBL665442,Nc1nc(N)c2nc(CNc3cccc4ccccc34)cnc2n1,CHEMBL26006,IC50,nM,1260.0,CHEMBL2363,IC50,uM,1.26,RnDHFR (R. norvegicus)
CHEMBL665452,Nc1nc(N)c2nc(COC(=O)c3ccccc3)cnc2n1,CHEMBL309784,IC50,nM,7000.0,CHEMBL2363,IC50,uM,7.0,RnDHFR (R. norvegicus)
CHEMBL665445,Nc1nc(N)c2c(CCc3ccccc3)cccc2n1,CHEMBL341703,IC50,nM,510.0,CHEMBL2363,IC50,uM,0.51,RnDHFR (R. norvegicus)
CHEMBL665442,COc1cc(NCc2cnc3nc(N)nc(N)c3n2)cc(OC)c1OC,CHEMBL23459,IC50,nM,1900.0,CHEMBL2363,IC50,uM,1.9,RnDHFR (R. norvegicus)
CHEMBL665442,COc1ccc(C(F)(F)F)cc1NCc1cnc2nc(N)nc(N)c2c1C,CHEMBL281648,IC50,nM,20.0,CHEMBL2363,IC50,uM,0.02,RnDHFR (R. norvegicus)
CHEMBL665452,Nc1nc(N)c2cc(/C=C/C(=O)Oc3ccccc3)ccc2n1,CHEMBL80123,IC50,nM,1290.0,CHEMBL2363,IC50,uM,1.29,RnDHFR (R. norvegicus)
CHEMBL665442,COc1cccc(C)c1NCc1cnc2nc(N)nc(N)c2c1C,CHEMBL281131,IC50,nM,320.0,CHEMBL2363,IC50,uM,0.32,RnDHFR (R. norvegicus)
CHEMBL665442,Cc1c(CN(C)c2cccc3c2CCCC3)cnc2nc(N)nc(N)c12,CHEMBL23220,IC50,nM,140.0,CHEMBL2363,IC50,uM,0.14,RnDHFR (R. norvegicus)
CHEMBL665452,Nc1nc(N)c2cc(COC(=O)c3ccccc3)cnc2n1,CHEMBL80935,IC50,nM,3900.0,CHEMBL2363,IC50,uM,3.9,RnDHFR (R. norvegicus)
CHEMBL665442,Nc1nc(N)c2nc(CSc3cccc(Cl)c3)cnc2n1,CHEMBL409194,IC50,nM,26600.0,CHEMBL2363,IC50,uM,26.6,RnDHFR (R. norvegicus)
CHEMBL665442,COc1cc(NCc2cnc3nc(N)nc(N)c3n2)cc(C(F)(F)F)c1,CHEMBL23466,IC50,nM,1900.0,CHEMBL2363,IC50,uM,1.9,RnDHFR (R. norvegicus)
CHEMBL665442,COc1ccc(SCc2cnc3nc(N)nc(N)c3c2C)cc1,CHEMBL23911,IC50,nM,520.0,CHEMBL2363,IC50,uM,0.52,RnDHFR (R. norvegicus)
CHEMBL665442,COc1ccc(SCc2cnc3nc(N)nc(N)c3c2C)cc1OC,CHEMBL23244,IC50,nM,180.0,CHEMBL2363,IC50,uM,0.18,RnDHFR (R. norvegicus)
CHEMBL665442,Nc1nc(N)c2nc(CNc3ccc(Cl)cc3)cnc2n1,CHEMBL22672,IC50,nM,300.0,CHEMBL2363,IC50,uM,0.3,RnDHFR (R. norvegicus)
CHEMBL665442,COc1ccc(OC)c(N(C)Cc2cnc3nc(N)nc(N)c3c2C)c1,CHEMBL281803,IC50,nM,460.0,CHEMBL2363,IC50,uM,0.46,RnDHFR (R. norvegicus)
CHEMBL665442,Cc1c(CCc2cccc3ccccc23)cnc2nc(N)nc(N)c12,CHEMBL23374,IC50,nM,135.0,CHEMBL2363,IC50,uM,0.135,RnDHFR (R. norvegicus)
CHEMBL665442,COc1ccc(OC)c(CCc2cnc3nc(N)nc(N)c3n2)c1,CHEMBL287511,IC50,nM,23200.0,CHEMBL2363,IC50,uM,23.2,RnDHFR (R. norvegicus)
CHEMBL665442,Nc1nc(N)c2cc(CNc3cccc4ccccc34)ccc2n1,CHEMBL23211,IC50,nM,55.0,CHEMBL2363,IC50,uM,0.055,RnDHFR (R. norvegicus)
CHEMBL665442,Cc1cc(Cl)ccc1NCc1ccc2nc(N)nc(N)c2c1,CHEMBL23227,IC50,nM,23.0,CHEMBL2363,IC50,uM,0.023,RnDHFR (R. norvegicus)
CHEMBL665445,Nc1nc(N)c2c(/C=C/c3ccccc3)cccc2n1,CHEMBL164845,IC50,nM,1500.0,CHEMBL2363,IC50,uM,1.5,RnDHFR (R. norvegicus)
CHEMBL665452,COc1cc(Cc2cnc(N)nc2N)cc(OC)c1OC,CHEMBL22,IC50,nM,121000.0,CHEMBL2363,IC50,uM,121.0,RnDHFR (R. norvegicus)
CHEMBL665452,Nc1nc(N)c2cc(COC(=O)c3ccc(C(=O)O)cc3)ccc2n1,CHEMBL77409,IC50,nM,1100.0,CHEMBL2363,IC50,uM,1.1,RnDHFR (R. norvegicus)
CHEMBL665442,Nc1nc(N)c2nc(CSc3ccccc3)cnc2n1,CHEMBL279243,IC50,nM,246000.0,CHEMBL2363,IC50,uM,246.0,RnDHFR (R. norvegicus)
CHEMBL665442,COc1cc(OC)cc(N(C)Cc2cnc3nc(N)nc(N)c3c2C)c1,CHEMBL22623,IC50,nM,13.0,CHEMBL2363,IC50,uM,0.013,RnDHFR (R. norvegicus)
CHEMBL665442,Cc1c(CSc2cccc(Cl)c2)cnc2nc(N)nc(N)c12,CHEMBL24007,IC50,nM,190.0,CHEMBL2363,IC50,uM,0.19,RnDHFR (R. norvegicus)
CHEMBL665442,COc1cc(NCc2cnc3nc(N)nc(N)c3c2C)cc(C(F)(F)F)c1,CHEMBL23963,IC50,nM,17.0,CHEMBL2363,IC50,uM,0.017,RnDHFR (R. norvegicus)
CHEMBL665442,Cc1ccc(C)c(NCc2cnc3nc(N)nc(N)c3c2C)c1,CHEMBL23383,IC50,nM,120.0,CHEMBL2363,IC50,uM,0.12,RnDHFR (R. norvegicus)
CHEMBL665442,COc1ccc(C)cc1NCc1cnc2nc(N)nc(N)c2c1C,CHEMBL279705,IC50,nM,160.0,CHEMBL2363,IC50,uM,0.16,RnDHFR (R. norvegicus)
CHEMBL665442,COc1ccc(NCc2cnc3nc(N)nc(N)c3c2C)cc1OC,CHEMBL283518,IC50,nM,6.5,CHEMBL2363,IC50,uM,0.0065,RnDHFR (R. norvegicus)
CHEMBL665445,COc1cc(N(C)Cc2cccc3nc(N)nc(N)c23)cc(OC)c1OC,CHEMBL162270,IC50,nM,53000.0,CHEMBL2363,IC50,uM,53.0,RnDHFR (R. norvegicus)
CHEMBL665452,COc1cc(C(=O)OCc2ccc3nc(N)nc(N)c3c2)cc(OC)c1OC,CHEMBL78022,IC50,nM,26.0,CHEMBL2363,IC50,uM,0.026,RnDHFR (R. norvegicus)
CHEMBL665452,COc1cc(OC)cc(C(=O)OCc2ccc3nc(N)nc(N)c3c2)c1,CHEMBL420393,IC50,nM,350.0,CHEMBL2363,IC50,uM,0.35,RnDHFR (R. norvegicus)
CHEMBL665442,Nc1nc(N)c2cc(CNc3ccc(Cl)cc3)cnc2n1,CHEMBL23492,IC50,nM,720.0,CHEMBL2363,IC50,uM,0.72,RnDHFR (R. norvegicus)
CHEMBL665442,COc1ccc(OC)c(Cc2cnc3nc(N)nc(N)c3c2C)c1,CHEMBL7492,IC50,nM,1.5,CHEMBL2363,IC50,uM,0.0015,RnDHFR (R. norvegicus)
CHEMBL665445,CCc1nc(N)nc(N)c1-c1ccc(Cl)cc1,CHEMBL36,IC50,nM,2300.0,CHEMBL2363,IC50,uM,2.3,RnDHFR (R. norvegicus)
CHEMBL665445,COc1ccc(OC)c(Cc2cnc3nc(N)nc(N)c3c2C)c1,CHEMBL7492,IC50,nM,1.5,CHEMBL2363,IC50,uM,0.0015,RnDHFR (R. norvegicus)
CHEMBL665442,COc1ccc(SCc2cnc3nc(N)nc(N)c3n2)cc1OC,CHEMBL23286,IC50,nM,36300.0,CHEMBL2363,IC50,uM,36.3,RnDHFR (R. norvegicus)
CHEMBL665442,COc1cc(NCc2cnc3nc(N)nc(N)c3c2)cc(OC)c1OC,CHEMBL23288,IC50,nM,810.0,CHEMBL2363,IC50,uM,0.81,RnDHFR (R. norvegicus)
CHEMBL665442,COc1cccc(SCc2cnc3nc(N)nc(N)c3c2C)c1,CHEMBL277217,IC50,nM,600.0,CHEMBL2363,IC50,uM,0.6,RnDHFR (R. norvegicus)
CHEMBL665452,Nc1nc(N)c2cc(CNc3ccccc3)ccc2n1,CHEMBL80746,IC50,nM,440.0,CHEMBL2363,IC50,uM,0.44,RnDHFR (R. norvegicus)
CHEMBL665442,Nc1nc(N)c2nc(CSc3ccc(Cl)cc3)cnc2n1,CHEMBL23787,IC50,nM,14300.0,CHEMBL2363,IC50,uM,14.3,RnDHFR (R. norvegicus)
CHEMBL665452,Nc1nc(N)c2cc(COC(=O)c3ccccc3)ccc2n1,CHEMBL421319,IC50,nM,390.0,CHEMBL2363,IC50,uM,0.39,RnDHFR (R. norvegicus)
CHEMBL665452,COc1cc(NCc2ccc3nc(N)nc(N)c3c2C)cc(OC)c1OC,CHEMBL119,IC50,nM,8.0,CHEMBL2363,IC50,uM,0.008,RnDHFR (R. norvegicus)
CHEMBL665442,COc1cccc(C)c1NCc1cnc2nc(N)nc(N)c2n1,CHEMBL23657,IC50,nM,5700.0,CHEMBL2363,IC50,uM,5.7,RnDHFR (R. norvegicus)
CHEMBL665442,CCOc1ccc(OCC)c(N(C)Cc2cnc3nc(N)nc(N)c3c2C)c1,CHEMBL23844,IC50,nM,530.0,CHEMBL2363,IC50,uM,0.53,RnDHFR (R. norvegicus)
CHEMBL665445,COc1cc(Cc2cnc(N)nc2N)cc(OC)c1OC,CHEMBL22,IC50,nM,130000.0,CHEMBL2363,IC50,uM,130.0,RnDHFR (R. norvegicus)
CHEMBL665452,Nc1nc(N)c2cc(COC(=O)Cc3ccccc3)ccc2n1,CHEMBL78631,IC50,nM,2300.0,CHEMBL2363,IC50,uM,2.3,RnDHFR (R. norvegicus)
CHEMBL665442,CCOc1ccc(OCC)c(NCc2cnc3nc(N)nc(N)c3c2C)c1,CHEMBL279679,IC50,nM,370.0,CHEMBL2363,IC50,uM,0.37,RnDHFR (R. norvegicus)
CHEMBL665442,Cc1c(CSc2cccc3ccccc23)cnc2nc(N)nc(N)c12,CHEMBL23584,IC50,nM,550.0,CHEMBL2363,IC50,uM,0.55,RnDHFR (R. norvegicus)
CHEMBL665442,COc1ccc(C)c(NCc2cnc3nc(N)nc(N)c3c2C)c1,CHEMBL23713,IC50,nM,150.0,CHEMBL2363,IC50,uM,0.15,RnDHFR (R. norvegicus)
CHEMBL665442,COc1cc(NCc2cnc3nc(N)nc(N)c3c2C)cc(OC)c1,CHEMBL23569,IC50,nM,31.0,CHEMBL2363,IC50,uM,0.031,RnDHFR (R. norvegicus)
CHEMBL665442,COc1cc(NCc2cnc3nc(N)nc(N)c3c2C)cc(OC)c1OC,CHEMBL23532,IC50,nM,5.4,CHEMBL2363,IC50,uM,0.0054,RnDHFR (R. norvegicus)
CHEMBL665452,Nc1nc(N)c2cc(C(=O)OCc3ccccc3)ccc2n1,CHEMBL306731,IC50,nM,420.0,CHEMBL2363,IC50,uM,0.42,RnDHFR (R. norvegicus)
CHEMBL665452,COc1ccc(C(=O)OCc2ccc3nc(N)nc(N)c3c2)c(OC)c1OC,CHEMBL309792,IC50,nM,500.0,CHEMBL2363,IC50,uM,0.5,RnDHFR (R. norvegicus)
CHEMBL665213,COc1cc(Cc2cnc(N)nc2N)cc(CC(C)O)c1O,CHEMBL303075,IC50,nM,36000.0,CHEMBL2363,I50,M,0.000036,RnDHFR (R. norvegicus)
CHEMBL665213,C=CCOc1ccc(Cc2cnc(N)nc2N)cc1,CHEMBL57878,IC50,nM,320000.0,CHEMBL2363,I50,M,0.00032,RnDHFR (R. norvegicus)
CHEMBL665453,COc1ccc(C#CCOc2ccccc2C(=O)O)cc1Cc1cnc(N)nc1N,CHEMBL35437,IC50,nM,6200.0,CHEMBL2363,IC50,nM,6200.0,RnDHFR (R. norvegicus)
CHEMBL665213,C=CCOc1ccc(Cc2cnc(N)nc2N)cc1OC,CHEMBL412892,IC50,nM,49000.0,CHEMBL2363,I50,M,0.000049,RnDHFR (R. norvegicus)
CHEMBL665213,C/C=C/c1cc(Cc2cnc(N)nc2N)cc(OC)c1OC,CHEMBL23338,IC50,nM,57000.0,CHEMBL2363,I50,M,0.000057,RnDHFR (R. norvegicus)
CHEMBL665213,C=CCc1cc(Cc2cnc(N)nc2N)ccc1O,CHEMBL59952,IC50,nM,94500.0,CHEMBL2363,I50,M,0.0000945,RnDHFR (R. norvegicus)
CHEMBL883655,Cc1ccc(Cl)cc1Cc1cnc2nc(N)nc(N)c2c1C,CHEMBL34775,IC50,nM,2.8,CHEMBL2363,IC50,nM,2.8,RnDHFR (R. norvegicus)
CHEMBL665213,CCCc1cc(Cc2cnc(N)nc2N)cc(CC)c1OC,CHEMBL279455,IC50,nM,32000.0,CHEMBL2363,I50,M,0.000032,RnDHFR (R. norvegicus)
CHEMBL665213,CCCc1cc(Cc2cnc(N)nc2N)cc(OC)c1OC,CHEMBL278345,IC50,nM,37000.0,CHEMBL2363,I50,M,0.000037,RnDHFR (R. norvegicus)
CHEMBL665214,CCOc1cc(Cc2cnc(N)nc2N)cc2c1OCO2,CHEMBL58908,IC50,nM,37000.0,CHEMBL2363,I50,M,0.000037,RnDHFR (R. norvegicus)
CHEMBL665213,CCCc1cc(Cc2cnc(N)nc2N)cc(CCC)c1O,CHEMBL23746,IC50,nM,2000.0,CHEMBL2363,I50,M,0.000002,RnDHFR (R. norvegicus)
CHEMBL665213,C=CCc1cc(Cc2cnc(N)nc2N)cc(CC=C)c1OC,CHEMBL301236,IC50,nM,18000.0,CHEMBL2363,I50,M,0.000018,RnDHFR (R. norvegicus)
CHEMBL665453,COc1ccc(CCCOc2cccc(C(=O)O)c2)cc1Cc1cnc(N)nc1N,CHEMBL284839,IC50,nM,4000.0,CHEMBL2363,IC50,nM,4000.0,RnDHFR (R. norvegicus)
CHEMBL665453,COc1ccc(CCc2ccc(C(=O)O)cc2)cc1Cc1cnc(N)nc1N,CHEMBL38158,IC50,nM,13000.0,CHEMBL2363,IC50,nM,13000.0,RnDHFR (R. norvegicus)
CHEMBL665213,C=CCc1cc(Cc2cnc(N)nc2N)cc(CCC)c1OC,CHEMBL58550,IC50,nM,15000.0,CHEMBL2363,I50,M,0.000015,RnDHFR (R. norvegicus)
CHEMBL665214,Cc1cc(Cc2cnc(N)nc2N)cc2c1OC(C)(C)C2,CHEMBL291540,IC50,nM,37000.0,CHEMBL2363,I50,M,0.000037,RnDHFR (R. norvegicus)
CHEMBL665453,COc1ccc(C#CCOc2cccc(C(=O)O)c2)cc1Cc1cnc(N)nc1N,CHEMBL35080,IC50,nM,14000.0,CHEMBL2363,IC50,nM,14000.0,RnDHFR (R. norvegicus)
CHEMBL665453,COc1ccc(C#Cc2ccc(C(=O)O)cc2)cc1Cc1cnc(N)nc1N,CHEMBL34293,IC50,nM,8200.0,CHEMBL2363,IC50,nM,8200.0,RnDHFR (R. norvegicus)
CHEMBL665453,COc1ccc(OCc2ccc(C(=O)O)cc2)cc1Cc1cnc(N)nc1N,CHEMBL290806,IC50,nM,21000.0,CHEMBL2363,IC50,nM,21000.0,RnDHFR (R. norvegicus)
CHEMBL665453,COc1ccc(CCCCCCC(=O)O)cc1Cc1cnc(N)nc1N,CHEMBL288350,IC50,nM,4600.0,CHEMBL2363,IC50,nM,4600.0,RnDHFR (R. norvegicus)
CHEMBL665453,COc1ccc(OCc2cccc(C(=O)O)c2)cc1Cc1cnc(N)nc1N,CHEMBL288647,IC50,nM,19000.0,CHEMBL2363,IC50,nM,19000.0,RnDHFR (R. norvegicus)
CHEMBL665453,COc1ccc(OC)c(Cc2cnc3nc(N)nc(N)c3c2C)c1,CHEMBL7492,IC50,nM,3.3,CHEMBL2363,IC50,nM,3.3,RnDHFR (R. norvegicus)
CHEMBL665453,COc1ccc(C#Cc2cccc(C(=O)O)c2)cc1Cc1cnc(N)nc1N,CHEMBL35020,IC50,nM,650.0,CHEMBL2363,IC50,nM,650.0,RnDHFR (R. norvegicus)
CHEMBL665213,CCCc1cc(Cc2cnc(N)nc2N)cc(CCC)c1OC,CHEMBL26337,IC50,nM,21000.0,CHEMBL2363,I50,M,0.000021,RnDHFR (R. norvegicus)
CHEMBL665213,C=CCc1cc(Cc2cnc(N)nc2N)cc(CCC)c1O,CHEMBL24503,IC50,nM,2000.0,CHEMBL2363,I50,M,0.000002,RnDHFR (R. norvegicus)
CHEMBL665453,COc1cc(Cc2cnc(N)nc2N)cc(OC)c1OC,CHEMBL22,IC50,nM,180000.0,CHEMBL2363,IC50,nM,180000.0,RnDHFR (R. norvegicus)
CHEMBL665213,C=CCc1cc(Cc2cnc(N)nc2N)cc(OC)c1O,CHEMBL59416,IC50,nM,14700.0,CHEMBL2363,I50,M,0.0000147,RnDHFR (R. norvegicus)
CHEMBL665213,C/C=C/c1cc(Cc2cnc(N)nc2N)cc(CCC)c1OC,CHEMBL60821,IC50,nM,24000.0,CHEMBL2363,I50,M,0.000024,RnDHFR (R. norvegicus)
CHEMBL665213,CCCOc1cc(Cc2cnc(N)nc2N)cc(OC)c1OC,CHEMBL60069,IC50,nM,94500.0,CHEMBL2363,I50,M,0.0000945,RnDHFR (R. norvegicus)
CHEMBL665214,CCCc1cc(Cc2cnc(N)nc2N)cc2c1OC(C)C2,CHEMBL61356,IC50,nM,6250.0,CHEMBL2363,I50,M,0.00000625,RnDHFR (R. norvegicus)
CHEMBL665453,COc1ccc(/C=C/COc2ccccc2C(=O)O)cc1Cc1cnc(N)nc1N,CHEMBL34641,IC50,nM,6400.0,CHEMBL2363,IC50,nM,6400.0,RnDHFR (R. norvegicus)
CHEMBL665213,CCOc1cc(Cc2cnc(N)nc2N)cc(OC)c1OC,CHEMBL23609,IC50,nM,140000.0,CHEMBL2363,I50,M,0.00014,RnDHFR (R. norvegicus)
CHEMBL665213,C=CCc1cc(Cc2cnc(N)nc2N)cc(CC=C)c1O,CHEMBL59470,IC50,nM,9600.0,CHEMBL2363,I50,M,0.0000096,RnDHFR (R. norvegicus)
CHEMBL665453,COc1ccc(CCCOc2ccccc2C(=O)O)cc1Cc1cnc(N)nc1N,CHEMBL289908,IC50,nM,25000.0,CHEMBL2363,IC50,nM,25000.0,RnDHFR (R. norvegicus)
CHEMBL665213,C=CCOc1ccc(Cc2cnc(N)nc2N)cc1CC=C,CHEMBL61357,IC50,nM,11000.0,CHEMBL2363,I50,M,0.000011,RnDHFR (R. norvegicus)
CHEMBL665214,CCCc1cc(Cc2cnc(N)nc2N)cc2c1OC(C)(C)C2,CHEMBL301629,IC50,nM,9900.0,CHEMBL2363,I50,M,0.0000099,RnDHFR (R. norvegicus)
CHEMBL665453,COc1ccc(C#Cc2ccccc2C(=O)O)cc1Cc1cnc(N)nc1N,CHEMBL34378,IC50,nM,25000.0,CHEMBL2363,IC50,nM,25000.0,RnDHFR (R. norvegicus)
CHEMBL664138,COc1cc(Cc2cnc(N)nc2N)cc(OC)c1OC,CHEMBL22,IC50,nM,260000.0,CHEMBL2363,I50,M,0.00026,RnDHFR (R. norvegicus)
CHEMBL665214,COc1cc(Cc2cnc(N)nc2N)cc(OC)c1OC,CHEMBL22,IC50,nM,300000.0,CHEMBL2363,I50,M,0.0003,RnDHFR (R. norvegicus)
CHEMBL665213,COc1cc(Cc2cnc(N)nc2N)ccc1O,CHEMBL59369,IC50,nM,35000.0,CHEMBL2363,I50,M,0.000035,RnDHFR (R. norvegicus)
CHEMBL665213,C=CCc1cc(Cc2cnc(N)nc2N)cc(OC)c1OC,CHEMBL282022,IC50,nM,50000.0,CHEMBL2363,I50,M,0.00005,RnDHFR (R. norvegicus)
CHEMBL665214,CCCc1cc(Cc2cnc(N)nc2N)cc2c1OC(C)C2C,CHEMBL61857,IC50,nM,2040.0,CHEMBL2363,I50,M,0.00000204,RnDHFR (R. norvegicus)
CHEMBL665213,C=CCOc1cc(Cc2cnc(N)nc2N)cc(OC)c1OC,CHEMBL59946,IC50,nM,150000.0,CHEMBL2363,I50,M,0.00015,RnDHFR (R. norvegicus)
CHEMBL665213,C/C=C/c1cc(Cc2cnc(N)nc2N)cc(/C=C/C)c1OC,CHEMBL301030,IC50,nM,27000.0,CHEMBL2363,I50,M,0.000027,RnDHFR (R. norvegicus)
CHEMBL665214,CCc1cc(Cc2cnc(N)nc2N)cc2c1OC(C)C2,CHEMBL58481,IC50,nM,11000.0,CHEMBL2363,I50,M,0.000011,RnDHFR (R. norvegicus)
CHEMBL669010,COc1cc(CC2=CC(Cc3cc(OC)c(O)c(OC)c3)C(=O)N=C2N)cc(OC)c1O,CHEMBL126239,IC50,nM,14000000.0,CHEMBL2363,I50,M,0.014,RnDHFR (R. norvegicus)
CHEMBL667862,Cc1cc(Cc2cnc(N)nc2N)cc(Cl)c1N,CHEMBL116828,IC50,nM,160000.0,CHEMBL2363,I50,M,0.00016,RnDHFR (R. norvegicus)
CHEMBL668780,Cc1c(CN(C)c2ccccc2Cl)cnc2nc(N)nc(N)c12,CHEMBL309966,IC50,nM,100.0,CHEMBL2363,IC50,nM,100.0,RnDHFR (R. norvegicus)
CHEMBL667862,CC(C)(C)c1cc(Cc2cnc(N)nc2N)cc(C(C)(C)C)c1O,CHEMBL277176,IC50,nM,34500.0,CHEMBL2363,I50,M,0.0000345,RnDHFR (R. norvegicus)
CHEMBL668783,C#CCN(CC1CCc2nc(N)nc(N)c2C1)c1cc(OC)c(OC)c(OC)c1,CHEMBL120821,IC50,nM,74.0,CHEMBL2363,IC50,nM,74.0,RnDHFR (R. norvegicus)
CHEMBL667861,COc1cc(Cc2cnc(N)nc2N)cc(OCC(=O)O)c1OC,CHEMBL14201,IC50,nM,70000.0,CHEMBL2363,I50,M,0.00007,RnDHFR (R. norvegicus)
CHEMBL667862,CCc1cc(Cc2cnc(N)nc2N)cc(C)c1O,CHEMBL24430,IC50,nM,39000.0,CHEMBL2363,I50,M,0.000039,RnDHFR (R. norvegicus)
CHEMBL668782,Nc1nc(N)c2c(n1)CCC(CNc1ccc(Cl)cc1)C2,CHEMBL121947,IC50,nM,128.0,CHEMBL2363,IC50,nM,128.0,RnDHFR (R. norvegicus)
CHEMBL667223,COc1cc(Cc2cnc(N)nc2N)cc2c1N(CCOC(C)=O)CCC2C,CHEMBL292839,IC50,nM,190000.0,CHEMBL2363,I50,M,0.00019,RnDHFR (R. norvegicus)
CHEMBL667862,Cc1cc(Cc2cnc(N)nc2N)cc(C(C)(C)C)c1N,CHEMBL120920,IC50,nM,370000.0,CHEMBL2363,I50,M,0.00037,RnDHFR (R. norvegicus)
CHEMBL667862,CCc1cc(Cc2cnc(N)nc2N)cc(CC)c1OC,CHEMBL23250,IC50,nM,58000.0,CHEMBL2363,I50,M,0.000058,RnDHFR (R. norvegicus)
CHEMBL667223,Nc1ncc(Cc2ccc3ncccc3c2)c(N)n1,CHEMBL57459,IC50,nM,18000.0,CHEMBL2363,I50,M,0.000018,RnDHFR (R. norvegicus)
CHEMBL667862,CCCc1cc(Cc2cnc(N)nc2N)cc(CCC)c1O,CHEMBL23746,IC50,nM,2000.0,CHEMBL2363,I50,M,0.000002,RnDHFR (R. norvegicus)
CHEMBL668782,Nc1nc(N)c2c(n1)CCC(CNc1cccc3ccccc13)C2,CHEMBL121264,IC50,nM,139.0,CHEMBL2363,IC50,nM,139.0,RnDHFR (R. norvegicus)
CHEMBL668783,COc1cc(CNCC2CCc3nc(N)nc(N)c3C2)cc(OC)c1OC,CHEMBL420332,IC50,nM,12700.0,CHEMBL2363,IC50,nM,12700.0,RnDHFR (R. norvegicus)
CHEMBL668780,COc1cc(NCc2cnc3nc(N)nc(N)c3c2C)cc(OC)c1OC,CHEMBL23532,IC50,nM,2.1,CHEMBL2363,IC50,nM,2.1,RnDHFR (R. norvegicus)
CHEMBL669010,COc1cc(Cc2cc(Cc3cc(OC)c(O)c(OC)c3)c(N)nc2N)cc(OC)c1O,CHEMBL126705,IC50,nM,24000000.0,CHEMBL2363,I50,M,0.024,RnDHFR (R. norvegicus)
CHEMBL667862,Nc1ncc(Cc2cc(Cl)c(N)c(Cl)c2)c(N)n1,CHEMBL120807,IC50,nM,130000.0,CHEMBL2363,I50,M,0.00013,RnDHFR (R. norvegicus)
CHEMBL667862,COc1cc(Cc2cnc(N)nc2N)cc(OC)c1OC,CHEMBL22,IC50,nM,370000.0,CHEMBL2363,I50,M,0.00037,RnDHFR (R. norvegicus)
CHEMBL667862,CCc1cc(Cc2cnc(N)nc2N)cc(CC)c1O,CHEMBL25817,IC50,nM,16000.0,CHEMBL2363,I50,M,0.000016,RnDHFR (R. norvegicus)
CHEMBL667862,Cc1cc(Cc2cnc(N)nc2N)cc(C(C)(C)C)c1O,CHEMBL23384,IC50,nM,120000.0,CHEMBL2363,I50,M,0.00012,RnDHFR (R. norvegicus)
CHEMBL667862,CCCc1cc(Cc2cnc(N)nc2N)cc(CCC)c1OC,CHEMBL26337,IC50,nM,21000.0,CHEMBL2363,I50,M,0.000021,RnDHFR (R. norvegicus)
CHEMBL668780,Cc1c(CN(C)c2cc(Cl)c(Cl)c(Cl)c2)cnc2nc(N)nc(N)c12,CHEMBL82924,IC50,nM,36.3,CHEMBL2363,IC50,nM,36.3,RnDHFR (R. norvegicus)
CHEMBL667862,COc1c(C)cc(Cc2cnc(N)nc2N)cc1C,CHEMBL287553,IC50,nM,250000.0,CHEMBL2363,I50,M,0.00025,RnDHFR (R. norvegicus)
CHEMBL668780,Cc1c(CNc2cc(Cl)c(Cl)c(Cl)c2)cnc2nc(N)nc(N)c12,CHEMBL420224,IC50,nM,33.0,CHEMBL2363,IC50,nM,33.0,RnDHFR (R. norvegicus)
CHEMBL668780,COc1ccccc1NCc1cnc2nc(N)nc(N)c2c1C,CHEMBL84457,IC50,nM,169.0,CHEMBL2363,IC50,nM,169.0,RnDHFR (R. norvegicus)
CHEMBL668780,COc1ccc(NCc2cnc3nc(N)nc(N)c3c2C)cc1,CHEMBL312348,IC50,nM,55.6,CHEMBL2363,IC50,nM,55.6,RnDHFR (R. norvegicus)
CHEMBL668780,COc1ccc(OC)c(Cc2cnc3nc(N)nc(N)c3c2C)c1,CHEMBL7492,IC50,nM,1.5,CHEMBL2363,IC50,nM,1.5,RnDHFR (R. norvegicus)
CHEMBL667223,COc1cc(Cc2cnc(N)nc2N)cc2c(C)ccnc12,CHEMBL294638,IC50,nM,20000.0,CHEMBL2363,I50,M,0.00002,RnDHFR (R. norvegicus)
CHEMBL668782,COc1cc(Cc2cnc(N)nc2N)cc(OC)c1OC,CHEMBL22,IC50,nM,133000.0,CHEMBL2363,IC50,nM,133000.0,RnDHFR (R. norvegicus)
CHEMBL667223,Cc1ccnc2ccc(Cc3cnc(N)nc3N)c(N)c12,CHEMBL441616,IC50,nM,15000.0,CHEMBL2363,I50,M,0.000015,RnDHFR (R. norvegicus)
CHEMBL667862,CCOc1c(CC)cc(Cc2cnc(N)nc2N)cc1CC,CHEMBL332481,IC50,nM,52000.0,CHEMBL2363,I50,M,0.000052,RnDHFR (R. norvegicus)
CHEMBL667862,COc1c(C(C)C)cc(Cc2cnc(N)nc2N)cc1C(C)C,CHEMBL280374,IC50,nM,13000.0,CHEMBL2363,I50,M,0.000013,RnDHFR (R. norvegicus)
CHEMBL667862,COc1c(C)cc(Cc2cnc(N)nc2N)cc1C(C)(C)C,CHEMBL24155,IC50,nM,130000.0,CHEMBL2363,I50,M,0.00013,RnDHFR (R. norvegicus)
CHEMBL667223,CCN1CC(CO)Cc2cc(Cc3cnc(N)nc3N)cc(OC)c21,CHEMBL57829,IC50,nM,440000.0,CHEMBL2363,I50,M,0.00044,RnDHFR (R. norvegicus)
CHEMBL667862,CCc1cc(Cc2cnc(N)nc2N)cc(CC)c1OCCO,CHEMBL432987,IC50,nM,120000.0,CHEMBL2363,I50,M,0.00012,RnDHFR (R. norvegicus)
CHEMBL668783,COc1ccc(OC)c(NCC2CCc3nc(N)nc(N)c3C2)c1,CHEMBL7263,IC50,nM,560.0,CHEMBL2363,IC50,nM,560.0,RnDHFR (R. norvegicus)
CHEMBL668783,CCOc1ccc(OCC)c(N(C)CC2CCc3nc(N)nc(N)c3C2)c1,CHEMBL264548,IC50,nM,116.0,CHEMBL2363,IC50,nM,116.0,RnDHFR (R. norvegicus)
CHEMBL668782,COc1cc(NCC2CCc3nc(N)nc(N)c3C2)cc(OC)c1OC,CHEMBL7488,IC50,nM,290.0,CHEMBL2363,IC50,nM,290.0,RnDHFR (R. norvegicus)
CHEMBL667223,COc1cc(Cc2cnc(N)nc2N)cc2c1N(C)CCC2C,CHEMBL59491,IC50,nM,250000.0,CHEMBL2363,I50,M,0.00025,RnDHFR (R. norvegicus)
CHEMBL667861,COc1cc(Cc2cnc(N)nc2N)cc(OCCCCCC(=O)O)c1OC,CHEMBL14001,IC50,nM,35000.0,CHEMBL2363,I50,M,0.000035,RnDHFR (R. norvegicus)
CHEMBL668780,COc1ccc(OC)c(N(C)Cc2cnc3nc(N)nc(N)c3c2C)c1,CHEMBL281803,IC50,nM,407.0,CHEMBL2363,IC50,nM,407.0,RnDHFR (R. norvegicus)
CHEMBL668780,COc1cccc(NCc2cnc3nc(N)nc(N)c3c2C)c1,CHEMBL80070,IC50,nM,80.1,CHEMBL2363,IC50,nM,80.1,RnDHFR (R. norvegicus)
CHEMBL667223,COc1cc(Cc2cnc(N)nc2N)cc(OC)c1OC,CHEMBL22,IC50,nM,340000.0,CHEMBL2363,I50,M,0.00034,RnDHFR (R. norvegicus)
CHEMBL667861,COC(=O)CCCCCOc1c(OC)cc(Cc2cnc(N)nc2N)cc1OC,CHEMBL318078,IC50,nM,1100000.0,CHEMBL2363,I50,M,0.0011,RnDHFR (R. norvegicus)
CHEMBL667862,CCCc1cc(Cc2cnc(N)nc2N)cc(CC)c1OC,CHEMBL279455,IC50,nM,32000.0,CHEMBL2363,I50,M,0.000032,RnDHFR (R. norvegicus)
CHEMBL668780,Cc1c(CNc2ccc(Cl)c(Cl)c2)cnc2nc(N)nc(N)c12,CHEMBL81820,IC50,nM,53.0,CHEMBL2363,IC50,nM,53.0,RnDHFR (R. norvegicus)
CHEMBL668780,Cc1c(CNc2cccc(Cl)c2)cnc2nc(N)nc(N)c12,CHEMBL80066,IC50,nM,37.0,CHEMBL2363,IC50,nM,37.0,RnDHFR (R. norvegicus)
CHEMBL667861,COc1cc(Cc2cnc(N)nc2N)cc(OC)c1OCCCCC(=O)O,CHEMBL321942,IC50,nM,640000.0,CHEMBL2363,I50,M,0.00064,RnDHFR (R. norvegicus)
CHEMBL667862,CCOc1cc(Cc2cnc(N)nc2N)cc(OCC)c1OCC,CHEMBL116183,IC50,nM,30000.0,CHEMBL2363,I50,M,0.00003,RnDHFR (R. norvegicus)
CHEMBL668783,Nc1nc(N)c2c(n1)CCC(CNc1cccc(Br)c1)C2,CHEMBL123276,IC50,nM,227.0,CHEMBL2363,IC50,nM,227.0,RnDHFR (R. norvegicus)
CHEMBL668782,COc1cc(CN(C)CC2CCc3nc(N)nc(N)c3C2)cc(OC)c1OC,CHEMBL122704,IC50,nM,1630.0,CHEMBL2363,IC50,nM,1630.0,RnDHFR (R. norvegicus)
CHEMBL668780,Cc1c(CNc2ccccc2Cl)cnc2nc(N)nc(N)c12,CHEMBL81119,IC50,nM,88.0,CHEMBL2363,IC50,nM,88.0,RnDHFR (R. norvegicus)
CHEMBL667223,CC1CC(C)c2cc(Cc3cnc(N)nc3N)cc(Cl)c2N1,CHEMBL60636,IC50,nM,41000.0,CHEMBL2363,I50,M,0.000041,RnDHFR (R. norvegicus)
CHEMBL667223,CN1CCCc2cc(Cc3cnc(N)nc3N)ccc21,CHEMBL60582,IC50,nM,89000.0,CHEMBL2363,I50,M,0.000089,RnDHFR (R. norvegicus)
CHEMBL667223,COCCN1CCC(C)c2cc(Cc3cnc(N)nc3N)cc(OC)c21,CHEMBL58075,IC50,nM,260000.0,CHEMBL2363,I50,M,0.00026,RnDHFR (R. norvegicus)
CHEMBL667862,CCc1cc(Cc2cnc(N)nc2N)cc(C)c1OC,CHEMBL23447,IC50,nM,83000.0,CHEMBL2363,I50,M,0.000083,RnDHFR (R. norvegicus)
CHEMBL667862,Cc1cc(Cc2cnc(N)nc2N)cc(C)c1N,CHEMBL118597,IC50,nM,380000.0,CHEMBL2363,I50,M,0.00038,RnDHFR (R. norvegicus)
CHEMBL667862,CCc1cc(Cc2cnc(N)nc2N)cc(C(C)CC)c1N,CHEMBL418865,IC50,nM,27000.0,CHEMBL2363,I50,M,0.000027,RnDHFR (R. norvegicus)
CHEMBL667862,Cc1cc(Cc2cnc(N)nc2N)cc(C)c1O,CHEMBL417833,IC50,nM,71000.0,CHEMBL2363,I50,M,0.000071,RnDHFR (R. norvegicus)
CHEMBL667862,CCCc1cc(Cc2cnc(N)nc2N)cc(CC)c1O,CHEMBL25888,IC50,nM,4450.0,CHEMBL2363,I50,M,0.00000445,RnDHFR (R. norvegicus)
CHEMBL668783,COc1cc(N(C)CC2CCc3nc(N)nc(N)c3C2)cc(OC)c1OC,CHEMBL123122,IC50,nM,38.0,CHEMBL2363,IC50,nM,38.0,RnDHFR (R. norvegicus)
CHEMBL668782,Nc1nc(N)c2c(n1)CCC(CNc1cc(Cl)ccc1Cl)C2,CHEMBL121319,IC50,nM,240.0,CHEMBL2363,IC50,nM,240.0,RnDHFR (R. norvegicus)
CHEMBL668782,Nc1nc(N)c2c(n1)CCC(CNc1c(Cl)cccc1Cl)C2,CHEMBL333791,IC50,nM,109.0,CHEMBL2363,IC50,nM,109.0,RnDHFR (R. norvegicus)
CHEMBL667862,COc1cc(Cc2cnc(N)nc2N)ccc1N,CHEMBL122468,IC50,nM,470000.0,CHEMBL2363,I50,M,0.00047,RnDHFR (R. norvegicus)
CHEMBL667862,Nc1ncc(Cc2cc(I)c(O)c(I)c2)c(N)n1,CHEMBL118480,IC50,nM,9900.0,CHEMBL2363,I50,M,0.0000099,RnDHFR (R. norvegicus)
CHEMBL668780,Cc1c(CN(C)c2ccc(Cl)cc2)cnc2nc(N)nc(N)c12,CHEMBL310880,IC50,nM,26.0,CHEMBL2363,IC50,nM,26.0,RnDHFR (R. norvegicus)
CHEMBL667862,Nc1ncc(Cc2cc(I)c(OCCCOc3ccccc3)c(I)c2)c(N)n1,CHEMBL334021,IC50,nM,1580.0,CHEMBL2363,I50,M,0.00000158,RnDHFR (R. norvegicus)
CHEMBL668783,COc1ccc(OC)c(N(C)CC2CCc3nc(N)nc(N)c3C2)c1,CHEMBL121868,IC50,nM,260.0,CHEMBL2363,IC50,nM,260.0,RnDHFR (R. norvegicus)
CHEMBL668783,CN(CC1CCc2nc(N)nc(N)c2C1)c1ccc(Cl)c(Cl)c1,CHEMBL121433,IC50,nM,34.0,CHEMBL2363,IC50,nM,34.0,RnDHFR (R. norvegicus)
CHEMBL668782,CCOc1ccc(OCC)c(NCC2CCc3nc(N)nc(N)c3C2)c1,CHEMBL120939,IC50,nM,1470.0,CHEMBL2363,IC50,nM,1470.0,RnDHFR (R. norvegicus)
CHEMBL667223,COc1cc(Cc2cnc(N)nc2N)cc2c1NCCC2C,CHEMBL58038,IC50,nM,33000.0,CHEMBL2363,I50,M,0.000033,RnDHFR (R. norvegicus)
CHEMBL667223,CCOC(=O)C1CNc2c(cc(Cc3cnc(N)nc3N)cc2OC)C1,CHEMBL57812,IC50,nM,44000.0,CHEMBL2363,I50,M,0.000044,RnDHFR (R. norvegicus)
CHEMBL667223,COc1cc(Cc2cnc(N)nc2N)cc2cccnc12,CHEMBL293325,IC50,nM,12000.0,CHEMBL2363,I50,M,0.000012,RnDHFR (R. norvegicus)
CHEMBL667861,COC(=O)CCCCCOc1cc(Cc2cnc(N)nc2N)cc(OC)c1OC,CHEMBL13796,IC50,nM,180000.0,CHEMBL2363,I50,M,0.00018,RnDHFR (R. norvegicus)
CHEMBL667862,COc1cc(Cc2cnc(N)nc2N)cc(OC)c1N,CHEMBL122351,IC50,nM,520000.0,CHEMBL2363,I50,M,0.00052,RnDHFR (R. norvegicus)
CHEMBL668783,Nc1nc(N)c2c(n1)CCC(CNc1ccc(Cl)c(Cl)c1)C2,CHEMBL120994,IC50,nM,150.0,CHEMBL2363,IC50,nM,150.0,RnDHFR (R. norvegicus)
CHEMBL668783,CN(CC1CCc2nc(N)nc(N)c2C1)c1cccc2ccccc12,CHEMBL121348,IC50,nM,47.0,CHEMBL2363,IC50,nM,47.0,RnDHFR (R. norvegicus)
CHEMBL668780,Cc1c(CNc2ccc(Br)cc2)cnc2nc(N)nc(N)c12,CHEMBL80065,IC50,nM,34.9,CHEMBL2363,IC50,nM,34.9,RnDHFR (R. norvegicus)
CHEMBL668780,COc1ccc(N(C)Cc2cnc3nc(N)nc(N)c3c2C)cc1,CHEMBL264386,IC50,nM,13.0,CHEMBL2363,IC50,nM,13.0,RnDHFR (R. norvegicus)
CHEMBL667862,COc1c(I)cc(Cc2cnc(N)nc2N)cc1I,CHEMBL120366,IC50,nM,16000.0,CHEMBL2363,I50,M,0.000016,RnDHFR (R. norvegicus)
CHEMBL667862,CCCCCCCCCCCCOc1c(CC)cc(Cc2cnc(N)nc2N)cc1CC,CHEMBL120368,IC50,nM,64000.0,CHEMBL2363,I50,M,0.000064,RnDHFR (R. norvegicus)
CHEMBL668783,CN(CC1CCc2nc(N)nc(N)c2C1)c1ccc(Cl)cc1,CHEMBL123043,IC50,nM,67.0,CHEMBL2363,IC50,nM,67.0,RnDHFR (R. norvegicus)
CHEMBL668783,COc1cc(NCc2ccc3nc(N)nc(N)c3c2C)cc(OC)c1OC,CHEMBL119,IC50,nM,3.0,CHEMBL2363,IC50,nM,3.0,RnDHFR (R. norvegicus)
CHEMBL667223,Nc1ncc(Cc2ccc3c(c2)CCCN3)c(N)n1,CHEMBL58917,IC50,nM,140000.0,CHEMBL2363,I50,M,0.00014,RnDHFR (R. norvegicus)
CHEMBL667223,CC1CCNc2ccc(Cc3cnc(N)nc3N)cc21,CHEMBL60632,IC50,nM,22000.0,CHEMBL2363,I50,M,0.000022,RnDHFR (R. norvegicus)
CHEMBL667223,Cc1ccnc2ccc(Cc3cnc(N)nc3N)cc12,CHEMBL59283,IC50,nM,22000.0,CHEMBL2363,I50,M,0.000022,RnDHFR (R. norvegicus)
CHEMBL667862,CCc1cc(Cc2cnc(N)nc2N)cc(C)c1N,CHEMBL119378,IC50,nM,144000.0,CHEMBL2363,I50,M,0.000144,RnDHFR (R. norvegicus)
CHEMBL667223,CCN1CCC(C)c2cc(Cc3cnc(N)nc3N)ccc21,CHEMBL56652,IC50,nM,38000.0,CHEMBL2363,I50,M,0.000038,RnDHFR (R. norvegicus)
CHEMBL667223,COc1cc(Cc2cnc(N)nc2N)cc2c1NCC(COC(C)=O)C2,CHEMBL57807,IC50,nM,61000.0,CHEMBL2363,I50,M,0.000061,RnDHFR (R. norvegicus)
CHEMBL667223,Cc1ccnc2c(N)cc(Cc3cnc(N)nc3N)cc12,CHEMBL58744,IC50,nM,32000.0,CHEMBL2363,I50,M,0.000032,RnDHFR (R. norvegicus)
CHEMBL667861,COC(=O)CCCCCCOc1cc(Cc2cnc(N)nc2N)cc(OC)c1OC,CHEMBL13908,IC50,nM,110000.0,CHEMBL2363,I50,M,0.00011,RnDHFR (R. norvegicus)
CHEMBL667862,CCc1cc(Cc2cnc(N)nc2N)cc(CC)c1OCCOCc1ccccc1,CHEMBL116993,IC50,nM,26000.0,CHEMBL2363,I50,M,0.000026,RnDHFR (R. norvegicus)
CHEMBL667862,CC(C)c1cc(Cc2cnc(N)nc2N)cc(C(C)C)c1O,CHEMBL440946,IC50,nM,8900.0,CHEMBL2363,I50,M,0.0000089,RnDHFR (R. norvegicus)
CHEMBL667223,CCc1cc(Cc2cnc(N)nc2N)cc2c1N(C)CCC2C,CHEMBL57458,IC50,nM,44000.0,CHEMBL2363,I50,M,0.000044,RnDHFR (R. norvegicus)
CHEMBL667861,COc1cc(Cc2cnc(N)nc2N)cc(OC)c1OC,CHEMBL22,IC50,nM,340000.0,CHEMBL2363,I50,M,0.00034,RnDHFR (R. norvegicus)
CHEMBL667861,COc1cc(Cc2cnc(N)nc2N)cc(OCCC(=O)O)c1OC,CHEMBL13820,IC50,nM,74000.0,CHEMBL2363,I50,M,0.000074,RnDHFR (R. norvegicus)
CHEMBL667223,COCCOc1cc(Cc2cnc(N)nc2N)cc2c1NCCC2,CHEMBL61260,IC50,nM,170000.0,CHEMBL2363,I50,M,0.00017,RnDHFR (R. norvegicus)
CHEMBL667861,COc1cc(Cc2cnc(N)nc2N)cc(OC)c1OCCCC(=O)O,CHEMBL320596,IC50,nM,400000.0,CHEMBL2363,I50,M,0.0004,RnDHFR (R. norvegicus)
CHEMBL667861,COC(=O)CCCCOc1cc(Cc2cnc(N)nc2N)cc(OC)c1OC,CHEMBL13877,IC50,nM,130000.0,CHEMBL2363,I50,M,0.00013,RnDHFR (R. norvegicus)
CHEMBL667862,CCc1cc(Cc2cnc(N)nc2N)cc(CC)c1N,CHEMBL333696,IC50,nM,38000.0,CHEMBL2363,I50,M,0.000038,RnDHFR (R. norvegicus)
CHEMBL668780,COc1cc(N(C)Cc2cnc3nc(N)nc(N)c3c2C)cc(OC)c1OC,CHEMBL50514,IC50,nM,7.6,CHEMBL2363,IC50,nM,7.6,RnDHFR (R. norvegicus)
CHEMBL668780,COc1ccc(NCc2cnc3nc(N)nc(N)c3c2C)cc1OC,CHEMBL283518,IC50,nM,44.0,CHEMBL2363,IC50,nM,44.0,RnDHFR (R. norvegicus)
CHEMBL668780,Cc1c(CNc2ccccc2)cnc2nc(N)nc(N)c12,CHEMBL79123,IC50,nM,170.0,CHEMBL2363,IC50,nM,170.0,RnDHFR (R. norvegicus)
CHEMBL667223,COc1cc(Cc2cnc(N)nc2N)cc2c1NCC(CO)C2,CHEMBL293977,IC50,nM,64000.0,CHEMBL2363,I50,M,0.000064,RnDHFR (R. norvegicus)
CHEMBL667223,CCOC(=O)C1CNc2c(OC)cc(Cc3cnc(N)nc3N)c(OC)c2C1,CHEMBL292621,IC50,nM,142000.0,CHEMBL2363,I50,M,0.000142,RnDHFR (R. norvegicus)
CHEMBL667861,COc1cc(Cc2cnc(N)nc2N)cc(OCCCCCCC(=O)O)c1OC,CHEMBL274430,IC50,nM,56000.0,CHEMBL2363,I50,M,0.000056,RnDHFR (R. norvegicus)
CHEMBL667862,COc1cc(Cc2cnc(N)nc2N)cc(OC)c1O,CHEMBL1181,IC50,nM,92000.0,CHEMBL2363,I50,M,0.000092,RnDHFR (R. norvegicus)
CHEMBL668780,COc1cc(NCc2ccc3nc(N)nc(N)c3c2C)cc(OC)c1OC,CHEMBL119,IC50,nM,3.0,CHEMBL2363,IC50,nM,3.0,RnDHFR (R. norvegicus)
CHEMBL667861,COc1cc(Cc2cnc(N)nc2N)cc(OC)c1OCCCCCC(=O)O,CHEMBL105006,IC50,nM,300000.0,CHEMBL2363,I50,M,0.0003,RnDHFR (R. norvegicus)
CHEMBL667861,COc1cc(Cc2cnc(N)nc2N)cc(OCCCC(=O)O)c1OC,CHEMBL418347,IC50,nM,9700.0,CHEMBL2363,I50,M,0.0000097,RnDHFR (R. norvegicus)
CHEMBL667862,COc1ccc(Cc2cnc(N)nc2N)cc1OC,CHEMBL19633,IC50,nM,86000.0,CHEMBL2363,I50,M,0.000086,RnDHFR (R. norvegicus)
CHEMBL668781,COc1cc(Cc2cnc(N)nc2N)cc(OC)c1OC,CHEMBL22,IC50,nM,133000.0,CHEMBL2363,IC50,nM,133000.0,RnDHFR (R. norvegicus)
CHEMBL667861,CCOC(=O)CCCOc1cc(Cc2cnc(N)nc2N)cc(OC)c1OC,CHEMBL14002,IC50,nM,160000.0,CHEMBL2363,I50,M,0.00016,RnDHFR (R. norvegicus)
CHEMBL667861,COc1cc(Cc2cnc(N)nc2N)cc(OCCCCC(=O)O)c1OC,CHEMBL13673,IC50,nM,27000.0,CHEMBL2363,I50,M,0.000027,RnDHFR (R. norvegicus)
CHEMBL667862,CCCCOc1c(CCC)cc(Cc2cnc(N)nc2N)cc1CCC,CHEMBL440334,IC50,nM,15000.0,CHEMBL2363,I50,M,0.000015,RnDHFR (R. norvegicus)
CHEMBL667862,COc1cc(Cc2cnc(N)nc2N)ccc1O,CHEMBL59369,IC50,nM,35000.0,CHEMBL2363,I50,M,0.000035,RnDHFR (R. norvegicus)
CHEMBL668781,COc1ccc(N(C)Cc2cnc3nc(N)nc(N)c3c2C)cc1OC,CHEMBL279680,IC50,nM,44.0,CHEMBL2363,IC50,nM,44.0,RnDHFR (R. norvegicus)
CHEMBL667223,COc1cc(Cc2cnc(N)nc2N)cc2c1N(CCO)CCC2C,CHEMBL58074,IC50,nM,142000.0,CHEMBL2363,I50,M,0.000142,RnDHFR (R. norvegicus)
CHEMBL667223,COCCOc1cc(Cc2cnc(N)nc2N)cc2cccnc12,CHEMBL57900,IC50,nM,9900.0,CHEMBL2363,I50,M,0.0000099,RnDHFR (R. norvegicus)
CHEMBL667862,CCc1cc(Cc2cnc(N)nc2N)cc(CC)c1OCCCOc1ccccc1,CHEMBL118877,IC50,nM,8750.0,CHEMBL2363,I50,M,0.00000875,RnDHFR (R. norvegicus)
CHEMBL667862,CC(C)c1cc(Cc2cnc(N)nc2N)cc(C(C)C)c1N,CHEMBL116650,IC50,nM,34000.0,CHEMBL2363,I50,M,0.000034,RnDHFR (R. norvegicus)
CHEMBL667862,Nc1ncc(Cc2cc(Br)c(N)c(Br)c2)c(N)n1,CHEMBL333424,IC50,nM,57000.0,CHEMBL2363,I50,M,0.000057,RnDHFR (R. norvegicus)
CHEMBL668780,Cc1c(CNc2ccc(Cl)cc2)cnc2nc(N)nc(N)c12,CHEMBL23416,IC50,nM,51.0,CHEMBL2363,IC50,nM,51.0,RnDHFR (R. norvegicus)
CHEMBL667223,COc1cc(Cc2cnc(N)nc2N)cc2c1NCCC2,CHEMBL301628,IC50,nM,76000.0,CHEMBL2363,I50,M,0.000076,RnDHFR (R. norvegicus)
CHEMBL667223,COc1cc(Cc2cnc(N)nc2N)cc2c(C)cc(C)nc12,CHEMBL57377,IC50,nM,43000.0,CHEMBL2363,I50,M,0.000043,RnDHFR (R. norvegicus)
CHEMBL667223,Cc1ccnc2c([N+](=O)[O-])cc(Cc3cnc(N)nc3N)cc12,CHEMBL58455,IC50,nM,5700.0,CHEMBL2363,I50,M,0.0000057,RnDHFR (R. norvegicus)
CHEMBL669010,COc1cc(Cc2c(N)ccnc2N)cc(OC)c1O,CHEMBL339571,IC50,nM,41000000.0,CHEMBL2363,I50,M,0.041,RnDHFR (R. norvegicus)
CHEMBL667862,COc1c(C(C)(C)C)cc(Cc2cnc(N)nc2N)cc1C(C)(C)C,CHEMBL24374,IC50,nM,31000.0,CHEMBL2363,I50,M,0.000031,RnDHFR (R. norvegicus)
CHEMBL668780,COc1cccc(N(C)Cc2cnc3nc(N)nc(N)c3c2C)c1,CHEMBL79922,IC50,nM,18.0,CHEMBL2363,IC50,nM,18.0,RnDHFR (R. norvegicus)
CHEMBL668780,Cc1c(CN(C)c2ccc(Br)cc2)cnc2nc(N)nc(N)c12,CHEMBL79347,IC50,nM,36.0,CHEMBL2363,IC50,nM,36.0,RnDHFR (R. norvegicus)
CHEMBL667862,Cc1cc(Cc2cnc(N)nc2N)cc(C(C)C)c1N,CHEMBL118237,IC50,nM,110.0,CHEMBL2363,I50,M,1.1E-7,RnDHFR (R. norvegicus)
CHEMBL668783,CCN(CC1CCc2nc(N)nc(N)c2C1)c1cc(OC)ccc1OC,CHEMBL121683,IC50,nM,71.0,CHEMBL2363,IC50,nM,71.0,RnDHFR (R. norvegicus)
CHEMBL668782,Nc1nc(N)c2c(n1)CCC(CN1CCc3ccccc31)C2,CHEMBL120826,IC50,nM,160.0,CHEMBL2363,IC50,nM,160.0,RnDHFR (R. norvegicus)
CHEMBL668780,Cc1c(CN(C)c2ccc(Cl)c(Cl)c2)cnc2nc(N)nc(N)c12,CHEMBL82975,IC50,nM,42.0,CHEMBL2363,IC50,nM,42.0,RnDHFR (R. norvegicus)
CHEMBL669016,Nc1nc(N)c2c(CNc3cccc4ccccc34)coc2n1,CHEMBL23846,IC50,nM,12000.0,CHEMBL2363,IC50,uM,12.0,RnDHFR (R. norvegicus)
CHEMBL669016,CN(Cc1coc2nc(N)nc(N)c12)c1cc(Cl)c(Cl)c(Cl)c1,CHEMBL278110,IC50,nM,34300.0,CHEMBL2363,IC50,uM,34.3,RnDHFR (R. norvegicus)
CHEMBL669016,Nc1nc(N)c2c(CNc3ccccc3-c3ccccc3)coc2n1,CHEMBL23960,IC50,nM,137000.0,CHEMBL2363,IC50,uM,137.0,RnDHFR (R. norvegicus)
CHEMBL669016,COc1cc(NCc2ccc3nc(N)nc(N)c3c2C)cc(OC)c1OC,CHEMBL119,IC50,nM,3.0,CHEMBL2363,IC50,uM,0.003,RnDHFR (R. norvegicus)
CHEMBL669016,Nc1nc(N)c2c(COc3ccc4ccccc4c3)coc2n1,CHEMBL22477,IC50,nM,60300.0,CHEMBL2363,IC50,uM,60.3,RnDHFR (R. norvegicus)
CHEMBL669016,CCOc1cc(Cc2cnc(N)nc2N)cc(OCC)c1-n1cccc1,CHEMBL280378,IC50,nM,33200.0,CHEMBL2363,IC50,uM,33.2,RnDHFR (R. norvegicus)
CHEMBL669016,CN(Cc1coc2nc(N)nc(N)c12)c1ccc2ccccc2c1,CHEMBL22561,IC50,nM,14600.0,CHEMBL2363,IC50,uM,14.6,RnDHFR (R. norvegicus)
CHEMBL669016,COc1cc(Cc2cnc(N)nc2N)cc(OC)c1OC,CHEMBL22,IC50,nM,133000.0,CHEMBL2363,IC50,uM,133.0,RnDHFR (R. norvegicus)
CHEMBL669016,Nc1nc(N)c2c(CSc3ccc4ccccc4c3)coc2n1,CHEMBL283311,IC50,nM,12300.0,CHEMBL2363,IC50,uM,12.3,RnDHFR (R. norvegicus)
CHEMBL669016,Nc1nc(N)c2c(CSc3ccccc3)coc2n1,CHEMBL22820,IC50,nM,252000.0,CHEMBL2363,IC50,uM,252.0,RnDHFR (R. norvegicus)
CHEMBL669016,Nc1nc(N)c2c(CSc3cccc4ccccc34)coc2n1,CHEMBL283515,IC50,nM,23000.0,CHEMBL2363,IC50,uM,23.0,RnDHFR (R. norvegicus)
CHEMBL669016,Nc1nc(N)c2c(CNc3ccc4ccccc4c3)coc2n1,CHEMBL279914,IC50,nM,36500.0,CHEMBL2363,IC50,uM,36.5,RnDHFR (R. norvegicus)
CHEMBL669016,Nc1nc(N)c2c(CNc3ccc(Oc4ccccc4)cc3)coc2n1,CHEMBL23297,IC50,nM,16200.0,CHEMBL2363,IC50,uM,16.2,RnDHFR (R. norvegicus)
CHEMBL669016,Nc1nc(N)c2c(CNc3cc(Cl)ccc3Cl)coc2n1,CHEMBL277438,IC50,nM,71900.0,CHEMBL2363,IC50,uM,71.9,RnDHFR (R. norvegicus)
CHEMBL665434,Nc1nc(N)c2cc(CNc3ccc(Cl)c(Cl)c3)cnc2n1,CHEMBL147870,IC50,nM,480.0,CHEMBL2363,IC50,nM,480.0,RnDHFR (R. norvegicus)
CHEMBL665434,COc1ccc(OC)c(CN(C)c2cnc3nc(N)nc(N)c3c2)c1,CHEMBL32113,IC50,nM,57.0,CHEMBL2363,IC50,nM,57.0,RnDHFR (R. norvegicus)
CHEMBL665434,Nc1nc(N)c2cc(CNc3cccc4ccccc34)cnc2n1,CHEMBL22924,IC50,nM,600.0,CHEMBL2363,IC50,nM,600.0,RnDHFR (R. norvegicus)
CHEMBL665451,COc1cc(N(C)Cc2cnc3nc(N)nc(N)c3c2C)cc(OC)c1OC,CHEMBL50514,IC50,nM,7.6,CHEMBL2363,IC50,nM,7.6,RnDHFR (R. norvegicus)
CHEMBL665434,COc1cc(N(C)Cc2cnc3nc(N)nc(N)c3c2)cc(OC)c1OC,CHEMBL142741,IC50,nM,280.0,CHEMBL2363,IC50,nM,280.0,RnDHFR (R. norvegicus)
CHEMBL665434,Nc1nc(N)c2cc(CNc3cc(Cl)ccc3Cl)cnc2n1,CHEMBL145979,IC50,nM,6900.0,CHEMBL2363,IC50,nM,6900.0,RnDHFR (R. norvegicus)
CHEMBL665434,COc1cc(N(C)Cc2cnc3nc(N)nc(N)c3c2C)cc(OC)c1OC,CHEMBL50514,IC50,nM,7.6,CHEMBL2363,IC50,nM,7.6,RnDHFR (R. norvegicus)
CHEMBL665434,COc1cc(Cc2cnc(N)nc2N)cc(OC)c1OC,CHEMBL22,IC50,nM,133000.0,CHEMBL2363,IC50,nM,133000.0,RnDHFR (R. norvegicus)
CHEMBL665451,COc1cc(N2CCC3c4c(N)nc(N)nc4NCC3C2)cc(OC)c1OC,CHEMBL299927,IC50,nM,160.0,CHEMBL2363,IC50,nM,160.0,RnDHFR (R. norvegicus)
CHEMBL665451,COc1cc(NCc2ccc3nc(N)nc(N)c3c2C)cc(OC)c1OC,CHEMBL119,IC50,nM,3.0,CHEMBL2363,IC50,nM,3.0,RnDHFR (R. norvegicus)
CHEMBL665434,COc1ccc(NCc2cnc3nc(N)nc(N)c3c2)cc1OC,CHEMBL149301,IC50,nM,560.0,CHEMBL2363,IC50,nM,560.0,RnDHFR (R. norvegicus)
CHEMBL665434,COc1ccc(OC)c(Cc2cnc3nc(N)nc(N)c3c2C)c1,CHEMBL7492,IC50,nM,1.5,CHEMBL2363,IC50,nM,1.5,RnDHFR (R. norvegicus)
CHEMBL665451,COc1c(Cl)c(-n2ccc3c4c(N)nc(N)nc4nc(=O)c-3c2)c(Cl)c(OC)c1OC,CHEMBL431740,IC50,nM,500.0,CHEMBL2363,IC50,nM,500.0,RnDHFR (R. norvegicus)
CHEMBL665434,Nc1nc(N)c2cc(CNc3cc(Cl)c(Cl)c(Cl)c3)cnc2n1,CHEMBL358351,IC50,nM,4600.0,CHEMBL2363,IC50,nM,4600.0,RnDHFR (R. norvegicus)
CHEMBL665451,COc1ccc(OC)c(Cc2cnc3nc(N)nc(N)c3c2C)c1,CHEMBL7492,IC50,nM,1.5,CHEMBL2363,IC50,nM,1.5,RnDHFR (R. norvegicus)
CHEMBL665434,COc1cc(NCc2cnc3nc(N)nc(N)c3c2)cc(OC)c1OC,CHEMBL23288,IC50,nM,1900.0,CHEMBL2363,IC50,nM,1900.0,RnDHFR (R. norvegicus)
CHEMBL665434,COc1cccc(NCc2cnc3nc(N)nc(N)c3c2)c1,CHEMBL356279,IC50,nM,790.0,CHEMBL2363,IC50,nM,790.0,RnDHFR (R. norvegicus)
CHEMBL665434,COc1ccc(OC)c(NCc2cnc3nc(N)nc(N)c3c2)c1,CHEMBL424135,IC50,nM,5000.0,CHEMBL2363,IC50,nM,5000.0,RnDHFR (R. norvegicus)
CHEMBL665434,CN(Cc1cnc2nc(N)nc(N)c2c1)c1ccccc1,CHEMBL146622,IC50,nM,395000.0,CHEMBL2363,IC50,nM,395000.0,RnDHFR (R. norvegicus)
CHEMBL665434,Nc1nc(N)c2cc(CNc3ccc4ccccc4c3)cnc2n1,CHEMBL146039,IC50,nM,4900.0,CHEMBL2363,IC50,nM,4900.0,RnDHFR (R. norvegicus)
CHEMBL665434,CN(Cc1cnc2nc(N)nc(N)c2c1)c1ccc(Cl)c(Cl)c1,CHEMBL147828,IC50,nM,180.0,CHEMBL2363,IC50,nM,180.0,RnDHFR (R. norvegicus)
CHEMBL665434,CN(Cc1cnc2nc(N)nc(N)c2c1)c1cc(Cl)c(Cl)c(Cl)c1,CHEMBL149099,IC50,nM,270.0,CHEMBL2363,IC50,nM,270.0,RnDHFR (R. norvegicus)
CHEMBL665434,COc1cc(NCc2cnc3nc(N)nc(N)c3c2C)cc(OC)c1OC,CHEMBL23532,IC50,nM,2.1,CHEMBL2363,IC50,nM,2.1,RnDHFR (R. norvegicus)
CHEMBL665434,Nc1nc(N)c2cc(CNc3ccccc3)cnc2n1,CHEMBL358003,IC50,nM,2300.0,CHEMBL2363,IC50,nM,2300.0,RnDHFR (R. norvegicus)
CHEMBL665434,COc1cc(NCc2ccc3nc(N)nc(N)c3c2C)cc(OC)c1OC,CHEMBL119,IC50,nM,3.0,CHEMBL2363,IC50,nM,3.0,RnDHFR (R. norvegicus)
CHEMBL665451,COc1cc(N2C=Cc3c(cnc4nc(N)nc(N)c34)C2)cc(OC)c1OC.O=C(O)C(F)(F)F,CHEMBL58597,IC50,nM,470.0,CHEMBL2363,IC50,nM,470.0,RnDHFR (R. norvegicus)
CHEMBL665451,COc1cc(-n2ccc3c4c(N)nc(N)nc4nc(=O)c-3c2)cc(OC)c1OC,CHEMBL57682,IC50,nM,86.0,CHEMBL2363,IC50,nM,86.0,RnDHFR (R. norvegicus)
CHEMBL665451,COc1cc(N2C=C3C(=O)N=c4nc(N)nc(N)c4=C3CC2)cc(OC)c1OC,CHEMBL293512,IC50,nM,240.0,CHEMBL2363,IC50,nM,240.0,RnDHFR (R. norvegicus)
CHEMBL667232,Nc1ncc(Cc2ccc(Br)c3ccccc23)c(N)n1,CHEMBL177408,IC50,nM,2820.0,CHEMBL2363,I50,uM l-1,2.82,RnDHFR (R. norvegicus)
CHEMBL667232,Nc1ncc(Cc2ccccc2)c(N)n1,CHEMBL265493,IC50,nM,115300.0,CHEMBL2363,I50,uM l-1,115.3,RnDHFR (R. norvegicus)
CHEMBL667232,Nc1ncc(NCc2ccccc2)c(N)n1,CHEMBL435553,IC50,nM,58200.0,CHEMBL2363,I50,uM l-1,58.2,RnDHFR (R. norvegicus)
CHEMBL667232,Nc1ncc(OCc2ccc(OCCCN3C(=O)c4ccccc4C3=O)cc2)c(N)n1,CHEMBL174954,IC50,nM,15700.0,CHEMBL2363,I50,uM l-1,15.7,RnDHFR (R. norvegicus)
CHEMBL667232,COc1ccc(Cc2cnc(N)nc2N)cc1OCCCCN1C(=O)c2ccccc2C1=O,CHEMBL369645,IC50,nM,1763.0,CHEMBL2363,I50,uM l-1,1.763,RnDHFR (R. norvegicus)
CHEMBL667232,COc1cc(COc2cnc(N)nc2N)ccc1OCCCc1ccccc1,CHEMBL368065,IC50,nM,58350.0,CHEMBL2363,I50,uM l-1,58.35,RnDHFR (R. norvegicus)
CHEMBL667232,Nc1ncc(Cc2cccc3ccccc23)c(N)n1,CHEMBL366989,IC50,nM,29400.0,CHEMBL2363,I50,uM l-1,29.4,RnDHFR (R. norvegicus)
CHEMBL667232,Nc1ncc(NCc2ccc3ccccc3c2)c(N)n1,CHEMBL177862,IC50,nM,71300.0,CHEMBL2363,I50,uM l-1,71.3,RnDHFR (R. norvegicus)
CHEMBL667232,Cc1ccc(S(=O)(=O)NCCCCOc2ccc(Cc3cnc(N)nc3N)cc2)cc1,CHEMBL175017,IC50,nM,1724.0,CHEMBL2363,I50,uM l-1,1.724,RnDHFR (R. norvegicus)
CHEMBL667232,Nc1ncc(OCc2ccc(OCCCCN3C(=O)c4ccccc4C3=O)cc2)c(N)n1,CHEMBL367882,IC50,nM,6070.0,CHEMBL2363,I50,uM l-1,6.07,RnDHFR (R. norvegicus)
CHEMBL667232,Cc1ccc(S(=O)(=O)NCCCOc2ccc(COc3cnc(N)nc3N)cc2)cc1,CHEMBL368759,IC50,nM,4426.0,CHEMBL2363,I50,uM l-1,4.426,RnDHFR (R. norvegicus)
CHEMBL667232,Nc1ncc(NCc2cccc(Cl)c2)c(N)n1,CHEMBL174753,IC50,nM,49800.0,CHEMBL2363,I50,uM l-1,49.8,RnDHFR (R. norvegicus)
CHEMBL667232,Nc1ncc(NCc2cccc3ccccc23)c(N)n1,CHEMBL177796,IC50,nM,5900.0,CHEMBL2363,I50,uM l-1,5.9,RnDHFR (R. norvegicus)
CHEMBL667232,Nc1ncc(OCc2ccc(Cl)c(Cl)c2)c(N)n1,CHEMBL362254,IC50,nM,56750.0,CHEMBL2363,I50,uM l-1,56.75,RnDHFR (R. norvegicus)
CHEMBL667232,Cc1nc(N)nc(N)c1CCc1ccccc1,CHEMBL176882,IC50,nM,12800.0,CHEMBL2363,I50,uM l-1,12.8,RnDHFR (R. norvegicus)
CHEMBL667232,COc1cc(COc2cnc(N)nc2N)ccc1OCCCNS(=O)(=O)c1ccc(C)cc1,CHEMBL367220,IC50,nM,4527.0,CHEMBL2363,I50,uM l-1,4.527,RnDHFR (R. norvegicus)
CHEMBL667232,Nc1ncc(OCc2ccccc2Cl)c(N)n1,CHEMBL175752,IC50,nM,3530.0,CHEMBL2363,I50,uM l-1,3.53,RnDHFR (R. norvegicus)
CHEMBL667232,Nc1ncc(CNc2ccccc2)c(N)n1,CHEMBL177230,IC50,nM,133100.0,CHEMBL2363,I50,uM l-1,133.1,RnDHFR (R. norvegicus)
CHEMBL667232,Cc1nc(N)nc(N)c1CCCc1ccccc1,CHEMBL175747,IC50,nM,820.0,CHEMBL2363,I50,uM l-1,0.8200000000000001,RnDHFR (R. norvegicus)
CHEMBL667232,Nc1ncc(Cc2ccc(OCCCCN3C(=O)c4ccccc4C3=O)cc2)c(N)n1,CHEMBL176848,IC50,nM,3644.0,CHEMBL2363,I50,uM l-1,3.644,RnDHFR (R. norvegicus)
CHEMBL667232,COc1cc(Cc2cnc(N)nc2N)cc(OC)c1OC,CHEMBL22,IC50,nM,190000.0,CHEMBL2363,I50,uM l-1,190.0,RnDHFR (R. norvegicus)
CHEMBL667232,Nc1ncc(OCc2ccc(OCc3ccccc3)cc2)c(N)n1,CHEMBL174617,IC50,nM,39400.0,CHEMBL2363,I50,uM l-1,39.4,RnDHFR (R. norvegicus)
CHEMBL667232,Cc1nc(N)nc(N)c1Cc1ccccc1,CHEMBL174633,IC50,nM,3360.0,CHEMBL2363,I50,uM l-1,3.36,RnDHFR (R. norvegicus)
CHEMBL667232,COc1cc(Cc2ccc(N)cc2N)cc(OC)c1OCCCNc1ccc(S(=O)(=O)c2ccc(N)cc2)cc1,CHEMBL368735,IC50,nM,24000.0,CHEMBL2363,I50,uM l-1,24.0,RnDHFR (R. norvegicus)
CHEMBL666240,COc1cc(OC)cc(N2C3CCC2CC(c2cnc(N)nc2N)C3)c1,CHEMBL30938,IC50,nM,84.0,CHEMBL2363,I50,uM l-1,0.08400000000000002,RnDHFR (R. norvegicus)
CHEMBL667232,Nc1ncc(CCc2ccccc2)c(N)n1,CHEMBL361101,IC50,nM,39900.0,CHEMBL2363,I50,uM l-1,39.9,RnDHFR (R. norvegicus)
CHEMBL667232,COc1ccc(CNc2cnc(N)nc2N)cc1,CHEMBL369237,IC50,nM,146200.0,CHEMBL2363,I50,uM l-1,146.2,RnDHFR (R. norvegicus)
CHEMBL667232,Nc1ncc(OCc2ccccc2)c(N)n1,CHEMBL180585,IC50,nM,10100.0,CHEMBL2363,I50,uM l-1,10.1,RnDHFR (R. norvegicus)
CHEMBL667232,COc1ccc(CCc2cnc(N)nc2N)cc1OC,CHEMBL177819,IC50,nM,315300.0,CHEMBL2363,I50,uM l-1,315.3,RnDHFR (R. norvegicus)
CHEMBL667232,COc1cc(Cc2cnc(N)nc2N)ccc1OCCNc1ccc(S(=O)(=O)c2ccc(N)cc2)cc1,CHEMBL425506,IC50,nM,7230.0,CHEMBL2363,I50,uM l-1,7.23,RnDHFR (R. norvegicus)
CHEMBL667232,Nc1ncc(Cc2ccc3ccccc3c2)c(N)n1,CHEMBL177125,IC50,nM,61200.0,CHEMBL2363,I50,uM l-1,61.2,RnDHFR (R. norvegicus)
CHEMBL667232,Nc1ncc(NCc2ccccc2Cl)c(N)n1,CHEMBL369501,IC50,nM,71530.0,CHEMBL2363,I50,uM l-1,71.53,RnDHFR (R. norvegicus)
CHEMBL667232,COc1ccc(COc2cnc(N)nc2N)cc1,CHEMBL174679,IC50,nM,99700.0,CHEMBL2363,I50,uM l-1,99.7,RnDHFR (R. norvegicus)
CHEMBL667232,Nc1ncc(/C=C/c2ccccc2)c(N)n1,CHEMBL362208,IC50,nM,130600.0,CHEMBL2363,I50,uM l-1,130.6,RnDHFR (R. norvegicus)
CHEMBL667232,Cc1nc(N)nc(N)c1OCc1ccc(Cl)c(Cl)c1,CHEMBL175577,IC50,nM,4580.0,CHEMBL2363,I50,uM l-1,4.58,RnDHFR (R. norvegicus)
CHEMBL667232,Nc1ncc(OCc2c(Cl)cccc2Cl)c(N)n1,CHEMBL367308,IC50,nM,2570.0,CHEMBL2363,I50,uM l-1,2.57,RnDHFR (R. norvegicus)
CHEMBL667232,COc1cc(Cc2cnc(N)nc2N)ccc1OCCCCN1C(=O)c2ccccc2C1=O,CHEMBL426584,IC50,nM,1814.0,CHEMBL2363,I50,uM l-1,1.814,RnDHFR (R. norvegicus)
CHEMBL667232,CC(C)(C)c1ccc(COc2cnc(N)nc2N)cc1,CHEMBL426950,IC50,nM,106000.0,CHEMBL2363,I50,uM l-1,106.0,RnDHFR (R. norvegicus)
CHEMBL667232,COc1ccc(CNc2cnc(N)nc2N)cc1OC,CHEMBL177511,IC50,nM,197300.0,CHEMBL2363,I50,uM l-1,197.3,RnDHFR (R. norvegicus)
CHEMBL667232,Nc1ncc(CSc2ccc3ccccc3c2)c(N)n1,CHEMBL425152,IC50,nM,110600.0,CHEMBL2363,I50,uM l-1,110.6,RnDHFR (R. norvegicus)
CHEMBL667232,Nc1ncc(OCc2cccc3ccccc23)c(N)n1,CHEMBL426768,IC50,nM,2630.0,CHEMBL2363,I50,uM l-1,2.63,RnDHFR (R. norvegicus)
CHEMBL668779,Nc1nc(N)c2c(n1)CCC(Cc1ccc(OC(F)(F)F)cc1)C2,CHEMBL7062,IC50,nM,170.0,CHEMBL2363,IC50,uM,0.17,RnDHFR (R. norvegicus)
CHEMBL668779,Nc1nc(N)c2c(n1)CCC(CC1CCCO1)C2,CHEMBL7170,IC50,nM,270.0,CHEMBL2363,IC50,uM,0.27,RnDHFR (R. norvegicus)
CHEMBL668779,COc1cc(Cc2cnc(N)nc2N)cc(OC)c1OC,CHEMBL22,IC50,nM,130000.0,CHEMBL2363,IC50,uM,130.0,RnDHFR (R. norvegicus)
CHEMBL668779,COc1ccc(OC)c(Cc2cnc3nc(N)nc(N)c3c2C)c1,CHEMBL7492,IC50,nM,15.0,CHEMBL2363,IC50,uM,0.015,RnDHFR (R. norvegicus)
CHEMBL668779,Nc1nc(N)c2c(n1)CCC(Cc1ccccc1)C2,CHEMBL6970,IC50,nM,180.0,CHEMBL2363,IC50,uM,0.18,RnDHFR (R. norvegicus)
CHEMBL668779,CCC1CCc2nc(N)nc(N)c2C1,CHEMBL6696,IC50,nM,3000.0,CHEMBL2363,IC50,uM,3.0,RnDHFR (R. norvegicus)
CHEMBL668779,CC(C)(C)C1CCc2nc(N)nc(N)c2C1,CHEMBL7571,IC50,nM,65.0,CHEMBL2363,IC50,uM,0.065,RnDHFR (R. norvegicus)
CHEMBL665444,COc1cc(NCc2ccc3nc(N)nc(N)c3c2C)cc(OC)c1OC,CHEMBL119,IC50,nM,8.0,CHEMBL2363,IC50,nM,8.0,RnDHFR (R. norvegicus)
CHEMBL665444,COc1ccc(OC)c(Cc2cnc3nc(N)nc(N)c3c2C)c1,CHEMBL7492,IC50,nM,3.3,CHEMBL2363,IC50,nM,3.3,RnDHFR (R. norvegicus)
CHEMBL668779,COc1ccccc1CC1CCc2nc(N)nc(N)c2C1,CHEMBL268870,IC50,nM,120.0,CHEMBL2363,IC50,uM,0.12,RnDHFR (R. norvegicus)
CHEMBL668779,Nc1nc(N)c2c(n1)CCC(Cc1cccc(C(F)(F)F)c1)C2,CHEMBL267437,IC50,nM,190.0,CHEMBL2363,IC50,uM,0.19,RnDHFR (R. norvegicus)
CHEMBL668779,COc1ccc(OC)c(CC2CCc3nc(N)nc(N)c3C2)c1,CHEMBL7375,IC50,nM,34.0,CHEMBL2363,IC50,uM,0.034,RnDHFR (R. norvegicus)
CHEMBL668779,COc1ccc(CC2CCc3nc(N)nc(N)c3C2)cc1OC,CHEMBL267616,IC50,nM,63.0,CHEMBL2363,IC50,uM,0.063,RnDHFR (R. norvegicus)
CHEMBL668779,Cc1ccccc1CC1CCc2nc(N)nc(N)c2C1,CHEMBL7542,IC50,nM,110.0,CHEMBL2363,IC50,uM,0.11,RnDHFR (R. norvegicus)
CHEMBL668779,COc1cc(CN2CCc3nc(N)nc(N)c3C2)cc(OC)c1OC,CHEMBL6899,IC50,nM,2200.0,CHEMBL2363,IC50,uM,2.2,RnDHFR (R. norvegicus)
CHEMBL665444,CNc1ncc(Cc2cc(OC)c(OC)c(OC)c2)c(N)n1,CHEMBL53193,IC50,nM,180000.0,CHEMBL2363,IC50,nM,180000.0,RnDHFR (R. norvegicus)
CHEMBL665444,COc1ccc(C#CCCCC(=O)O)cc1Cc1cnc(N)nc1N,CHEMBL37334,IC50,nM,2200.0,CHEMBL2363,IC50,nM,2200.0,RnDHFR (R. norvegicus)
CHEMBL665444,COc1cc(Cc2cnc(N)nc2N)cc(C#CCCCC(=O)O)c1OC,CHEMBL300419,IC50,nM,5000.0,CHEMBL2363,IC50,nM,5000.0,RnDHFR (R. norvegicus)
CHEMBL668779,Cc1cccc(CC2CCc3nc(N)nc(N)c3C2)c1,CHEMBL7779,IC50,nM,110.0,CHEMBL2363,IC50,uM,0.11,RnDHFR (R. norvegicus)
CHEMBL668779,Nc1nc(N)c2c(n1)CCC(Cc1ccc(Cl)c(Cl)c1)C2,CHEMBL6971,IC50,nM,7300.0,CHEMBL2363,IC50,uM,7.3,RnDHFR (R. norvegicus)
CHEMBL668779,COc1cc(NCC2CCc3nc(N)nc(N)c3C2)cc(OC)c1OC,CHEMBL7488,IC50,nM,290.0,CHEMBL2363,IC50,uM,0.29,RnDHFR (R. norvegicus)
CHEMBL668779,Nc1nc(N)c2c(n1)CCC(Cc1cccc(OC(F)(F)F)c1)C2,CHEMBL266024,IC50,nM,79.0,CHEMBL2363,IC50,uM,0.079,RnDHFR (R. norvegicus)
CHEMBL668779,COc1ccc(OC)c(NCC2CCc3nc(N)nc(N)c3C2)c1,CHEMBL7263,IC50,nM,560.0,CHEMBL2363,IC50,uM,0.56,RnDHFR (R. norvegicus)
CHEMBL668779,Nc1nc(N)c2c(n1)CCC(Cc1cccs1)C2,CHEMBL267207,IC50,nM,80.0,CHEMBL2363,IC50,uM,0.08,RnDHFR (R. norvegicus)
CHEMBL668779,COc1ccc(OC)c(CN2CCc3nc(N)nc(N)c3C2)c1,CHEMBL7139,IC50,nM,1400.0,CHEMBL2363,IC50,uM,1.4,RnDHFR (R. norvegicus)
CHEMBL668779,COc1ccc(CC2CCc3nc(N)nc(N)c3C2)cc1,CHEMBL7452,IC50,nM,77.0,CHEMBL2363,IC50,uM,0.077,RnDHFR (R. norvegicus)
CHEMBL665444,COc1cc(Cc2cnc(N)nc2N)cc(C#Cc2ccc(C(=O)O)cc2)c1OC,CHEMBL52415,IC50,nM,88000.0,CHEMBL2363,IC50,nM,88000.0,RnDHFR (R. norvegicus)
CHEMBL668779,COc1cc(CC2CCc3nc(N)nc(N)c3C2)cc(OC)c1OC,CHEMBL7063,IC50,nM,38.0,CHEMBL2363,IC50,uM,0.038,RnDHFR (R. norvegicus)
CHEMBL665444,COc1ccc(C#Cc2ccc(C(=O)O)cc2)cc1Cc1cnc(N)nc1N,CHEMBL34293,IC50,nM,8200.0,CHEMBL2363,IC50,nM,8200.0,RnDHFR (R. norvegicus)
CHEMBL668779,Nc1nc(N)c2c(n1)CCC(c1ccccc1)C2,CHEMBL7535,IC50,nM,1900.0,CHEMBL2363,IC50,uM,1.9,RnDHFR (R. norvegicus)
CHEMBL668779,COc1cccc(CC2CCc3nc(N)nc(N)c3C2)c1,CHEMBL268355,IC50,nM,110.0,CHEMBL2363,IC50,uM,0.11,RnDHFR (R. norvegicus)
CHEMBL668779,Nc1nc(N)c2c(n1)CCC(Cc1ccsc1)C2,CHEMBL7586,IC50,nM,130.0,CHEMBL2363,IC50,uM,0.13,RnDHFR (R. norvegicus)
CHEMBL668875,CCc1nc(N)nc(N)c1-c1ccc(N2CCOCC2)c(N=[N+]=[N-])c1,CHEMBL312282,IC50,nM,9400.0,CHEMBL2363,I50,uM,9.4,RnDHFR (R. norvegicus)
CHEMBL665437,Nc1nc(N)c2cc(COC(=O)c3ccc(C(=O)N[C@@H](CCC(=O)O)C(=O)O)cc3)ccc2n1,CHEMBL117602,IC50,nM,19.0,CHEMBL2363,IC50,nM,19.0,RnDHFR (R. norvegicus)
CHEMBL668875,CCNc1ccc(-c2c(N)nc(N)nc2CC)cc1[N+](=O)[O-],CHEMBL81493,IC50,nM,160.0,CHEMBL2363,I50,uM,0.16,RnDHFR (R. norvegicus)
CHEMBL665437,Nc1nc(N)c2cc(COC(=O)c3ccc(C(=O)N[C@@H](CCCC(=O)O)C(=O)O)cc3)ccc2n1,CHEMBL419946,IC50,nM,160.0,CHEMBL2363,IC50,nM,160.0,RnDHFR (R. norvegicus)
CHEMBL668876,CCc1nc(N)nc(N)c1-c1ccc(N2CCOCC2)c([N+](=O)[O-])c1,CHEMBL80110,IC50,nM,8000.0,CHEMBL2363,I50,uM,8.0,RnDHFR (R. norvegicus)
CHEMBL668875,CCc1nc(N)nc(N)c1-c1ccc(NC(C)c2ccccc2)c([N+](=O)[O-])c1,CHEMBL312785,IC50,nM,180.0,CHEMBL2363,I50,uM,0.18,RnDHFR (R. norvegicus)
CHEMBL668875,CCc1nc(N)nc(N)c1-c1ccc(Cl)cc1,CHEMBL36,IC50,nM,1400.0,CHEMBL2363,I50,uM,1.4,RnDHFR (R. norvegicus)
CHEMBL668876,CCc1nc(N)nc(N)c1-c1ccc(N(CC)Cc2ccccc2)c(N)c1,CHEMBL263275,IC50,nM,4000.0,CHEMBL2363,I50,uM,4.0,RnDHFR (R. norvegicus)
CHEMBL668875,CCc1nc(N)nc(N)c1-c1ccc(NC)c(N)c1,CHEMBL421712,IC50,nM,15000.0,CHEMBL2363,I50,uM,15.0,RnDHFR (R. norvegicus)
CHEMBL668875,CCc1nc(N)nc(N)c1-c1ccc(N(CC)Cc2ccccc2)c([N+](=O)[O-])c1,CHEMBL309743,IC50,nM,20.0,CHEMBL2363,I50,uM,0.02,RnDHFR (R. norvegicus)
CHEMBL668876,CCc1nc(N)nc(N)c1-c1ccc(N2CCNCC2)c([N+](=O)[O-])c1,CHEMBL79279,IC50,nM,3100.0,CHEMBL2363,I50,uM,3.1,RnDHFR (R. norvegicus)
CHEMBL665437,Nc1nc(N)c2nc(COC(=O)c3ccc(C(=O)N[C@@H](CCC(=O)O)C(=O)O)cc3)cnc2n1,CHEMBL327066,IC50,nM,120.0,CHEMBL2363,IC50,nM,120.0,RnDHFR (R. norvegicus)
CHEMBL665437,Nc1nc(N)c2cc(COC(=O)c3ccc(C(=O)O)cc3)ccc2n1,CHEMBL77409,IC50,nM,1100.0,CHEMBL2363,IC50,nM,1100.0,RnDHFR (R. norvegicus)
CHEMBL665437,Nc1nc(N)c2nc(COC(=O)c3ccccc3)cnc2n1,CHEMBL309784,IC50,nM,7000.0,CHEMBL2363,IC50,nM,7000.0,RnDHFR (R. norvegicus)
CHEMBL668875,CCc1nc(N)nc(N)c1-c1ccc(N(C)C2CCCCC2)c([N+](=O)[O-])c1,CHEMBL312337,IC50,nM,2500.0,CHEMBL2363,I50,uM,2.5,RnDHFR (R. norvegicus)
CHEMBL668875,CCc1nc(N)nc(N)c1-c1ccc(N(C)Cc2ccccc2)c([N+](=O)[O-])c1,CHEMBL56170,IC50,nM,10.0,CHEMBL2363,I50,uM,0.01,RnDHFR (R. norvegicus)
CHEMBL668876,CCc1nc(N)nc(N)c1-c1ccc(Cl)c([N+](=O)[O-])c1,CHEMBL59530,IC50,nM,80.0,CHEMBL2363,I50,uM,0.08,RnDHFR (R. norvegicus)
CHEMBL668875,CCc1nc(N)nc(N)c1-c1ccc(NC(C)c2ccccc2)c(N)c1,CHEMBL83991,IC50,nM,35000.0,CHEMBL2363,I50,uM,35.0,RnDHFR (R. norvegicus)
CHEMBL669013,Nc1nc(N)c2nc(COC(=O)c3ccc(C(=O)N[C@@H](CCC(=O)O)C(=O)O)cc3)cnc2n1,CHEMBL327066,IC50,nM,120.0,CHEMBL2363,IC50,uM,0.12,RnDHFR (R. norvegicus)
CHEMBL668875,CCc1nc(N)nc(N)c1-c1ccc(N(C)C)c([N+](=O)[O-])c1,CHEMBL311439,IC50,nM,250.0,CHEMBL2363,I50,uM,0.25,RnDHFR (R. norvegicus)
CHEMBL668875,CCc1nc(N)nc(N)c1-c1ccc(NCCc2ccccc2)c([N+](=O)[O-])c1,CHEMBL312232,IC50,nM,70.0,CHEMBL2363,I50,uM,0.07,RnDHFR (R. norvegicus)
CHEMBL665437,Nc1nc(N)c2cc(C(=O)OCc3ccccc3)ccc2n1,CHEMBL306731,IC50,nM,420.0,CHEMBL2363,IC50,nM,420.0,RnDHFR (R. norvegicus)
CHEMBL668876,CCc1nc(N)nc(N)c1-c1ccc(N(C)C)cc1,CHEMBL309217,IC50,nM,6200.0,CHEMBL2363,I50,uM,6.2,RnDHFR (R. norvegicus)
CHEMBL665437,Nc1nc(N)c2cc(COC(=O)Cc3ccccc3)ccc2n1,CHEMBL78631,IC50,nM,2300.0,CHEMBL2363,IC50,nM,2300.0,RnDHFR (R. norvegicus)
CHEMBL668875,CCc1nc(N)nc(N)c1-c1ccc(NC2CCCCC2)c([N+](=O)[O-])c1,CHEMBL83164,IC50,nM,1200.0,CHEMBL2363,I50,uM,1.2,RnDHFR (R. norvegicus)
CHEMBL668875,CCc1nc(N)nc(N)c1-c1ccc(NCCc2ccccc2)c(N)c1,CHEMBL311293,IC50,nM,1900.0,CHEMBL2363,I50,uM,1.9,RnDHFR (R. norvegicus)
CHEMBL668875,CCCCNc1ccc(-c2c(N)nc(N)nc2CC)cc1[N+](=O)[O-],CHEMBL79243,IC50,nM,170.0,CHEMBL2363,I50,uM,0.17,RnDHFR (R. norvegicus)
CHEMBL668876,CCc1nc(N)nc(N)c1-c1ccc(N2CCN(C)CC2)c([N+](=O)[O-])c1,CHEMBL79465,IC50,nM,3900.0,CHEMBL2363,I50,uM,3.9,RnDHFR (R. norvegicus)
CHEMBL665437,Nc1nc(N)c2cc(COC(=O)c3ccccc3)cnc2n1,CHEMBL80935,IC50,nM,3900.0,CHEMBL2363,IC50,nM,3900.0,RnDHFR (R. norvegicus)
CHEMBL665437,CN(Cc1ccc2nc(N)nc(N)c2c1)c1ccccc1,CHEMBL78578,IC50,nM,69.0,CHEMBL2363,IC50,nM,69.0,RnDHFR (R. norvegicus)
CHEMBL668875,CCc1nc(N)nc(N)c1-c1ccc(NCCCN)c([N+](=O)[O-])c1,CHEMBL84439,IC50,nM,1000.0,CHEMBL2363,I50,uM,1.0,RnDHFR (R. norvegicus)
CHEMBL668876,CCc1nc(N)nc(N)c1-c1ccc(N(C)C2CCCCC2)c(N)c1,CHEMBL80067,IC50,nM,8500.0,CHEMBL2363,I50,uM,8.5,RnDHFR (R. norvegicus)
CHEMBL668875,CCc1nc(N)nc(N)c1-c1ccc(NCc2ccccc2)c(N)c1,CHEMBL83883,IC50,nM,500.0,CHEMBL2363,I50,uM,0.5,RnDHFR (R. norvegicus)
CHEMBL668875,CCc1nc(N)nc(N)c1-c1ccc(NCc2ccccc2)c([N+](=O)[O-])c1,CHEMBL81294,IC50,nM,10.0,CHEMBL2363,I50,uM,0.01,RnDHFR (R. norvegicus)
CHEMBL668875,CCc1nc(N)nc(N)c1-c1ccc(N2CCCCC2)c([N+](=O)[O-])c1,CHEMBL311375,IC50,nM,620.0,CHEMBL2363,I50,uM,0.62,RnDHFR (R. norvegicus)
CHEMBL668876,CCc1nc(N)nc(N)c1-c1ccc(N2CCCC2)c([N+](=O)[O-])c1,CHEMBL82208,IC50,nM,1700.0,CHEMBL2363,I50,uM,1.7,RnDHFR (R. norvegicus)
CHEMBL668875,CCc1nc(N)nc(N)c1-c1ccc(NC)c([N+](=O)[O-])c1,CHEMBL310062,IC50,nM,150.0,CHEMBL2363,I50,uM,0.15,RnDHFR (R. norvegicus)
CHEMBL668876,CCc1nc(N)nc(N)c1-c1ccc(NCc2ccc(OC)cc2)c([N+](=O)[O-])c1,CHEMBL312667,IC50,nM,20.0,CHEMBL2363,I50,uM,0.02,RnDHFR (R. norvegicus)
CHEMBL668876,CCc1nc(N)nc(N)c1-c1ccc(N(C)Cc2ccccc2)c(N)c1,CHEMBL79407,IC50,nM,100.0,CHEMBL2363,I50,uM,0.1,RnDHFR (R. norvegicus)
CHEMBL665437,Nc1nc(N)c2cc(COC(=O)c3ccc(C(=O)N[C@H](CCC(=O)O)C(=O)O)cc3)ccc2n1,CHEMBL119161,IC50,nM,150.0,CHEMBL2363,IC50,nM,150.0,RnDHFR (R. norvegicus)
CHEMBL668875,CCc1nc(N)nc(N)c1-c1ccc(N(C)Cc2ccc(OC)cc2)c([N+](=O)[O-])c1,CHEMBL311930,IC50,nM,380.0,CHEMBL2363,I50,uM,0.38,RnDHFR (R. norvegicus)
CHEMBL668875,CCc1nc(N)nc(N)c1-c1ccc(N2CCCCC2)c(N=[N+]=[N-])c1,CHEMBL81019,IC50,nM,8500.0,CHEMBL2363,I50,uM,8.5,RnDHFR (R. norvegicus)
CHEMBL669013,Nc1nc(N)c2cc(COC(=O)c3ccc(C(=O)N[C@@H](CCC(=O)O)C(=O)O)cc3)ccc2n1,CHEMBL117602,IC50,nM,19.3,CHEMBL2363,IC50,uM,0.0193,RnDHFR (R. norvegicus)
CHEMBL668876,CCc1nc(N)nc(N)c1-c1ccc(N(C)C)c(N)c1,CHEMBL314593,IC50,nM,67000.0,CHEMBL2363,I50,uM,67.0,RnDHFR (R. norvegicus)
CHEMBL669013,CN(Cc1cnc2nc(N)nc(N)c2n1)c1ccc(C(=O)N[C@@H](CCC(=O)O)C(=O)O)cc1,CHEMBL34259,IC50,nM,2.0,CHEMBL2363,IC50,uM,0.002,RnDHFR (R. norvegicus)
CHEMBL668875,CCc1nc(N)nc(N)c1-c1ccc(NCCN)c([N+](=O)[O-])c1,CHEMBL84440,IC50,nM,2600.0,CHEMBL2363,I50,uM,2.6,RnDHFR (R. norvegicus)
CHEMBL668876,CCc1nc(N)nc(N)c1-c1ccc([N+](=O)[O-])c(NCc2ccccc2)c1,CHEMBL82464,IC50,nM,9200.0,CHEMBL2363,I50,uM,9.2,RnDHFR (R. norvegicus)
CHEMBL668875,CCc1nc(N)nc(N)c1-c1ccc(N(Cc2ccccc2)Cc2ccccc2)c([N+](=O)[O-])c1,CHEMBL83660,IC50,nM,260.0,CHEMBL2363,I50,uM,0.26,RnDHFR (R. norvegicus)
CHEMBL668875,CCc1nc(N)nc(N)c1-c1ccc(N(C)C)c(N=[N+]=[N-])c1,CHEMBL84069,IC50,nM,1600.0,CHEMBL2363,I50,uM,1.6,RnDHFR (R. norvegicus)
CHEMBL665437,CN(Cc1cnc2nc(N)nc(N)c2n1)c1ccc(C(=O)N[C@@H](CCC(=O)O)C(=O)O)cc1,CHEMBL34259,IC50,nM,2.5,CHEMBL2363,IC50,nM,2.5,RnDHFR (R. norvegicus)
CHEMBL665437,Nc1nc(N)c2cc(COC(=O)c3ccccc3)ccc2n1,CHEMBL421319,IC50,nM,390.0,CHEMBL2363,IC50,nM,390.0,RnDHFR (R. norvegicus)
CHEMBL668875,CCc1nc(N)nc(N)c1-c1ccc(NCCCN)c(N)c1,CHEMBL80061,IC50,nM,1300.0,CHEMBL2363,I50,uM,1.3,RnDHFR (R. norvegicus)
CHEMBL665437,Nc1nc(N)c2cc(CNc3ccccc3)ccc2n1,CHEMBL80746,IC50,nM,440.0,CHEMBL2363,IC50,nM,440.0,RnDHFR (R. norvegicus)
CHEMBL665437,Cc1c(COC(=O)c2ccccc2)cnc2nc(N)nc(N)c12,CHEMBL79182,IC50,nM,230.0,CHEMBL2363,IC50,nM,230.0,RnDHFR (R. norvegicus)
CHEMBL668876,CCc1nc(N)nc(N)c1-c1ccc([N+](=O)[O-])c(N(C)Cc2ccccc2)c1,CHEMBL81552,IC50,nM,440.0,CHEMBL2363,I50,uM,0.44,RnDHFR (R. norvegicus)
CHEMBL667865,COc1cc(Cc2cnc(N)nc2N)cc(OC)c1OCCCCCC(=O)O,CHEMBL105006,IC50,nM,296000.0,CHEMBL2363,I50,M,0.000296,RnDHFR (R. norvegicus)
CHEMBL666702,CCc1nc(N)nc(N)c1-c1ccc(Cl)c(/N=N/N(CCOC(C)=O)Cc2cccc([N+](=O)[O-])c2)c1,CHEMBL88004,IC50,nM,1610.0,CHEMBL2363,IC50,uM,1.61,RnDHFR (R. norvegicus)
CHEMBL667865,CCCCOc1c(OC)cc(Cc2cnc(N)nc2N)cc1OC,CHEMBL173901,IC50,nM,580000.0,CHEMBL2363,I50,M,0.00058,RnDHFR (R. norvegicus)
CHEMBL667865,COc1cc(Cc2cnc(N)nc2N)cc(OC)c1,CHEMBL287241,IC50,nM,90000.0,CHEMBL2363,I50,M,0.00009,RnDHFR (R. norvegicus)
CHEMBL667865,COc1cc(Cc2cnc(N)nc2N)cc(OC)c1OC,CHEMBL22,IC50,nM,260000.0,CHEMBL2363,I50,M,0.00026,RnDHFR (R. norvegicus)
CHEMBL666702,CCc1nc(N)nc(N)c1-c1ccc(Cl)c(/N=N/N(CCOC(C)=O)Cc2ccc(OC)cc2)c1,CHEMBL313440,IC50,nM,2100.0,CHEMBL2363,IC50,uM,2.1,RnDHFR (R. norvegicus)
CHEMBL666702,CCc1nc(N)nc(N)c1-c1ccc(Cl)c(/N=N/N(CCO)Cc2ccccc2)c1,CHEMBL298538,IC50,nM,7000.0,CHEMBL2363,IC50,uM,7.0,RnDHFR (R. norvegicus)
CHEMBL666702,CCc1nc(N)nc(N)c1-c1ccc(Cl)c(/N=N/N(CCOC(C)=O)Cc2ccc(C)cc2)c1,CHEMBL85188,IC50,nM,3850.0,CHEMBL2363,IC50,uM,3.85,RnDHFR (R. norvegicus)
CHEMBL667865,CCCCCOc1c(OC)cc(Cc2cnc(N)nc2N)cc1OC,CHEMBL174309,IC50,nM,270000.0,CHEMBL2363,I50,M,0.00027,RnDHFR (R. norvegicus)
CHEMBL667865,COc1cc(Cc2cnc(N)nc2N)cc(OC)c1OCCCCN1C(=O)c2ccccc2C1=O,CHEMBL172808,IC50,nM,54000.0,CHEMBL2363,I50,M,0.000054,RnDHFR (R. norvegicus)
CHEMBL666702,CCc1nc(N)nc(N)c1-c1ccc(Cl)c(/N=N/N(CCO)[C@H](C)c2ccccc2)c1,CHEMBL2115210,IC50,nM,6440.0,CHEMBL2363,IC50,uM,6.44,RnDHFR (R. norvegicus)
CHEMBL667863,CCOc1c(OC)cc(Cc2cnc(N)nc2N)cc1OC,CHEMBL170172,IC50,nM,620000.0,CHEMBL2363,I50,M,0.00062,RnDHFR (R. norvegicus)
CHEMBL667865,CCc1c(OC)cc(Cc2cnc(N)nc2N)cc1OC,CHEMBL174433,IC50,nM,200000.0,CHEMBL2363,I50,M,0.0002,RnDHFR (R. norvegicus)
CHEMBL666702,CCc1nc(N)nc(N)c1-c1ccc(Cl)c(/N=N/N(CCOC(C)=O)Cc2ccc(C(F)(F)F)cc2)c1,CHEMBL87423,IC50,nM,6620.0,CHEMBL2363,IC50,uM,6.62,RnDHFR (R. norvegicus)
CHEMBL667865,COc1cc(Cc2cnc(N)nc2N)cc(OC)c1OCCCl,CHEMBL367218,IC50,nM,600000.0,CHEMBL2363,I50,M,0.0006,RnDHFR (R. norvegicus)
CHEMBL666702,CCc1nc(N)nc(N)c1-c1ccc(Cl)c(/N=N/N(CCOC(C)=O)Cc2ccccc2C)c1,CHEMBL313131,IC50,nM,11230.0,CHEMBL2363,IC50,uM,11.23,RnDHFR (R. norvegicus)
CHEMBL666702,CCc1nc(N)nc(N)c1-c1ccc(Cl)c(/N=N/N(CCO)CCc2ccccc2)c1,CHEMBL82853,IC50,nM,4670.0,CHEMBL2363,IC50,uM,4.67,RnDHFR (R. norvegicus)
CHEMBL667865,COc1cc(Cc2cnc(N)nc2N)cc(OC)c1Oc1ccc([N+](=O)[O-])cc1,CHEMBL367061,IC50,nM,50000.0,CHEMBL2363,I50,M,0.00005,RnDHFR (R. norvegicus)
CHEMBL666702,CCc1nc(N)nc(N)c1-c1ccc(Cl)c(/N=N/N(CCOC(C)=O)Cc2cc(OC)c(OC)c(OC)c2)c1,CHEMBL87383,IC50,nM,450.0,CHEMBL2363,IC50,uM,0.45,RnDHFR (R. norvegicus)
CHEMBL666702,CCc1nc(N)nc(N)c1-c1ccc(Cl)c(/N=N/N(CCOC(C)=O)Cc2cccc(C)c2)c1,CHEMBL315297,IC50,nM,5800.0,CHEMBL2363,IC50,uM,5.8,RnDHFR (R. norvegicus)
CHEMBL666702,CCc1nc(N)nc(N)c1-c1ccc(Cl)c(/N=N/N(CCOC(C)=O)Cc2cccc(F)c2)c1,CHEMBL85875,IC50,nM,3870.0,CHEMBL2363,IC50,uM,3.87,RnDHFR (R. norvegicus)
CHEMBL666702,CCc1nc(N)nc(N)c1-c1ccc(Cl)c(/N=N/N(CCOC(C)=O)Cc2ccc([N+](=O)[O-])cc2)c1,CHEMBL85958,IC50,nM,3330.0,CHEMBL2363,IC50,uM,3.33,RnDHFR (R. norvegicus)
CHEMBL666702,CCc1nc(N)nc(N)c1-c1ccc(Cl)c(/N=N/N(CCOC(C)=O)Cc2ccccc2F)c1,CHEMBL441062,IC50,nM,14900.0,CHEMBL2363,IC50,uM,14.9,RnDHFR (R. norvegicus)
CHEMBL667865,COc1cc(Cc2cnc(N)nc2N)cc(OC)c1OCCCN1C(=O)c2ccccc2C1=O,CHEMBL366869,IC50,nM,69000.0,CHEMBL2363,I50,M,0.000069,RnDHFR (R. norvegicus)
CHEMBL666702,CCc1nc(N)nc(N)c1-c1ccc(Cl)c(/N=N/N(CCOC(C)=O)Cc2cccc3ccccc23)c1,CHEMBL313553,IC50,nM,280.0,CHEMBL2363,IC50,uM,0.28,RnDHFR (R. norvegicus)
CHEMBL667865,COc1cc(COc2c(OC)cc(Cc3cnc(N)nc3N)cc2OC)cc(OC)c1OC,CHEMBL174091,IC50,nM,15000.0,CHEMBL2363,I50,M,0.000015,RnDHFR (R. norvegicus)
CHEMBL667865,COc1cc(Cc2cnc(N)nc2N)cc(OC)c1OCCCCCCN,CHEMBL369057,IC50,nM,560000.0,CHEMBL2363,I50,M,0.00056,RnDHFR (R. norvegicus)
CHEMBL666702,CCc1nc(N)nc(N)c1-c1ccc(Cl)c(/N=N/N(C)C)c1,CHEMBL49246,IC50,nM,18900.0,CHEMBL2363,IC50,uM,18.9,RnDHFR (R. norvegicus)
CHEMBL666702,CCc1nc(N)nc(N)c1-c1ccc(Cl)c(/N=N/N(CCO)[C@@H](C)c2ccccc2)c1,CHEMBL2114205,IC50,nM,6510.0,CHEMBL2363,IC50,uM,6.51,RnDHFR (R. norvegicus)
CHEMBL667865,COc1cc(Cc2cnc(N)nc2N)cc(OC)c1C,CHEMBL263732,IC50,nM,120000.0,CHEMBL2363,I50,M,0.00012,RnDHFR (R. norvegicus)
CHEMBL666702,CCC(=O)OCCN(Cc1ccccc1)/N=N/c1cc(-c2c(N)nc(N)nc2CC)ccc1Cl,CHEMBL314387,IC50,nM,3300.0,CHEMBL2363,IC50,uM,3.3,RnDHFR (R. norvegicus)
CHEMBL666702,CCc1nc(N)nc(N)c1-c1ccc(Cl)c(/N=N/N(CCOC(C)=O)Cc2ccc(Cl)cc2)c1,CHEMBL444587,IC50,nM,1800.0,CHEMBL2363,IC50,uM,1.8,RnDHFR (R. norvegicus)
CHEMBL667863,CCCOc1c(OC)cc(Cc2cnc(N)nc2N)cc1OC,CHEMBL170369,IC50,nM,250000.0,CHEMBL2363,I50,M,0.00025,RnDHFR (R. norvegicus)
CHEMBL666702,CCc1nc(N)nc(N)c1-c1ccc(Cl)c(/N=N/N(CCOC(C)=O)Cc2ccc3ccccc3c2)c1,CHEMBL313680,IC50,nM,620.0,CHEMBL2363,IC50,uM,0.62,RnDHFR (R. norvegicus)
CHEMBL667864,C=CCOc1c(OC)cc(Cc2cnc(N)nc2N)cc1OC,CHEMBL427305,IC50,nM,480000.0,CHEMBL2363,I50,M,0.00048,RnDHFR (R. norvegicus)
CHEMBL666702,CCc1nc(N)nc(N)c1-c1ccc(Cl)c(/N=N/N(CCCO)Cc2ccccc2)c1,CHEMBL86085,IC50,nM,7350.0,CHEMBL2363,IC50,uM,7.35,RnDHFR (R. norvegicus)
CHEMBL666702,COc1cc(NCc2ccc3nc(N)nc(N)c3c2C)cc(OC)c1OC,CHEMBL119,IC50,nM,3.0,CHEMBL2363,IC50,uM,0.003,RnDHFR (R. norvegicus)
CHEMBL666702,CCc1nc(N)nc(N)c1-c1ccc(Cl)cc1,CHEMBL36,IC50,nM,2300.0,CHEMBL2363,IC50,uM,2.3,RnDHFR (R. norvegicus)
CHEMBL666702,CCc1nc(N)nc(N)c1-c1ccc(Cl)c(/N=N/N(CCOC(C)=O)Cc2cc(OC)cc(OC)c2)c1,CHEMBL314001,IC50,nM,845.0,CHEMBL2363,IC50,uM,0.845,RnDHFR (R. norvegicus)
CHEMBL666702,CCc1nc(N)nc(N)c1-c1ccc(Cl)c(/N=N/N(CCOC(C)=O)Cc2ccccc2Cl)c1,CHEMBL85919,IC50,nM,8400.0,CHEMBL2363,IC50,uM,8.4,RnDHFR (R. norvegicus)
CHEMBL667865,COc1cc(Cc2cnc(N)nc2N)cc(OC)c1OCCCCl,CHEMBL176489,IC50,nM,250000.0,CHEMBL2363,I50,M,0.00025,RnDHFR (R. norvegicus)
CHEMBL667865,COc1cc(Cc2cnc(N)nc2N)cc(OC)c1OCc1ccccc1,CHEMBL279509,IC50,nM,47000.0,CHEMBL2363,I50,M,0.000047,RnDHFR (R. norvegicus)
CHEMBL666702,CCc1nc(N)nc(N)c1-c1ccc(Cl)c(/N=N/N(CCOC(C)=O)Cc2ccc(OC)c(OC)c2)c1,CHEMBL313034,IC50,nM,390.0,CHEMBL2363,IC50,uM,0.39,RnDHFR (R. norvegicus)
CHEMBL666702,CCc1nc(N)nc(N)c1-c1ccc(Cl)c(/N=N/N(CCOC(C)=O)Cc2ccc(F)cc2)c1,CHEMBL87549,IC50,nM,3830.0,CHEMBL2363,IC50,uM,3.83,RnDHFR (R. norvegicus)
CHEMBL666702,CCc1nc(N)nc(N)c1-c1ccc(Cl)c(/N=N/N(CCOC(C)=O)Cc2ccncc2)c1,CHEMBL87730,IC50,nM,6190.0,CHEMBL2363,IC50,uM,6.19,RnDHFR (R. norvegicus)
CHEMBL667865,COC(=O)CCCCCOc1c(OC)cc(Cc2cnc(N)nc2N)cc1OC,CHEMBL318078,IC50,nM,1100000.0,CHEMBL2363,I50,M,0.0011,RnDHFR (R. norvegicus)
CHEMBL666702,CCc1nc(N)nc(N)c1-c1ccc(Cl)c(/N=N/N(CCOC(C)=O)Cc2ccccc2)c1,CHEMBL55764,IC50,nM,19400.0,CHEMBL2363,IC50,uM,19.4,RnDHFR (R. norvegicus)
CHEMBL666702,CCc1nc(N)nc(N)c1-c1ccc(Cl)c(/N=N/N(CCOC(=O)c2ccccc2)Cc2ccccc2)c1,CHEMBL87013,IC50,nM,690.0,CHEMBL2363,IC50,uM,0.69,RnDHFR (R. norvegicus)
CHEMBL666702,CCc1nc(N)nc(N)c1-c1ccc(Cl)c(/N=N/N(CCOC(C)=O)Cc2cccc(Cl)c2)c1,CHEMBL85573,IC50,nM,1290.0,CHEMBL2363,IC50,uM,1.29,RnDHFR (R. norvegicus)
CHEMBL666702,CCc1nc(N)nc(N)c1-c1ccc(Cl)c(/N=N/N(CCOC(=O)C(C)C)Cc2ccccc2)c1,CHEMBL85576,IC50,nM,3700.0,CHEMBL2363,IC50,uM,3.7,RnDHFR (R. norvegicus)
CHEMBL667865,CCCCCCOc1c(OC)cc(Cc2cnc(N)nc2N)cc1OC,CHEMBL369211,IC50,nM,200000.0,CHEMBL2363,I50,M,0.0002,RnDHFR (R. norvegicus)
CHEMBL667865,COc1cc(Cc2cnc(N)nc2N)cc(OC)c1O,CHEMBL1181,IC50,nM,92000.0,CHEMBL2363,I50,M,0.000092,RnDHFR (R. norvegicus)
CHEMBL669017,Cc1c(CN(C)c2ccc(Cl)c(Cl)c2)cnc2nc(N)nc(N)c12,CHEMBL82975,IC50,nM,42.0,CHEMBL2363,IC50,uM,0.042,RnDHFR (R. norvegicus)
CHEMBL669017,COc1cc(Cc2cnc(N)nc2N)cc(OC)c1OC,CHEMBL22,IC50,nM,130000.0,CHEMBL2363,IC50,uM,130.0,RnDHFR (R. norvegicus)
CHEMBL669017,CN(Cc1ccc2nc(N)nc(N)c2n1)c1ccc(Cl)c(Cl)c1,CHEMBL300603,IC50,nM,32.0,CHEMBL2363,IC50,uM,0.032,RnDHFR (R. norvegicus)
CHEMBL669017,COc1cc(NCc2ccc3nc(N)nc(N)c3n2)cc(OC)c1OC,CHEMBL55179,IC50,nM,300.0,CHEMBL2363,IC50,uM,0.3,RnDHFR (R. norvegicus)
CHEMBL669017,COc1cc(N(C)Cc2ccc3nc(N)nc(N)c3n2)cc(OC)c1OC,CHEMBL52688,IC50,nM,26.0,CHEMBL2363,IC50,uM,0.026,RnDHFR (R. norvegicus)
CHEMBL669017,COc1cc(N(C)Cc2cnc3nc(N)nc(N)c3c2C)cc(OC)c1OC,CHEMBL50514,IC50,nM,7.6,CHEMBL2363,IC50,uM,0.0076,RnDHFR (R. norvegicus)
CHEMBL666697,COc1cc(Cc2cnc(N)nc2N)cc(OC)c1OC,CHEMBL22,IC50,nM,133000.0,CHEMBL2363,IC50,uM,133.0,RnDHFR (R. norvegicus)
CHEMBL669017,COc1cc(NCc2ccc3nc(N)nc(N)c3c2Cl)cc(OC)c1OC,CHEMBL88555,IC50,nM,5.9,CHEMBL2363,IC50,uM,0.0059,RnDHFR (R. norvegicus)
CHEMBL666698,COc1ccc(CNc2ccc3nc(N)nc(N)c3c2)c(OC)c1,CHEMBL116200,IC50,nM,1200.0,CHEMBL2363,IC50,uM,1.2,RnDHFR (R. norvegicus)
CHEMBL669017,CN(Cc1ccc2nc(N)nc(N)c2n1)c1ccc(Cl)cc1,CHEMBL89528,IC50,nM,22.0,CHEMBL2363,IC50,uM,0.022,RnDHFR (R. norvegicus)
CHEMBL666698,Nc1nc(N)c2cc(NCc3cccc4c3CCCC4)ccc2n1,CHEMBL114839,IC50,nM,190.0,CHEMBL2363,IC50,uM,0.19,RnDHFR (R. norvegicus)
CHEMBL669017,COc1ccc(OC)c(NCc2ccc3nc(N)nc(N)c3c2Cl)c1,CHEMBL88430,IC50,nM,44.0,CHEMBL2363,IC50,uM,0.044,RnDHFR (R. norvegicus)
CHEMBL666698,COc1ccc(OC)c(CN(C)c2ccc3nc(N)nc(N)c3c2)c1,CHEMBL325434,IC50,nM,26.0,CHEMBL2363,IC50,uM,0.026,RnDHFR (R. norvegicus)
CHEMBL666698,COc1cc(OC)c(CNc2ccc3nc(N)nc(N)c3c2)c(OC)c1,CHEMBL114058,IC50,nM,22700.0,CHEMBL2363,IC50,uM,22.7,RnDHFR (R. norvegicus)
CHEMBL666698,COc1ccc(CN(C)c2ccc3nc(N)nc(N)c3c2)c(OC)c1,CHEMBL115804,IC50,nM,43.0,CHEMBL2363,IC50,uM,0.043,RnDHFR (R. norvegicus)
CHEMBL666698,CN(Cc1cccc2c1CCCC2)c1ccc2nc(N)nc(N)c2c1,CHEMBL114354,IC50,nM,17.0,CHEMBL2363,IC50,uM,0.017,RnDHFR (R. norvegicus)
CHEMBL669017,COc1cc(N(C)Cc2ccc3nc(N)nc(N)c3c2Cl)cc(OC)c1OC,CHEMBL328897,IC50,nM,12.0,CHEMBL2363,IC50,uM,0.012,RnDHFR (R. norvegicus)
CHEMBL669017,COc1ccc(OC)c(NCc2ccc3nc(N)nc(N)c3n2)c1,CHEMBL52947,IC50,nM,430.0,CHEMBL2363,IC50,uM,0.43,RnDHFR (R. norvegicus)
CHEMBL669017,CN(Cc1ccc2nc(N)nc(N)c2n1)c1cccc(Cl)c1,CHEMBL54399,IC50,nM,67.0,CHEMBL2363,IC50,uM,0.067,RnDHFR (R. norvegicus)
CHEMBL666698,COc1cc(CNc2ccc3nc(N)nc(N)c3c2)cc(OC)c1OC,CHEMBL113999,IC50,nM,900.0,CHEMBL2363,IC50,uM,0.9,RnDHFR (R. norvegicus)
CHEMBL666698,COc1ccc(CN(C)c2ccc3nc(N)nc(N)c3c2)c(OC)c1OC,CHEMBL117750,IC50,nM,19.0,CHEMBL2363,IC50,uM,0.019,RnDHFR (R. norvegicus)
CHEMBL666698,COc1cc(CNc2ccc3nc(N)nc(N)c3c2)cc(OC)c1,CHEMBL116815,IC50,nM,840.0,CHEMBL2363,IC50,uM,0.84,RnDHFR (R. norvegicus)
CHEMBL666698,COc1ccc(CNc2ccc3nc(N)nc(N)c3c2)c(OC)c1OC,CHEMBL116637,IC50,nM,1300.0,CHEMBL2363,IC50,uM,1.3,RnDHFR (R. norvegicus)
CHEMBL666698,COc1ccc(OC)c(CNc2ccc3nc(N)nc(N)c3c2)c1,CHEMBL116816,IC50,nM,1100.0,CHEMBL2363,IC50,uM,1.1,RnDHFR (R. norvegicus)
CHEMBL669017,COc1cc(NCc2cnc3nc(N)nc(N)c3c2C)cc(OC)c1OC,CHEMBL23532,IC50,nM,2.1,CHEMBL2363,IC50,uM,0.0021,RnDHFR (R. norvegicus)
CHEMBL666698,COc1cc(CN(C)c2ccc3nc(N)nc(N)c3c2)cc(OC)c1,CHEMBL113816,IC50,nM,8.2,CHEMBL2363,IC50,uM,0.0082,RnDHFR (R. norvegicus)
CHEMBL666698,Nc1nc(N)c2cc(NCc3ccccc3)ccc2n1,CHEMBL115474,IC50,nM,660.0,CHEMBL2363,IC50,uM,0.66,RnDHFR (R. norvegicus)
CHEMBL666698,COc1cc(NCc2ccc3nc(N)nc(N)c3c2C)cc(OC)c1OC,CHEMBL119,IC50,nM,3.0,CHEMBL2363,IC50,uM,0.003,RnDHFR (R. norvegicus)
CHEMBL666698,COc1cc(OC)c(OC)cc1CNc1ccc2nc(N)nc(N)c2c1,CHEMBL114833,IC50,nM,1600.0,CHEMBL2363,IC50,uM,1.6,RnDHFR (R. norvegicus)
CHEMBL669017,COc1cc(NCc2ccc3nc(N)nc(N)c3c2C)cc(OC)c1OC,CHEMBL119,IC50,nM,3.0,CHEMBL2363,IC50,uM,0.003,RnDHFR (R. norvegicus)
CHEMBL669017,COc1ccc(OC)c(Cc2cnc3nc(N)nc(N)c3c2C)c1,CHEMBL7492,IC50,nM,1.5,CHEMBL2363,IC50,uM,0.0015,RnDHFR (R. norvegicus)
CHEMBL668778,Nc1nc(N)c2cc(CNc3ccc(C(=O)NC(CCC(=O)O)C(=O)O)c4ccccc34)cnc2n1,CHEMBL132142,IC50,nM,0.0016,CHEMBL2363,IC50,pM,1.6,RnDHFR (R. norvegicus)
CHEMBL884431,CN(Cc1cnc2nc(N)nc(N)c2n1)c1ccc(C(=O)NC(CCC(=O)O)C(=O)O)c2ccccc12,CHEMBL132431,IC50,nM,0.0025,CHEMBL2363,IC50,pM,2.5,RnDHFR (R. norvegicus)
CHEMBL666693,Nc1nc(N)c2cc(CNc3ccc(C(=O)NC(CCC(=O)O)C(=O)O)cc3)cnc2n1,CHEMBL275309,IC50,nM,0.0016,CHEMBL2363,IC50,pM,1.6,RnDHFR (R. norvegicus)
CHEMBL669621,Nc1nc(N)c2c(CSc3ccc(Cl)c(Cl)c3)c[nH]c2n1,CHEMBL17430,IC50,nM,5300.0,CHEMBL2363,IC50,uM,5.3,RnDHFR (R. norvegicus)
CHEMBL669621,Nc1nc(N)c2c(CNc3ccc(C(=O)NC(CCC(=O)O)C(=O)O)cc3)c[nH]c2n1,CHEMBL17232,IC50,nM,44.0,CHEMBL2363,IC50,uM,0.044,RnDHFR (R. norvegicus)
CHEMBL667224,Cc1cc(N(C)C)nc2c(C)cc(Cc3cnc(N)nc3N)cc12,CHEMBL57318,IC50,nM,280000.0,CHEMBL2363,I50,M,0.00028,RnDHFR (R. norvegicus)
CHEMBL669621,Nc1nc(N)c2c(CNc3ccc(Cl)c(Cl)c3)c[nH]c2n1,CHEMBL17873,IC50,nM,14400.0,CHEMBL2363,IC50,uM,14.4,RnDHFR (R. norvegicus)
CHEMBL669621,COc1ccc(OC)c(NCc2c[nH]c3nc(N)nc(N)c23)c1,CHEMBL17323,IC50,nM,156000.0,CHEMBL2363,IC50,uM,156.0,RnDHFR (R. norvegicus)
CHEMBL669621,COc1cc(NCc2ccc3nc(N)nc(N)c3c2C)cc(OC)c1OC,CHEMBL119,IC50,nM,3.0,CHEMBL2363,IC50,uM,0.003,RnDHFR (R. norvegicus)
CHEMBL669621,CN(Cc1c[nH]c2nc(N)nc(N)c12)c1ccc(Cl)c(Cl)c1,CHEMBL278013,IC50,nM,3000.0,CHEMBL2363,IC50,uM,3.0,RnDHFR (R. norvegicus)
CHEMBL667224,COc1cc(Cc2cnc(N)nc2N)cc(OC)c1OC,CHEMBL22,IC50,nM,340000.0,CHEMBL2363,I50,M,0.00034,RnDHFR (R. norvegicus)
CHEMBL669621,Nc1nc(N)c2c(CNc3cccc4ccccc34)c[nH]c2n1,CHEMBL276734,IC50,nM,59300.0,CHEMBL2363,IC50,uM,59.3,RnDHFR (R. norvegicus)
CHEMBL669621,COc1ccc(OC)c(Cc2cnc3nc(N)nc(N)c3c2C)c1,CHEMBL7492,IC50,nM,1.0,CHEMBL2363,IC50,uM,0.001,RnDHFR (R. norvegicus)
CHEMBL669621,Nc1nc(N)c2c(CSc3cccc4ccccc34)c[nH]c2n1,CHEMBL17479,IC50,nM,3000.0,CHEMBL2363,IC50,uM,3.0,RnDHFR (R. norvegicus)
CHEMBL667224,COc1cc(Cc2cnc(N)nc2N)cc2c(N(C)C)cc(C)nc12,CHEMBL58366,IC50,nM,70000.0,CHEMBL2363,I50,M,0.00007,RnDHFR (R. norvegicus)
CHEMBL667224,Cc1cc(N2CCOCC2)nc2cc(Cc3cnc(N)nc3N)ccc12,CHEMBL56325,IC50,nM,16000.0,CHEMBL2363,I50,M,0.000016,RnDHFR (R. norvegicus)
CHEMBL669621,CN(Cc1cnc2nc(N)nc(N)c2n1)c1ccc(C(=O)N[C@@H](CCC(=O)O)C(=O)O)cc1,CHEMBL34259,IC50,nM,3.0,CHEMBL2363,IC50,uM,0.003,RnDHFR (R. norvegicus)
CHEMBL667224,COc1cc(C)c2ccc(Cc3cnc(N)nc3N)cc2n1,CHEMBL294377,IC50,nM,4500.0,CHEMBL2363,I50,M,0.0000045,RnDHFR (R. norvegicus)
CHEMBL669621,COc1ccc(SCc2c[nH]c3nc(N)nc(N)c23)cc1OC,CHEMBL17431,IC50,nM,16700.0,CHEMBL2363,IC50,uM,16.7,RnDHFR (R. norvegicus)
CHEMBL669621,CN(Cc1c[nH]c2nc(N)nc(N)c12)c1ccc(C(=O)N(C)C(CCC(=O)O)C(=O)O)cc1,CHEMBL17287,IC50,nM,60.0,CHEMBL2363,IC50,uM,0.06,RnDHFR (R. norvegicus)
CHEMBL669621,Nc1nc(N)c2c(CSc3ccc4ccccc4c3)c[nH]c2n1,CHEMBL275893,IC50,nM,82900.0,CHEMBL2363,IC50,uM,82.9,RnDHFR (R. norvegicus)
CHEMBL669621,COc1cc(Cc2cnc(N)nc2N)cc(OC)c1OC,CHEMBL22,IC50,nM,133000.0,CHEMBL2363,IC50,uM,133.0,RnDHFR (R. norvegicus)
CHEMBL667224,Cc1cc(N2CCOCC2)nc2c(C)cc(Cc3cnc(N)nc3N)cc12,CHEMBL412659,IC50,nM,410000.0,CHEMBL2363,I50,M,0.00041,RnDHFR (R. norvegicus)
CHEMBL669621,CN(Cc1c[nH]c2nc(N)nc(N)c12)c1cccc2ccccc12,CHEMBL278261,IC50,nM,8200.0,CHEMBL2363,IC50,uM,8.2,RnDHFR (R. norvegicus)
CHEMBL667224,COc1cc(C)c2cc(Cc3cnc(N)nc3N)cc(C)c2n1,CHEMBL60486,IC50,nM,62000.0,CHEMBL2363,I50,M,0.000062,RnDHFR (R. norvegicus)
CHEMBL667224,COc1cc(C)nc2c(OC)cc(Cc3cnc(N)nc3N)cc12,CHEMBL56719,IC50,nM,49000.0,CHEMBL2363,I50,M,0.000049,RnDHFR (R. norvegicus)
CHEMBL665455,COc1cc(N(C)Cc2cnc3nc(N)nc(N)c3c2C)cc(OC)c1OC,CHEMBL50514,IC50,nM,7.6,CHEMBL2363,IC50,nM,7.6,RnDHFR (R. norvegicus)
CHEMBL665455,Cc1c(CN(C)c2ccc(Cl)c(Cl)c2)cnc2nc(N)nc(N)c12,CHEMBL82975,IC50,nM,42.0,CHEMBL2363,IC50,nM,42.0,RnDHFR (R. norvegicus)
CHEMBL665455,COc1cc(NCC2CNc3nc(N)nc(N)c3C2C)cc(OC)c1OC,CHEMBL421053,IC50,nM,3700.0,CHEMBL2363,IC50,nM,3700.0,RnDHFR (R. norvegicus)
CHEMBL665455,COc1ccc(OC)c(Cc2cnc3nc(N)nc(N)c3c2C)c1,CHEMBL7492,IC50,nM,1.5,CHEMBL2363,IC50,nM,1.5,RnDHFR (R. norvegicus)
CHEMBL667231,COc1ccc(Cc2cnc(N)nc2N)cc1OC,CHEMBL19633,IC50,nM,70000.0,CHEMBL2363,I50,M,0.00007,RnDHFR (R. norvegicus)
CHEMBL665455,COc1cc(NCc2ccc3nc(N)nc(N)c3c2C)cc(OC)c1OC,CHEMBL119,IC50,nM,3.0,CHEMBL2363,IC50,nM,3.0,RnDHFR (R. norvegicus)
CHEMBL665455,COc1cc(NCc2cnc3nc(N)nc(N)c3c2C)cc(OC)c1OC,CHEMBL23532,IC50,nM,2.1,CHEMBL2363,IC50,nM,2.1,RnDHFR (R. norvegicus)
CHEMBL665455,Cc1c(CNc2ccc(Cl)c(Cl)c2)cnc2nc(N)nc(N)c12,CHEMBL81820,IC50,nM,53.0,CHEMBL2363,IC50,nM,53.0,RnDHFR (R. norvegicus)
CHEMBL667231,COc1cc2c(cc1OC)C(c1cnc(N)nc1N)CC2,CHEMBL346871,IC50,nM,410000.0,CHEMBL2363,I50,M,0.00041,RnDHFR (R. norvegicus)
CHEMBL665454,COc1cc(Cc2cnc(N)nc2N)cc(OC)c1OC,CHEMBL22,IC50,nM,40000.0,CHEMBL2363,IC50,nM,40000.0,RnDHFR (R. norvegicus)
CHEMBL665455,COc1cc(N(C=O)Cc2cnc3nc(N)nc(N)c3c2C)cc(OC)c1OC,CHEMBL115788,IC50,nM,110.0,CHEMBL2363,IC50,nM,110.0,RnDHFR (R. norvegicus)
CHEMBL667855,Cc1c(CN(C=O)c2ccc(Cl)c(Cl)c2)cnc2nc(N)nc(N)c12,CHEMBL116614,IC50,nM,140.0,CHEMBL2363,IC50,nM,140.0,RnDHFR (R. norvegicus)
CHEMBL667866,CCCc1nc(N)nc(N)c1Cc1cc(OC)c(OC)c(OC)c1,CHEMBL150543,IC50,nM,1500000.0,CHEMBL2363,I50,M,0.0015,RnDHFR (R. norvegicus)
CHEMBL667866,COc1cc(Cc2cnc(N)nc2N)cc(OC)c1OC,CHEMBL22,IC50,nM,260000.0,CHEMBL2363,I50,M,0.00026,RnDHFR (R. norvegicus)
CHEMBL667231,COc1cc(Cc2cnc(N)nc2N)cc(OC)c1OC,CHEMBL22,IC50,nM,370000.0,CHEMBL2363,I50,M,0.00037,RnDHFR (R. norvegicus)
CHEMBL665455,Cc1c(CN(C)c2cc(Cl)c(Cl)c(Cl)c2)cnc2nc(N)nc(N)c12,CHEMBL82924,IC50,nM,36.3,CHEMBL2363,IC50,nM,36.3,RnDHFR (R. norvegicus)
CHEMBL665455,Cc1c(CN(C=O)c2cc(Cl)c(Cl)c(Cl)c2)cnc2nc(N)nc(N)c12,CHEMBL334271,IC50,nM,250.0,CHEMBL2363,IC50,nM,250.0,RnDHFR (R. norvegicus)
CHEMBL665455,Cc1c(CNc2cc(Cl)c(Cl)c(Cl)c2)cnc2nc(N)nc(N)c12,CHEMBL420224,IC50,nM,33.0,CHEMBL2363,IC50,nM,33.0,RnDHFR (R. norvegicus)
CHEMBL667228,COc1ccc(Cc2cnc(N)nc2N)cc1,CHEMBL19023,IC50,nM,170000.0,CHEMBL2363,I50,M,0.00017,RnDHFR (R. norvegicus)
CHEMBL667228,COc1ccc(Cc2cnc(N)nc2N)cc1OC,CHEMBL19633,IC50,nM,78000.0,CHEMBL2363,I50,M,0.000078,RnDHFR (R. norvegicus)
CHEMBL667228,CCc1cc(Cc2cnc(N)nc2N)cc(CC)c1CC,CHEMBL57582,IC50,nM,38000.0,CHEMBL2363,I50,M,0.000038,RnDHFR (R. norvegicus)
CHEMBL667228,CCc1ccc(Cc2cnc(N)nc2N)cc1CC,CHEMBL293013,IC50,nM,59000.0,CHEMBL2363,I50,M,0.000059,RnDHFR (R. norvegicus)
CHEMBL667228,COc1cc(Cc2cnc(N)nc2N)cc(OC)c1OC,CHEMBL22,IC50,nM,260000.0,CHEMBL2363,I50,M,0.00026,RnDHFR (R. norvegicus)
CHEMBL667228,CC(C)c1ccc(Cc2cnc(N)nc2N)cc1,CHEMBL61287,IC50,nM,210000.0,CHEMBL2363,I50,M,0.00021,RnDHFR (R. norvegicus)
CHEMBL667228,CC(C)(C)c1ccc(Cc2cnc(N)nc2N)cc1,CHEMBL59703,IC50,nM,230000.0,CHEMBL2363,I50,M,0.00023,RnDHFR (R. norvegicus)
CHEMBL667228,CCc1ccc(Cc2cnc(N)nc2N)cc1C(C)C,CHEMBL60883,IC50,nM,29000.0,CHEMBL2363,I50,M,0.000029,RnDHFR (R. norvegicus)
CHEMBL665440,Nc1nc(N)c2nc(CN3c4ccccc4Sc4ccccc43)cnc2n1,CHEMBL144200,IC50,nM,200.0,CHEMBL2363,IC50,uM,0.2,RnDHFR (R. norvegicus)
CHEMBL666695,Nc1nc(N)c2c(CNc3cc(Cl)c(-n4cccc4)c(Cl)c3)c(Br)sc2n1,CHEMBL331351,IC50,nM,10000.0,CHEMBL2363,IC50,uM,10.0,RnDHFR (R. norvegicus)
CHEMBL666695,CCc1nc(N)nc(N)c1-c1ccc(Cl)cc1,CHEMBL36,IC50,nM,2300.0,CHEMBL2363,IC50,uM,2.3,RnDHFR (R. norvegicus)
CHEMBL666695,COc1cc(Cc2cnc(N)nc2N)cc(OC)c1OC,CHEMBL22,IC50,nM,130000.0,CHEMBL2363,IC50,uM,130.0,RnDHFR (R. norvegicus)
CHEMBL665440,Nc1nc(N)c2nc(CN3c4ccccc4Cc4ccccc43)cnc2n1,CHEMBL144839,IC50,nM,27.0,CHEMBL2363,IC50,uM,0.027,RnDHFR (R. norvegicus)
CHEMBL665440,Nc1nc(N)c2nc(CN3c4ccccc4Oc4ccccc43)cnc2n1,CHEMBL423381,IC50,nM,13000.0,CHEMBL2363,IC50,uM,13.0,RnDHFR (R. norvegicus)
CHEMBL665440,Nc1nc(N)c2nc(CN(c3ccccc3)c3ccccc3)cnc2n1,CHEMBL424113,IC50,nM,4000.0,CHEMBL2363,IC50,uM,4.0,RnDHFR (R. norvegicus)
CHEMBL665440,Nc1nc(N)c2nc(CN3c4ccccc4CCc4ccccc43)cnc2n1,CHEMBL342086,IC50,nM,5100.0,CHEMBL2363,IC50,uM,5.1,RnDHFR (R. norvegicus)
CHEMBL665440,Nc1nc(N)c2nc(CN3c4ccccc4C=Cc4ccccc43)cnc2n1,CHEMBL301769,IC50,nM,4400.0,CHEMBL2363,IC50,uM,4.4,RnDHFR (R. norvegicus)
CHEMBL666695,COc1cc(Cc2cnc(N)nc2N)cc(OC)c1Br,CHEMBL31891,IC50,nM,15.0,CHEMBL2363,IC50,uM,0.015,RnDHFR (R. norvegicus)
CHEMBL665441,COc1cc(Cc2cnc(N)nc2N)cc(OC)c1OC,CHEMBL22,IC50,nM,130000.0,CHEMBL2363,IC50,uM,130.0,RnDHFR (R. norvegicus)
CHEMBL665440,COc1cc(NCc2ccc3nc(N)nc(N)c3c2C)cc(OC)c1OC,CHEMBL119,IC50,nM,3.0,CHEMBL2363,IC50,uM,0.003,RnDHFR (R. norvegicus)
CHEMBL666695,COc1cc(NCc2c(Br)sc3nc(N)nc(N)c23)cc(OC)c1OC,CHEMBL331682,IC50,nM,17000.0,CHEMBL2363,IC50,uM,17.0,RnDHFR (R. norvegicus)
CHEMBL666695,COc1ccc(OC)c(NCc2c(Br)sc3nc(N)nc(N)c23)c1,CHEMBL122259,IC50,nM,33000.0,CHEMBL2363,IC50,uM,33.0,RnDHFR (R. norvegicus)
CHEMBL666695,COc1cc(N(C)Cc2c(Br)sc3nc(N)nc(N)c23)cc(OC)c1OC,CHEMBL122214,IC50,nM,28000.0,CHEMBL2363,IC50,uM,28.0,RnDHFR (R. norvegicus)
CHEMBL665440,Nc1nc(N)c2nc(Cn3c4ccccc4c4ccccc43)cnc2n1,CHEMBL423200,IC50,nM,55.0,CHEMBL2363,IC50,uM,0.055,RnDHFR (R. norvegicus)
CHEMBL666695,CCOc1cc(Cc2cnc(N)nc2N)cc(OCC)c1-n1cccc1,CHEMBL280378,IC50,nM,3.0,CHEMBL2363,IC50,uM,0.003,RnDHFR (R. norvegicus)
CHEMBL669620,CCc1nc(N)nc(N)c1-c1ccc(Cl)c(/N=C/N(C)C)c1,CHEMBL55526,IC50,nM,3500.0,CHEMBL2363,IC50,uM,3.5,RnDHFR (R. norvegicus)
CHEMBL669620,CCc1nc(N)nc(N)c1-c1ccc(Cl)c(/N=N/N2CCOCC2)c1.CS(=O)(=O)O,CHEMBL293265,IC50,nM,1100.0,CHEMBL2363,IC50,uM,1.1,RnDHFR (R. norvegicus)
CHEMBL669620,CCc1nc(N)nc(N)c1-c1ccc(Cl)c(N=[N+]=[N-])c1,CHEMBL299045,IC50,nM,330.0,CHEMBL2363,IC50,uM,0.33,RnDHFR (R. norvegicus)
CHEMBL669620,CCc1nc(N)nc(N)c1-c1ccc(Cl)c([N+](=O)[O-])c1,CHEMBL59530,IC50,nM,15.0,CHEMBL2363,IC50,uM,0.015,RnDHFR (R. norvegicus)
CHEMBL669620,CCc1nc(N)nc(N)c1-c1ccc(Cl)c(N/N=N\C)c1,CHEMBL53902,IC50,nM,2300.0,CHEMBL2363,IC50,uM,2.3,RnDHFR (R. norvegicus)
CHEMBL669620,CCc1nc(N)nc(N)c1-c1ccc(Cl)c(/N=N/N(C)CC2OCCO2)c1,CHEMBL54659,IC50,nM,500.0,CHEMBL2363,IC50,uM,0.5,RnDHFR (R. norvegicus)
CHEMBL669620,CCc1nc(N)nc(N)c1-c1ccc(Cl)c(/N=N/N2CCc3ccccc3C2)c1,CHEMBL55903,IC50,nM,1700.0,CHEMBL2363,IC50,uM,1.7,RnDHFR (R. norvegicus)
CHEMBL669620,CCCN(C)/N=N/c1cc(-c2c(N)nc(N)nc2CC)ccc1Cl.CS(=O)(=O)O,CHEMBL293822,IC50,nM,890.0,CHEMBL2363,IC50,uM,0.89,RnDHFR (R. norvegicus)
CHEMBL669620,CCc1nc(N)nc(N)c1-c1ccc(Cl)c(/N=N/N(CCOC(C)=O)Cc2ccccc2)c1,CHEMBL55764,IC50,nM,19400.0,CHEMBL2363,IC50,uM,19.4,RnDHFR (R. norvegicus)
CHEMBL669620,CCc1nc(N)nc(N)c1-c1ccc(Cl)c(/N=N/N2CCN(C)CC2)c1,CHEMBL413323,IC50,nM,16200.0,CHEMBL2363,IC50,uM,16.2,RnDHFR (R. norvegicus)
CHEMBL669620,CCc1nc(N)nc(N)c1-c1ccc(Cl)c(/N=N/N(CCO)C(C)(C)C)c1,CHEMBL54007,IC50,nM,10300.0,CHEMBL2363,IC50,uM,10.3,RnDHFR (R. norvegicus)
CHEMBL669620,CCc1nc(N)nc(N)c1-c1ccc(Cl)c(/N=N/N(CCO)Cc2ccccc2)c1,CHEMBL298538,IC50,nM,7000.0,CHEMBL2363,IC50,uM,7.0,RnDHFR (R. norvegicus)
CHEMBL669620,CCc1nc(N)nc(N)c1-c1ccc(Cl)c(/N=N/N(C)CCN(CC)CC)c1,CHEMBL56861,IC50,nM,17300.0,CHEMBL2363,IC50,uM,17.3,RnDHFR (R. norvegicus)
CHEMBL669620,CCc1nc(N)nc(N)c1-c1ccc(Cl)cc1,CHEMBL36,IC50,nM,2300.0,CHEMBL2363,IC50,uM,2.3,RnDHFR (R. norvegicus)
CHEMBL669620,CCc1nc(N)nc(N)c1-c1ccc(Cl)c(/N=N/N2CCCCC2)c1,CHEMBL293321,IC50,nM,66800.0,CHEMBL2363,IC50,uM,66.8,RnDHFR (R. norvegicus)
CHEMBL669620,CCc1nc(N)nc(N)c1-c1ccc(Cl)c([N+]#N)c1.F[B-](F)(F)F,CHEMBL57222,IC50,nM,32.0,CHEMBL2363,IC50,uM,0.032,RnDHFR (R. norvegicus)
CHEMBL669620,CCc1nc(N)nc(N)c1-c1ccc(Cl)c(/N=N/N(C)C)c1,CHEMBL49246,IC50,nM,18900.0,CHEMBL2363,IC50,uM,18.9,RnDHFR (R. norvegicus)
CHEMBL669620,CCc1nc(N)nc(N)c1-c1ccc(Cl)c(/N=N/N2CCC(O)CC2)c1,CHEMBL56532,IC50,nM,7200.0,CHEMBL2363,IC50,uM,7.2,RnDHFR (R. norvegicus)
CHEMBL669620,COc1cc(NCc2ccc3nc(N)nc(N)c3c2C)cc(OC)c1OC,CHEMBL119,IC50,nM,3.0,CHEMBL2363,IC50,uM,0.003,RnDHFR (R. norvegicus)
CHEMBL669620,CCc1nc(N)nc(N)c1-c1ccc(N(C)Cc2ccccc2)c([N+](=O)[O-])c1,CHEMBL56170,IC50,nM,3.2,CHEMBL2363,IC50,uM,0.0032,RnDHFR (R. norvegicus)
CHEMBL669620,CCc1nc(N)nc(N)c1-c1ccc(Cl)c(/N=N/N(CC)CC)c1,CHEMBL300876,IC50,nM,17700.0,CHEMBL2363,IC50,uM,17.7,RnDHFR (R. norvegicus)
CHEMBL669620,CCc1nc(N)nc(N)c1-c1ccc(Cl)c(/N=N/N(C)CCO)c1,CHEMBL56709,IC50,nM,27900.0,CHEMBL2363,IC50,uM,27.9,RnDHFR (R. norvegicus)
CHEMBL669620,CCc1nc(N)nc(N)c1-c1ccc(Cl)c(/N=N/N(C)Cc2ccccc2)c1,CHEMBL56862,IC50,nM,1800.0,CHEMBL2363,IC50,uM,1.8,RnDHFR (R. norvegicus)
CHEMBL669620,CCS(=O)(=O)O.CCc1nc(N)nc(N)c1-c1ccc(Cl)c(/N=N/N(C)C)c1,CHEMBL56311,IC50,nM,7800.0,CHEMBL2363,IC50,uM,7.8,RnDHFR (R. norvegicus)
CHEMBL669620,CCc1nc(N)nc(N)c1-c1ccc(Cl)c(/N=N/N(CC)CCO)c1,CHEMBL56456,IC50,nM,27000.0,CHEMBL2363,IC50,uM,27.0,RnDHFR (R. norvegicus)
CHEMBL669620,CCc1nc(N)nc(N)c1-c1ccc(Cl)c(/N=N/N(C)CC)c1.CS(=O)(=O)O,CHEMBL57610,IC50,nM,570.0,CHEMBL2363,IC50,uM,0.57,RnDHFR (R. norvegicus)
CHEMBL669620,CCc1nc(N)nc(N)c1-c1ccc(Cl)c(/N=N/N(CCOC)CCOC)c1,CHEMBL298819,IC50,nM,26100.0,CHEMBL2363,IC50,uM,26.1,RnDHFR (R. norvegicus)
CHEMBL669620,CCc1nc(N)nc(N)c1-c1ccc(Cl)c(/N=N/N(C)CC)c1,CHEMBL56169,IC50,nM,202000.0,CHEMBL2363,IC50,uM,202.0,RnDHFR (R. norvegicus)
CHEMBL669620,CCCN(CCO)/N=N/c1cc(-c2c(N)nc(N)nc2CC)ccc1Cl,CHEMBL55584,IC50,nM,440.0,CHEMBL2363,IC50,uM,0.44,RnDHFR (R. norvegicus)
CHEMBL669620,CCc1nc(N)nc(N)c1-c1ccc(Cl)c(/N=N/N(CCO)CCO)c1,CHEMBL440479,IC50,nM,5000.0,CHEMBL2363,IC50,uM,5.0,RnDHFR (R. norvegicus)
CHEMBL669620,CCc1nc(N)nc(N)c1-c1ccc(Cl)c(/N=N/N2CCOCC2)c1,CHEMBL48203,IC50,nM,26300.0,CHEMBL2363,IC50,uM,26.3,RnDHFR (R. norvegicus)
CHEMBL665435,COc1ccc(Sc2ccc3nc(N)nc(N)c3n2)cc1OC,CHEMBL137981,IC50,nM,18.0,CHEMBL2363,IC50,uM,0.018,RnDHFR (R. norvegicus)
CHEMBL665435,COc1cc(NCc2ccc3nc(N)nc(N)c3c2C)cc(OC)c1OC,CHEMBL119,IC50,nM,3.0,CHEMBL2363,IC50,uM,0.003,RnDHFR (R. norvegicus)
CHEMBL665439,Cc1cn(CC[C@H]2C[C@H](O)[C@@H](COP(=O)(O)O)O2)c(=O)[nH]c1=O,CHEMBL3142796,IC50,nM,133000.0,CHEMBL2363,IC50,uM,133.0,RnDHFR (R. norvegicus)
CHEMBL666701,COc1cc(NCc2cnc3nc(N)nc(N)c3c2C)c(-n2cccc2)cc1OC,CHEMBL356722,IC50,nM,3500.0,CHEMBL2363,IC50,uM,3.5,RnDHFR (R. norvegicus)
CHEMBL666701,COc1ccc(-c2ccccc2)cc1NCc1cnc2nc(N)nc(N)c2c1C,CHEMBL357629,IC50,nM,440.0,CHEMBL2363,IC50,uM,0.44,RnDHFR (R. norvegicus)
CHEMBL665435,COc1ccccc1Nc1ccc2nc(N)nc(N)c2n1,CHEMBL140705,IC50,nM,260.0,CHEMBL2363,IC50,uM,0.26,RnDHFR (R. norvegicus)
CHEMBL665435,COc1ccc(S(=O)(=O)c2ccc3nc(N)nc(N)c3n2)cc1,CHEMBL342654,IC50,nM,2000.0,CHEMBL2363,IC50,uM,2.0,RnDHFR (R. norvegicus)
CHEMBL665435,COc1cc(CNc2ccc3nc(N)nc(N)c3n2)cc(OC)c1OC,CHEMBL141808,IC50,nM,1400.0,CHEMBL2363,IC50,uM,1.4,RnDHFR (R. norvegicus)
CHEMBL665435,COc1cc(Nc2ccc3nc(N)nc(N)c3n2)cc(OC)c1OC,CHEMBL138452,IC50,nM,3200.0,CHEMBL2363,IC50,uM,3.2,RnDHFR (R. norvegicus)
CHEMBL666701,COc1ccc(OC)c(NCc2cnc3nc(N)nc(N)c3c2C)c1,CHEMBL23021,IC50,nM,130.0,CHEMBL2363,IC50,uM,0.13,RnDHFR (R. norvegicus)
CHEMBL665435,COc1ccc(N(C)c2ccc3nc(N)nc(N)c3n2)cc1,CHEMBL141160,IC50,nM,6.8,CHEMBL2363,IC50,uM,0.0068,RnDHFR (R. norvegicus)
CHEMBL665439,CCc1nc(N)nc(N)c1-c1ccc(NCc2ccc(C(N)=O)cc2)c([N+](=O)[O-])c1,CHEMBL323359,IC50,nM,7.5,CHEMBL2363,IC50,uM,0.0075,RnDHFR (R. norvegicus)
CHEMBL665435,COc1ccc(S(=O)(=O)c2ccc3nc(N)nc(N)c3n2)cc1OC,CHEMBL140597,IC50,nM,880.0,CHEMBL2363,IC50,uM,0.88,RnDHFR (R. norvegicus)
CHEMBL665439,CCc1nc(N)nc(N)c1-c1ccc(Cl)c([N+](=O)[O-])c1,CHEMBL59530,IC50,nM,15.0,CHEMBL2363,IC50,uM,0.015,RnDHFR (R. norvegicus)
CHEMBL666701,COc1ccc2c(ccn2Cc2cnc3nc(N)nc(N)c3c2C)c1,CHEMBL358297,IC50,nM,470.0,CHEMBL2363,IC50,uM,0.47,RnDHFR (R. norvegicus)
CHEMBL666701,COc1ccc(OC)c(Cc2cnc3nc(N)nc(N)c3c2C)c1,CHEMBL7492,IC50,nM,1.5,CHEMBL2363,IC50,uM,0.0015,RnDHFR (R. norvegicus)
CHEMBL665435,COc1cc(Cc2cnc(N)nc2N)cc(OC)c1OC,CHEMBL22,IC50,nM,133000.0,CHEMBL2363,IC50,uM,133.0,RnDHFR (R. norvegicus)
CHEMBL665435,COc1ccc(OC)c(N(C)c2ccc3nc(N)nc(N)c3n2)c1,CHEMBL141698,IC50,nM,4.2,CHEMBL2363,IC50,uM,0.0042,RnDHFR (R. norvegicus)
CHEMBL665439,COc1ccc(OC)c(Cc2cnc3nc(N)nc(N)c3c2C)c1,CHEMBL7492,IC50,nM,1.5,CHEMBL2363,IC50,uM,0.0015,RnDHFR (R. norvegicus)
CHEMBL665439,CCc1nc(N)nc(N)c1-c1ccc(NCc2ccc(C(=O)NC(CCC(=O)O)C(=O)O)cc2)c([N+](=O)[O-])c1,CHEMBL103086,IC50,nM,13.0,CHEMBL2363,IC50,uM,0.013,RnDHFR (R. norvegicus)
CHEMBL666701,COc1ccc2c(c1)CCN2Cc1cnc2nc(N)nc(N)c2c1C,CHEMBL146438,IC50,nM,170.0,CHEMBL2363,IC50,uM,0.17,RnDHFR (R. norvegicus)
CHEMBL665435,COc1ccc(OC)c(Nc2ccc3nc(N)nc(N)c3n2)c1,CHEMBL141260,IC50,nM,3600.0,CHEMBL2363,IC50,uM,3.6,RnDHFR (R. norvegicus)
CHEMBL665435,COc1cc(N(C)c2ccc3nc(N)nc(N)c3n2)cc(OC)c1OC,CHEMBL139485,IC50,nM,3.7,CHEMBL2363,IC50,uM,0.0037,RnDHFR (R. norvegicus)
CHEMBL665439,CCc1nc(N)nc(N)c1-c1ccc(N(C)Cc2ccc(C(=O)O)cc2)c([N+](=O)[O-])c1,CHEMBL102850,IC50,nM,3.8,CHEMBL2363,IC50,uM,0.0038,RnDHFR (R. norvegicus)
CHEMBL666701,COc1cc2c(cc1OC)N(Cc1cnc3nc(N)nc(N)c3c1C)CC2,CHEMBL423560,IC50,nM,230.0,CHEMBL2363,IC50,uM,0.23,RnDHFR (R. norvegicus)
CHEMBL665439,CCc1nc(N)nc(N)c1-c1ccc(NCc2ccccc2)c([N+](=O)[O-])c1,CHEMBL81294,IC50,nM,25.0,CHEMBL2363,IC50,uM,0.025,RnDHFR (R. norvegicus)
CHEMBL665439,CCc1nc(N)nc(N)c1-c1ccc(NCc2ccc(C(=O)NC)cc2)c([N+](=O)[O-])c1,CHEMBL104020,IC50,nM,6.0,CHEMBL2363,IC50,uM,0.006,RnDHFR (R. norvegicus)
CHEMBL666701,COc1cc2c(cc1OC)CN(Cc1cnc3nc(N)nc(N)c3c1C)CC2,CHEMBL147886,IC50,nM,130.0,CHEMBL2363,IC50,uM,0.13,RnDHFR (R. norvegicus)
CHEMBL665435,COc1ccc(OC)c(Cc2cnc3nc(N)nc(N)c3c2C)c1,CHEMBL7492,IC50,nM,1.5,CHEMBL2363,IC50,uM,0.0015,RnDHFR (R. norvegicus)
CHEMBL665439,CCOc1cc(Cc2cnc(N)nc2N)cc(OCC)c1-n1cccc1,CHEMBL280378,IC50,nM,33200.0,CHEMBL2363,IC50,uM,33.2,RnDHFR (R. norvegicus)
CHEMBL665435,COc1ccc(Nc2ccc3nc(N)nc(N)c3n2)cc1,CHEMBL141218,IC50,nM,3800.0,CHEMBL2363,IC50,uM,3.8,RnDHFR (R. norvegicus)
CHEMBL665435,Nc1nc(N)c2nc(Nc3ccccc3)ccc2n1,CHEMBL139188,IC50,nM,430.0,CHEMBL2363,IC50,uM,0.43,RnDHFR (R. norvegicus)
CHEMBL665439,CCc1nc(N)nc(N)c1-c1ccc(NCc2ccc(S(N)(=O)=O)cc2)c([N+](=O)[O-])c1,CHEMBL102996,IC50,nM,3.1,CHEMBL2363,IC50,uM,0.0031,RnDHFR (R. norvegicus)
CHEMBL665435,COc1ccc(Sc2ccc3nc(N)nc(N)c3n2)cc1,CHEMBL137844,IC50,nM,75.0,CHEMBL2363,IC50,uM,0.075,RnDHFR (R. norvegicus)
CHEMBL665439,CCc1nc(N)nc(N)c1-c1ccc(N(C)Cc2ccc(C3=NC(C)(C)CO3)cc2)c([N+](=O)[O-])c1,CHEMBL103971,IC50,nM,15.0,CHEMBL2363,IC50,uM,0.015,RnDHFR (R. norvegicus)
CHEMBL665439,CCc1nc(N)nc(N)c1-c1ccc(NCc2ccc(C3OCCO3)cc2)c([N+](=O)[O-])c1,CHEMBL105526,IC50,nM,16.0,CHEMBL2363,IC50,uM,0.016,RnDHFR (R. norvegicus)
CHEMBL666701,COc1cc(-n2cccc2)c(OC)cc1NCc1cnc2nc(N)nc(N)c2c1C,CHEMBL435479,IC50,nM,230.0,CHEMBL2363,IC50,uM,0.23,RnDHFR (R. norvegicus)
CHEMBL665439,COc1cc(NCc2ccc3nc(N)nc(N)c3c2C)cc(OC)c1OC,CHEMBL119,IC50,nM,3.0,CHEMBL2363,IC50,uM,0.003,RnDHFR (R. norvegicus)
CHEMBL666701,COc1cccc2c1CCN2Cc1cnc2nc(N)nc(N)c2c1C,CHEMBL359454,IC50,nM,150.0,CHEMBL2363,IC50,uM,0.15,RnDHFR (R. norvegicus)
CHEMBL665436,CN(c1ccc2ccccc2c1)c1ccc2nc(N)nc(N)c2n1,CHEMBL139430,IC50,nM,9.9,CHEMBL2363,IC50,uM,0.0099,RnDHFR (R. norvegicus)
CHEMBL665435,CN(c1ccc2nc(N)nc(N)c2n1)c1cccc2ccccc12,CHEMBL334456,IC50,nM,3300.0,CHEMBL2363,IC50,uM,3.3,RnDHFR (R. norvegicus)
CHEMBL665439,CN(Cc1cnc2nc(N)nc(N)c2n1)c1ccc(C(=O)N[C@@H](CCC(=O)O)C(=O)O)cc1,CHEMBL34259,IC50,nM,2.5,CHEMBL2363,IC50,uM,0.0025,RnDHFR (R. norvegicus)
CHEMBL665439,CCc1nc(N)nc(N)c1-c1ccc(NCc2ccc(C(=O)N3CCCCC3)cc2)c([N+](=O)[O-])c1,CHEMBL103558,IC50,nM,270.0,CHEMBL2363,IC50,uM,0.27,RnDHFR (R. norvegicus)
CHEMBL665435,COc1ccccc1Sc1ccc2nc(N)nc(N)c2n1,CHEMBL142081,IC50,nM,230.0,CHEMBL2363,IC50,uM,0.23,RnDHFR (R. norvegicus)
CHEMBL665435,COc1ccc(N(C)c2ccc3nc(N)nc(N)c3n2)cc1OC,CHEMBL337603,IC50,nM,0.4,CHEMBL2363,IC50,uM,0.0004,RnDHFR (R. norvegicus)
CHEMBL666701,CCOc1cc(Cc2cnc(N)nc2N)cc(OCC)c1-n1cccc1,CHEMBL280378,IC50,nM,33200.0,CHEMBL2363,IC50,uM,33.2,RnDHFR (R. norvegicus)
CHEMBL666701,COc1cc(Cc2cnc(N)nc2N)cc(OC)c1OC,CHEMBL22,IC50,nM,133000.0,CHEMBL2363,IC50,uM,133.0,RnDHFR (R. norvegicus)
CHEMBL666701,Cc1c(C)c(-n2cccc2)c(C)c(C)c1NCc1cnc2nc(N)nc(N)c2c1C,CHEMBL144563,IC50,nM,170.0,CHEMBL2363,IC50,uM,0.17,RnDHFR (R. norvegicus)
CHEMBL665439,CCc1nc(N)nc(N)c1-c1ccc(NCc2ccc(C(=O)O)cc2)c([N+](=O)[O-])c1,CHEMBL103981,IC50,nM,2.9,CHEMBL2363,IC50,uM,0.0029,RnDHFR (R. norvegicus)
CHEMBL666701,COc1cc(NCc2cnc3nc(N)nc(N)c3c2C)cc(OC)c1OC,CHEMBL23532,IC50,nM,3.0,CHEMBL2363,IC50,uM,0.003,RnDHFR (R. norvegicus)
CHEMBL665435,COc1ccc(Nc2ccc3nc(N)nc(N)c3n2)cc1OC,CHEMBL141585,IC50,nM,1100.0,CHEMBL2363,IC50,uM,1.1,RnDHFR (R. norvegicus)
CHEMBL665435,CN(c1ccccc1)c1ccc2nc(N)nc(N)c2n1,CHEMBL140940,IC50,nM,1.3,CHEMBL2363,IC50,uM,0.0013,RnDHFR (R. norvegicus)
CHEMBL665435,Nc1nc(N)c2nc(Nc3ccc(Cl)cc3)ccc2n1,CHEMBL138252,IC50,nM,820.0,CHEMBL2363,IC50,uM,0.82,RnDHFR (R. norvegicus)
CHEMBL665439,CCc1nc(N)nc(N)c1-c1ccc(N(C)Cc2ccc(C(=O)NC)cc2)c([N+](=O)[O-])c1,CHEMBL102418,IC50,nM,6.8,CHEMBL2363,IC50,uM,0.0068,RnDHFR (R. norvegicus)
CHEMBL665439,CCOC(=O)CCC(NC(=O)c1ccc(CNc2ccc(-c3c(N)nc(N)nc3CC)cc2[N+](=O)[O-])cc1)C(=O)OCC,CHEMBL102447,IC50,nM,6.7,CHEMBL2363,IC50,uM,0.0067,RnDHFR (R. norvegicus)
CHEMBL665435,Nc1nc(N)c2nc(Nc3ccc4ccccc4c3)ccc2n1,CHEMBL138419,IC50,nM,2000.0,CHEMBL2363,IC50,uM,2.0,RnDHFR (R. norvegicus)
CHEMBL665435,COc1ccccc1S(=O)(=O)c1ccc2nc(N)nc(N)c2n1,CHEMBL337746,IC50,nM,1400.0,CHEMBL2363,IC50,uM,1.4,RnDHFR (R. norvegicus)
CHEMBL665439,CCc1nc(N)nc(N)c1-c1ccc(NCc2ccc(C(=O)N(C)C)cc2)c([N+](=O)[O-])c1,CHEMBL102967,IC50,nM,8.9,CHEMBL2363,IC50,uM,0.0089,RnDHFR (R. norvegicus)
CHEMBL665439,CCc1nc(N)nc(N)c1-c1ccc(N(C)Cc2ccccc2)c([N+](=O)[O-])c1,CHEMBL56170,IC50,nM,3.2,CHEMBL2363,IC50,uM,0.0032,RnDHFR (R. norvegicus)
CHEMBL666694,Nc1nc(N)c2cc(CN(C=O)c3ccc(C(=O)NC(CCC(=O)O)C(=O)O)cc3)ccc2n1,CHEMBL303654,IC50,nM,4.9,CHEMBL2363,IC50,uM,0.0049,RnDHFR (R. norvegicus)
CHEMBL665443,COc1cc(Cc2cnc(N)nc2N)cc(OC)c1OC,CHEMBL22,IC50,nM,133000.0,CHEMBL2363,IC50,nM,133000.0,RnDHFR (R. norvegicus)
CHEMBL668095,Nc1nc(N)c2c(CSc3ccc4ccccc4c3)coc2n1,CHEMBL283311,IC50,nM,12300.0,CHEMBL2363,IC50,uM,12.3,RnDHFR (R. norvegicus)
CHEMBL668095,COc1ccc(Sc2[nH]c3nc(N)nc(N)c3c2C)cc1,CHEMBL123892,IC50,nM,31300.0,CHEMBL2363,IC50,uM,31.3,RnDHFR (R. norvegicus)
CHEMBL666694,CN(Cc1ccc2nc(N)nc(N)c2c1)c1ccc(C(=O)NC(CCC(=O)O)C(=O)O)cc1,CHEMBL304397,IC50,nM,5.3,CHEMBL2363,IC50,uM,0.0053,RnDHFR (R. norvegicus)
CHEMBL668095,COc1ccc(OC)c(Sc2[nH]c3nc(N)nc(N)c3c2C)c1,CHEMBL331986,IC50,nM,7800.0,CHEMBL2363,IC50,uM,7.8,RnDHFR (R. norvegicus)
CHEMBL668095,Cc1c(Sc2cccc(Cl)c2)[nH]c2nc(N)nc(N)c12,CHEMBL334198,IC50,nM,47700.0,CHEMBL2363,IC50,uM,47.7,RnDHFR (R. norvegicus)
CHEMBL665443,COc1ccc(OC)c(CN(C)c2cnc3nc(N)nc(N)c3c2)c1,CHEMBL32113,IC50,nM,57.0,CHEMBL2363,IC50,nM,57.0,RnDHFR (R. norvegicus)
CHEMBL668095,Cc1c(Sc2cccc3ccccc23)[nH]c2nc(N)nc(N)c12,CHEMBL122998,IC50,nM,4570.0,CHEMBL2363,IC50,uM,4.57,RnDHFR (R. norvegicus)
CHEMBL668095,Cc1c(Sc2ccc(Cl)cc2Cl)[nH]c2nc(N)nc(N)c12,CHEMBL331456,IC50,nM,110000.0,CHEMBL2363,IC50,uM,110.0,RnDHFR (R. norvegicus)
CHEMBL665456,CN(Cc1cnc2nc(N)nc(N)c2n1)c1ccc(C(=O)N[C@@H](CCC(=O)O)C(=O)O)cc1,CHEMBL34259,IC50,nM,3.0,CHEMBL2363,IC50,uM,0.003,RnDHFR (R. norvegicus)
CHEMBL665443,Nc1nc(N)c2cc(NCCc3ccccc3)cnc2n1,CHEMBL33136,IC50,nM,280.0,CHEMBL2363,IC50,nM,280.0,RnDHFR (R. norvegicus)
CHEMBL665443,COc1ccc(CNc2cnc3nc(N)nc(N)c3c2)c(OC)c1OC,CHEMBL35569,IC50,nM,3240.0,CHEMBL2363,IC50,nM,3240.0,RnDHFR (R. norvegicus)
CHEMBL665443,COc1cc(CN(C)c2cnc3nc(N)nc(N)c3c2)cc(OC)c1OC,CHEMBL32190,IC50,nM,33.0,CHEMBL2363,IC50,nM,33.0,RnDHFR (R. norvegicus)
CHEMBL665443,COc1cc(OC)c(CNc2cnc3nc(N)nc(N)c3c2)c(OC)c1,CHEMBL32754,IC50,nM,1200.0,CHEMBL2363,IC50,nM,1200.0,RnDHFR (R. norvegicus)
CHEMBL665443,Nc1nc(N)c2cc(NCc3cccc4ccccc34)cnc2n1,CHEMBL32635,IC50,nM,240.0,CHEMBL2363,IC50,nM,240.0,RnDHFR (R. norvegicus)
CHEMBL668095,COc1ccccc1Sc1[nH]c2nc(N)nc(N)c2c1C,CHEMBL331314,IC50,nM,2320.0,CHEMBL2363,IC50,uM,2.32,RnDHFR (R. norvegicus)
CHEMBL668095,COc1cccc(Sc2[nH]c3nc(N)nc(N)c3c2C)c1,CHEMBL123984,IC50,nM,2060.0,CHEMBL2363,IC50,uM,2.06,RnDHFR (R. norvegicus)
CHEMBL666696,Nc1nc(N)c2cc(NCc3ccc(C(=O)NC(CCC(=O)O)C(=O)O)cc3)ccc2n1,CHEMBL423123,IC50,nM,7.2,CHEMBL2363,IC50,uM,0.0072,RnDHFR (R. norvegicus)
CHEMBL665443,CN(Cc1ccccc1)c1cnc2nc(N)nc(N)c2c1,CHEMBL33038,IC50,nM,140.0,CHEMBL2363,IC50,nM,140.0,RnDHFR (R. norvegicus)
CHEMBL665443,COc1ccc(OC)c(CNc2cnc3nc(N)nc(N)c3c2)c1,CHEMBL32708,IC50,nM,350.0,CHEMBL2363,IC50,nM,350.0,RnDHFR (R. norvegicus)
CHEMBL665443,Nc1nc(N)c2cc(NCc3ccc(Oc4ccccc4)cc3)cnc2n1,CHEMBL33187,IC50,nM,2900.0,CHEMBL2363,IC50,nM,2900.0,RnDHFR (R. norvegicus)
CHEMBL665456,CN(Cc1coc2nc(N)nc(N)c12)c1ccc(C(=O)NC(CCC(=O)O)C(=O)O)cc1,CHEMBL278515,IC50,nM,430.0,CHEMBL2363,IC50,uM,0.43,RnDHFR (R. norvegicus)
CHEMBL665456,Nc1nc(N)c2c(CNc3ccc(Cl)c(Cl)c3)coc2n1,CHEMBL274278,IC50,nM,35200.0,CHEMBL2363,IC50,uM,35.2,RnDHFR (R. norvegicus)
CHEMBL665443,COc1cc(NCc2ccc3nc(N)nc(N)c3c2C)cc(OC)c1OC,CHEMBL119,IC50,nM,3.0,CHEMBL2363,IC50,nM,3.0,RnDHFR (R. norvegicus)
CHEMBL665443,CN(CCc1ccccc1)c1cnc2nc(N)nc(N)c2c1,CHEMBL34337,IC50,nM,1400.0,CHEMBL2363,IC50,nM,1400.0,RnDHFR (R. norvegicus)
CHEMBL665443,COc1ccc(CNc2cnc3nc(N)nc(N)c3c2)c2ccccc12,CHEMBL32220,IC50,nM,430.0,CHEMBL2363,IC50,nM,430.0,RnDHFR (R. norvegicus)
CHEMBL668095,COc1cc(NCc2ccc3nc(N)nc(N)c3c2C)cc(OC)c1OC,CHEMBL119,IC50,nM,3.0,CHEMBL2363,IC50,uM,0.003,RnDHFR (R. norvegicus)
CHEMBL668878,COc1cc(Cc2cnc(N)nc2N)cc(OC)c1OC,CHEMBL22,IC50,nM,260000.0,CHEMBL2363,I50,M,0.00026,RnDHFR (R. norvegicus)
CHEMBL665443,COc1cc(CNc2cnc3nc(N)nc(N)c3c2)cc(OC)c1,CHEMBL32266,IC50,nM,3400.0,CHEMBL2363,IC50,nM,3400.0,RnDHFR (R. norvegicus)
CHEMBL668095,COc1cc(CC2CN=C(N)N=C2N)cc(OC)c1OC,CHEMBL331292,IC50,nM,180000.0,CHEMBL2363,IC50,uM,180.0,RnDHFR (R. norvegicus)
CHEMBL665443,COc1cc(OC)c(OC)cc1CNc1cnc2nc(N)nc(N)c2c1,CHEMBL284849,IC50,nM,1100.0,CHEMBL2363,IC50,nM,1100.0,RnDHFR (R. norvegicus)
CHEMBL665443,COc1ccc(CNc2cnc3nc(N)nc(N)c3c2)cc1OC,CHEMBL32769,IC50,nM,1500.0,CHEMBL2363,IC50,nM,1500.0,RnDHFR (R. norvegicus)
CHEMBL665443,COc1ccc2c(CNc3cnc4nc(N)nc(N)c4c3)cccc2c1,CHEMBL33357,IC50,nM,370.0,CHEMBL2363,IC50,nM,370.0,RnDHFR (R. norvegicus)
CHEMBL668878,COc1cc(Cc2cnc(N)nc2N)cc(OC)c1O,CHEMBL1181,IC50,nM,92000.0,CHEMBL2363,I50,M,0.000092,RnDHFR (R. norvegicus)
CHEMBL665443,CCOc1cc(Cc2cnc(N)nc2N)cc(OCC)c1-n1cccc1,CHEMBL280378,IC50,nM,73000.0,CHEMBL2363,IC50,nM,73000.0,RnDHFR (R. norvegicus)
CHEMBL666696,Nc1nc(N)c2cc(N(C=O)Cc3ccc(C(=O)NC(CCC(=O)O)C(=O)O)cc3)ccc2n1,CHEMBL69713,IC50,nM,4.7,CHEMBL2363,IC50,uM,0.0047,RnDHFR (R. norvegicus)
CHEMBL665443,CN(Cc1cnc2nc(N)nc(N)c2n1)c1ccc(C(=O)N[C@@H](CCC(=O)O)C(=O)O)cc1,CHEMBL34259,IC50,nM,2.5,CHEMBL2363,IC50,nM,2.5,RnDHFR (R. norvegicus)
CHEMBL665456,Nc1nc(N)c2c(CNc3cc(Cl)c(Cl)c(Cl)c3)coc2n1,CHEMBL17235,IC50,nM,25600.0,CHEMBL2363,IC50,uM,25.6,RnDHFR (R. norvegicus)
CHEMBL666696,CN(Cc1cnc2nc(N)nc(N)c2n1)c1ccc(C(=O)N[C@@H](CCC(=O)O)C(=O)O)cc1,CHEMBL34259,IC50,nM,4.6,CHEMBL2363,IC50,uM,0.0046,RnDHFR (R. norvegicus)
CHEMBL666696,Nc1nc(N)c2cc(CNc3ccc(C(=O)NC(CCC(=O)O)C(=O)O)cc3)ccc2n1,CHEMBL305177,IC50,nM,4.8,CHEMBL2363,IC50,uM,0.0048,RnDHFR (R. norvegicus)
CHEMBL666696,CN(Cc1ccc(C(=O)NC(CCC(=O)O)C(=O)O)cc1)c1ccc2nc(N)nc(N)c2c1,CHEMBL305253,IC50,nM,3.3,CHEMBL2363,IC50,uM,0.0033,RnDHFR (R. norvegicus)
CHEMBL665443,COc1cc(CNc2cnc3nc(N)nc(N)c3c2)cc(OC)c1OC,CHEMBL33208,IC50,nM,3300.0,CHEMBL2363,IC50,nM,3300.0,RnDHFR (R. norvegicus)
CHEMBL665443,COc1ccc(CN(C)c2cnc3nc(N)nc(N)c3c2)c(OC)c1OC,CHEMBL35222,IC50,nM,30.0,CHEMBL2363,IC50,nM,30.0,RnDHFR (R. norvegicus)
CHEMBL665443,Nc1nc(N)c2cc(NCc3ccccc3)cnc2n1,CHEMBL286700,IC50,nM,2100.0,CHEMBL2363,IC50,nM,2100.0,RnDHFR (R. norvegicus)
CHEMBL665456,Nc1nc(N)c2c(CNc3ccc(C(=O)NC(CCC(=O)O)C(=O)O)cc3)coc2n1,CHEMBL17383,IC50,nM,1300.0,CHEMBL2363,IC50,uM,1.3,RnDHFR (R. norvegicus)
CHEMBL665443,COc1cc(C(C)Nc2cnc3nc(N)nc(N)c3c2)cc(OC)c1OC,CHEMBL32583,IC50,nM,1270.0,CHEMBL2363,IC50,nM,1270.0,RnDHFR (R. norvegicus)
CHEMBL668095,Cc1c(Sc2ccc(Cl)cc2)[nH]c2nc(N)nc(N)c12,CHEMBL420172,IC50,nM,19000.0,CHEMBL2363,IC50,uM,19.0,RnDHFR (R. norvegicus)
CHEMBL665443,COc1cc(CN(C)c2cnc3nc(N)nc(N)c3c2)cc(OC)c1,CHEMBL36245,IC50,nM,72.0,CHEMBL2363,IC50,nM,72.0,RnDHFR (R. norvegicus)
CHEMBL666236,Cc1c(NC(=O)Cc2ccc3ccccc3c2)ccc2nc(N)nc(N)c12,CHEMBL7049,IC50,nM,4.169,CHEMBL2363,Log 1/I50,,8.38,RnDHFR (R. norvegicus)
CHEMBL666236,Nc1nc(N)c2cc(CNC(=O)Cc3ccc(Cl)c(Cl)c3)ccc2n1,CHEMBL267617,IC50,nM,1513.56,CHEMBL2363,Log 1/I50,,5.82,RnDHFR (R. norvegicus)
CHEMBL667225,CC1=CC(C)(C)Nc2c1cc(Cc1cnc(N)nc1N)c1cccnc21,CHEMBL60827,IC50,nM,35000.0,CHEMBL2363,I50,M,0.000035,RnDHFR (R. norvegicus)
CHEMBL666236,Nc1nc(N)c2c(CCc3ccc4ccccc4c3)cccc2n1,CHEMBL7134,IC50,nM,19.95,CHEMBL2363,Log 1/I50,,7.7,RnDHFR (R. norvegicus)
CHEMBL666236,Nc1ccc2nc(N)nc(N)c2c1,CHEMBL6885,IC50,nM,26915.35,CHEMBL2363,Log 1/I50,,4.57,RnDHFR (R. norvegicus)
CHEMBL875029,COc1ccc(OC)c(NCc2c[nH]c3nc(N)nc(N)c23)c1,CHEMBL17323,IC50,nM,156000.0,CHEMBL2363,IC50,uM,156.0,RnDHFR (R. norvegicus)
CHEMBL669020,Nc1nc(N)c2nc(CN3c4ccccc4C=Cc4cc(OCCCC(=O)O)ccc43)cnc2n1,CHEMBL430821,IC50,nM,1500.0,CHEMBL2363,IC50,nM,1500.0,RnDHFR (R. norvegicus)
CHEMBL669021,COc1ccc(OC)c(Cc2cnc3nc(N)nc(N)c3c2C)c1,CHEMBL7492,IC50,nM,3.3,CHEMBL2363,IC50,nM,3.3,RnDHFR (R. norvegicus)
CHEMBL666236,Cc1ccc2nc(N)nc(N)c2c1,CHEMBL268456,IC50,nM,2187.76,CHEMBL2363,Log 1/I50,,5.66,RnDHFR (R. norvegicus)
CHEMBL669026,COc1cc(NCc2ccc3nc(N)nc(N)c3c2C)cc(OC)c1OC,CHEMBL119,IC50,nM,8.0,CHEMBL2363,IC50,nM,8.0,RnDHFR (R. norvegicus)
CHEMBL666236,Nc1nc(N)c2cc(NCc3ccc(Cl)c(Cl)c3)ccc2n1,CHEMBL414017,IC50,nM,18.2,CHEMBL2363,Log 1/I50,,7.74,RnDHFR (R. norvegicus)
CHEMBL875029,COc1ccc(OC)c(Cc2cnc3nc(N)nc(N)c3c2C)c1,CHEMBL7492,IC50,nM,1.0,CHEMBL2363,IC50,uM,0.001,RnDHFR (R. norvegicus)
CHEMBL669018,CCOc1cc(Cc2cnc(N)nc2N)cc(OCC)c1-n1cccc1,CHEMBL280378,IC50,nM,160.0,CHEMBL2363,IC50,nM,160.0,RnDHFR (R. norvegicus)
CHEMBL666236,Nc1nc(N)c2c(Cl)c(NC(=O)Cc3ccc4ccccc4c3)ccc2n1,CHEMBL7176,IC50,nM,5.012,CHEMBL2363,Log 1/I50,,8.3,RnDHFR (R. norvegicus)
CHEMBL666236,Nc1nc(N)c2c(S(=O)(=O)c3ccc4ccccc4c3)cccc2n1,CHEMBL6693,IC50,nM,15135.61,CHEMBL2363,Log 1/I50,,4.82,RnDHFR (R. norvegicus)
CHEMBL667225,COc1cc(Cc2cnc(N)nc2N)cc(OC)c1OC,CHEMBL22,IC50,nM,0.0026,CHEMBL2363,I50,M,2.6E-12,RnDHFR (R. norvegicus)
CHEMBL669018,Nc1nc(N)c2nc(CSc3ccc(Sc4ccccc4)cc3)cnc2n1,CHEMBL83553,IC50,nM,250000.0,CHEMBL2363,IC50,nM,250000.0,RnDHFR (R. norvegicus)
CHEMBL667225,CCOc1cc(Cc2cnc(N)nc2N)cc2c1NC(C)(C)C=C2C,CHEMBL58138,IC50,nM,250000.0,CHEMBL2363,I50,M,0.00025,RnDHFR (R. norvegicus)
CHEMBL875029,Nc1nc(N)c2c(CNc3cccc4ccccc34)c[nH]c2n1,CHEMBL276734,IC50,nM,59300.0,CHEMBL2363,IC50,uM,59.3,RnDHFR (R. norvegicus)
CHEMBL667225,CC1=CC(C)(C)Nc2c1cc(Cc1cnc(N)nc1N)cc2[S+](C)[O-],CHEMBL292827,IC50,nM,56000.0,CHEMBL2363,I50,M,0.000056,RnDHFR (R. norvegicus)
CHEMBL666236,Nc1nc(N)c2cc(Br)ccc2n1,CHEMBL6549,IC50,nM,2511.89,CHEMBL2363,Log 1/I50,,5.6,RnDHFR (R. norvegicus)
CHEMBL666236,Nc1nc(N)c2cc(S(=O)(=O)c3ccc4ccccc4c3)ccc2n1,CHEMBL268584,IC50,nM,3.981,CHEMBL2363,Log 1/I50,,8.4,RnDHFR (R. norvegicus)
CHEMBL875029,Nc1nc(N)c2c(CNc3ccc(C(=O)NC(CCC(=O)O)C(=O)O)cc3)c[nH]c2n1,CHEMBL17232,IC50,nM,44.0,CHEMBL2363,IC50,uM,0.044,RnDHFR (R. norvegicus)
CHEMBL666236,Nc1nc(N)c2c(Cl)c(NC(=O)Cc3ccc(Cl)c(Cl)c3)ccc2n1,CHEMBL266761,IC50,nM,23.99,CHEMBL2363,Log 1/I50,,7.62,RnDHFR (R. norvegicus)
CHEMBL666236,Nc1nc(N)c2c(Cl)c(NCc3cccc(Br)c3)ccc2n1,CHEMBL355093,IC50,nM,7.586,CHEMBL2363,Log 1/I50,,8.12,RnDHFR (R. norvegicus)
CHEMBL666236,Nc1nc(N)c2c(Cl)c(Cl)ccc2n1,CHEMBL6772,IC50,nM,199.53,CHEMBL2363,Log 1/I50,,6.7,RnDHFR (R. norvegicus)
CHEMBL667225,COc1cc(Cc2cnc(N)nc2N)cc2c1NC(C)(CF)C(F)=C2C,CHEMBL418293,IC50,nM,233000.0,CHEMBL2363,I50,M,0.000233,RnDHFR (R. norvegicus)
CHEMBL667225,CC1CC(C)(C)Nc2ccc(Cc3cnc(N)nc3N)cc21,CHEMBL60931,IC50,nM,300000.0,CHEMBL2363,I50,M,0.0003,RnDHFR (R. norvegicus)
CHEMBL666236,Nc1nc(N)c2cc(Cl)ccc2n1,CHEMBL267002,IC50,nM,3981.07,CHEMBL2363,Log 1/I50,,5.4,RnDHFR (R. norvegicus)
CHEMBL669025,Nc1nc(N)c2nc(CN3c4ccccc4C=Cc4cc(OCc5ccc(C(=O)O)cc5)ccc43)cnc2n1,CHEMBL79464,IC50,nM,580.0,CHEMBL2363,IC50,nM,580.0,RnDHFR (R. norvegicus)
CHEMBL666236,Nc1nc(N)c2cc(Sc3ccc(Cl)c(Cl)c3)ccc2n1,CHEMBL6877,IC50,nM,10.96,CHEMBL2363,Log 1/I50,,7.96,RnDHFR (R. norvegicus)
CHEMBL875029,Nc1nc(N)c2c(CNc3ccc(Cl)c(Cl)c3)c[nH]c2n1,CHEMBL17873,IC50,nM,14400.0,CHEMBL2363,IC50,uM,14.4,RnDHFR (R. norvegicus)
CHEMBL666236,Cc1c(NC(=O)Cc2ccc(Cl)c(Cl)c2)ccc2nc(N)nc(N)c12,CHEMBL6812,IC50,nM,16.98,CHEMBL2363,Log 1/I50,,7.77,RnDHFR (R. norvegicus)
CHEMBL666236,Nc1nc(N)c2c(Sc3ccc4ccccc4c3)cccc2n1,CHEMBL157652,IC50,nM,7.079,CHEMBL2363,Log 1/I50,,8.15,RnDHFR (R. norvegicus)
CHEMBL667225,COc1cc(Cc2cnc(N)nc2N)cc2c1NC(C)(CF)C=C2CF,CHEMBL58149,IC50,nM,230000.0,CHEMBL2363,I50,M,0.00023,RnDHFR (R. norvegicus)
CHEMBL666236,Cc1c(NC(=O)Cc2ccc(Cl)cc2)ccc2nc(N)nc(N)c12,CHEMBL6949,IC50,nM,33.11,CHEMBL2363,Log 1/I50,,7.48,RnDHFR (R. norvegicus)
CHEMBL875139,Nc1nc(N)c2nc(CN3c4ccccc4C=Cc4cc(OCCCCC(=O)O)ccc43)cnc2n1,CHEMBL82936,IC50,nM,1300.0,CHEMBL2363,IC50,nM,1300.0,RnDHFR (R. norvegicus)
CHEMBL666236,Nc1nc(N)c2c(S(=O)(=O)c3ccc(Cl)c(Cl)c3)cccc2n1,CHEMBL6552,IC50,nM,57543.99,CHEMBL2363,Log 1/I50,,4.24,RnDHFR (R. norvegicus)
CHEMBL666236,Nc1nc(N)c2c([S+]([O-])c3ccc(Cl)c(Cl)c3)cccc2n1,CHEMBL6642,IC50,nM,54954.09,CHEMBL2363,Log 1/I50,,4.26,RnDHFR (R. norvegicus)
CHEMBL666236,Nc1nc(N)c2cc(Sc3cccc(C(F)(F)F)c3)ccc2n1,CHEMBL268089,IC50,nM,36.31,CHEMBL2363,Log 1/I50,,7.44,RnDHFR (R. norvegicus)
CHEMBL666236,Nc1nc(N)c2c(Cl)c(Br)ccc2n1,CHEMBL266638,IC50,nM,100.0,CHEMBL2363,Log 1/I50,,7.0,RnDHFR (R. norvegicus)
CHEMBL666236,Nc1nc(N)c2c(/C=C/c3ccc4ccccc4c3)cccc2n1,CHEMBL6823,IC50,nM,3019.95,CHEMBL2363,Log 1/I50,,5.52,RnDHFR (R. norvegicus)
CHEMBL667225,CC1=CC(C)(C)Nc2ccc(Cc3cnc(N)nc3N)cc21,CHEMBL58079,IC50,nM,240000.0,CHEMBL2363,I50,M,0.00024,RnDHFR (R. norvegicus)
CHEMBL667225,COc1cc(Cc2cnc(N)nc2N)cc2c(C)ccnc12,CHEMBL294638,IC50,nM,20000.0,CHEMBL2363,I50,M,0.00002,RnDHFR (R. norvegicus)
CHEMBL667225,COc1cc(Cc2cnc(N)nc2N)cc2c1NC(C)(C)CC2C,CHEMBL60647,IC50,nM,430000.0,CHEMBL2363,I50,M,0.00043,RnDHFR (R. norvegicus)
CHEMBL875029,CN(Cc1cnc2nc(N)nc(N)c2n1)c1ccc(C(=O)N[C@@H](CCC(=O)O)C(=O)O)cc1,CHEMBL34259,IC50,nM,3.0,CHEMBL2363,IC50,uM,0.003,RnDHFR (R. norvegicus)
CHEMBL667225,CCc1cc(Cc2cnc(N)nc2N)cc2c1NC(C)(C)C=C2C,CHEMBL300371,IC50,nM,174000.0,CHEMBL2363,I50,M,0.000174,RnDHFR (R. norvegicus)
CHEMBL667225,COc1cc(Cc2cnc(N)nc2N)cc2c1N(C)C(C)(C)C=C2C,CHEMBL300385,IC50,nM,340000.0,CHEMBL2363,I50,M,0.00034,RnDHFR (R. norvegicus)
CHEMBL667225,COc1cc(Cc2cnc(N)nc2N)cc2c1NCCC2C,CHEMBL58038,IC50,nM,33000.0,CHEMBL2363,I50,M,0.000033,RnDHFR (R. norvegicus)
CHEMBL666236,Cc1cccc2nc(N)nc(N)c12,CHEMBL7077,IC50,nM,812.83,CHEMBL2363,Log 1/I50,,6.09,RnDHFR (R. norvegicus)
CHEMBL666236,Nc1nc(N)c2c(Cl)cccc2n1,CHEMBL266320,IC50,nM,562.34,CHEMBL2363,Log 1/I50,,6.25,RnDHFR (R. norvegicus)
CHEMBL875029,COc1cc(NCc2c[nH]c3nc(N)nc(N)c23)cc(OC)c1OC,CHEMBL69681,IC50,nM,56300.0,CHEMBL2363,IC50,uM,56.3,RnDHFR (R. norvegicus)
CHEMBL667226,COc1cc(Cc2cnc(N)nc2N)cc2c1N(C)CCC2C,CHEMBL59491,IC50,nM,250000.0,CHEMBL2363,I50,M,0.00025,RnDHFR (R. norvegicus)
CHEMBL666236,N#Cc1ccc2nc(N)nc(N)c2c1,CHEMBL7246,IC50,nM,12022.64,CHEMBL2363,Log 1/I50,,4.92,RnDHFR (R. norvegicus)
CHEMBL666236,Nc1nc(N)c2cc(C=O)ccc2n1,CHEMBL7275,IC50,nM,10000.0,CHEMBL2363,Log 1/I50,,5.0,RnDHFR (R. norvegicus)
CHEMBL666236,Nc1nc(N)c2cc(NC(=O)Cc3ccc(Cl)cc3)ccc2n1,CHEMBL268310,IC50,nM,22.91,CHEMBL2363,Log 1/I50,,7.64,RnDHFR (R. norvegicus)
CHEMBL666236,Nc1nc(N)c2cc(NC(=O)Cc3ccc4ccccc4c3)ccc2n1,CHEMBL7403,IC50,nM,5.012,CHEMBL2363,Log 1/I50,,8.3,RnDHFR (R. norvegicus)
CHEMBL666236,Nc1nc(N)c2cc([S+]([O-])c3ccc4ccccc4c3)ccc2n1,CHEMBL6979,IC50,nM,7.079,CHEMBL2363,Log 1/I50,,8.15,RnDHFR (R. norvegicus)
CHEMBL875029,COc1ccc(NCc2c[nH]c3nc(N)nc(N)c23)cc1,CHEMBL68673,IC50,nM,63000.0,CHEMBL2363,IC50,uM,63.0,RnDHFR (R. norvegicus)
CHEMBL669024,Nc1nc(N)c2nc(CN3c4ccccc4C=Cc4cc(O)ccc43)cnc2n1,CHEMBL81995,IC50,nM,41.0,CHEMBL2363,IC50,nM,41.0,RnDHFR (R. norvegicus)
CHEMBL667225,CSc1cc(Cc2cnc(N)nc2N)cc2c1NC(C)(C)C=C2C,CHEMBL300545,IC50,nM,118000.0,CHEMBL2363,I50,M,0.000118,RnDHFR (R. norvegicus)
CHEMBL666236,Cc1c(NC(=O)Cc2cccc(Br)c2)ccc2nc(N)nc(N)c12,CHEMBL269235,IC50,nM,33.88,CHEMBL2363,Log 1/I50,,7.47,RnDHFR (R. norvegicus)
CHEMBL666236,Nc1nc(N)c2c(CSc3ccc4ccccc4c3)cccc2n1,CHEMBL6975,IC50,nM,10.0,CHEMBL2363,Log 1/I50,,8.0,RnDHFR (R. norvegicus)
CHEMBL669018,COc1ccc(OC)c(CCc2cnc3nc(N)nc(N)c3c2C)c1,CHEMBL284544,IC50,nM,770.0,CHEMBL2363,IC50,nM,770.0,RnDHFR (R. norvegicus)
CHEMBL875029,COc1cc(Cc2cnc(N)nc2N)cc(OC)c1OC,CHEMBL22,IC50,nM,133000.0,CHEMBL2363,IC50,uM,133.0,RnDHFR (R. norvegicus)
CHEMBL666236,Nc1nc(N)c2ccccc2n1,CHEMBL268354,IC50,nM,21877.62,CHEMBL2363,Log 1/I50,,4.66,RnDHFR (R. norvegicus)
CHEMBL669027,COc1cc(Cc2cnc(N)nc2N)cc(OC)c1OC,CHEMBL22,IC50,nM,180000.0,CHEMBL2363,IC50,nM,180000.0,RnDHFR (R. norvegicus)
CHEMBL666236,Nc1nc(N)c2c(Sc3ccc(Cl)c(Cl)c3)cccc2n1,CHEMBL427605,IC50,nM,199.53,CHEMBL2363,Log 1/I50,,6.7,RnDHFR (R. norvegicus)
CHEMBL666236,Nc1nc(N)c2c(CSc3ccc(Cl)cc3)cccc2n1,CHEMBL266875,IC50,nM,19.95,CHEMBL2363,Log 1/I50,,7.7,RnDHFR (R. norvegicus)
CHEMBL666236,Nc1nc(N)c2c(/C=C\c3ccc4ccccc4c3)cccc2n1,CHEMBL267928,IC50,nM,5248.07,CHEMBL2363,Log 1/I50,,5.28,RnDHFR (R. norvegicus)
CHEMBL875029,COc1cc(NCc2ccc3nc(N)nc(N)c3c2C)cc(OC)c1OC,CHEMBL119,IC50,nM,3.0,CHEMBL2363,IC50,uM,0.003,RnDHFR (R. norvegicus)
CHEMBL669023,Nc1nc(N)c2nc(CN3c4ccccc4C=Cc4ccccc43)cnc2n1,CHEMBL301769,IC50,nM,3000.0,CHEMBL2363,IC50,nM,3000.0,RnDHFR (R. norvegicus)
CHEMBL666236,Nc1nc(N)c2c(Cl)c(NC(=O)Cc3ccc(Br)cc3)ccc2n1,CHEMBL6841,IC50,nM,12.88,CHEMBL2363,Log 1/I50,,7.89,RnDHFR (R. norvegicus)
CHEMBL875029,COc1ccc(NCc2c[nH]c3nc(N)nc(N)c23)cc1OC,CHEMBL68439,IC50,nM,116000.0,CHEMBL2363,IC50,uM,116.0,RnDHFR (R. norvegicus)
CHEMBL667225,COc1cc(Cc2cnc(N)nc2N)cc2c1NC(C)(C)C=C2C,CHEMBL418492,IC50,nM,300000.0,CHEMBL2363,I50,M,0.0003,RnDHFR (R. norvegicus)
CHEMBL667225,COc1cc(Cc2cnc(N)nc2N)cc2c1N(CCOC(C)=O)C(C)(C)C=C2C,CHEMBL61305,IC50,nM,164000.0,CHEMBL2363,I50,M,0.000164,RnDHFR (R. norvegicus)
CHEMBL875029,CCOc1ccc(OCC)c(NCc2c[nH]c3nc(N)nc(N)c23)c1,CHEMBL69363,IC50,nM,70000.0,CHEMBL2363,IC50,uM,70.0,RnDHFR (R. norvegicus)
CHEMBL666236,Nc1nc(N)c2c(Cl)c(N)ccc2n1,CHEMBL6708,IC50,nM,660.69,CHEMBL2363,Log 1/I50,,6.18,RnDHFR (R. norvegicus)
CHEMBL669022,Nc1nc(N)c2nc(CN3c4ccccc4C=Cc4cc(OCC(=O)O)ccc43)cnc2n1,CHEMBL310397,IC50,nM,280.0,CHEMBL2363,IC50,nM,280.0,RnDHFR (R. norvegicus)
CHEMBL667225,CC1=CC(C)(C)Nc2c(Cl)cc(Cc3cnc(N)nc3N)cc21,CHEMBL294678,IC50,nM,76000.0,CHEMBL2363,I50,M,0.000076,RnDHFR (R. norvegicus)
CHEMBL666236,NCc1ccc2nc(N)nc(N)c2c1,CHEMBL6950,IC50,nM,9332.54,CHEMBL2363,Log 1/I50,,5.03,RnDHFR (R. norvegicus)
CHEMBL667225,CC1=CC(C)(C)Nc2c(C)cc(Cc3cnc(N)nc3N)cc21,CHEMBL300370,IC50,nM,500000.0,CHEMBL2363,I50,M,0.0005,RnDHFR (R. norvegicus)
CHEMBL669019,Nc1nc(N)c2nc(CN3c4ccccc4C=Cc4cc(OCCC(=O)O)ccc43)cnc2n1,CHEMBL84273,IC50,nM,1100.0,CHEMBL2363,IC50,nM,1100.0,RnDHFR (R. norvegicus)
CHEMBL669014,COc1ccc(OCCCCCCCC(=O)O)cc1Cc1cnc(N)nc1N,CHEMBL289904,IC50,nM,12000.0,CHEMBL2363,IC50,uM,12.0,RnDHFR (R. norvegicus)
CHEMBL669014,COc1ccc(OCCCCCCCCC(=O)O)cc1Cc1cnc(N)nc1N,CHEMBL38332,IC50,nM,12000.0,CHEMBL2363,IC50,uM,12.0,RnDHFR (R. norvegicus)
CHEMBL668777,Nc1nc(N)c2c3c(oc2n1)CN(Cc1ccc(Cl)cc1Cl)CC3,CHEMBL287579,IC50,nM,50900.0,CHEMBL2363,IC50,uM,50.9,RnDHFR (R. norvegicus)
CHEMBL669014,COc1ccc(OCCCCCC(=O)O)cc1Cc1cnc(N)nc1N,CHEMBL285448,IC50,nM,17000.0,CHEMBL2363,IC50,uM,17.0,RnDHFR (R. norvegicus)
CHEMBL668777,CN(Cc1cnc2nc(N)nc(N)c2n1)c1ccc(C(=O)N[C@@H](CCC(=O)O)C(=O)O)cc1,CHEMBL34259,IC50,nM,3.0,CHEMBL2363,IC50,uM,0.003,RnDHFR (R. norvegicus)
CHEMBL669014,CCCCCCCCCOc1ccc(OC)c(Cc2cnc(N)nc2N)c1,CHEMBL420384,IC50,nM,86000.0,CHEMBL2363,IC50,uM,86.0,RnDHFR (R. norvegicus)
CHEMBL669014,CCCCCCCCOc1ccc(OC)c(Cc2cnc(N)nc2N)c1,CHEMBL78648,IC50,nM,30000.0,CHEMBL2363,IC50,uM,30.0,RnDHFR (R. norvegicus)
CHEMBL668777,COc1cc(Cc2cnc(N)nc2N)cc(OC)c1OC,CHEMBL22,IC50,nM,133000.0,CHEMBL2363,IC50,uM,133.0,RnDHFR (R. norvegicus)
CHEMBL669014,COc1ccc(OCCCCC(=O)O)cc1Cc1cnc(N)nc1N,CHEMBL37520,IC50,nM,3900.0,CHEMBL2363,IC50,uM,3.9,RnDHFR (R. norvegicus)
CHEMBL669014,CCCCCCOc1ccc(OC)c(Cc2cnc(N)nc2N)c1,CHEMBL284851,IC50,nM,29000.0,CHEMBL2363,IC50,uM,29.0,RnDHFR (R. norvegicus)
CHEMBL669014,CCCCCCCOc1ccc(OC)c(Cc2cnc(N)nc2N)c1,CHEMBL287481,IC50,nM,11000.0,CHEMBL2363,IC50,uM,11.0,RnDHFR (R. norvegicus)
CHEMBL669014,CCCCCOc1ccc(OC)c(Cc2cnc(N)nc2N)c1,CHEMBL79890,IC50,nM,44000.0,CHEMBL2363,IC50,uM,44.0,RnDHFR (R. norvegicus)
CHEMBL667227,COc1cc(Cc2cnc(N)nc2N)cc(OC)c1OC,CHEMBL22,IC50,nM,260000.0,CHEMBL2363,I50,uM,260.0,RnDHFR (R. norvegicus)
CHEMBL668777,Nc1nc(N)c2c3c(oc2n1)CN(Cc1c(Cl)cccc1Cl)CC3,CHEMBL281962,IC50,nM,81200.0,CHEMBL2363,IC50,uM,81.2,RnDHFR (R. norvegicus)
CHEMBL669014,COc1ccc(OCCCCCCC(=O)O)cc1Cc1cnc(N)nc1N,CHEMBL36310,IC50,nM,12000.0,CHEMBL2363,IC50,uM,12.0,RnDHFR (R. norvegicus)
CHEMBL669014,COc1cc(Cc2cnc(N)nc2N)cc(OC)c1OC,CHEMBL22,IC50,nM,130000.0,CHEMBL2363,IC50,uM,130.0,RnDHFR (R. norvegicus)
CHEMBL668777,Nc1nc(N)c2c3c(oc2n1)CN(Cc1ccc(Cl)c(Cl)c1)CC3,CHEMBL31273,IC50,nM,20600.0,CHEMBL2363,IC50,uM,20.6,RnDHFR (R. norvegicus)
CHEMBL668777,Nc1nc(N)c2c3c(oc2n1)CN(Cc1ccccc1)CC3,CHEMBL30403,IC50,nM,15000.0,CHEMBL2363,IC50,uM,15.0,RnDHFR (R. norvegicus)
CHEMBL668777,Nc1nc(N)c2c3c(oc2n1)CN(Cc1ccc(C(=O)N[C@@H](CCC(=O)O)C(=O)O)cc1)CC3,CHEMBL418214,IC50,nM,85800.0,CHEMBL2363,IC50,uM,85.8,RnDHFR (R. norvegicus)
CHEMBL668777,CN(Cc1coc2nc(N)nc(N)c12)c1ccc(C(=O)NC(CCC(=O)O)C(=O)O)cc1,CHEMBL278515,IC50,nM,430.0,CHEMBL2363,IC50,uM,0.43,RnDHFR (R. norvegicus)
CHEMBL668777,COc1cc(CN2CCc3c(oc4nc(N)nc(N)c34)C2)cc(OC)c1,CHEMBL284960,IC50,nM,22800.0,CHEMBL2363,IC50,uM,22.8,RnDHFR (R. norvegicus)
CHEMBL669014,COc1ccc(OC)c(Cc2cnc3nc(N)nc(N)c3c2C)c1,CHEMBL7492,IC50,nM,1.5,CHEMBL2363,IC50,uM,0.0015,RnDHFR (R. norvegicus)
CHEMBL669014,COc1ccc(OCCCC(=O)O)cc1Cc1cnc(N)nc1N,CHEMBL37696,IC50,nM,2600.0,CHEMBL2363,IC50,uM,2.6,RnDHFR (R. norvegicus)
CHEMBL668777,Nc1nc(N)c2c(CNc3ccc(C(=O)NC(CCC(=O)O)C(=O)O)cc3)coc2n1,CHEMBL17383,IC50,nM,1300.0,CHEMBL2363,IC50,uM,1.3,RnDHFR (R. norvegicus)
CHEMBL668777,COc1cc(NCc2ccc3nc(N)nc(N)c3c2C)cc(OC)c1OC,CHEMBL119,IC50,nM,3.0,CHEMBL2363,IC50,uM,0.003,RnDHFR (R. norvegicus)
CHEMBL884430,COc1ccc(OC)c(CCCNc2ccc3nc(N)nc(N)c3c2Cl)c1,CHEMBL138625,IC50,nM,1900.0,CHEMBL2363,IC50,uM,1.9,RnDHFR (R. norvegicus)
CHEMBL884430,COc1ccc(OC)c(NCc2ccc3nc(N)nc(N)c3c2Cl)c1,CHEMBL88430,IC50,nM,44.0,CHEMBL2363,IC50,uM,0.044,RnDHFR (R. norvegicus)
CHEMBL884430,COc1cc(Cc2cnc(N)nc2N)cc(OC)c1OC,CHEMBL22,IC50,nM,130000.0,CHEMBL2363,IC50,uM,130.0,RnDHFR (R. norvegicus)
CHEMBL884430,COc1ccc(OC)c(CNc2ccc3nc(N)nc(N)c3c2Cl)c1,CHEMBL138060,IC50,nM,28.0,CHEMBL2363,IC50,uM,0.028,RnDHFR (R. norvegicus)
CHEMBL884430,COc1cc(CN(C)c2ccc3nc(N)nc(N)c3c2Cl)cc(OC)c1OC,CHEMBL138265,IC50,nM,38.0,CHEMBL2363,IC50,uM,0.038,RnDHFR (R. norvegicus)
CHEMBL884430,COc1cc(CCNc2ccc3nc(N)nc(N)c3c2Cl)cc(OC)c1OC,CHEMBL141417,IC50,nM,5400.0,CHEMBL2363,IC50,uM,5.4,RnDHFR (R. norvegicus)
CHEMBL884430,COc1ccc(OC)c(Cc2cnc3nc(N)nc(N)c3c2C)c1,CHEMBL7492,IC50,nM,1.5,CHEMBL2363,IC50,uM,0.0015,RnDHFR (R. norvegicus)
CHEMBL884430,COc1cc(CCCNc2ccc3nc(N)nc(N)c3c2Cl)cc(OC)c1OC,CHEMBL141469,IC50,nM,19000.0,CHEMBL2363,IC50,uM,19.0,RnDHFR (R. norvegicus)
CHEMBL884430,COc1cc(NCc2ccc3nc(N)nc(N)c3c2Cl)cc(OC)c1OC,CHEMBL88555,IC50,nM,5.9,CHEMBL2363,IC50,uM,0.0059,RnDHFR (R. norvegicus)
CHEMBL884430,COc1cc(NCc2ccc3nc(N)nc(N)c3c2C)cc(OC)c1OC,CHEMBL119,IC50,nM,3.0,CHEMBL2363,IC50,uM,0.003,RnDHFR (R. norvegicus)
CHEMBL884430,CCc1nc(N)nc(N)c1-c1ccc(Cl)cc1,CHEMBL36,IC50,nM,2300.0,CHEMBL2363,IC50,uM,2.3,RnDHFR (R. norvegicus)
CHEMBL884430,COc1ccc(OC)c(CCNc2ccc3nc(N)nc(N)c3c2Cl)c1,CHEMBL141903,IC50,nM,2100.0,CHEMBL2363,IC50,uM,2.1,RnDHFR (R. norvegicus)
CHEMBL884430,COc1cc(CNc2ccc3nc(N)nc(N)c3c2Cl)cc(OC)c1OC,CHEMBL137942,IC50,nM,6.0,CHEMBL2363,IC50,uM,0.006,RnDHFR (R. norvegicus)
CHEMBL884430,COc1cc(N(C)Cc2ccc3nc(N)nc(N)c3c2Cl)cc(OC)c1OC,CHEMBL328897,IC50,nM,12.0,CHEMBL2363,IC50,uM,0.012,RnDHFR (R. norvegicus)
CHEMBL666700,COc1cc(Cc2cnc(N)nc2N)cc(OC)c1OC,CHEMBL22,IC50,nM,180000.0,CHEMBL2363,IC50,uM,180.0,RnDHFR (R. norvegicus)
CHEMBL666700,COc1ccc(C#CCCCCC(=O)O)cc1Cc1cnc(N)nc1N,CHEMBL33922,IC50,nM,25000.0,CHEMBL2363,IC50,uM,25.0,RnDHFR (R. norvegicus)
CHEMBL666700,COc1ccc(OCc2cccc(C(=O)O)c2)cc1Cc1cnc(N)nc1N,CHEMBL288647,IC50,nM,19000.0,CHEMBL2363,IC50,uM,19.0,RnDHFR (R. norvegicus)
CHEMBL666700,COc1ccc(C#CCCC(=O)O)cc1Cc1cnc(N)nc1N,CHEMBL34823,IC50,nM,4000.0,CHEMBL2363,IC50,uM,4.0,RnDHFR (R. norvegicus)
CHEMBL666700,COc1ccc(CCCCCCC(=O)O)cc1Cc1cnc(N)nc1N,CHEMBL288350,IC50,nM,4600.0,CHEMBL2363,IC50,uM,4.6,RnDHFR (R. norvegicus)
CHEMBL666700,COc1ccc(OCCCCC(=O)O)cc1Cc1cnc(N)nc1N,CHEMBL37520,IC50,nM,4600.0,CHEMBL2363,IC50,uM,4.6,RnDHFR (R. norvegicus)
CHEMBL666699,COc1ccc(OCCCC(=O)O)cc1Cc1cnc(N)nc1N,CHEMBL37696,IC50,nM,2700.0,CHEMBL2363,IC50,uM,2.7,RnDHFR (R. norvegicus)
CHEMBL666700,COc1ccc(C#CCCCC(=O)O)cc1Cc1cnc(N)nc1N,CHEMBL37334,IC50,nM,2200.0,CHEMBL2363,IC50,uM,2.2,RnDHFR (R. norvegicus)
CHEMBL666700,COc1ccc(OCc2ccc(C(=O)O)cc2)cc1Cc1cnc(N)nc1N,CHEMBL290806,IC50,nM,21000.0,CHEMBL2363,IC50,uM,21.0,RnDHFR (R. norvegicus)
CHEMBL666700,COc1ccc(CCCCCC(=O)O)cc1Cc1cnc(N)nc1N,CHEMBL33921,IC50,nM,4100.0,CHEMBL2363,IC50,uM,4.1,RnDHFR (R. norvegicus)
CHEMBL666700,COc1ccc(OC)c(Cc2cnc3nc(N)nc(N)c3c2C)c1,CHEMBL7492,IC50,nM,3.3,CHEMBL2363,IC50,uM,0.0033,RnDHFR (R. norvegicus)
CHEMBL665449,COc1ccc(OC)c(Cc2cnc3nc(N)nc(N)c3c2C)c1,CHEMBL7492,IC50,nM,1.5,CHEMBL2363,IC50,uM,0.0015,RnDHFR (R. norvegicus)
CHEMBL666700,COc1ccc(CCCCC(=O)O)cc1Cc1cnc(N)nc1N,CHEMBL285279,IC50,nM,3200.0,CHEMBL2363,IC50,uM,3.2,RnDHFR (R. norvegicus)
CHEMBL666700,COc1ccc(C#CCOc2ccccc2C(=O)O)cc1Cc1cnc(N)nc1N,CHEMBL35437,IC50,nM,6200.0,CHEMBL2363,IC50,uM,6.2,RnDHFR (R. norvegicus)
CHEMBL666700,COc1ccc(C#CCOc2cccc(C(=O)O)c2)cc1Cc1cnc(N)nc1N,CHEMBL35080,IC50,nM,14000.0,CHEMBL2363,IC50,uM,14.0,RnDHFR (R. norvegicus)
CHEMBL830957,COc1cc(CCC2CNc3nc(N)nc(N)c3C2)cc(OC)c1OC,CHEMBL423558,IC50,nM,6100.0,CHEMBL2363,IC50,uM,6.1,RnDHFR (R. norvegicus)
CHEMBL830838,COc1cc(CCC2CNc3nc(N)nc(N)c3C2)cc(OC)c1OC,CHEMBL423558,IC50,nM,6099.58,CHEMBL2363,pIC50,,5.2147,RnDHFR (R. norvegicus)
CHEMBL830957,COc1cc(N(C=O)Cc2cnc3nc(N)nc(N)c3c2)cc(OC)c1OC,CHEMBL342555,IC50,nM,7400.0,CHEMBL2363,IC50,uM,7.4,RnDHFR (R. norvegicus)
CHEMBL830838,COc1cc(N(C=O)Cc2cnc3nc(N)nc(N)c3c2)cc(OC)c1OC,CHEMBL342555,IC50,nM,7399.46,CHEMBL2363,pIC50,,5.1308,RnDHFR (R. norvegicus)
CHEMBL830957,COc1ccc(NCc2c[nH]c3nc(N)nc(N)c23)cc1,CHEMBL68673,IC50,nM,63000.0,CHEMBL2363,IC50,uM,63.0,RnDHFR (R. norvegicus)
CHEMBL830838,COc1ccc(NCc2c[nH]c3nc(N)nc(N)c23)cc1,CHEMBL68673,IC50,nM,62994.12,CHEMBL2363,pIC50,,4.2007,RnDHFR (R. norvegicus)
CHEMBL830957,COc1ccc(OC)c(NCc2c[nH]c3nc(N)nc(N)c23)c1,CHEMBL17323,IC50,nM,156000.0,CHEMBL2363,IC50,uM,156.0,RnDHFR (R. norvegicus)
CHEMBL830838,COc1ccc(OC)c(NCc2c[nH]c3nc(N)nc(N)c23)c1,CHEMBL17323,IC50,nM,155991.16,CHEMBL2363,pIC50,,3.8069,RnDHFR (R. norvegicus)
CHEMBL830957,Nc1nc(N)c2c(CNc3ccc(Cl)c(Cl)c3)c[nH]c2n1,CHEMBL17873,IC50,nM,14400.0,CHEMBL2363,IC50,uM,14.4,RnDHFR (R. norvegicus)
CHEMBL830838,Nc1nc(N)c2c(CNc3ccc(Cl)c(Cl)c3)c[nH]c2n1,CHEMBL17873,IC50,nM,14387.99,CHEMBL2363,pIC50,,4.842,RnDHFR (R. norvegicus)
CHEMBL830957,Nc1nc(N)c2c(CNc3cccc4ccccc34)c[nH]c2n1,CHEMBL276734,IC50,nM,59300.0,CHEMBL2363,IC50,uM,59.3,RnDHFR (R. norvegicus)
CHEMBL830838,Nc1nc(N)c2c(CNc3cccc4ccccc34)c[nH]c2n1,CHEMBL276734,IC50,nM,59306.19,CHEMBL2363,pIC50,,4.2269,RnDHFR (R. norvegicus)
CHEMBL830957,COc1ccc(NCc2c[nH]c3nc(N)nc(N)c23)cc1OC,CHEMBL68439,IC50,nM,116000.0,CHEMBL2363,IC50,uM,116.0,RnDHFR (R. norvegicus)
CHEMBL830838,COc1ccc(NCc2c[nH]c3nc(N)nc(N)c23)cc1OC,CHEMBL68439,IC50,nM,116011.22,CHEMBL2363,pIC50,,3.9355,RnDHFR (R. norvegicus)
CHEMBL830957,Nc1nc(N)c2c(CSc3cccc4ccccc34)coc2n1,CHEMBL283515,IC50,nM,23000.0,CHEMBL2363,IC50,uM,23.0,RnDHFR (R. norvegicus)
CHEMBL830838,Nc1nc(N)c2c(CSc3cccc4ccccc34)coc2n1,CHEMBL283515,IC50,nM,22998.53,CHEMBL2363,pIC50,,4.6383,RnDHFR (R. norvegicus)
CHEMBL830957,Nc1nc(N)c2c(CNc3cccc4ccccc34)coc2n1,CHEMBL23846,IC50,nM,12000.0,CHEMBL2363,IC50,uM,12.0,RnDHFR (R. norvegicus)
CHEMBL830838,Nc1nc(N)c2c(CNc3cccc4ccccc34)coc2n1,CHEMBL23846,IC50,nM,12000.52,CHEMBL2363,pIC50,,4.9208,RnDHFR (R. norvegicus)
CHEMBL830957,Nc1nc(N)c2c(CNc3ccc4ccccc4c3)coc2n1,CHEMBL279914,IC50,nM,36500.0,CHEMBL2363,IC50,uM,36.5,RnDHFR (R. norvegicus)
CHEMBL830838,Nc1nc(N)c2c(CNc3ccc4ccccc4c3)coc2n1,CHEMBL279914,IC50,nM,36500.6,CHEMBL2363,pIC50,,4.4377,RnDHFR (R. norvegicus)
CHEMBL830957,Nc1nc(N)c2c(CNc3ccccc3-c3ccccc3)coc2n1,CHEMBL23960,IC50,nM,137000.0,CHEMBL2363,IC50,uM,137.0,RnDHFR (R. norvegicus)
CHEMBL830838,Nc1nc(N)c2c(CNc3ccccc3-c3ccccc3)coc2n1,CHEMBL23960,IC50,nM,136993.51,CHEMBL2363,pIC50,,3.8633,RnDHFR (R. norvegicus)
CHEMBL830957,Nc1nc(N)c2c(CNc3ccc(Oc4ccccc4)cc3)coc2n1,CHEMBL23297,IC50,nM,16200.0,CHEMBL2363,IC50,uM,16.2,RnDHFR (R. norvegicus)
CHEMBL830838,Nc1nc(N)c2c(CNc3ccc(Oc4ccccc4)cc3)coc2n1,CHEMBL23297,IC50,nM,16199.44,CHEMBL2363,pIC50,,4.7905,RnDHFR (R. norvegicus)
CHEMBL830957,CN(Cc1coc2nc(N)nc(N)c12)c1ccc2ccccc2c1,CHEMBL22561,IC50,nM,14600.0,CHEMBL2363,IC50,uM,14.6,RnDHFR (R. norvegicus)
CHEMBL830838,CN(Cc1coc2nc(N)nc(N)c12)c1ccc2ccccc2c1,CHEMBL22561,IC50,nM,14601.58,CHEMBL2363,pIC50,,4.8356,RnDHFR (R. norvegicus)
CHEMBL830957,Nc1nc(N)c2c(CSc3ccc4ccccc4c3)coc2n1,CHEMBL283311,IC50,nM,12300.0,CHEMBL2363,IC50,uM,12.3,RnDHFR (R. norvegicus)
CHEMBL830838,Nc1nc(N)c2c(CSc3ccc4ccccc4c3)coc2n1,CHEMBL283311,IC50,nM,12299.86,CHEMBL2363,pIC50,,4.9101,RnDHFR (R. norvegicus)
CHEMBL830957,CN(Cc1coc2nc(N)nc(N)c12)c1cc(Cl)c(Cl)c(Cl)c1,CHEMBL278110,IC50,nM,34300.0,CHEMBL2363,IC50,uM,34.3,RnDHFR (R. norvegicus)
CHEMBL830838,CN(Cc1coc2nc(N)nc(N)c12)c1cc(Cl)c(Cl)c(Cl)c1,CHEMBL278110,IC50,nM,34300.46,CHEMBL2363,pIC50,,4.4647,RnDHFR (R. norvegicus)
CHEMBL830957,Nc1nc(N)c2nc(CNc3ccc(Cl)c(Cl)c3)ccc2n1,CHEMBL292427,IC50,nM,54.0,CHEMBL2363,IC50,uM,0.054,RnDHFR (R. norvegicus)
CHEMBL830838,Nc1nc(N)c2nc(CNc3ccc(Cl)c(Cl)c3)ccc2n1,CHEMBL292427,IC50,nM,54.0,CHEMBL2363,pIC50,,7.2676,RnDHFR (R. norvegicus)
CHEMBL830957,Nc1nc(N)c2nc(CNc3ccc4ccccc4c3)ccc2n1,CHEMBL417746,IC50,nM,210.0,CHEMBL2363,IC50,uM,0.21,RnDHFR (R. norvegicus)
CHEMBL830838,Nc1nc(N)c2nc(CNc3ccc4ccccc4c3)ccc2n1,CHEMBL417746,IC50,nM,209.99,CHEMBL2363,pIC50,,6.6778,RnDHFR (R. norvegicus)
CHEMBL830957,COc1ccc(NCc2ccc3nc(N)nc(N)c3n2)cc1OC,CHEMBL55928,IC50,nM,60.0,CHEMBL2363,IC50,uM,0.06,RnDHFR (R. norvegicus)
CHEMBL830838,COc1ccc(NCc2ccc3nc(N)nc(N)c3n2)cc1OC,CHEMBL55928,IC50,nM,60.01,CHEMBL2363,pIC50,,7.2218,RnDHFR (R. norvegicus)
CHEMBL830957,Nc1nc(N)c2nc(CNc3cccc(Cl)c3)ccc2n1,CHEMBL54618,IC50,nM,140.0,CHEMBL2363,IC50,uM,0.14,RnDHFR (R. norvegicus)
CHEMBL830838,Nc1nc(N)c2nc(CNc3cccc(Cl)c3)ccc2n1,CHEMBL54618,IC50,nM,139.96,CHEMBL2363,pIC50,,6.854,RnDHFR (R. norvegicus)
CHEMBL830957,COc1cccc(NCc2ccc3nc(N)nc(N)c3n2)c1,CHEMBL52836,IC50,nM,200.0,CHEMBL2363,IC50,uM,0.2,RnDHFR (R. norvegicus)
CHEMBL830838,COc1cccc(NCc2ccc3nc(N)nc(N)c3n2)c1,CHEMBL52836,IC50,nM,199.99,CHEMBL2363,pIC50,,6.699,RnDHFR (R. norvegicus)
CHEMBL830957,COc1ccccc1NCc1ccc2nc(N)nc(N)c2n1,CHEMBL54523,IC50,nM,420.0,CHEMBL2363,IC50,uM,0.42,RnDHFR (R. norvegicus)
CHEMBL830838,COc1ccccc1NCc1ccc2nc(N)nc(N)c2n1,CHEMBL54523,IC50,nM,419.95,CHEMBL2363,pIC50,,6.3768,RnDHFR (R. norvegicus)
CHEMBL830957,Nc1nc(N)c2nc(CNc3ccccc3Cl)ccc2n1,CHEMBL53165,IC50,nM,140.0,CHEMBL2363,IC50,uM,0.14,RnDHFR (R. norvegicus)
CHEMBL830838,Nc1nc(N)c2nc(CNc3ccccc3Cl)ccc2n1,CHEMBL53165,IC50,nM,139.96,CHEMBL2363,pIC50,,6.854,RnDHFR (R. norvegicus)
CHEMBL830957,COc1cc(NCc2ccc3nc(N)nc(N)c3n2)cc(OC)c1OC,CHEMBL55179,IC50,nM,200.0,CHEMBL2363,IC50,uM,0.2,RnDHFR (R. norvegicus)
CHEMBL830838,COc1cc(NCc2ccc3nc(N)nc(N)c3n2)cc(OC)c1OC,CHEMBL55179,IC50,nM,199.99,CHEMBL2363,pIC50,,6.699,RnDHFR (R. norvegicus)
CHEMBL830957,COc1ccc(N(C)Cc2ccc3nc(N)nc(N)c3n2)cc1,CHEMBL415962,IC50,nM,18.0,CHEMBL2363,IC50,uM,0.018,RnDHFR (R. norvegicus)
CHEMBL830838,COc1ccc(N(C)Cc2ccc3nc(N)nc(N)c3n2)cc1,CHEMBL415962,IC50,nM,18.0,CHEMBL2363,pIC50,,7.7447,RnDHFR (R. norvegicus)
CHEMBL830957,Nc1nc(N)c2nc(CNc3ccccc3)ccc2n1,CHEMBL54733,IC50,nM,260.0,CHEMBL2363,IC50,uM,0.26,RnDHFR (R. norvegicus)
CHEMBL830838,Nc1nc(N)c2nc(CNc3ccccc3)ccc2n1,CHEMBL54733,IC50,nM,260.02,CHEMBL2363,pIC50,,6.585,RnDHFR (R. norvegicus)
CHEMBL830957,Nc1nc(N)c2nc(CNc3cc(Cl)c(Cl)c(Cl)c3)ccc2n1,CHEMBL53420,IC50,nM,44.0,CHEMBL2363,IC50,uM,0.044,RnDHFR (R. norvegicus)
CHEMBL830838,Nc1nc(N)c2nc(CNc3cc(Cl)c(Cl)c(Cl)c3)ccc2n1,CHEMBL53420,IC50,nM,44.0,CHEMBL2363,pIC50,,7.3565,RnDHFR (R. norvegicus)
CHEMBL830957,Nc1nc(N)c2nc(CNc3c(Cl)cccc3Cl)ccc2n1,CHEMBL54913,IC50,nM,82.0,CHEMBL2363,IC50,uM,0.082,RnDHFR (R. norvegicus)
CHEMBL830957,COc1cc(NCc2cnc3nc(N)nc(N)c3c2C)cc(OC)c1OC,CHEMBL23532,IC50,nM,2.1,CHEMBL2363,IC50,uM,0.0021,RnDHFR (R. norvegicus)
CHEMBL830838,COc1cc(NCc2cnc3nc(N)nc(N)c3c2C)cc(OC)c1OC,CHEMBL23532,IC50,nM,2.1,CHEMBL2363,pIC50,,8.6778,RnDHFR (R. norvegicus)
CHEMBL830957,COc1cc(N(C)Cc2cnc3nc(N)nc(N)c3c2C)cc(OC)c1OC,CHEMBL50514,IC50,nM,7.6,CHEMBL2363,IC50,uM,0.0076,RnDHFR (R. norvegicus)
CHEMBL830838,COc1cc(N(C)Cc2cnc3nc(N)nc(N)c3c2C)cc(OC)c1OC,CHEMBL50514,IC50,nM,7.211,CHEMBL2363,pIC50,,8.142,RnDHFR (R. norvegicus)
CHEMBL830957,COc1cc(N(C=O)Cc2cnc3nc(N)nc(N)c3c2C)cc(OC)c1OC,CHEMBL115788,IC50,nM,110.0,CHEMBL2363,IC50,uM,0.11,RnDHFR (R. norvegicus)
CHEMBL830838,COc1cc(N(C=O)Cc2cnc3nc(N)nc(N)c3c2C)cc(OC)c1OC,CHEMBL115788,IC50,nM,109.9,CHEMBL2363,pIC50,,6.959,RnDHFR (R. norvegicus)
CHEMBL830957,Cc1c(CNc2ccc(Cl)c(Cl)c2)cnc2nc(N)nc(N)c12,CHEMBL81820,IC50,nM,53.0,CHEMBL2363,IC50,uM,0.053,RnDHFR (R. norvegicus)
CHEMBL830838,Cc1c(CNc2ccc(Cl)c(Cl)c2)cnc2nc(N)nc(N)c12,CHEMBL81820,IC50,nM,52.97,CHEMBL2363,pIC50,,7.276,RnDHFR (R. norvegicus)
CHEMBL830957,Cc1c(CN(C=O)c2ccc(Cl)c(Cl)c2)cnc2nc(N)nc(N)c12,CHEMBL116614,IC50,nM,140.0,CHEMBL2363,IC50,uM,0.14,RnDHFR (R. norvegicus)
CHEMBL830838,Cc1c(CN(C=O)c2ccc(Cl)c(Cl)c2)cnc2nc(N)nc(N)c12,CHEMBL116614,IC50,nM,139.96,CHEMBL2363,pIC50,,6.854,RnDHFR (R. norvegicus)
CHEMBL830957,Cc1c(CN(C)c2ccc(Cl)c(Cl)c2)cnc2nc(N)nc(N)c12,CHEMBL82975,IC50,nM,42.0,CHEMBL2363,IC50,uM,0.042,RnDHFR (R. norvegicus)
CHEMBL830838,Cc1c(CN(C)c2ccc(Cl)c(Cl)c2)cnc2nc(N)nc(N)c12,CHEMBL82975,IC50,nM,42.0,CHEMBL2363,pIC50,,7.3768,RnDHFR (R. norvegicus)
CHEMBL830957,Cc1c(CNc2cc(Cl)c(Cl)c(Cl)c2)cnc2nc(N)nc(N)c12,CHEMBL420224,IC50,nM,33.0,CHEMBL2363,IC50,uM,0.033,RnDHFR (R. norvegicus)
CHEMBL830838,Cc1c(CNc2cc(Cl)c(Cl)c(Cl)c2)cnc2nc(N)nc(N)c12,CHEMBL420224,IC50,nM,32.96,CHEMBL2363,pIC50,,7.482,RnDHFR (R. norvegicus)
CHEMBL830957,Cc1c(CN(C=O)c2cc(Cl)c(Cl)c(Cl)c2)cnc2nc(N)nc(N)c12,CHEMBL334271,IC50,nM,250.0,CHEMBL2363,IC50,uM,0.25,RnDHFR (R. norvegicus)
CHEMBL830838,Cc1c(CN(C=O)c2cc(Cl)c(Cl)c(Cl)c2)cnc2nc(N)nc(N)c12,CHEMBL334271,IC50,nM,250.03,CHEMBL2363,pIC50,,6.602,RnDHFR (R. norvegicus)
CHEMBL830957,Cc1c(CNc2cccc3ccccc23)cnc2nc(N)nc(N)c12,CHEMBL23867,IC50,nM,29.6,CHEMBL2363,IC50,uM,0.0296,RnDHFR (R. norvegicus)
CHEMBL830838,Cc1c(CNc2cccc3ccccc23)cnc2nc(N)nc(N)c12,CHEMBL23867,IC50,nM,29.6,CHEMBL2363,pIC50,,7.5287,RnDHFR (R. norvegicus)
CHEMBL830957,COc1ccc(OC)c(NCc2cnc3nc(N)nc(N)c3c2C)c1,CHEMBL23021,IC50,nM,128.0,CHEMBL2363,IC50,uM,0.128,RnDHFR (R. norvegicus)
CHEMBL830838,COc1ccc(OC)c(NCc2cnc3nc(N)nc(N)c3c2C)c1,CHEMBL23021,IC50,nM,127.94,CHEMBL2363,pIC50,,6.893,RnDHFR (R. norvegicus)
CHEMBL830957,COc1ccc(OC)c(N(C)Cc2cnc3nc(N)nc(N)c3c2C)c1,CHEMBL281803,IC50,nM,407.0,CHEMBL2363,IC50,uM,0.407,RnDHFR (R. norvegicus)
CHEMBL830838,COc1ccc(OC)c(N(C)Cc2cnc3nc(N)nc(N)c3c2C)c1,CHEMBL281803,IC50,nM,407.01,CHEMBL2363,pIC50,,6.3904,RnDHFR (R. norvegicus)
CHEMBL830957,CCOc1ccc(OCC)c(NCc2cnc3nc(N)nc(N)c3c2C)c1,CHEMBL279679,IC50,nM,17.4,CHEMBL2363,IC50,uM,0.0174,RnDHFR (R. norvegicus)
CHEMBL830838,CCOc1ccc(OCC)c(NCc2cnc3nc(N)nc(N)c3c2C)c1,CHEMBL279679,IC50,nM,17.4,CHEMBL2363,pIC50,,7.7595,RnDHFR (R. norvegicus)
CHEMBL830957,CCOc1ccc(OCC)c(N(C)Cc2cnc3nc(N)nc(N)c3c2C)c1,CHEMBL23844,IC50,nM,3000.0,CHEMBL2363,IC50,uM,3.0,RnDHFR (R. norvegicus)
CHEMBL830838,CCOc1ccc(OCC)c(N(C)Cc2cnc3nc(N)nc(N)c3c2C)c1,CHEMBL23844,IC50,nM,2999.16,CHEMBL2363,pIC50,,5.523,RnDHFR (R. norvegicus)
CHEMBL830957,COc1ccc(N(C)Cc2cnc3nc(N)nc(N)c3c2C)c(OC)c1,CHEMBL23705,IC50,nM,330.0,CHEMBL2363,IC50,uM,0.33,RnDHFR (R. norvegicus)
CHEMBL830838,COc1ccc(N(C)Cc2cnc3nc(N)nc(N)c3c2C)c(OC)c1,CHEMBL23705,IC50,nM,329.61,CHEMBL2363,pIC50,,6.482,RnDHFR (R. norvegicus)
CHEMBL830957,COc1ccc(N(C)Cc2cnc3nc(N)nc(N)c3c2C)cc1OC,CHEMBL279680,IC50,nM,44.0,CHEMBL2363,IC50,uM,0.044,RnDHFR (R. norvegicus)
CHEMBL830838,COc1ccc(N(C)Cc2cnc3nc(N)nc(N)c3c2C)cc1OC,CHEMBL279680,IC50,nM,44.0,CHEMBL2363,pIC50,,7.3565,RnDHFR (R. norvegicus)
CHEMBL830957,COc1ccc(NCc2cnc3nc(N)nc(N)c3c2C)cc1OC,CHEMBL283518,IC50,nM,7.6,CHEMBL2363,IC50,uM,0.0076,RnDHFR (R. norvegicus)
CHEMBL830838,COc1ccc(NCc2cnc3nc(N)nc(N)c3c2C)cc1OC,CHEMBL283518,IC50,nM,7.603,CHEMBL2363,pIC50,,8.119,RnDHFR (R. norvegicus)
CHEMBL830957,COc1ccc(NCc2cnc3nc(N)nc(N)c3c2C)c(OC)c1,CHEMBL279983,IC50,nM,214.0,CHEMBL2363,IC50,uM,0.214,RnDHFR (R. norvegicus)
CHEMBL830838,COc1ccc(NCc2cnc3nc(N)nc(N)c3c2C)c(OC)c1,CHEMBL279983,IC50,nM,213.99,CHEMBL2363,pIC50,,6.6696,RnDHFR (R. norvegicus)
CHEMBL830957,COc1cc(NCc2cnc3nc(N)nc(N)c3c2C)cc(OC)c1,CHEMBL23569,IC50,nM,42.5,CHEMBL2363,IC50,uM,0.0425,RnDHFR (R. norvegicus)
CHEMBL830838,COc1cc(NCc2cnc3nc(N)nc(N)c3c2C)cc(OC)c1,CHEMBL23569,IC50,nM,42.46,CHEMBL2363,pIC50,,7.372,RnDHFR (R. norvegicus)
CHEMBL830957,COc1cc(OC)cc(N(C)Cc2cnc3nc(N)nc(N)c3c2C)c1,CHEMBL22623,IC50,nM,170.0,CHEMBL2363,IC50,uM,0.17,RnDHFR (R. norvegicus)
CHEMBL830838,COc1cc(OC)cc(N(C)Cc2cnc3nc(N)nc(N)c3c2C)c1,CHEMBL22623,IC50,nM,169.82,CHEMBL2363,pIC50,,6.77,RnDHFR (R. norvegicus)
CHEMBL830957,COc1ccc(NCc2cnc3nc(N)nc(N)c3c2C)c2ccccc12,CHEMBL53903,IC50,nM,54.0,CHEMBL2363,IC50,uM,0.054,RnDHFR (R. norvegicus)
CHEMBL830838,COc1ccc(NCc2cnc3nc(N)nc(N)c3c2C)c2ccccc12,CHEMBL53903,IC50,nM,54.0,CHEMBL2363,pIC50,,7.2676,RnDHFR (R. norvegicus)
CHEMBL830957,C#CCN(Cc1cnc2nc(N)nc(N)c2c1C)c1cc(OC)c(OC)c(OC)c1,CHEMBL49454,IC50,nM,11.8,CHEMBL2363,IC50,uM,0.0118,RnDHFR (R. norvegicus)
CHEMBL830838,C#CCN(Cc1cnc2nc(N)nc(N)c2c1C)c1cc(OC)c(OC)c(OC)c1,CHEMBL49454,IC50,nM,11.8,CHEMBL2363,pIC50,,7.9281,RnDHFR (R. norvegicus)
CHEMBL830957,COc1cc(N(Cc2cnc3nc(N)nc(N)c3c2C)C(C)C)cc(OC)c1OC,CHEMBL53693,IC50,nM,17.5,CHEMBL2363,IC50,uM,0.0175,RnDHFR (R. norvegicus)
CHEMBL830838,COc1cc(N(Cc2cnc3nc(N)nc(N)c3c2C)C(C)C)cc(OC)c1OC,CHEMBL53693,IC50,nM,17.5,CHEMBL2363,pIC50,,7.757,RnDHFR (R. norvegicus)
CHEMBL830957,CCN(Cc1cnc2nc(N)nc(N)c2c1C)c1cc(OC)c(OC)c(OC)c1,CHEMBL52433,IC50,nM,10.5,CHEMBL2363,IC50,uM,0.0105,RnDHFR (R. norvegicus)
CHEMBL830838,CCN(Cc1cnc2nc(N)nc(N)c2c1C)c1cc(OC)c(OC)c(OC)c1,CHEMBL52433,IC50,nM,10.5,CHEMBL2363,pIC50,,7.979,RnDHFR (R. norvegicus)
CHEMBL830957,COc1cc(NCc2cnc3nc(N)nc(N)c3c2)cc(OC)c1OC,CHEMBL23288,IC50,nM,1900.0,CHEMBL2363,IC50,uM,1.9,RnDHFR (R. norvegicus)
CHEMBL830838,COc1cc(NCc2cnc3nc(N)nc(N)c3c2)cc(OC)c1OC,CHEMBL23288,IC50,nM,1901.08,CHEMBL2363,pIC50,,5.721,RnDHFR (R. norvegicus)
CHEMBL830957,COc1cc(N(C)Cc2cnc3nc(N)nc(N)c3c2)cc(OC)c1OC,CHEMBL142741,IC50,nM,280.0,CHEMBL2363,IC50,uM,0.28,RnDHFR (R. norvegicus)
CHEMBL830838,COc1cc(N(C)Cc2cnc3nc(N)nc(N)c3c2)cc(OC)c1OC,CHEMBL142741,IC50,nM,280.03,CHEMBL2363,pIC50,,6.5528,RnDHFR (R. norvegicus)
CHEMBL830957,CCN(Cc1cnc2nc(N)nc(N)c2c1)c1cc(OC)c(OC)c(OC)c1,CHEMBL356490,IC50,nM,120.0,CHEMBL2363,IC50,uM,0.12,RnDHFR (R. norvegicus)
CHEMBL830838,CCN(Cc1cnc2nc(N)nc(N)c2c1)c1cc(OC)c(OC)c(OC)c1,CHEMBL356490,IC50,nM,120.01,CHEMBL2363,pIC50,,6.9208,RnDHFR (R. norvegicus)
CHEMBL830957,COc1ccc(/C=C/c2cnc3nc(N)nc(N)c3c2)cc1OC,CHEMBL141708,IC50,nM,2100.0,CHEMBL2363,IC50,uM,2.1,RnDHFR (R. norvegicus)
CHEMBL830838,COc1ccc(/C=C/c2cnc3nc(N)nc(N)c3c2)cc1OC,CHEMBL141708,IC50,nM,2099.91,CHEMBL2363,pIC50,,5.6778,RnDHFR (R. norvegicus)
CHEMBL830957,COc1ccc(/C=C/c2cnc3nc(N)nc(N)c3c2)cc1,CHEMBL145005,IC50,nM,11800.0,CHEMBL2363,IC50,uM,11.8,RnDHFR (R. norvegicus)
CHEMBL830838,COc1ccc(/C=C/c2cnc3nc(N)nc(N)c3c2)cc1,CHEMBL145005,IC50,nM,11800.49,CHEMBL2363,pIC50,,4.9281,RnDHFR (R. norvegicus)
CHEMBL830957,COc1cc(CCc2cnc3nc(N)nc(N)c3c2)cc(OC)c1OC,CHEMBL142624,IC50,nM,1140.0,CHEMBL2363,IC50,uM,1.14,RnDHFR (R. norvegicus)
CHEMBL830838,COc1cc(CCc2cnc3nc(N)nc(N)c3c2)cc(OC)c1OC,CHEMBL142624,IC50,nM,1139.99,CHEMBL2363,pIC50,,5.9431,RnDHFR (R. norvegicus)
CHEMBL830957,COc1ccc(CCc2cnc3nc(N)nc(N)c3c2)cc1OC,CHEMBL145068,IC50,nM,610.0,CHEMBL2363,IC50,uM,0.61,RnDHFR (R. norvegicus)
CHEMBL830838,COc1ccc(CCc2cnc3nc(N)nc(N)c3c2)cc1OC,CHEMBL145068,IC50,nM,609.96,CHEMBL2363,pIC50,,6.2147,RnDHFR (R. norvegicus)
CHEMBL830957,COc1ccc(CCc2cnc3nc(N)nc(N)c3c2)cc1,CHEMBL145528,IC50,nM,260.0,CHEMBL2363,IC50,uM,0.26,RnDHFR (R. norvegicus)
CHEMBL830838,COc1ccc(CCc2cnc3nc(N)nc(N)c3c2)cc1,CHEMBL145528,IC50,nM,260.02,CHEMBL2363,pIC50,,6.585,RnDHFR (R. norvegicus)
CHEMBL830957,COc1cc(NCc2cnc3nc(N)nc(N)c3c2C)c(O)cc1-n1cccc1,CHEMBL179131,IC50,nM,230.0,CHEMBL2363,IC50,uM,0.23,RnDHFR (R. norvegicus)
CHEMBL830838,COc1cc(NCc2cnc3nc(N)nc(N)c3c2C)c(O)cc1-n1cccc1,CHEMBL179131,IC50,nM,229.99,CHEMBL2363,pIC50,,6.6383,RnDHFR (R. norvegicus)
CHEMBL830957,COc1cc(NNCc2cnc3nc(N)nc(N)c3c2C)c(-n2cccc2)cc1OC,CHEMBL178512,IC50,nM,3500.0,CHEMBL2363,IC50,uM,3.5,RnDHFR (R. norvegicus)
CHEMBL830838,COc1cc(NNCc2cnc3nc(N)nc(N)c3c2C)c(-n2cccc2)cc1OC,CHEMBL178512,IC50,nM,3500.26,CHEMBL2363,pIC50,,5.4559,RnDHFR (R. norvegicus)
CHEMBL830957,Cc1c(C)c(-n2cccc2)c(C)c(C)c1NNCc1cnc2nc(N)nc(N)c2c1C,CHEMBL180476,IC50,nM,170.0,CHEMBL2363,IC50,uM,0.17,RnDHFR (R. norvegicus)
CHEMBL830838,Cc1c(C)c(-n2cccc2)c(C)c(C)c1NNCc1cnc2nc(N)nc(N)c2c1C,CHEMBL180476,IC50,nM,169.82,CHEMBL2363,pIC50,,6.77,RnDHFR (R. norvegicus)
CHEMBL830957,COc1ccc(-c2ccccc2)cc1NNCc1cnc2nc(N)nc(N)c2c1C,CHEMBL178888,IC50,nM,440.0,CHEMBL2363,IC50,uM,0.44,RnDHFR (R. norvegicus)
CHEMBL830838,COc1ccc(-c2ccccc2)cc1NNCc1cnc2nc(N)nc(N)c2c1C,CHEMBL178888,IC50,nM,440.05,CHEMBL2363,pIC50,,6.3565,RnDHFR (R. norvegicus)
CHEMBL830957,COc1cc(-n2ccc3c4c(N)nc(N)nc4nc(=O)c-3c2)cc(OC)c1OC,CHEMBL57682,IC50,nM,1120.0,CHEMBL2363,IC50,uM,1.12,RnDHFR (R. norvegicus)
CHEMBL830838,COc1cc(-n2ccc3c4c(N)nc(N)nc4nc(=O)c-3c2)cc(OC)c1OC,CHEMBL57682,IC50,nM,1119.95,CHEMBL2363,pIC50,,5.9508,RnDHFR (R. norvegicus)
CHEMBL830957,COc1cc(-n2ccc3c4c(N)nc(N)nc4nc(=O)c-3c2)cc(OC)c1OC,CHEMBL57682,IC50,nM,86.0,CHEMBL2363,IC50,uM,0.086,RnDHFR (R. norvegicus)
CHEMBL830838,COc1cc(-n2ccc3c4c(N)nc(N)nc4nc(=O)c-3c2)cc(OC)c1OC,CHEMBL57682,IC50,nM,86.1,CHEMBL2363,pIC50,,7.065,RnDHFR (R. norvegicus)
CHEMBL830957,COc1cc(N2C=Cc3c(cnc4nc(N)nc(N)c34)C2)cc(OC)c1OC,CHEMBL368645,IC50,nM,470.0,CHEMBL2363,IC50,uM,0.47,RnDHFR (R. norvegicus)
CHEMBL830838,COc1cc(N2C=Cc3c(cnc4nc(N)nc(N)c34)C2)cc(OC)c1OC,CHEMBL368645,IC50,nM,469.89,CHEMBL2363,pIC50,,6.328,RnDHFR (R. norvegicus)
CHEMBL830957,COc1cc(N2CCC3c4c(N)nc(N)nc4NCC3C2)cc(OC)c1OC,CHEMBL299927,IC50,nM,160.0,CHEMBL2363,IC50,uM,0.16,RnDHFR (R. norvegicus)
CHEMBL830838,COc1cc(N2CCC3c4c(N)nc(N)nc4NCC3C2)cc(OC)c1OC,CHEMBL299927,IC50,nM,159.99,CHEMBL2363,pIC50,,6.7959,RnDHFR (R. norvegicus)
CHEMBL830957,Nc1nc(N)c2c(n1)CCC(CNc1cccc3ccccc13)C2,CHEMBL121264,IC50,nM,139.0,CHEMBL2363,IC50,uM,0.139,RnDHFR (R. norvegicus)
CHEMBL830838,Nc1nc(N)c2c(n1)CCC(CNc1cccc3ccccc13)C2,CHEMBL121264,IC50,nM,139.0,CHEMBL2363,pIC50,,6.857,RnDHFR (R. norvegicus)
CHEMBL830957,CN(CC1CCc2nc(N)nc(N)c2C1)c1cccc2ccccc12,CHEMBL121348,IC50,nM,47.0,CHEMBL2363,IC50,uM,0.047,RnDHFR (R. norvegicus)
CHEMBL830838,CN(CC1CCc2nc(N)nc(N)c2C1)c1cccc2ccccc12,CHEMBL121348,IC50,nM,159.99,CHEMBL2363,pIC50,,6.7959,RnDHFR (R. norvegicus)
CHEMBL830957,COc1cc(N(C)CC2CCc3nc(N)nc(N)c3C2)cc(OC)c1OC,CHEMBL123122,IC50,nM,47.0,CHEMBL2363,IC50,uM,0.047,RnDHFR (R. norvegicus)
CHEMBL830838,COc1cc(N(C)CC2CCc3nc(N)nc(N)c3C2)cc(OC)c1OC,CHEMBL123122,IC50,nM,38.0,CHEMBL2363,pIC50,,7.4202,RnDHFR (R. norvegicus)
CHEMBL830957,Nc1nc(N)c2c(n1)CCC(CNc1ccc(Cl)c(Cl)c1)C2,CHEMBL120994,IC50,nM,150.0,CHEMBL2363,IC50,uM,0.15,RnDHFR (R. norvegicus)
CHEMBL830838,Nc1nc(N)c2c(n1)CCC(CNc1ccc(Cl)c(Cl)c1)C2,CHEMBL120994,IC50,nM,149.97,CHEMBL2363,pIC50,,6.824,RnDHFR (R. norvegicus)
CHEMBL830957,CN(CC1CCc2nc(N)nc(N)c2C1)c1ccc(Cl)c(Cl)c1,CHEMBL121433,IC50,nM,34.0,CHEMBL2363,IC50,uM,0.034,RnDHFR (R. norvegicus)
CHEMBL830838,CN(CC1CCc2nc(N)nc(N)c2C1)c1ccc(Cl)c(Cl)c1,CHEMBL121433,IC50,nM,34.0,CHEMBL2363,pIC50,,7.4685,RnDHFR (R. norvegicus)
CHEMBL830957,COc1cc(NCC2CCc3nc(N)nc(N)c3C2)cc(OC)c1OC,CHEMBL7488,IC50,nM,290.0,CHEMBL2363,IC50,uM,0.29,RnDHFR (R. norvegicus)
CHEMBL830838,COc1cc(NCC2CCc3nc(N)nc(N)c3C2)cc(OC)c1OC,CHEMBL7488,IC50,nM,290.0,CHEMBL2363,pIC50,,6.5376,RnDHFR (R. norvegicus)
CHEMBL830957,Nc1nc(N)c2c(n1)CCC(CNc1cccc(Br)c1)C2,CHEMBL123276,IC50,nM,227.0,CHEMBL2363,IC50,uM,0.227,RnDHFR (R. norvegicus)
CHEMBL830838,Nc1nc(N)c2c(n1)CCC(CNc1cccc(Br)c1)C2,CHEMBL123276,IC50,nM,226.99,CHEMBL2363,pIC50,,6.644,RnDHFR (R. norvegicus)
CHEMBL830957,Nc1nc(N)c2c(n1)CCC(CNc1c(Cl)cccc1Cl)C2,CHEMBL333791,IC50,nM,109.0,CHEMBL2363,IC50,uM,0.109,RnDHFR (R. norvegicus)
CHEMBL830838,Nc1nc(N)c2c(n1)CCC(CNc1c(Cl)cccc1Cl)C2,CHEMBL333791,IC50,nM,108.99,CHEMBL2363,pIC50,,6.9626,RnDHFR (R. norvegicus)
CHEMBL830957,CCOc1ccc(OCC)c(N(C)CC2CCc3nc(N)nc(N)c3C2)c1,CHEMBL264548,IC50,nM,116.0,CHEMBL2363,IC50,uM,0.116,RnDHFR (R. norvegicus)
CHEMBL830838,CCOc1ccc(OCC)c(N(C)CC2CCc3nc(N)nc(N)c3C2)c1,CHEMBL264548,IC50,nM,116.01,CHEMBL2363,pIC50,,6.9355,RnDHFR (R. norvegicus)
CHEMBL830957,COc1ccc(OC)c(NCC2CCc3nc(N)nc(N)c3C2)c1,CHEMBL7263,IC50,nM,560.0,CHEMBL2363,IC50,uM,0.56,RnDHFR (R. norvegicus)
CHEMBL830838,COc1ccc(OC)c(NCC2CCc3nc(N)nc(N)c3C2)c1,CHEMBL7263,IC50,nM,560.02,CHEMBL2363,pIC50,,6.2518,RnDHFR (R. norvegicus)
CHEMBL830957,CCOc1ccc(OCC)c(NCC2CCc3nc(N)nc(N)c3C2)c1,CHEMBL120939,IC50,nM,1470.0,CHEMBL2363,IC50,uM,1.47,RnDHFR (R. norvegicus)
CHEMBL830838,CCOc1ccc(OCC)c(NCC2CCc3nc(N)nc(N)c3C2)c1,CHEMBL120939,IC50,nM,1469.94,CHEMBL2363,pIC50,,5.8327,RnDHFR (R. norvegicus)
CHEMBL830957,Nc1nc(N)c2c(n1)CCC(CNc1cc(Cl)ccc1Cl)C2,CHEMBL121319,IC50,nM,240.0,CHEMBL2363,IC50,uM,0.24,RnDHFR (R. norvegicus)
CHEMBL830838,Nc1nc(N)c2c(n1)CCC(CNc1cc(Cl)ccc1Cl)C2,CHEMBL121319,IC50,nM,239.99,CHEMBL2363,pIC50,,6.6198,RnDHFR (R. norvegicus)
CHEMBL830957,Nc1nc(N)c2c(n1)CCC(CNc1cccc(Cl)c1)C2,CHEMBL178904,IC50,nM,128.0,CHEMBL2363,IC50,uM,0.128,RnDHFR (R. norvegicus)
CHEMBL830838,Nc1nc(N)c2c(n1)CCC(CNc1cccc(Cl)c1)C2,CHEMBL178904,IC50,nM,127.94,CHEMBL2363,pIC50,,6.893,RnDHFR (R. norvegicus)
CHEMBL830957,Nc1nc(N)c2c(n1)CCC(CN1CCc3ccccc31)C2,CHEMBL120826,IC50,nM,160.0,CHEMBL2363,IC50,uM,0.16,RnDHFR (R. norvegicus)
CHEMBL830838,Nc1nc(N)c2c(n1)CCC(CN1CCc3ccccc31)C2,CHEMBL120826,IC50,nM,159.99,CHEMBL2363,pIC50,,6.7959,RnDHFR (R. norvegicus)
CHEMBL830957,COCc1cc(N(C)CC2CCc3nc(N)nc(N)c3C2)cc(COC)c1COC,CHEMBL178684,IC50,nM,1630.0,CHEMBL2363,IC50,uM,1.63,RnDHFR (R. norvegicus)
CHEMBL830838,COCc1cc(N(C)CC2CCc3nc(N)nc(N)c3C2)cc(COC)c1COC,CHEMBL178684,IC50,nM,1630.05,CHEMBL2363,pIC50,,5.7878,RnDHFR (R. norvegicus)
CHEMBL830957,COc1ccc(OC)c(N(C)CC2CCc3nc(N)nc(N)c3C2)c1,CHEMBL121868,IC50,nM,260.0,CHEMBL2363,IC50,uM,0.26,RnDHFR (R. norvegicus)
CHEMBL830838,COc1ccc(OC)c(N(C)CC2CCc3nc(N)nc(N)c3C2)c1,CHEMBL121868,IC50,nM,260.02,CHEMBL2363,pIC50,,6.585,RnDHFR (R. norvegicus)
CHEMBL830957,CN(CC1CCc2nc(N)nc(N)c2C1)c1ccc(Cl)cc1,CHEMBL123043,IC50,nM,67.0,CHEMBL2363,IC50,uM,0.067,RnDHFR (R. norvegicus)
CHEMBL830838,CN(CC1CCc2nc(N)nc(N)c2C1)c1ccc(Cl)cc1,CHEMBL123043,IC50,nM,67.0,CHEMBL2363,pIC50,,7.1739,RnDHFR (R. norvegicus)
CHEMBL830957,CCN(CC1CCc2nc(N)nc(N)c2C1)c1cc(OC)ccc1OC,CHEMBL121683,IC50,nM,71.0,CHEMBL2363,IC50,uM,0.071,RnDHFR (R. norvegicus)
CHEMBL830838,CCN(CC1CCc2nc(N)nc(N)c2C1)c1cc(OC)ccc1OC,CHEMBL121683,IC50,nM,71.01,CHEMBL2363,pIC50,,7.1487,RnDHFR (R. norvegicus)
CHEMBL830957,C#CCN(CC1CCc2nc(N)nc(N)c2C1)c1cc(OC)c(OC)c(OC)c1,CHEMBL120821,IC50,nM,74.0,CHEMBL2363,IC50,uM,0.074,RnDHFR (R. norvegicus)
CHEMBL830838,C#CCN(CC1CCc2nc(N)nc(N)c2C1)c1cc(OC)c(OC)c(OC)c1,CHEMBL120821,IC50,nM,73.99,CHEMBL2363,pIC50,,7.1308,RnDHFR (R. norvegicus)
CHEMBL830957,COc1cc(NCC2CCc3nc(N)nc(N)c3C2)cc(OC)c1OC,CHEMBL7488,IC50,nM,290.0,CHEMBL2363,IC50,uM,0.29,RnDHFR (R. norvegicus)
CHEMBL830838,COc1cc(NCC2CCc3nc(N)nc(N)c3C2)cc(OC)c1OC,CHEMBL7488,IC50,nM,290.0,CHEMBL2363,pIC50,,6.5376,RnDHFR (R. norvegicus)
CHEMBL830838,Nc1nc(N)c2nc(CNc3c(Cl)cccc3Cl)ccc2n1,CHEMBL54913,IC50,nM,82.04,CHEMBL2363,pIC50,,7.086,RnDHFR (R. norvegicus)
CHEMBL830957,COc1ccc(NCc2ccc3nc(N)nc(N)c3n2)cc1,CHEMBL52777,IC50,nM,73.0,CHEMBL2363,IC50,uM,0.073,RnDHFR (R. norvegicus)
CHEMBL830838,COc1ccc(NCc2ccc3nc(N)nc(N)c3n2)cc1,CHEMBL52777,IC50,nM,73.0,CHEMBL2363,pIC50,,7.1367,RnDHFR (R. norvegicus)
CHEMBL830957,COc1ccc(OC)c(N(C)Cc2ccc3nc(N)nc(N)c3n2)c1,CHEMBL301105,IC50,nM,50.0,CHEMBL2363,IC50,uM,0.05,RnDHFR (R. norvegicus)
CHEMBL830838,COc1ccc(OC)c(N(C)Cc2ccc3nc(N)nc(N)c3n2)c1,CHEMBL301105,IC50,nM,50.0,CHEMBL2363,pIC50,,7.301,RnDHFR (R. norvegicus)
CHEMBL830957,COc1ccc(OC)c(NCc2ccc3nc(N)nc(N)c3n2)c1,CHEMBL52947,IC50,nM,280.0,CHEMBL2363,IC50,uM,0.28,RnDHFR (R. norvegicus)
CHEMBL830838,COc1ccc(OC)c(NCc2ccc3nc(N)nc(N)c3n2)c1,CHEMBL52947,IC50,nM,280.03,CHEMBL2363,pIC50,,6.5528,RnDHFR (R. norvegicus)
CHEMBL830957,Nc1nc(N)c2nc(CNc3c(Cl)cc(Cl)cc3Cl)ccc2n1,CHEMBL51706,IC50,nM,570.0,CHEMBL2363,IC50,uM,0.57,RnDHFR (R. norvegicus)
CHEMBL830838,Nc1nc(N)c2nc(CNc3c(Cl)cc(Cl)cc3Cl)ccc2n1,CHEMBL51706,IC50,nM,570.03,CHEMBL2363,pIC50,,6.2441,RnDHFR (R. norvegicus)
CHEMBL830957,COc1ccc(N(C)Cc2ccc3nc(N)nc(N)c3n2)cc1OC,CHEMBL57624,IC50,nM,2.7,CHEMBL2363,IC50,uM,0.0027,RnDHFR (R. norvegicus)
CHEMBL830838,COc1ccc(N(C)Cc2ccc3nc(N)nc(N)c3n2)cc1OC,CHEMBL57624,IC50,nM,270.02,CHEMBL2363,pIC50,,6.5686,RnDHFR (R. norvegicus)
CHEMBL830957,COc1ccccc1Sc1ccc2nc(N)nc(N)c2n1,CHEMBL142081,IC50,nM,230.0,CHEMBL2363,IC50,uM,0.23,RnDHFR (R. norvegicus)
CHEMBL830838,COc1ccccc1Sc1ccc2nc(N)nc(N)c2n1,CHEMBL142081,IC50,nM,229.99,CHEMBL2363,pIC50,,6.6383,RnDHFR (R. norvegicus)
CHEMBL830957,COc1ccc(Sc2ccc3nc(N)nc(N)c3n2)cc1,CHEMBL137844,IC50,nM,75.0,CHEMBL2363,IC50,uM,0.075,RnDHFR (R. norvegicus)
CHEMBL830838,COc1ccc(Sc2ccc3nc(N)nc(N)c3n2)cc1,CHEMBL137844,IC50,nM,74.99,CHEMBL2363,pIC50,,7.125,RnDHFR (R. norvegicus)
CHEMBL830957,COc1ccc(Sc2ccc3nc(N)nc(N)c3n2)cc1OC,CHEMBL137981,IC50,nM,18.0,CHEMBL2363,IC50,uM,0.018,RnDHFR (R. norvegicus)
CHEMBL830838,COc1ccc(Sc2ccc3nc(N)nc(N)c3n2)cc1OC,CHEMBL137981,IC50,nM,18.0,CHEMBL2363,pIC50,,7.7447,RnDHFR (R. norvegicus)
CHEMBL830957,COc1ccccc1S(=O)(=O)c1ccc2nc(N)nc(N)c2n1,CHEMBL337746,IC50,nM,1400.0,CHEMBL2363,IC50,uM,1.4,RnDHFR (R. norvegicus)
CHEMBL830838,COc1ccccc1S(=O)(=O)c1ccc2nc(N)nc(N)c2n1,CHEMBL337746,IC50,nM,1399.59,CHEMBL2363,pIC50,,5.854,RnDHFR (R. norvegicus)
CHEMBL830957,COc1ccccc1Nc1ccc2nc(N)nc(N)c2n1,CHEMBL140705,IC50,nM,260.0,CHEMBL2363,IC50,uM,0.26,RnDHFR (R. norvegicus)
CHEMBL830838,COc1ccccc1Nc1ccc2nc(N)nc(N)c2n1,CHEMBL140705,IC50,nM,260.02,CHEMBL2363,pIC50,,6.585,RnDHFR (R. norvegicus)
CHEMBL830957,COc1ccc(N(C)Cc2ccc3nc(N)nc(N)c3n2)c(OC)c1,CHEMBL299174,IC50,nM,16.0,CHEMBL2363,IC50,uM,0.016,RnDHFR (R. norvegicus)
CHEMBL830838,COc1ccc(N(C)Cc2ccc3nc(N)nc(N)c3n2)c(OC)c1,CHEMBL299174,IC50,nM,16.0,CHEMBL2363,pIC50,,7.7959,RnDHFR (R. norvegicus)
CHEMBL830957,COc1cccc(N(C)Cc2ccc3nc(N)nc(N)c3n2)c1,CHEMBL54792,IC50,nM,35.0,CHEMBL2363,IC50,uM,0.035,RnDHFR (R. norvegicus)
CHEMBL830838,COc1cccc(N(C)Cc2ccc3nc(N)nc(N)c3n2)c1,CHEMBL54792,IC50,nM,35.0,CHEMBL2363,pIC50,,7.4559,RnDHFR (R. norvegicus)
CHEMBL830957,CN(Cc1ccc2nc(N)nc(N)c2n1)c1ccc2ccccc2c1,CHEMBL55727,IC50,nM,7.2,CHEMBL2363,IC50,uM,0.0072,RnDHFR (R. norvegicus)
CHEMBL830838,CN(Cc1ccc2nc(N)nc(N)c2n1)c1ccc2ccccc2c1,CHEMBL55727,IC50,nM,7.199,CHEMBL2363,pIC50,,8.1427,RnDHFR (R. norvegicus)
CHEMBL830957,CN(Cc1ccc2nc(N)nc(N)c2n1)c1cccc2ccccc12,CHEMBL54538,IC50,nM,7.3,CHEMBL2363,IC50,uM,0.0073,RnDHFR (R. norvegicus)
CHEMBL830838,CN(Cc1ccc2nc(N)nc(N)c2n1)c1cccc2ccccc12,CHEMBL54538,IC50,nM,7.295,CHEMBL2363,pIC50,,8.137,RnDHFR (R. norvegicus)
CHEMBL830957,COc1ccccc1N(C)Cc1ccc2nc(N)nc(N)c2n1,CHEMBL53974,IC50,nM,120.0,CHEMBL2363,IC50,uM,0.12,RnDHFR (R. norvegicus)
CHEMBL830838,COc1ccccc1N(C)Cc1ccc2nc(N)nc(N)c2n1,CHEMBL53974,IC50,nM,120.01,CHEMBL2363,pIC50,,6.9208,RnDHFR (R. norvegicus)
CHEMBL830957,COc1ccc(Nc2ccc3nc(N)nc(N)c3n2)cc1,CHEMBL141218,IC50,nM,3800.0,CHEMBL2363,IC50,uM,3.8,RnDHFR (R. norvegicus)
CHEMBL830838,COc1ccc(Nc2ccc3nc(N)nc(N)c3n2)cc1,CHEMBL141218,IC50,nM,3800.14,CHEMBL2363,pIC50,,5.4202,RnDHFR (R. norvegicus)
CHEMBL830957,COc1ccc(Nc2ccc3nc(N)nc(N)c3n2)cc1OC,CHEMBL141585,IC50,nM,1100.0,CHEMBL2363,IC50,uM,1.1,RnDHFR (R. norvegicus)
CHEMBL830838,COc1ccc(Nc2ccc3nc(N)nc(N)c3n2)cc1OC,CHEMBL141585,IC50,nM,1099.01,CHEMBL2363,pIC50,,5.959,RnDHFR (R. norvegicus)
CHEMBL830957,COc1ccc(OC)c(Nc2ccc3nc(N)nc(N)c3n2)c1,CHEMBL141260,IC50,nM,3600.0,CHEMBL2363,IC50,uM,3.6,RnDHFR (R. norvegicus)
CHEMBL830838,COc1ccc(OC)c(Nc2ccc3nc(N)nc(N)c3n2)c1,CHEMBL141260,IC50,nM,3597.49,CHEMBL2363,pIC50,,5.444,RnDHFR (R. norvegicus)
CHEMBL830957,COc1cc(Nc2ccc3nc(N)nc(N)c3n2)cc(OC)c1OC,CHEMBL138452,IC50,nM,3200.0,CHEMBL2363,IC50,uM,3.2,RnDHFR (R. norvegicus)
CHEMBL830838,COc1cc(Nc2ccc3nc(N)nc(N)c3n2)cc(OC)c1OC,CHEMBL138452,IC50,nM,3199.63,CHEMBL2363,pIC50,,5.4949,RnDHFR (R. norvegicus)
CHEMBL830957,Nc1nc(N)c2nc(Nc3ccccc3)ccc2n1,CHEMBL139188,IC50,nM,430.0,CHEMBL2363,IC50,uM,0.43,RnDHFR (R. norvegicus)
CHEMBL830838,Nc1nc(N)c2nc(Nc3ccccc3)ccc2n1,CHEMBL139188,IC50,nM,430.53,CHEMBL2363,pIC50,,6.366,RnDHFR (R. norvegicus)
CHEMBL830957,CN(Cc1ccc2nc(N)nc(N)c2n1)c1ccc(Cl)c(Cl)c1,CHEMBL300603,IC50,nM,17.0,CHEMBL2363,IC50,uM,0.017,RnDHFR (R. norvegicus)
CHEMBL830838,CN(Cc1ccc2nc(N)nc(N)c2n1)c1ccc(Cl)c(Cl)c1,CHEMBL300603,IC50,nM,16.98,CHEMBL2363,pIC50,,7.77,RnDHFR (R. norvegicus)
CHEMBL830957,CN(Cc1ccc2nc(N)nc(N)c2n1)c1ccccc1,CHEMBL55063,IC50,nM,24.0,CHEMBL2363,IC50,uM,0.024,RnDHFR (R. norvegicus)
CHEMBL830838,CN(Cc1ccc2nc(N)nc(N)c2n1)c1ccccc1,CHEMBL55063,IC50,nM,24.0,CHEMBL2363,pIC50,,7.6198,RnDHFR (R. norvegicus)
CHEMBL830957,CN(Cc1ccc2nc(N)nc(N)c2n1)c1cc(Cl)c(Cl)c(Cl)c1,CHEMBL52698,IC50,nM,87.0,CHEMBL2363,IC50,uM,0.087,RnDHFR (R. norvegicus)
CHEMBL830838,CN(Cc1ccc2nc(N)nc(N)c2n1)c1cc(Cl)c(Cl)c(Cl)c1,CHEMBL52698,IC50,nM,87.1,CHEMBL2363,pIC50,,7.06,RnDHFR (R. norvegicus)
CHEMBL830957,CN(Cc1ccc2nc(N)nc(N)c2n1)c1ccc(Cl)cc1Cl,CHEMBL54732,IC50,nM,58.0,CHEMBL2363,IC50,uM,0.058,RnDHFR (R. norvegicus)
CHEMBL830838,CN(Cc1ccc2nc(N)nc(N)c2n1)c1ccc(Cl)cc1Cl,CHEMBL54732,IC50,nM,57.94,CHEMBL2363,pIC50,,7.237,RnDHFR (R. norvegicus)
CHEMBL830957,Nc1nc(N)c2nc(CNc3cc(Cl)ccc3Cl)ccc2n1,CHEMBL292212,IC50,nM,200.0,CHEMBL2363,IC50,uM,0.2,RnDHFR (R. norvegicus)
CHEMBL830838,Nc1nc(N)c2nc(CNc3cc(Cl)ccc3Cl)ccc2n1,CHEMBL292212,IC50,nM,199.99,CHEMBL2363,pIC50,,6.699,RnDHFR (R. norvegicus)
CHEMBL830957,CN(Cc1ccc2nc(N)nc(N)c2n1)c1cc(Cl)ccc1Cl,CHEMBL55191,IC50,nM,47.0,CHEMBL2363,IC50,uM,0.047,RnDHFR (R. norvegicus)
CHEMBL830838,CN(Cc1ccc2nc(N)nc(N)c2n1)c1cc(Cl)ccc1Cl,CHEMBL55191,IC50,nM,46.99,CHEMBL2363,pIC50,,7.328,RnDHFR (R. norvegicus)
CHEMBL830957,Nc1nc(N)c2nc(Nc3ccc(Cl)cc3)ccc2n1,CHEMBL138252,IC50,nM,820.0,CHEMBL2363,IC50,uM,0.82,RnDHFR (R. norvegicus)
CHEMBL830838,Nc1nc(N)c2nc(Nc3ccc(Cl)cc3)ccc2n1,CHEMBL138252,IC50,nM,820.35,CHEMBL2363,pIC50,,6.086,RnDHFR (R. norvegicus)
CHEMBL830957,CN(Cc1ccccc1)c1cnc2nc(N)nc(N)c2c1,CHEMBL33038,IC50,nM,140.0,CHEMBL2363,IC50,uM,0.14,RnDHFR (R. norvegicus)
CHEMBL830838,CN(Cc1ccccc1)c1cnc2nc(N)nc(N)c2c1,CHEMBL33038,IC50,nM,139.96,CHEMBL2363,pIC50,,6.854,RnDHFR (R. norvegicus)
CHEMBL830957,CN(CCc1ccccc1)c1cnc2nc(N)nc(N)c2c1,CHEMBL34337,IC50,nM,1400.0,CHEMBL2363,IC50,uM,1.4,RnDHFR (R. norvegicus)
CHEMBL830838,CN(CCc1ccccc1)c1cnc2nc(N)nc(N)c2c1,CHEMBL34337,IC50,nM,1399.59,CHEMBL2363,pIC50,,5.854,RnDHFR (R. norvegicus)
CHEMBL830957,COc1ccc(OC)c(CN(C)c2cnc3nc(N)nc(N)c3c2)c1,CHEMBL32113,IC50,nM,57.0,CHEMBL2363,IC50,uM,0.057,RnDHFR (R. norvegicus)
CHEMBL830838,COc1ccc(OC)c(CN(C)c2cnc3nc(N)nc(N)c3c2)c1,CHEMBL32113,IC50,nM,57.0,CHEMBL2363,pIC50,,7.2441,RnDHFR (R. norvegicus)
CHEMBL830957,COc1ccc(CNc2cnc3nc(N)nc(N)c3c2)c(OC)c1OC,CHEMBL35569,IC50,nM,3300.0,CHEMBL2363,IC50,uM,3.3,RnDHFR (R. norvegicus)
CHEMBL830838,COc1ccc(CNc2cnc3nc(N)nc(N)c3c2)c(OC)c1OC,CHEMBL35569,IC50,nM,3296.1,CHEMBL2363,pIC50,,5.482,RnDHFR (R. norvegicus)
CHEMBL830957,COc1cc(OC)c(OC)cc1CNc1cnc2nc(N)nc(N)c2c1,CHEMBL284849,IC50,nM,1100.0,CHEMBL2363,IC50,uM,1.1,RnDHFR (R. norvegicus)
CHEMBL830957,CN(Cc1ccc2nc(N)nc(N)c2n1)c1ccccc1Cl,CHEMBL53318,IC50,nM,120.0,CHEMBL2363,IC50,uM,0.12,RnDHFR (R. norvegicus)
CHEMBL830838,CN(Cc1ccc2nc(N)nc(N)c2n1)c1ccccc1Cl,CHEMBL53318,IC50,nM,120.01,CHEMBL2363,pIC50,,6.9208,RnDHFR (R. norvegicus)
CHEMBL830957,CN(Cc1ccc2nc(N)nc(N)c2n1)c1c(Cl)cccc1Cl,CHEMBL445359,IC50,nM,48.0,CHEMBL2363,IC50,uM,0.048,RnDHFR (R. norvegicus)
CHEMBL830838,CN(Cc1ccc2nc(N)nc(N)c2n1)c1c(Cl)cccc1Cl,CHEMBL445359,IC50,nM,48.0,CHEMBL2363,pIC50,,7.3188,RnDHFR (R. norvegicus)
CHEMBL830957,COc1cc(N(C)Cc2ccc3nc(N)nc(N)c3n2)cc(OC)c1OC,CHEMBL52688,IC50,nM,52.0,CHEMBL2363,IC50,uM,0.052,RnDHFR (R. norvegicus)
CHEMBL830838,COc1cc(N(C)Cc2ccc3nc(N)nc(N)c3n2)cc(OC)c1OC,CHEMBL52688,IC50,nM,52.0,CHEMBL2363,pIC50,,7.284,RnDHFR (R. norvegicus)
CHEMBL830957,Nc1nc(N)c2nc(CSc3ccccc3)ccc2n1,CHEMBL300886,IC50,nM,520.0,CHEMBL2363,IC50,uM,0.52,RnDHFR (R. norvegicus)
CHEMBL830838,Nc1nc(N)c2nc(CSc3ccccc3)ccc2n1,CHEMBL300886,IC50,nM,520.0,CHEMBL2363,pIC50,,6.284,RnDHFR (R. norvegicus)
CHEMBL830957,Nc1nc(N)c2nc(CNc3ccc(Cl)cc3Cl)ccc2n1,CHEMBL292634,IC50,nM,88.0,CHEMBL2363,IC50,uM,0.088,RnDHFR (R. norvegicus)
CHEMBL830838,Nc1nc(N)c2nc(CNc3ccc(Cl)cc3Cl)ccc2n1,CHEMBL292634,IC50,nM,88.1,CHEMBL2363,pIC50,,7.055,RnDHFR (R. norvegicus)
CHEMBL830838,COc1cc(OC)c(OC)cc1CNc1cnc2nc(N)nc(N)c2c1,CHEMBL284849,IC50,nM,1099.01,CHEMBL2363,pIC50,,5.959,RnDHFR (R. norvegicus)
CHEMBL830957,COc1cc(CNc2cnc3nc(N)nc(N)c3c2)cc(OC)c1OC,CHEMBL33208,IC50,nM,3300.0,CHEMBL2363,IC50,uM,3.3,RnDHFR (R. norvegicus)
CHEMBL830838,COc1cc(CNc2cnc3nc(N)nc(N)c3c2)cc(OC)c1OC,CHEMBL33208,IC50,nM,3296.1,CHEMBL2363,pIC50,,5.482,RnDHFR (R. norvegicus)
CHEMBL830957,COc1cc(CN(C)c2cnc3nc(N)nc(N)c3c2)cc(OC)c1OC,CHEMBL32190,IC50,nM,33.0,CHEMBL2363,IC50,uM,0.033,RnDHFR (R. norvegicus)
CHEMBL830838,COc1cc(CN(C)c2cnc3nc(N)nc(N)c3c2)cc(OC)c1OC,CHEMBL32190,IC50,nM,32.96,CHEMBL2363,pIC50,,7.482,RnDHFR (R. norvegicus)
CHEMBL830957,COc1ccc(OC)c(CNc2cnc3nc(N)nc(N)c3c2)c1,CHEMBL32708,IC50,nM,350.0,CHEMBL2363,IC50,uM,0.35,RnDHFR (R. norvegicus)
CHEMBL830838,COc1ccc(OC)c(CNc2cnc3nc(N)nc(N)c3c2)c1,CHEMBL32708,IC50,nM,350.03,CHEMBL2363,pIC50,,6.4559,RnDHFR (R. norvegicus)
CHEMBL830957,COc1cc(OC)c(CNc2cnc3nc(N)nc(N)c3c2)c(OC)c1,CHEMBL32754,IC50,nM,2900.0,CHEMBL2363,IC50,uM,2.9,RnDHFR (R. norvegicus)
CHEMBL830838,COc1cc(OC)c(CNc2cnc3nc(N)nc(N)c3c2)c(OC)c1,CHEMBL32754,IC50,nM,1200.05,CHEMBL2363,pIC50,,5.9208,RnDHFR (R. norvegicus)
CHEMBL830957,Nc1nc(N)c2cc(NCc3ccc(Oc4ccccc4)cc3)cnc2n1,CHEMBL33187,IC50,nM,2900.0,CHEMBL2363,IC50,uM,2.9,RnDHFR (R. norvegicus)
CHEMBL830838,Nc1nc(N)c2cc(NCc3ccc(Oc4ccccc4)cc3)cnc2n1,CHEMBL33187,IC50,nM,2900.01,CHEMBL2363,pIC50,,5.5376,RnDHFR (R. norvegicus)
CHEMBL830957,Nc1nc(N)c2nc(CSc3cccc4ccccc34)ccc2n1,CHEMBL55656,IC50,nM,160.0,CHEMBL2363,IC50,uM,0.16,RnDHFR (R. norvegicus)
CHEMBL830838,Nc1nc(N)c2nc(CSc3cccc4ccccc34)ccc2n1,CHEMBL55656,IC50,nM,252.35,CHEMBL2363,pIC50,,6.598,RnDHFR (R. norvegicus)
CHEMBL830957,Nc1nc(N)c2nc(CSc3ccc4ccccc4c3)ccc2n1,CHEMBL292143,IC50,nM,86.0,CHEMBL2363,IC50,uM,0.086,RnDHFR (R. norvegicus)
CHEMBL830838,Nc1nc(N)c2nc(CSc3ccc4ccccc4c3)ccc2n1,CHEMBL292143,IC50,nM,86.1,CHEMBL2363,pIC50,,7.065,RnDHFR (R. norvegicus)
CHEMBL830957,Nc1nc(N)c2nc(CNc3cccc4ccccc34)ccc2n1,CHEMBL299140,IC50,nM,40.0,CHEMBL2363,IC50,uM,0.04,RnDHFR (R. norvegicus)
CHEMBL830838,Nc1nc(N)c2nc(CNc3cccc4ccccc34)ccc2n1,CHEMBL299140,IC50,nM,39.99,CHEMBL2363,pIC50,,7.398,RnDHFR (R. norvegicus)
CHEMBL830957,COc1ccc(NCc2ccc3nc(N)nc(N)c3n2)c(OC)c1,CHEMBL296382,IC50,nM,320.0,CHEMBL2363,IC50,uM,0.32,RnDHFR (R. norvegicus)
CHEMBL830838,COc1ccc(NCc2ccc3nc(N)nc(N)c3n2)c(OC)c1,CHEMBL296382,IC50,nM,319.96,CHEMBL2363,pIC50,,6.4949,RnDHFR (R. norvegicus)
CHEMBL830957,CN(Cc1c[nH]c2nc(N)nc(N)c12)c1ccc(Cl)c(Cl)c1,CHEMBL278013,IC50,nM,3000.0,CHEMBL2363,IC50,uM,3.0,RnDHFR (R. norvegicus)
CHEMBL830838,CN(Cc1c[nH]c2nc(N)nc(N)c12)c1ccc(Cl)c(Cl)c1,CHEMBL278013,IC50,nM,2999.16,CHEMBL2363,pIC50,,5.523,RnDHFR (R. norvegicus)
CHEMBL830957,CN(Cc1c[nH]c2nc(N)nc(N)c12)c1cccc2ccccc12,CHEMBL278261,IC50,nM,8200.0,CHEMBL2363,IC50,uM,8.2,RnDHFR (R. norvegicus)
CHEMBL830838,CN(Cc1c[nH]c2nc(N)nc(N)c12)c1cccc2ccccc12,CHEMBL278261,IC50,nM,8203.52,CHEMBL2363,pIC50,,5.086,RnDHFR (R. norvegicus)
CHEMBL830957,COc1ccc(CN(C)c2cnc3nc(N)nc(N)c3c2)c(OC)c1OC,CHEMBL35222,IC50,nM,30.0,CHEMBL2363,IC50,uM,0.03,RnDHFR (R. norvegicus)
CHEMBL830838,COc1ccc(CN(C)c2cnc3nc(N)nc(N)c3c2)c(OC)c1OC,CHEMBL35222,IC50,nM,29.99,CHEMBL2363,pIC50,,7.523,RnDHFR (R. norvegicus)
CHEMBL830957,COc1ccc(CNc2cnc3nc(N)nc(N)c3c2)cc1OC,CHEMBL32769,IC50,nM,1500.0,CHEMBL2363,IC50,uM,1.5,RnDHFR (R. norvegicus)
CHEMBL830838,COc1ccc(CNc2cnc3nc(N)nc(N)c3c2)cc1OC,CHEMBL32769,IC50,nM,1499.68,CHEMBL2363,pIC50,,5.824,RnDHFR (R. norvegicus)
CHEMBL830957,COc1cc(CN(C)c2cnc3nc(N)nc(N)c3c2)cc(OC)c1,CHEMBL36245,IC50,nM,72.0,CHEMBL2363,IC50,uM,0.072,RnDHFR (R. norvegicus)
CHEMBL830838,COc1cc(CN(C)c2cnc3nc(N)nc(N)c3c2)cc(OC)c1,CHEMBL36245,IC50,nM,71.99,CHEMBL2363,pIC50,,7.1427,RnDHFR (R. norvegicus)
CHEMBL830957,COc1cc(CNc2cnc3nc(N)nc(N)c3c2)cc(OC)c1,CHEMBL32266,IC50,nM,3400.0,CHEMBL2363,IC50,uM,3.4,RnDHFR (R. norvegicus)
CHEMBL830838,COc1cc(CNc2cnc3nc(N)nc(N)c3c2)cc(OC)c1,CHEMBL32266,IC50,nM,3400.17,CHEMBL2363,pIC50,,5.4685,RnDHFR (R. norvegicus)
CHEMBL830957,Nc1nc(N)c2cc(NCc3cccc4ccccc34)cnc2n1,CHEMBL32635,IC50,nM,240.0,CHEMBL2363,IC50,uM,0.24,RnDHFR (R. norvegicus)
CHEMBL830838,Nc1nc(N)c2cc(NCc3cccc4ccccc34)cnc2n1,CHEMBL32635,IC50,nM,239.99,CHEMBL2363,pIC50,,6.6198,RnDHFR (R. norvegicus)
CHEMBL830957,Nc1nc(N)c2c(CSc3ccc(Cl)c(Cl)c3)c[nH]c2n1,CHEMBL17430,IC50,nM,5300.0,CHEMBL2363,IC50,uM,5.3,RnDHFR (R. norvegicus)
CHEMBL830838,Nc1nc(N)c2c(CSc3ccc(Cl)c(Cl)c3)c[nH]c2n1,CHEMBL17430,IC50,nM,5296.63,CHEMBL2363,pIC50,,5.276,RnDHFR (R. norvegicus)
CHEMBL830957,COc1ccc(SCc2c[nH]c3nc(N)nc(N)c23)cc1OC,CHEMBL17431,IC50,nM,16700.0,CHEMBL2363,IC50,uM,16.7,RnDHFR (R. norvegicus)
CHEMBL830838,COc1ccc(SCc2c[nH]c3nc(N)nc(N)c23)cc1OC,CHEMBL17431,IC50,nM,16699.37,CHEMBL2363,pIC50,,4.7773,RnDHFR (R. norvegicus)
CHEMBL830957,Nc1nc(N)c2c(CSc3cccc4ccccc34)c[nH]c2n1,CHEMBL17479,IC50,nM,3000.0,CHEMBL2363,IC50,uM,3.0,RnDHFR (R. norvegicus)
CHEMBL830838,Nc1nc(N)c2c(CSc3cccc4ccccc34)c[nH]c2n1,CHEMBL17479,IC50,nM,2999.16,CHEMBL2363,pIC50,,5.523,RnDHFR (R. norvegicus)
CHEMBL830957,Nc1nc(N)c2c(CSc3ccc4ccccc4c3)c[nH]c2n1,CHEMBL275893,IC50,nM,82900.0,CHEMBL2363,IC50,uM,82.9,RnDHFR (R. norvegicus)
CHEMBL830838,Nc1nc(N)c2c(CSc3ccc4ccccc4c3)c[nH]c2n1,CHEMBL275893,IC50,nM,82908.68,CHEMBL2363,pIC50,,4.0814,RnDHFR (R. norvegicus)
CHEMBL830957,COc1cc(CNc2ccc3nc(N)nc(N)c3c2)cc(OC)c1OC,CHEMBL113999,IC50,nM,900.0,CHEMBL2363,IC50,uM,0.9,RnDHFR (R. norvegicus)
CHEMBL830838,COc1cc(CNc2ccc3nc(N)nc(N)c3c2)cc(OC)c1OC,CHEMBL113999,IC50,nM,899.91,CHEMBL2363,pIC50,,6.0458,RnDHFR (R. norvegicus)
CHEMBL830957,COc1ccc(CNc2cnc3nc(N)nc(N)c3c2)c2ccccc12,CHEMBL32220,IC50,nM,430.0,CHEMBL2363,IC50,uM,0.43,RnDHFR (R. norvegicus)
CHEMBL830838,COc1ccc(CNc2cnc3nc(N)nc(N)c3c2)c2ccccc12,CHEMBL32220,IC50,nM,430.53,CHEMBL2363,pIC50,,6.366,RnDHFR (R. norvegicus)
CHEMBL830957,Nc1nc(N)c2cc(NCc3ccccc3)cnc2n1,CHEMBL286700,IC50,nM,2100.0,CHEMBL2363,IC50,uM,2.1,RnDHFR (R. norvegicus)
CHEMBL830838,Nc1nc(N)c2cc(NCc3ccccc3)cnc2n1,CHEMBL286700,IC50,nM,2099.91,CHEMBL2363,pIC50,,5.6778,RnDHFR (R. norvegicus)
CHEMBL830957,COc1cc(C(C)Nc2cnc3nc(N)nc(N)c3c2)cc(OC)c1OC,CHEMBL32583,IC50,nM,1270.0,CHEMBL2363,IC50,uM,1.27,RnDHFR (R. norvegicus)
CHEMBL830838,COc1cc(C(C)Nc2cnc3nc(N)nc(N)c3c2)cc(OC)c1OC,CHEMBL32583,IC50,nM,1269.99,CHEMBL2363,pIC50,,5.8962,RnDHFR (R. norvegicus)
CHEMBL830957,Nc1nc(N)c2cc(NCCc3ccccc3)cnc2n1,CHEMBL33136,IC50,nM,280.0,CHEMBL2363,IC50,uM,0.28,RnDHFR (R. norvegicus)
CHEMBL830838,Nc1nc(N)c2cc(NCCc3ccccc3)cnc2n1,CHEMBL33136,IC50,nM,280.03,CHEMBL2363,pIC50,,6.5528,RnDHFR (R. norvegicus)
CHEMBL830957,Cc1c(CN(C)c2ccc(Cl)cc2)cnc2nc(N)nc(N)c12,CHEMBL310880,IC50,nM,26.0,CHEMBL2363,IC50,uM,0.026,RnDHFR (R. norvegicus)
CHEMBL830838,Cc1c(CN(C)c2ccc(Cl)cc2)cnc2nc(N)nc(N)c12,CHEMBL310880,IC50,nM,26.0,CHEMBL2363,pIC50,,7.585,RnDHFR (R. norvegicus)
CHEMBL830957,COc1cc(CCC2CNc3nc(N)nc(N)c3C2)cc(OC)c1OC,CHEMBL423558,IC50,nM,2100.0,CHEMBL2363,IC50,uM,2.1,RnDHFR (R. norvegicus)
CHEMBL830838,COc1cc(CCC2CNc3nc(N)nc(N)c3C2)cc(OC)c1OC,CHEMBL423558,IC50,nM,2099.91,CHEMBL2363,pIC50,,5.6778,RnDHFR (R. norvegicus)
CHEMBL830957,COc1ccc(OC)c(CNc2ccc3nc(N)nc(N)c3c2)c1,CHEMBL116816,IC50,nM,1100.0,CHEMBL2363,IC50,uM,1.1,RnDHFR (R. norvegicus)
CHEMBL830838,COc1ccc(OC)c(CNc2ccc3nc(N)nc(N)c3c2)c1,CHEMBL116816,IC50,nM,1099.01,CHEMBL2363,pIC50,,5.959,RnDHFR (R. norvegicus)
CHEMBL830957,COc1cc(CNc2ccc3nc(N)nc(N)c3c2)cc(OC)c1,CHEMBL116815,IC50,nM,840.0,CHEMBL2363,IC50,uM,0.84,RnDHFR (R. norvegicus)
CHEMBL830838,COc1cc(CNc2ccc3nc(N)nc(N)c3c2)cc(OC)c1,CHEMBL116815,IC50,nM,840.04,CHEMBL2363,pIC50,,6.0757,RnDHFR (R. norvegicus)
CHEMBL830957,Nc1nc(N)c2cc(NCc3ccccc3)ccc2n1,CHEMBL115474,IC50,nM,660.0,CHEMBL2363,IC50,uM,0.66,RnDHFR (R. norvegicus)
CHEMBL830838,Nc1nc(N)c2cc(NCc3ccccc3)ccc2n1,CHEMBL115474,IC50,nM,660.69,CHEMBL2363,pIC50,,6.18,RnDHFR (R. norvegicus)
CHEMBL830957,COc1ccc(CNc2ccc3nc(N)nc(N)c3c2)c(OC)c1,CHEMBL116200,IC50,nM,1200.0,CHEMBL2363,IC50,uM,1.2,RnDHFR (R. norvegicus)
CHEMBL830838,COc1ccc(CNc2ccc3nc(N)nc(N)c3c2)c(OC)c1,CHEMBL116200,IC50,nM,1200.05,CHEMBL2363,pIC50,,5.9208,RnDHFR (R. norvegicus)
CHEMBL830957,COc1ccc(CNc2ccc3nc(N)nc(N)c3c2)c(OC)c1OC,CHEMBL116637,IC50,nM,1300.0,CHEMBL2363,IC50,uM,1.3,RnDHFR (R. norvegicus)
CHEMBL830838,COc1ccc(CNc2ccc3nc(N)nc(N)c3c2)c(OC)c1OC,CHEMBL116637,IC50,nM,1299.87,CHEMBL2363,pIC50,,5.8861,RnDHFR (R. norvegicus)
CHEMBL830957,COc1cc(CN(C)c2ccc3nc(N)nc(N)c3c2)cc(OC)c1,CHEMBL113816,IC50,nM,8.2,CHEMBL2363,IC50,uM,0.0082,RnDHFR (R. norvegicus)
CHEMBL830838,COc1cc(CN(C)c2ccc3nc(N)nc(N)c3c2)cc(OC)c1,CHEMBL113816,IC50,nM,8.2,CHEMBL2363,pIC50,,8.0862,RnDHFR (R. norvegicus)
CHEMBL830957,COc1cc(OC)c(CN(C)c2ccc3nc(N)nc(N)c3c2)c(OC)c1,CHEMBL178119,IC50,nM,22700.0,CHEMBL2363,IC50,uM,22.7,RnDHFR (R. norvegicus)
CHEMBL830838,COc1cc(OC)c(CN(C)c2ccc3nc(N)nc(N)c3c2)c(OC)c1,CHEMBL178119,IC50,nM,22698.65,CHEMBL2363,pIC50,,4.644,RnDHFR (R. norvegicus)
CHEMBL830957,COc1ccc(CN(C)c2ccc3nc(N)nc(N)c3c2)c(OC)c1OC,CHEMBL117750,IC50,nM,19.0,CHEMBL2363,IC50,uM,0.019,RnDHFR (R. norvegicus)
CHEMBL830838,COc1ccc(CN(C)c2ccc3nc(N)nc(N)c3c2)c(OC)c1OC,CHEMBL117750,IC50,nM,19.01,CHEMBL2363,pIC50,,7.721,RnDHFR (R. norvegicus)
CHEMBL830957,Nc1nc(N)c2cc(NCc3cccc4ccccc34)ccc2n1,CHEMBL179102,IC50,nM,190.0,CHEMBL2363,IC50,uM,0.19,RnDHFR (R. norvegicus)
CHEMBL830838,Nc1nc(N)c2cc(NCc3cccc4ccccc34)ccc2n1,CHEMBL179102,IC50,nM,190.11,CHEMBL2363,pIC50,,6.721,RnDHFR (R. norvegicus)
CHEMBL830957,COc1cc(OC)c(OC)cc1CNc1ccc2nc(N)nc(N)c2c1,CHEMBL114833,IC50,nM,1600.0,CHEMBL2363,IC50,uM,1.6,RnDHFR (R. norvegicus)
CHEMBL830838,COc1cc(OC)c(OC)cc1CNc1ccc2nc(N)nc(N)c2c1,CHEMBL114833,IC50,nM,1599.93,CHEMBL2363,pIC50,,5.7959,RnDHFR (R. norvegicus)
CHEMBL830957,CN(Cc1cccc2ccccc12)c1ccc2nc(N)nc(N)c2c1,CHEMBL367802,IC50,nM,17.0,CHEMBL2363,IC50,uM,0.017,RnDHFR (R. norvegicus)
CHEMBL830838,CN(Cc1cccc2ccccc12)c1ccc2nc(N)nc(N)c2c1,CHEMBL367802,IC50,nM,16.98,CHEMBL2363,pIC50,,7.77,RnDHFR (R. norvegicus)
CHEMBL830957,COc1ccc(OC)c(CN(C)c2ccc3nc(N)nc(N)c3c2)c1,CHEMBL325434,IC50,nM,26.0,CHEMBL2363,IC50,uM,0.026,RnDHFR (R. norvegicus)
CHEMBL830838,COc1ccc(OC)c(CN(C)c2ccc3nc(N)nc(N)c3c2)c1,CHEMBL325434,IC50,nM,26.0,CHEMBL2363,pIC50,,7.585,RnDHFR (R. norvegicus)
CHEMBL830957,COc1ccc(CN(C)c2ccc3nc(N)nc(N)c3c2)c(OC)c1,CHEMBL115804,IC50,nM,43.0,CHEMBL2363,IC50,uM,0.043,RnDHFR (R. norvegicus)
CHEMBL830838,COc1ccc(CN(C)c2ccc3nc(N)nc(N)c3c2)c(OC)c1,CHEMBL115804,IC50,nM,43.05,CHEMBL2363,pIC50,,7.366,RnDHFR (R. norvegicus)
CHEMBL830957,Cc1c(CNc2cccc(Cl)c2)cnc2nc(N)nc(N)c12,CHEMBL80066,IC50,nM,37.0,CHEMBL2363,IC50,uM,0.037,RnDHFR (R. norvegicus)
CHEMBL830838,Cc1c(CNc2cccc(Cl)c2)cnc2nc(N)nc(N)c12,CHEMBL80066,IC50,nM,36.98,CHEMBL2363,pIC50,,7.432,RnDHFR (R. norvegicus)
CHEMBL830957,Cc1c(CNc2ccc(Cl)cc2)cnc2nc(N)nc(N)c12,CHEMBL23416,IC50,nM,51.0,CHEMBL2363,IC50,uM,0.051,RnDHFR (R. norvegicus)
CHEMBL830838,Cc1c(CNc2ccc(Cl)cc2)cnc2nc(N)nc(N)c12,CHEMBL23416,IC50,nM,51.0,CHEMBL2363,pIC50,,7.2924,RnDHFR (R. norvegicus)
CHEMBL830957,Cc1c(CNc2ccccc2Cl)cnc2nc(N)nc(N)c12,CHEMBL81119,IC50,nM,88.0,CHEMBL2363,IC50,uM,0.088,RnDHFR (R. norvegicus)
CHEMBL830838,Cc1c(CNc2ccccc2Cl)cnc2nc(N)nc(N)c12,CHEMBL81119,IC50,nM,88.1,CHEMBL2363,pIC50,,7.055,RnDHFR (R. norvegicus)
CHEMBL830957,COc1ccc(NCc2cnc3nc(N)nc(N)c3c2C)cc1,CHEMBL312348,IC50,nM,55.6,CHEMBL2363,IC50,uM,0.0556,RnDHFR (R. norvegicus)
CHEMBL830838,COc1ccc(NCc2cnc3nc(N)nc(N)c3c2C)cc1,CHEMBL312348,IC50,nM,55.59,CHEMBL2363,pIC50,,7.255,RnDHFR (R. norvegicus)
CHEMBL830957,COc1ccccc1NCc1cnc2nc(N)nc(N)c2c1C,CHEMBL84457,IC50,nM,169.0,CHEMBL2363,IC50,uM,0.169,RnDHFR (R. norvegicus)
CHEMBL830838,COc1ccccc1NCc1cnc2nc(N)nc(N)c2c1C,CHEMBL84457,IC50,nM,169.01,CHEMBL2363,pIC50,,6.7721,RnDHFR (R. norvegicus)
CHEMBL830957,Cc1c(CNc2ccc(Br)cc2)cnc2nc(N)nc(N)c12,CHEMBL80065,IC50,nM,34.9,CHEMBL2363,IC50,uM,0.0349,RnDHFR (R. norvegicus)
CHEMBL830838,Cc1c(CNc2ccc(Br)cc2)cnc2nc(N)nc(N)c12,CHEMBL80065,IC50,nM,34.9,CHEMBL2363,pIC50,,7.4572,RnDHFR (R. norvegicus)
CHEMBL830957,COc1ccc(N(C)Cc2cnc3nc(N)nc(N)c3c2C)cc1,CHEMBL264386,IC50,nM,13.0,CHEMBL2363,IC50,uM,0.013,RnDHFR (R. norvegicus)
CHEMBL830838,COc1ccc(N(C)Cc2cnc3nc(N)nc(N)c3c2C)cc1,CHEMBL264386,IC50,nM,13.0,CHEMBL2363,pIC50,,7.8861,RnDHFR (R. norvegicus)
CHEMBL830957,Cc1c(CN(C)c2ccccc2)cnc2nc(N)nc(N)c12,CHEMBL179319,IC50,nM,18.0,CHEMBL2363,IC50,uM,0.018,RnDHFR (R. norvegicus)
CHEMBL830838,Cc1c(CN(C)c2ccccc2)cnc2nc(N)nc(N)c12,CHEMBL179319,IC50,nM,18.0,CHEMBL2363,pIC50,,7.7447,RnDHFR (R. norvegicus)
CHEMBL830957,Cc1c(CN(C)c2ccc(Cl)cc2)cnc2nc(N)nc(N)c12,CHEMBL310880,IC50,nM,170.0,CHEMBL2363,IC50,uM,0.17,RnDHFR (R. norvegicus)
CHEMBL830838,Cc1c(CN(C)c2ccc(Cl)cc2)cnc2nc(N)nc(N)c12,CHEMBL310880,IC50,nM,169.82,CHEMBL2363,pIC50,,6.77,RnDHFR (R. norvegicus)
CHEMBL830957,Cc1c(CN(C)c2ccc(Br)cc2)cnc2nc(N)nc(N)c12,CHEMBL79347,IC50,nM,36.0,CHEMBL2363,IC50,uM,0.036,RnDHFR (R. norvegicus)
CHEMBL830838,Cc1c(CN(C)c2ccc(Br)cc2)cnc2nc(N)nc(N)c12,CHEMBL79347,IC50,nM,35.97,CHEMBL2363,pIC50,,7.444,RnDHFR (R. norvegicus)
CHEMBL830957,COc1ccccc1NCc1cnc2nc(N)nc(N)c2c1C,CHEMBL84457,IC50,nM,80.1,CHEMBL2363,IC50,uM,0.0801,RnDHFR (R. norvegicus)
CHEMBL830838,COc1ccccc1NCc1cnc2nc(N)nc(N)c2c1C,CHEMBL84457,IC50,nM,80.09,CHEMBL2363,pIC50,,7.0964,RnDHFR (R. norvegicus)
CHEMBL830957,COc1cc2c(cc1OC)N(Cc1cnc3nc(N)nc(N)c3c1C)CC2,CHEMBL423560,IC50,nM,230.0,CHEMBL2363,IC50,uM,0.23,RnDHFR (R. norvegicus)
CHEMBL830838,COc1cc2c(cc1OC)N(Cc1cnc3nc(N)nc(N)c3c1C)CC2,CHEMBL423560,IC50,nM,229.99,CHEMBL2363,pIC50,,6.6383,RnDHFR (R. norvegicus)
CHEMBL830957,COc1ccc2c(ccn2Cc2cnc3nc(N)nc(N)c3c2C)c1,CHEMBL358297,IC50,nM,470.0,CHEMBL2363,IC50,uM,0.47,RnDHFR (R. norvegicus)
CHEMBL830838,COc1ccc2c(ccn2Cc2cnc3nc(N)nc(N)c3c2C)c1,CHEMBL358297,IC50,nM,469.89,CHEMBL2363,pIC50,,6.328,RnDHFR (R. norvegicus)
CHEMBL830957,COc1cc2c(cc1OC)CN(Cc1cnc3nc(N)nc(N)c3c1C)CC2,CHEMBL147886,IC50,nM,130.0,CHEMBL2363,IC50,uM,0.13,RnDHFR (R. norvegicus)
CHEMBL830838,COc1cc2c(cc1OC)CN(Cc1cnc3nc(N)nc(N)c3c1C)CC2,CHEMBL147886,IC50,nM,129.99,CHEMBL2363,pIC50,,6.8861,RnDHFR (R. norvegicus)
CHEMBL828323,CCc1nc(N)nc(N)c1-c1ccc(NCc2ccc(Cl)c(Cl)c2)c([N+](=O)[O-])c1,CHEMBL312556,IC50,nM,8.0,CHEMBL2363,I50,uM,0.008,RnDHFR (R. norvegicus)
CHEMBL828323,Nc1nc(N)c2[nH]c(Cc3ccc(Cl)c(Cl)c3)nc2n1,CHEMBL187611,IC50,nM,252000.0,CHEMBL2363,I50,uM,252.0,RnDHFR (R. norvegicus)
CHEMBL828323,CCc1nc(N)nc(N)c1-c1ccc2nn(-c3ccccc3)[n+]([O-])c2c1,CHEMBL188744,IC50,nM,2700.0,CHEMBL2363,I50,uM,2.7,RnDHFR (R. norvegicus)
CHEMBL827867,COc1cc(Cc2cnc(N)nc2N)cc(C#CCCCC(=O)O)c1OC,CHEMBL300419,IC50,nM,5000.0,CHEMBL2363,IC50,nM,5000.0,RnDHFR (R. norvegicus)
CHEMBL827867,COc1cc(Cc2cnc(N)nc2N)cc(OC)c1OC,CHEMBL22,IC50,nM,180000.0,CHEMBL2363,IC50,nM,180000.0,RnDHFR (R. norvegicus)
CHEMBL827867,COc1ccc(OC)c(Cc2cnc3nc(N)nc(N)c3c2C)c1,CHEMBL7492,IC50,nM,3.3,CHEMBL2363,IC50,nM,3.3,RnDHFR (R. norvegicus)
CHEMBL827867,COc1ccc(OCCCC(=O)O)cc1Cc1cnc2nc(N)nc(N)c2c1C,CHEMBL189952,IC50,nM,2.2,CHEMBL2363,IC50,nM,2.2,RnDHFR (R. norvegicus)
CHEMBL827867,COc1ccc(OCCCCC(=O)O)cc1Cc1cnc2nc(N)nc(N)c2c1C,CHEMBL190199,IC50,nM,2.2,CHEMBL2363,IC50,nM,2.2,RnDHFR (R. norvegicus)
CHEMBL827867,COc1ccc(OCCCCCC(=O)O)cc1Cc1cnc2nc(N)nc(N)c2c1C,CHEMBL188540,IC50,nM,2.0,CHEMBL2363,IC50,nM,2.0,RnDHFR (R. norvegicus)
CHEMBL827867,COc1ccc(OCCCC(=O)O)c(Cc2cnc3nc(N)nc(N)c3c2C)c1,CHEMBL190486,IC50,nM,9.1,CHEMBL2363,IC50,nM,9.1,RnDHFR (R. norvegicus)
CHEMBL827867,COc1ccc(C#CCCC(=O)O)cc1Cc1cnc2nc(N)nc(N)c2c1C,CHEMBL190650,IC50,nM,0.32,CHEMBL2363,IC50,nM,0.32,RnDHFR (R. norvegicus)
CHEMBL827867,COc1ccc(C#CCCCC(=O)O)cc1Cc1cnc2nc(N)nc(N)c2c1C,CHEMBL425893,IC50,nM,5.7,CHEMBL2363,IC50,nM,5.7,RnDHFR (R. norvegicus)
CHEMBL827867,COc1ccc(C#CCCCCC(=O)O)cc1Cc1cnc2nc(N)nc(N)c2c1C,CHEMBL192835,IC50,nM,4.0,CHEMBL2363,IC50,nM,4.0,RnDHFR (R. norvegicus)
CHEMBL827867,COc1ccc(C#CCCC(=O)O)c(Cc2cnc3nc(N)nc(N)c3c2C)c1,CHEMBL370239,IC50,nM,55.0,CHEMBL2363,IC50,nM,55.0,RnDHFR (R. norvegicus)
CHEMBL827867,COc1ccc(C#CCCCC(=O)O)c(Cc2cnc3nc(N)nc(N)c3c2C)c1,CHEMBL187595,IC50,nM,24.0,CHEMBL2363,IC50,nM,24.0,RnDHFR (R. norvegicus)
CHEMBL827867,Nc1nc(N)c2nc(CN3c4ccccc4C=Cc4c(C#CCC(=O)O)cccc43)cnc2n1,CHEMBL190807,IC50,nM,740.0,CHEMBL2363,IC50,nM,740.0,RnDHFR (R. norvegicus)
CHEMBL827867,Nc1nc(N)c2nc(CN3c4ccccc4C=Cc4c(C#CCCC(=O)O)cccc43)cnc2n1,CHEMBL189369,IC50,nM,560.0,CHEMBL2363,IC50,nM,560.0,RnDHFR (R. norvegicus)
CHEMBL827867,Nc1nc(N)c2nc(CN3c4ccccc4C=Cc4c(C#CCCCC(=O)O)cccc43)cnc2n1,CHEMBL189012,IC50,nM,1300.0,CHEMBL2363,IC50,nM,1300.0,RnDHFR (R. norvegicus)
CHEMBL827867,COc1cc(Cc2cnc(N)nc2N)cc(C#CCCC(=O)O)c1Br,CHEMBL191071,IC50,nM,630.0,CHEMBL2363,IC50,nM,630.0,RnDHFR (R. norvegicus)
CHEMBL827867,CCOC(=O)CCCOc1ccc(OC)c(Cc2cnc3nc(N)nc(N)c3c2C)c1,CHEMBL189796,IC50,nM,4.2,CHEMBL2363,IC50,nM,4.2,RnDHFR (R. norvegicus)
CHEMBL827867,CCOC(=O)CCCCOc1ccc(OC)c(Cc2cnc3nc(N)nc(N)c3c2C)c1,CHEMBL189953,IC50,nM,14.0,CHEMBL2363,IC50,nM,14.0,RnDHFR (R. norvegicus)
CHEMBL827867,CCOC(=O)CCCCCOc1ccc(OC)c(Cc2cnc3nc(N)nc(N)c3c2C)c1,CHEMBL435938,IC50,nM,21.0,CHEMBL2363,IC50,nM,21.0,RnDHFR (R. norvegicus)
CHEMBL827867,COc1ccc(OCc2ccccc2)c(Cc2cnc3nc(N)nc(N)c3c2C)c1,CHEMBL190340,IC50,nM,170.0,CHEMBL2363,IC50,nM,170.0,RnDHFR (R. norvegicus)
CHEMBL827867,CCOC(=O)CCCOc1ccc(OC)cc1Cc1cnc2nc(N)nc(N)c2c1C,CHEMBL190935,IC50,nM,93.0,CHEMBL2363,IC50,nM,93.0,RnDHFR (R. norvegicus)
CHEMBL827867,COc1ccc(I)cc1Cc1cnc2nc(N)nc(N)c2c1C,CHEMBL187570,IC50,nM,5.0,CHEMBL2363,IC50,nM,5.0,RnDHFR (R. norvegicus)
CHEMBL827867,COc1ccc(I)c(Cc2cnc3nc(N)nc(N)c3c2C)c1,CHEMBL190026,IC50,nM,4.0,CHEMBL2363,IC50,nM,4.0,RnDHFR (R. norvegicus)
CHEMBL907539,CCc1c(Sc2cccc3ccccc23)[nH]c2nc(N)nc(N)c12,CHEMBL226952,IC50,nM,40100000.0,CHEMBL2363,IC50,mM,40.1,RnDHFR (R. norvegicus)
CHEMBL907539,COc1cc(NCc2ccc3nc(N)nc(N)c3c2C)cc(OC)c1OC,CHEMBL119,IC50,nM,3000.0,CHEMBL2363,IC50,mM,0.003,RnDHFR (R. norvegicus)
CHEMBL907539,COc1ccc(OC)c(Sc2[nH]c3nc(N)nc(N)c3c2C)c1,CHEMBL331986,IC50,nM,7800000.0,CHEMBL2363,IC50,mM,7.8,RnDHFR (R. norvegicus)
CHEMBL907539,COc1ccc(Sc2[nH]c3nc(N)nc(N)c3c2C)cc1,CHEMBL123892,IC50,nM,31300000.0,CHEMBL2363,IC50,mM,31.3,RnDHFR (R. norvegicus)
CHEMBL907539,Cc1c(Sc2ccc(Cl)c(Cl)c2)[nH]c2nc(N)nc(N)c12,CHEMBL442702,IC50,nM,110000000.0,CHEMBL2363,IC50,mM,110.0,RnDHFR (R. norvegicus)
CHEMBL907539,Cc1c(Sc2ccc(Cl)cc2)[nH]c2nc(N)nc(N)c12,CHEMBL420172,IC50,nM,19000000.0,CHEMBL2363,IC50,mM,19.0,RnDHFR (R. norvegicus)
CHEMBL907539,Cc1c(Sc2cccc(Cl)c2)[nH]c2nc(N)nc(N)c12,CHEMBL334198,IC50,nM,47700000.0,CHEMBL2363,IC50,mM,47.7,RnDHFR (R. norvegicus)
CHEMBL907539,Cc1c(Sc2ccc3ccccc3c2)[nH]c2nc(N)nc(N)c12,CHEMBL227065,IC50,nM,4570000.0,CHEMBL2363,IC50,mM,4.57,RnDHFR (R. norvegicus)
CHEMBL907539,COc1cc(Cc2cnc(N)nc2N)cc(OC)c1OC,CHEMBL22,IC50,nM,180000000.0,CHEMBL2363,IC50,mM,180.0,RnDHFR (R. norvegicus)
CHEMBL907539,CCc1c(Sc2c(C)cccc2C)[nH]c2nc(N)nc(N)c12,CHEMBL227064,IC50,nM,10100000.0,CHEMBL2363,IC50,mM,10.1,RnDHFR (R. norvegicus)
CHEMBL907539,CCc1c(Sc2cccc3cccnc23)[nH]c2nc(N)nc(N)c12,CHEMBL227063,IC50,nM,3550000.0,CHEMBL2363,IC50,mM,3.55,RnDHFR (R. norvegicus)
CHEMBL907539,CCc1c(Sc2ccccc2)[nH]c2nc(N)nc(N)c12,CHEMBL389686,IC50,nM,5600000.0,CHEMBL2363,IC50,mM,5.6,RnDHFR (R. norvegicus)
CHEMBL907539,CCc1c(Sc2cccc(OC)c2)[nH]c2nc(N)nc(N)c12,CHEMBL227010,IC50,nM,31000000.0,CHEMBL2363,IC50,mM,31.0,RnDHFR (R. norvegicus)
CHEMBL907539,CCc1c(Sc2cc(OC)ccc2OC)[nH]c2nc(N)nc(N)c12,CHEMBL227009,IC50,nM,4050000.0,CHEMBL2363,IC50,mM,4.05,RnDHFR (R. norvegicus)
CHEMBL907539,CCc1c(Sc2ccc(OC)cc2)[nH]c2nc(N)nc(N)c12,CHEMBL388121,IC50,nM,31800000.0,CHEMBL2363,IC50,mM,31.8,RnDHFR (R. norvegicus)
CHEMBL907539,CCc1c(Sc2c(Cl)cccc2Cl)[nH]c2nc(N)nc(N)c12,CHEMBL227008,IC50,nM,4000000.0,CHEMBL2363,IC50,mM,4.0,RnDHFR (R. norvegicus)
CHEMBL907539,CCc1c(Sc2ccc(Cl)cc2Cl)[nH]c2nc(N)nc(N)c12,CHEMBL388120,IC50,nM,1170000.0,CHEMBL2363,IC50,mM,1.17,RnDHFR (R. norvegicus)
CHEMBL907539,CCc1c(Sc2ccc(Cl)c(Cl)c2)[nH]c2nc(C)nc(N)c12,CHEMBL227007,IC50,nM,81600000.0,CHEMBL2363,IC50,mM,81.6,RnDHFR (R. norvegicus)
CHEMBL907539,CCc1c(Sc2ccc(Cl)cc2)[nH]c2nc(N)nc(N)c12,CHEMBL226955,IC50,nM,5480000.0,CHEMBL2363,IC50,mM,5.48,RnDHFR (R. norvegicus)
CHEMBL907539,CCc1c(Sc2cccc(Cl)c2)[nH]c2nc(N)nc(N)c12,CHEMBL387901,IC50,nM,6330000.0,CHEMBL2363,IC50,mM,6.33,RnDHFR (R. norvegicus)
CHEMBL907539,CCc1c(Sc2ccc(Br)cc2)[nH]c2nc(N)nc(N)c12,CHEMBL226954,IC50,nM,10100000.0,CHEMBL2363,IC50,mM,10.1,RnDHFR (R. norvegicus)
CHEMBL907539,CCc1c(Sc2ccc([N+](=O)[O-])cc2)[nH]c2nc(N)nc(N)c12,CHEMBL389887,IC50,nM,3200000.0,CHEMBL2363,IC50,mM,3.2,RnDHFR (R. norvegicus)
CHEMBL907539,CCc1c(Sc2ccc3ccccc3c2)[nH]c2nc(N)nc(N)c12,CHEMBL226953,IC50,nM,8620000.0,CHEMBL2363,IC50,mM,8.62,RnDHFR (R. norvegicus)
CHEMBL888666,COc1cc(Cc2cnc(N)nc2N)cc(OC)c1OC,CHEMBL22,IC50,nM,133000.0,CHEMBL2363,IC50,uM,133.0,RnDHFR (R. norvegicus)
CHEMBL1026636,COc1ccc(OC)c(CNc2cnc3nc(N)nc(N)c3c2)c1,CHEMBL32708,IC50,nM,350.0,CHEMBL2363,IC50,nM,350.0,RnDHFR (R. norvegicus)
CHEMBL1026636,CCCCN(Cc1ccc2ccccc2c1)c1ccc2nc(N)nc(N)c2c1,CHEMBL455012,IC50,nM,16.0,CHEMBL2363,IC50,nM,16.0,RnDHFR (R. norvegicus)
CHEMBL1026636,CCCCN(Cc1cc(OC)ccc1OC)c1ccc2nc(N)nc(N)c2c1,CHEMBL523004,IC50,nM,9.6,CHEMBL2363,IC50,nM,9.6,RnDHFR (R. norvegicus)
CHEMBL1026636,CCCN(Cc1ccc2ccccc2c1)c1ccc2nc(N)nc(N)c2c1,CHEMBL492896,IC50,nM,17.0,CHEMBL2363,IC50,nM,17.0,RnDHFR (R. norvegicus)
CHEMBL1026636,CCCN(Cc1cc(OC)ccc1OC)c1ccc2nc(N)nc(N)c2c1,CHEMBL492895,IC50,nM,5.3,CHEMBL2363,IC50,nM,5.3,RnDHFR (R. norvegicus)
CHEMBL1026636,CCN(Cc1cc(Cl)cc(Cl)c1Cl)c1ccc2nc(N)nc(N)c2c1,CHEMBL522543,IC50,nM,19.0,CHEMBL2363,IC50,nM,19.0,RnDHFR (R. norvegicus)
CHEMBL1026636,CCN(Cc1cc(OC)ccc1OC)c1ccc2nc(N)nc(N)c2c1,CHEMBL521672,IC50,nM,4.8,CHEMBL2363,IC50,nM,4.8,RnDHFR (R. norvegicus)
CHEMBL1026636,CCN(Cc1ccc2ccccc2c1)c1ccc2nc(N)nc(N)c2c1,CHEMBL522678,IC50,nM,14.5,CHEMBL2363,IC50,nM,14.5,RnDHFR (R. norvegicus)
CHEMBL1026636,CCN(Cc1cccc2ccccc12)c1ccc2nc(N)nc(N)c2c1,CHEMBL493718,IC50,nM,6.5,CHEMBL2363,IC50,nM,6.5,RnDHFR (R. norvegicus)
CHEMBL1026636,CCN(Cc1ccccc1)c1ccc2nc(N)nc(N)c2c1,CHEMBL493717,IC50,nM,4.1,CHEMBL2363,IC50,nM,4.1,RnDHFR (R. norvegicus)
CHEMBL1026636,COc1ccc(OC)c(CN(C)c2ccc3nc(N)nc(N)c3c2)c1,CHEMBL325434,IC50,nM,26.0,CHEMBL2363,IC50,nM,26.0,RnDHFR (R. norvegicus)
CHEMBL1026636,COc1ccc(OC)c(CNc2ccc3nc(N)nc(N)c3c2)c1,CHEMBL116816,IC50,nM,11000.0,CHEMBL2363,IC50,nM,11000.0,RnDHFR (R. norvegicus)
CHEMBL1026636,COc1ccc(OC)c(CN(C)c2cnc3nc(N)nc(N)c3c2)c1,CHEMBL32113,IC50,nM,57.0,CHEMBL2363,IC50,nM,57.0,RnDHFR (R. norvegicus)
CHEMBL1026636,COc1cc(NCc2ccc3nc(N)nc(N)c3c2C)cc(OC)c1OC,CHEMBL119,IC50,nM,3.0,CHEMBL2363,IC50,nM,3.0,RnDHFR (R. norvegicus)
CHEMBL1026636,COc1cc(Cc2cnc(N)nc2N)cc(OC)c1OC,CHEMBL22,IC50,nM,133000.0,CHEMBL2363,IC50,nM,133000.0,RnDHFR (R. norvegicus)
CHEMBL1026636,COc1ccc(OC)c(Cc2cnc3nc(N)nc(N)c3c2C)c1,CHEMBL7492,IC50,nM,4.4,CHEMBL2363,IC50,nM,4.4,RnDHFR (R. norvegicus)
CHEMBL986428,CCCc1c(Sc2ccc(C(=O)N[C@@H](CCC(=O)O)C(=O)O)cc2)[nH]c2nc(N)nc(N)c12,CHEMBL476548,IC50,nM,60.0,CHEMBL2363,IC50,uM,0.06,RnDHFR (R. norvegicus)
CHEMBL986428,COc1cc(NCc2ccc3nc(N)nc(N)c3c2C)cc(OC)c1OC,CHEMBL119,IC50,nM,3.0,CHEMBL2363,IC50,uM,0.003,RnDHFR (R. norvegicus)
CHEMBL986428,COc1cc(Cc2cnc(N)nc2N)cc(OC)c1OC,CHEMBL22,IC50,nM,180000.0,CHEMBL2363,IC50,uM,180.0,RnDHFR (R. norvegicus)
CHEMBL986428,CC(C)c1c(Sc2ccc(Cl)c(Cl)c2)[nH]c2nc(N)nc(N)c12,CHEMBL477151,IC50,nM,13500.0,CHEMBL2363,IC50,uM,13.5,RnDHFR (R. norvegicus)
CHEMBL986428,CC(C)c1c(Sc2ccc3ccccc3c2)[nH]c2nc(N)nc(N)c12,CHEMBL477150,IC50,nM,2100.0,CHEMBL2363,IC50,uM,2.1,RnDHFR (R. norvegicus)
CHEMBL986428,CC(C)c1c(Sc2cccc3ccccc23)[nH]c2nc(N)nc(N)c12,CHEMBL476945,IC50,nM,910.0,CHEMBL2363,IC50,uM,0.91,RnDHFR (R. norvegicus)
CHEMBL986428,COc1ccc(Sc2[nH]c3nc(N)nc(N)c3c2C(C)C)cc1OC,CHEMBL477566,IC50,nM,4600.0,CHEMBL2363,IC50,uM,4.6,RnDHFR (R. norvegicus)
CHEMBL986428,COc1ccc(OC)c(Sc2[nH]c3nc(N)nc(N)c3c2C(C)C)c1,CHEMBL516128,IC50,nM,50300.0,CHEMBL2363,IC50,uM,50.3,RnDHFR (R. norvegicus)
CHEMBL986428,COc1ccc(Sc2[nH]c3nc(N)nc(N)c3c2C(C)C)cc1,CHEMBL478404,IC50,nM,1900.0,CHEMBL2363,IC50,uM,1.9,RnDHFR (R. norvegicus)
CHEMBL986428,CC(C)c1c(Sc2ccccc2)[nH]c2nc(N)nc(N)c12,CHEMBL478403,IC50,nM,2000.0,CHEMBL2363,IC50,uM,2.0,RnDHFR (R. norvegicus)
CHEMBL986428,Cc1cccc(C)c1Sc1[nH]c2nc(N)nc(N)c2c1C(C)C,CHEMBL478192,IC50,nM,14800.0,CHEMBL2363,IC50,uM,14.8,RnDHFR (R. norvegicus)
CHEMBL986428,CC(C)c1c(Sc2c(Cl)cccc2Cl)[nH]c2nc(N)nc(N)c12,CHEMBL478191,IC50,nM,2400.0,CHEMBL2363,IC50,uM,2.4,RnDHFR (R. norvegicus)
CHEMBL986428,CCCc1c(Sc2ccc3ccccc3c2)[nH]c2nc(N)nc(N)c12,CHEMBL478213,IC50,nM,3800.0,CHEMBL2363,IC50,uM,3.8,RnDHFR (R. norvegicus)
CHEMBL986428,CCCc1c(Sc2cccc3ccccc23)[nH]c2nc(N)nc(N)c12,CHEMBL515312,IC50,nM,6500.0,CHEMBL2363,IC50,uM,6.5,RnDHFR (R. norvegicus)
CHEMBL986428,CCCc1c(Sc2ccc(OC)c(OC)c2)[nH]c2nc(N)nc(N)c12,CHEMBL476745,IC50,nM,3450.0,CHEMBL2363,IC50,uM,3.45,RnDHFR (R. norvegicus)
CHEMBL986428,CCCc1c(Sc2cc(OC)ccc2OC)[nH]c2nc(N)nc(N)c12,CHEMBL476744,IC50,nM,8900.0,CHEMBL2363,IC50,uM,8.9,RnDHFR (R. norvegicus)
CHEMBL986428,CCCc1c(Sc2ccc(OC)cc2)[nH]c2nc(N)nc(N)c12,CHEMBL477790,IC50,nM,1250.0,CHEMBL2363,IC50,uM,1.25,RnDHFR (R. norvegicus)
CHEMBL986428,CCCc1c(Sc2ccccc2)[nH]c2nc(N)nc(N)c12,CHEMBL516891,IC50,nM,1250.0,CHEMBL2363,IC50,uM,1.25,RnDHFR (R. norvegicus)
CHEMBL986428,CCCc1c(Sc2c(C)cccc2C)[nH]c2nc(N)nc(N)c12,CHEMBL477789,IC50,nM,2430.0,CHEMBL2363,IC50,uM,2.43,RnDHFR (R. norvegicus)
CHEMBL986428,CCCc1c(Sc2c(Cl)cccc2Cl)[nH]c2nc(N)nc(N)c12,CHEMBL514219,IC50,nM,5950.0,CHEMBL2363,IC50,uM,5.95,RnDHFR (R. norvegicus)
CHEMBL986428,CCc1c(Sc2cc(OC)ccc2OC)[nH]c2nc(N)nc(N)c12,CHEMBL227009,IC50,nM,4050.0,CHEMBL2363,IC50,uM,4.05,RnDHFR (R. norvegicus)
CHEMBL986428,CCc1c(Sc2ccccc2)[nH]c2nc(N)nc(N)c12,CHEMBL389686,IC50,nM,5600.0,CHEMBL2363,IC50,uM,5.6,RnDHFR (R. norvegicus)
CHEMBL986428,COc1ccc(OC)c(Sc2[nH]c3nc(N)nc(N)c3c2C)c1,CHEMBL331986,IC50,nM,7800.0,CHEMBL2363,IC50,uM,7.8,RnDHFR (R. norvegicus)
CHEMBL986428,CC(C)c1c(Sc2ccc(CC(=O)N[C@@H](CCC(=O)O)C(=O)O)cc2)[nH]c2nc(N)nc(N)c12,CHEMBL476751,IC50,nM,186.0,CHEMBL2363,IC50,uM,0.186,RnDHFR (R. norvegicus)
CHEMBL1031978,CCC1c2ccccc2C=NN1C(=O)/C=C/c1cc(Cc2cnc(N)nc2N)cc(OC)c1OC,CHEMBL560702,IC50,nM,25000.0,CHEMBL2363,IC50,uM,25.0,RnDHFR (R. norvegicus)
CHEMBL1031978,COc1cc(Cc2cnc(N)nc2N)cc(/C=C/C(=O)N2N=Cc3ccccc3C2c2ccc(C)cc2)c1OC,CHEMBL550083,IC50,nM,25000.0,CHEMBL2363,IC50,uM,25.0,RnDHFR (R. norvegicus)
CHEMBL1031978,COc1cc(Cc2cnc(N)nc2N)cc(/C=C/C(=O)N2N=Cc3ccccc3C2C2CCCCC2)c1OC,CHEMBL551038,IC50,nM,25000.0,CHEMBL2363,IC50,uM,25.0,RnDHFR (R. norvegicus)
CHEMBL1031978,COc1cc(Cc2cnc(N)nc2N)cc(/C=C/C(=O)N2N=Cc3ccccc3C2C2CCCC2)c1OC,CHEMBL561644,IC50,nM,25000.0,CHEMBL2363,IC50,uM,25.0,RnDHFR (R. norvegicus)
CHEMBL1031978,COc1cc(Cc2cnc(N)nc2N)cc(/C=C/C(=O)N2N=Cc3ccccc3C2c2ccccc2)c1OC,CHEMBL565020,IC50,nM,25000.0,CHEMBL2363,IC50,uM,25.0,RnDHFR (R. norvegicus)
CHEMBL1031978,COC(=O)C(C)(C)C1c2ccccc2C=NN1C(=O)/C=C/c1cc(Cc2cnc(N)nc2N)cc(OC)c1OC,CHEMBL565059,IC50,nM,25000.0,CHEMBL2363,IC50,uM,25.0,RnDHFR (R. norvegicus)
CHEMBL1031978,COc1cc(Cc2cnc(N)nc2N)cc(/C=C/C(=O)N2N=Cc3ccccc3C2CCCO)c1OC,CHEMBL549882,IC50,nM,25000.0,CHEMBL2363,IC50,uM,25.0,RnDHFR (R. norvegicus)
CHEMBL1031978,CCCCC1c2ccccc2C=NN1C(=O)/C=C/c1cc(Cc2cnc(N)nc2N)cc(OC)c1OC,CHEMBL562228,IC50,nM,25000.0,CHEMBL2363,IC50,uM,25.0,RnDHFR (R. norvegicus)
CHEMBL1031978,CCCC1c2ccccc2C=NN1C(=O)/C=C/c1cc(Cc2cnc(N)nc2N)cc(O)c1OC,CHEMBL560502,IC50,nM,25000.0,CHEMBL2363,IC50,uM,25.0,RnDHFR (R. norvegicus)
CHEMBL1038904,CCC(C)C(=Cc1coc2nc(=N)[nH]c(N)c12)c1ccccc1OC,CHEMBL603849,IC50,nM,9640.0,CHEMBL2363,IC50,uM,9.64,RnDHFR (R. norvegicus)
CHEMBL1038904,COc1ccccc1C(Cc1coc2nc(N)nc(N)c12)C1CC1,CHEMBL603198,IC50,nM,10100.0,CHEMBL2363,IC50,uM,10.1,RnDHFR (R. norvegicus)
CHEMBL1038904,COc1ccccc1/C(C)=C\c1coc2nc(N)nc(N)c12,CHEMBL606039,IC50,nM,10190.0,CHEMBL2363,IC50,uM,10.19,RnDHFR (R. norvegicus)
CHEMBL1038904,COc1ccccc1C(=Cc1coc2nc(=N)[nH]c(N)c12)C1CC1,CHEMBL594320,IC50,nM,10340.0,CHEMBL2363,IC50,uM,10.34,RnDHFR (R. norvegicus)
CHEMBL1038904,COc1ccccc1C(=Cc1coc2nc(=N)[nH]c(N)c12)C(C)C,CHEMBL594810,IC50,nM,11900.0,CHEMBL2363,IC50,uM,11.9,RnDHFR (R. norvegicus)
CHEMBL1038904,COc1ccccc1C(Cc1coc2nc(N)nc(N)c12)C(C)C,CHEMBL595757,IC50,nM,12600.0,CHEMBL2363,IC50,uM,12.6,RnDHFR (R. norvegicus)
CHEMBL1038904,CCCC(=Cc1coc2nc(=N)[nH]c(N)c12)c1ccccc1OC,CHEMBL595497,IC50,nM,15200.0,CHEMBL2363,IC50,uM,15.2,RnDHFR (R. norvegicus)
CHEMBL1038904,COc1ccccc1/C(C)=C/c1coc2nc(N)nc(N)c12,CHEMBL610181,IC50,nM,18500.0,CHEMBL2363,IC50,uM,18.5,RnDHFR (R. norvegicus)
CHEMBL1038904,CCCCC(=Cc1coc2nc(=N)[nH]c(N)c12)c1ccccc1OC,CHEMBL604879,IC50,nM,29900.0,CHEMBL2363,IC50,uM,29.9,RnDHFR (R. norvegicus)
CHEMBL1038904,CCCC(Cc1coc2nc(N)nc(N)c12)c1ccccc1OC,CHEMBL605413,IC50,nM,30800.0,CHEMBL2363,IC50,uM,30.8,RnDHFR (R. norvegicus)
CHEMBL1038904,CCC(C)C(Cc1coc2nc(N)nc(N)c12)c1ccccc1OC,CHEMBL594339,IC50,nM,34500.0,CHEMBL2363,IC50,uM,34.5,RnDHFR (R. norvegicus)
CHEMBL1038904,COc1ccccc1C(Cc1coc2nc(N)nc(N)c12)CC(C)C,CHEMBL606362,IC50,nM,39300.0,CHEMBL2363,IC50,uM,39.3,RnDHFR (R. norvegicus)
CHEMBL1038904,COc1ccccc1C(=Cc1coc2nc(=N)[nH]c(N)c12)CC(C)C,CHEMBL593154,IC50,nM,43900.0,CHEMBL2363,IC50,uM,43.9,RnDHFR (R. norvegicus)
CHEMBL1038904,CCCCC(Cc1coc2nc(N)nc(N)c12)c1ccccc1OC,CHEMBL594790,IC50,nM,46700.0,CHEMBL2363,IC50,uM,46.7,RnDHFR (R. norvegicus)
CHEMBL1071427,Cc1cccc(C)c1Sc1[nH]c2nc(N)nc(N)c2c1C,CHEMBL596741,IC50,nM,388.0,CHEMBL2363,IC50,uM,0.388,RnDHFR (R. norvegicus)
CHEMBL1071425,Nc1nc(N)c2c(CCCc3ccc(OCc4ccccc4)cc3)c[nH]c2n1,CHEMBL597961,IC50,nM,660.0,CHEMBL2363,IC50,uM,0.66,RnDHFR (R. norvegicus)
CHEMBL1071425,COc1ccc(-c2nc3c(N)nc(N)nc3[nH]2)c(OC)c1,CHEMBL421594,IC50,nM,900.0,CHEMBL2363,IC50,uM,0.9,RnDHFR (R. norvegicus)
CHEMBL1071425,Nc1nc(N)c2c(CCCc3ccc4c(c3)CCCC4)c[nH]c2n1,CHEMBL597962,IC50,nM,1090.0,CHEMBL2363,IC50,uM,1.09,RnDHFR (R. norvegicus)
CHEMBL1071425,Nc1nc(N)c2c(CCCc3cccc4c3CCCC4)c[nH]c2n1,CHEMBL591930,IC50,nM,1500.0,CHEMBL2363,IC50,uM,1.5,RnDHFR (R. norvegicus)
CHEMBL1071425,Nc1nc(N)c2nc(Cc3ccccc3)[nH]c2n1,CHEMBL102303,IC50,nM,1600.0,CHEMBL2363,IC50,uM,1.6,RnDHFR (R. norvegicus)
CHEMBL1071425,COc1cc(OC)c(-c2nc3c(N)nc(N)nc3[nH]2)c(OC)c1,CHEMBL103474,IC50,nM,1880.0,CHEMBL2363,IC50,uM,1.88,RnDHFR (R. norvegicus)
CHEMBL1071425,COc1cccc(Sc2[nH]c3nc(N)nc(N)c3c2C)c1,CHEMBL123984,IC50,nM,2060.0,CHEMBL2363,IC50,uM,2.06,RnDHFR (R. norvegicus)
CHEMBL1071425,COc1ccccc1Sc1[nH]c2nc(N)nc(N)c2c1C,CHEMBL331314,IC50,nM,2320.0,CHEMBL2363,IC50,uM,2.32,RnDHFR (R. norvegicus)
CHEMBL1071425,CN(Cc1c[nH]c2nc(N)nc(N)c12)c1ccc(Cl)c(Cl)c1,CHEMBL278013,IC50,nM,3000.0,CHEMBL2363,IC50,uM,3.0,RnDHFR (R. norvegicus)
CHEMBL1071425,Nc1nc(N)c2c(CSc3cccc4c3CCCC4)c[nH]c2n1,CHEMBL602913,IC50,nM,3000.0,CHEMBL2363,IC50,uM,3.0,RnDHFR (R. norvegicus)
CHEMBL1071427,Cc1c(Sc2cc(Cl)c(Cl)cc2Cl)[nH]c2nc(N)nc(N)c12,CHEMBL597770,IC50,nM,3000.0,CHEMBL2363,IC50,uM,3.0,RnDHFR (R. norvegicus)
CHEMBL1071425,COc1ccc(OC)c(-c2nc3c(N)nc(N)nc3[nH]2)c1,CHEMBL106070,IC50,nM,3500.0,CHEMBL2363,IC50,uM,3.5,RnDHFR (R. norvegicus)
CHEMBL1071425,COc1ccc(-c2nc3c(N)nc(N)nc3[nH]2)c(OC)c1OC,CHEMBL105759,IC50,nM,3700.0,CHEMBL2363,IC50,uM,3.7,RnDHFR (R. norvegicus)
CHEMBL1071425,Cc1c(Sc2cccc3c2CCCC3)[nH]c2nc(N)nc(N)c12,CHEMBL609914,IC50,nM,4570.0,CHEMBL2363,IC50,uM,4.57,RnDHFR (R. norvegicus)
CHEMBL1071425,Nc1nc(N)c2c(CCCc3cc(Cl)ccc3Cl)c[nH]c2n1,CHEMBL597383,IC50,nM,4800.0,CHEMBL2363,IC50,uM,4.8,RnDHFR (R. norvegicus)
CHEMBL1071425,COc1cc(CCCc2c[nH]c3nc(N)nc(N)c23)cc(OC)c1OC,CHEMBL597583,IC50,nM,4800.0,CHEMBL2363,IC50,uM,4.8,RnDHFR (R. norvegicus)
CHEMBL1071425,Nc1nc(N)c2c(CSc3ccc(Cl)c(Cl)c3)c[nH]c2n1,CHEMBL17430,IC50,nM,5300.0,CHEMBL2363,IC50,uM,5.3,RnDHFR (R. norvegicus)
CHEMBL1071425,COc1cc(OC)c(-c2nc3c(N)nc(N)nc3[nH]2)cc1OC,CHEMBL105523,IC50,nM,7000.0,CHEMBL2363,IC50,uM,7.0,RnDHFR (R. norvegicus)
CHEMBL1071427,Cc1cc(C)cc(Sc2[nH]c3nc(N)nc(N)c3c2C)c1,CHEMBL596742,IC50,nM,7600.0,CHEMBL2363,IC50,uM,7.6,RnDHFR (R. norvegicus)
CHEMBL1071425,COc1ccc(OC)c(Sc2[nH]c3nc(N)nc(N)c3c2C)c1,CHEMBL331986,IC50,nM,7800.0,CHEMBL2363,IC50,uM,7.8,RnDHFR (R. norvegicus)
CHEMBL1071427,Cc1c(Sc2ccc3ccccc3c2)[nH]c2nc(N)nc(N)c12,CHEMBL227065,IC50,nM,8100.0,CHEMBL2363,IC50,uM,8.1,RnDHFR (R. norvegicus)
CHEMBL1071425,CN(Cc1c[nH]c2nc(N)nc(N)c12)c1cccc2c1CCCC2,CHEMBL589525,IC50,nM,8200.0,CHEMBL2363,IC50,uM,8.2,RnDHFR (R. norvegicus)
CHEMBL1071425,Nc1nc(N)c2c(CCCc3ccccc3)c[nH]c2n1,CHEMBL607583,IC50,nM,8600.0,CHEMBL2363,IC50,uM,8.6,RnDHFR (R. norvegicus)
CHEMBL1071425,COc1ccc(OC)c(CCCc2c[nH]c3nc(N)nc(N)c23)c1,CHEMBL608428,IC50,nM,11800.0,CHEMBL2363,IC50,uM,11.8,RnDHFR (R. norvegicus)
CHEMBL1071425,Nc1nc(N)c2c(CNc3cccc4ccccc34)coc2n1,CHEMBL23846,IC50,nM,12000.0,CHEMBL2363,IC50,uM,12.0,RnDHFR (R. norvegicus)
CHEMBL1071425,Nc1nc(N)c2c(CSc3ccc4ccccc4c3)coc2n1,CHEMBL283311,IC50,nM,12300.0,CHEMBL2363,IC50,uM,12.3,RnDHFR (R. norvegicus)
CHEMBL1071425,CCn1c2ccccc2c2cc(NCc3coc4nc(N)nc(N)c34)ccc21,CHEMBL601520,IC50,nM,12600.0,CHEMBL2363,IC50,uM,12.6,RnDHFR (R. norvegicus)
CHEMBL1071425,COc1cc(-c2nc3c(N)nc(N)nc3[nH]2)cc(OC)c1OC,CHEMBL431257,IC50,nM,13000.0,CHEMBL2363,IC50,uM,13.0,RnDHFR (R. norvegicus)
CHEMBL1071425,Nc1nc(N)c2c(CNc3ccc(Cl)c(Cl)c3)c[nH]c2n1,CHEMBL17873,IC50,nM,14400.0,CHEMBL2363,IC50,uM,14.4,RnDHFR (R. norvegicus)
CHEMBL1071425,CN(Cc1coc2nc(N)nc(N)c12)c1ccc2ccccc2c1,CHEMBL22561,IC50,nM,14600.0,CHEMBL2363,IC50,uM,14.6,RnDHFR (R. norvegicus)
CHEMBL1071425,COc1cc(-c2nc3c(N)nc(N)nc3[nH]2)cc(OC)c1O,CHEMBL105020,IC50,nM,15300.0,CHEMBL2363,IC50,uM,15.3,RnDHFR (R. norvegicus)
CHEMBL1071425,Nc1nc(N)c2c(CNc3ccc(Oc4ccccc4)cc3)coc2n1,CHEMBL23297,IC50,nM,16200.0,CHEMBL2363,IC50,uM,16.2,RnDHFR (R. norvegicus)
CHEMBL1071425,COc1ccc(SCc2c[nH]c3nc(N)nc(N)c23)cc1OC,CHEMBL17431,IC50,nM,16700.0,CHEMBL2363,IC50,uM,16.7,RnDHFR (R. norvegicus)
CHEMBL1071425,Nc1nc(N)c2c(CSc3ccccc3Oc3ccccc3)coc2n1,CHEMBL597347,IC50,nM,18000.0,CHEMBL2363,IC50,uM,18.0,RnDHFR (R. norvegicus)
CHEMBL1071425,Cc1c(Sc2ccc(Cl)cc2)[nH]c2nc(N)nc(N)c12,CHEMBL420172,IC50,nM,19000.0,CHEMBL2363,IC50,uM,19.0,RnDHFR (R. norvegicus)
CHEMBL1071425,Nc1nc(N)c2c(CSc3cccc4ccccc34)coc2n1,CHEMBL283515,IC50,nM,23000.0,CHEMBL2363,IC50,uM,23.0,RnDHFR (R. norvegicus)
CHEMBL1071427,COc1cc(Sc2[nH]c3nc(N)nc(N)c3c2C)cc(OC)c1OC,CHEMBL597771,IC50,nM,24600.0,CHEMBL2363,IC50,uM,24.6,RnDHFR (R. norvegicus)
CHEMBL1071425,CCn1c2ccccc2c2cc(N(C)Cc3coc4nc(N)nc(N)c34)ccc21,CHEMBL604709,IC50,nM,24700.0,CHEMBL2363,IC50,uM,24.7,RnDHFR (R. norvegicus)
CHEMBL1071425,Nc1nc(N)c2c(CNc3cc(Cl)c(Cl)c(Cl)c3)coc2n1,CHEMBL17235,IC50,nM,25600.0,CHEMBL2363,IC50,uM,25.6,RnDHFR (R. norvegicus)
CHEMBL1071425,Nc1nc(N)c2nc(C3c4ccccc4-c4ccccc43)[nH]c2n1,CHEMBL103108,IC50,nM,29800.0,CHEMBL2363,IC50,uM,29.8,RnDHFR (R. norvegicus)
CHEMBL1071425,Nc1nc(N)c2nc(-c3ccc(-c4ccccc4)cc3)[nH]c2n1,CHEMBL103203,IC50,nM,30100.0,CHEMBL2363,IC50,uM,30.1,RnDHFR (R. norvegicus)
CHEMBL1071425,Nc1nc(N)c2c(CSc3cccc(-c4ccccc4)c3)coc2n1,CHEMBL604090,IC50,nM,31000.0,CHEMBL2363,IC50,uM,31.0,RnDHFR (R. norvegicus)
CHEMBL1071425,Cc1[nH]c2nc(N)nc(N)c2c1Sc1ccc2c(c1)CCCC2,CHEMBL605782,IC50,nM,31000.0,CHEMBL2363,IC50,uM,31.0,RnDHFR (R. norvegicus)
CHEMBL1071425,COc1ccc(Sc2[nH]c3nc(N)nc(N)c3c2C)cc1,CHEMBL123892,IC50,nM,31300.0,CHEMBL2363,IC50,uM,31.3,RnDHFR (R. norvegicus)
CHEMBL1071425,COc1cc(OC)cc(-c2nc3c(N)nc(N)nc3[nH]2)c1,CHEMBL105323,IC50,nM,32400.0,CHEMBL2363,IC50,uM,32.4,RnDHFR (R. norvegicus)
CHEMBL1071425,CN(Cc1coc2nc(N)nc(N)c12)c1cc(Cl)c(Cl)c(Cl)c1,CHEMBL278110,IC50,nM,34300.0,CHEMBL2363,IC50,uM,34.3,RnDHFR (R. norvegicus)
CHEMBL1071425,Cc1[nH]c2nc(N)nc(N)c2c1Sc1ccc(Cl)cc1Cl,CHEMBL610498,IC50,nM,34600.0,CHEMBL2363,IC50,uM,34.6,RnDHFR (R. norvegicus)
CHEMBL1071425,Nc1nc(N)c2c(CNc3ccc(Cl)c(Cl)c3)coc2n1,CHEMBL274278,IC50,nM,35200.0,CHEMBL2363,IC50,uM,35.2,RnDHFR (R. norvegicus)
CHEMBL1071425,Nc1nc(N)c2c(CNc3ccc4ccccc4c3)coc2n1,CHEMBL279914,IC50,nM,36500.0,CHEMBL2363,IC50,uM,36.5,RnDHFR (R. norvegicus)
CHEMBL1071425,Cc1[nH]c2nc(N)nc(N)c2c1Sc1ccc(Cl)cc1,CHEMBL600413,IC50,nM,37400.0,CHEMBL2363,IC50,uM,37.4,RnDHFR (R. norvegicus)
CHEMBL1071425,Nc1nc(N)c2c(CSc3cccc(Oc4ccccc4)c3)coc2n1,CHEMBL591935,IC50,nM,39000.0,CHEMBL2363,IC50,uM,39.0,RnDHFR (R. norvegicus)
CHEMBL1071425,Cc1[nH]c2nc(N)nc(N)c2c1Sc1cccc2c1CCCC2,CHEMBL600412,IC50,nM,40000.0,CHEMBL2363,IC50,uM,40.0,RnDHFR (R. norvegicus)
CHEMBL1071425,Cc1c(Sc2cccc(Cl)c2)[nH]c2nc(N)nc(N)c12,CHEMBL334198,IC50,nM,47700.0,CHEMBL2363,IC50,uM,47.7,RnDHFR (R. norvegicus)
CHEMBL1071425,Nc1nc(N)c2c(CSc3ccccc3-c3ccccc3)coc2n1,CHEMBL596970,IC50,nM,49000.0,CHEMBL2363,IC50,uM,49.0,RnDHFR (R. norvegicus)
CHEMBL1071425,COc1ccc(-c2nc3c(N)nc(N)nc3[nH]2)cc1OC,CHEMBL102518,IC50,nM,52300.0,CHEMBL2363,IC50,uM,52.3,RnDHFR (R. norvegicus)
CHEMBL1071425,COc1cc(NCc2c[nH]c3nc(N)nc(N)c23)cc(OC)c1OC,CHEMBL69681,IC50,nM,56300.0,CHEMBL2363,IC50,uM,56.3,RnDHFR (R. norvegicus)
CHEMBL1071425,Nc1nc(N)c2c(CNc3cccc4c3CCCC4)c[nH]c2n1,CHEMBL48648,IC50,nM,59300.0,CHEMBL2363,IC50,uM,59.3,RnDHFR (R. norvegicus)
CHEMBL1071425,Nc1nc(N)c2[nH]c(-c3ccccc3)nc2n1,CHEMBL66077,IC50,nM,59900.0,CHEMBL2363,IC50,uM,59.9,RnDHFR (R. norvegicus)
CHEMBL1071425,Nc1nc(N)c2c(COc3ccc4ccccc4c3)coc2n1,CHEMBL22477,IC50,nM,60300.0,CHEMBL2363,IC50,uM,60.3,RnDHFR (R. norvegicus)
CHEMBL1071425,COc1ccc(NCc2c[nH]c3nc(N)nc(N)c23)cc1,CHEMBL68673,IC50,nM,63000.0,CHEMBL2363,IC50,uM,63.0,RnDHFR (R. norvegicus)
CHEMBL1071425,Cc1[nH]c2nc(N)nc(N)c2c1Sc1cccc(Cl)c1,CHEMBL608865,IC50,nM,64000.0,CHEMBL2363,IC50,uM,64.0,RnDHFR (R. norvegicus)
CHEMBL1071425,Nc1nc(N)c2c(CSc3ccc(Oc4ccccc4)cc3)coc2n1,CHEMBL605980,IC50,nM,65000.0,CHEMBL2363,IC50,uM,65.0,RnDHFR (R. norvegicus)
CHEMBL1071425,CCOc1ccc(OCC)c(NCc2c[nH]c3nc(N)nc(N)c23)c1,CHEMBL69363,IC50,nM,70000.0,CHEMBL2363,IC50,uM,70.0,RnDHFR (R. norvegicus)
CHEMBL1071425,Nc1nc(N)c2c(CNc3cc(Cl)ccc3Cl)coc2n1,CHEMBL277438,IC50,nM,71900.0,CHEMBL2363,IC50,uM,71.9,RnDHFR (R. norvegicus)
CHEMBL1071425,Nc1nc(N)c2c(CSc3ccc4c(c3)CCCC4)c[nH]c2n1,CHEMBL598190,IC50,nM,82900.0,CHEMBL2363,IC50,uM,82.9,RnDHFR (R. norvegicus)
CHEMBL1071425,Nc1nc(N)c2nc(CSc3ccc4ccccc4c3)[nH]c2n1,CHEMBL101908,IC50,nM,107000.0,CHEMBL2363,IC50,uM,107.0,RnDHFR (R. norvegicus)
CHEMBL1071425,Cc1c(Sc2ccc(Cl)cc2Cl)[nH]c2nc(N)nc(N)c12,CHEMBL331456,IC50,nM,110000.0,CHEMBL2363,IC50,uM,110.0,RnDHFR (R. norvegicus)
CHEMBL1071425,COc1ccc(NCc2c[nH]c3nc(N)nc(N)c23)cc1OC,CHEMBL68439,IC50,nM,116000.0,CHEMBL2363,IC50,uM,116.0,RnDHFR (R. norvegicus)
CHEMBL1071425,Nc1nc(N)c2c(CNc3ccccc3-c3ccccc3)coc2n1,CHEMBL23960,IC50,nM,137000.0,CHEMBL2363,IC50,uM,137.0,RnDHFR (R. norvegicus)
CHEMBL1071425,COc1ccc(OC)c(NCc2c[nH]c3nc(N)nc(N)c23)c1,CHEMBL17323,IC50,nM,156000.0,CHEMBL2363,IC50,uM,156.0,RnDHFR (R. norvegicus)
CHEMBL1071425,COc1cc2oc3ccccc3c2cc1N(C)Cc1coc2nc(N)nc(N)c12,CHEMBL596969,IC50,nM,241000.0,CHEMBL2363,IC50,uM,241.0,RnDHFR (R. norvegicus)
CHEMBL1071425,Nc1nc(N)c2nc(-c3ccc(Cl)c(Cl)c3)[nH]c2n1,CHEMBL312688,IC50,nM,252000.0,CHEMBL2363,IC50,uM,252.0,RnDHFR (R. norvegicus)
CHEMBL1071425,Nc1nc(N)c2c(CSc3ccccc3)coc2n1,CHEMBL22820,IC50,nM,252000.0,CHEMBL2363,IC50,uM,252.0,RnDHFR (R. norvegicus)
CHEMBL1071425,Nc1nc(N)c2nc(-c3ccc4ccccc4c3)[nH]c2n1,CHEMBL105906,IC50,nM,280000.0,CHEMBL2363,IC50,uM,280.0,RnDHFR (R. norvegicus)
CHEMBL1071425,Nc1nc(N)c2c(CSc3ccc(-c4ccccc4)cc3)coc2n1,CHEMBL597346,IC50,nM,351000.0,CHEMBL2363,IC50,uM,351.0,RnDHFR (R. norvegicus)
CHEMBL1071425,Nc1nc(N)c2c(CNc3cc(Cl)c(Cl)c(Cl)c3)coc2n1,CHEMBL17235,IC50,nM,25703.96,CHEMBL2363,pIC50,,4.59,RnDHFR (R. norvegicus)
CHEMBL1071425,Nc1nc(N)c2c(CNc3ccc(Cl)c(Cl)c3)coc2n1,CHEMBL274278,IC50,nM,35481.34,CHEMBL2363,pIC50,,4.45,RnDHFR (R. norvegicus)
CHEMBL1071425,COc1cc(NCc2c[nH]c3nc(N)nc(N)c23)cc(OC)c1OC,CHEMBL69681,IC50,nM,56234.13,CHEMBL2363,pIC50,,4.25,RnDHFR (R. norvegicus)
CHEMBL1071425,COc1ccc(NCc2c[nH]c3nc(N)nc(N)c23)cc1OC,CHEMBL68439,IC50,nM,114815.36,CHEMBL2363,pIC50,,3.94,RnDHFR (R. norvegicus)
CHEMBL1071425,COc1ccc(NCc2c[nH]c3nc(N)nc(N)c23)cc1,CHEMBL68673,IC50,nM,63095.73,CHEMBL2363,pIC50,,4.2,RnDHFR (R. norvegicus)
CHEMBL1071425,COc1ccc(OC)c(NCc2c[nH]c3nc(N)nc(N)c23)c1,CHEMBL17323,IC50,nM,154881.66,CHEMBL2363,pIC50,,3.81,RnDHFR (R. norvegicus)
CHEMBL1071425,Nc1nc(N)c2c(CNc3ccc(Cl)c(Cl)c3)c[nH]c2n1,CHEMBL17873,IC50,nM,14454.4,CHEMBL2363,pIC50,,4.84,RnDHFR (R. norvegicus)
CHEMBL1071425,CN(Cc1c[nH]c2nc(N)nc(N)c12)c1cccc2c1CCCC2,CHEMBL589525,IC50,nM,8128.31,CHEMBL2363,pIC50,,5.09,RnDHFR (R. norvegicus)
CHEMBL1071425,COc1ccc(SCc2c[nH]c3nc(N)nc(N)c23)cc1OC,CHEMBL17431,IC50,nM,16595.87,CHEMBL2363,pIC50,,4.78,RnDHFR (R. norvegicus)
CHEMBL1071425,Nc1nc(N)c2c(CSc3ccc(Cl)c(Cl)c3)c[nH]c2n1,CHEMBL17430,IC50,nM,5248.07,CHEMBL2363,pIC50,,5.28,RnDHFR (R. norvegicus)
CHEMBL1071425,Nc1nc(N)c2c(CSc3cccc4c3CCCC4)c[nH]c2n1,CHEMBL602913,IC50,nM,3019.95,CHEMBL2363,pIC50,,5.52,RnDHFR (R. norvegicus)
CHEMBL1071425,Nc1nc(N)c2c(CSc3ccc4c(c3)CCCC4)c[nH]c2n1,CHEMBL598190,IC50,nM,83176.38,CHEMBL2363,pIC50,,4.08,RnDHFR (R. norvegicus)
CHEMBL1071425,Nc1nc(N)c2[nH]c(-c3ccccc3)nc2n1,CHEMBL66077,IC50,nM,60255.96,CHEMBL2363,pIC50,,4.22,RnDHFR (R. norvegicus)
CHEMBL1071425,COc1cc(-c2nc3c(N)nc(N)nc3[nH]2)cc(OC)c1OC,CHEMBL431257,IC50,nM,12882.5,CHEMBL2363,pIC50,,4.89,RnDHFR (R. norvegicus)
CHEMBL1071425,COc1ccc(-c2nc3c(N)nc(N)nc3[nH]2)c(OC)c1OC,CHEMBL105759,IC50,nM,3715.35,CHEMBL2363,pIC50,,5.43,RnDHFR (R. norvegicus)
CHEMBL1071425,COc1cc(OC)c(-c2nc3c(N)nc(N)nc3[nH]2)c(OC)c1,CHEMBL103474,IC50,nM,1862.09,CHEMBL2363,pIC50,,5.73,RnDHFR (R. norvegicus)
CHEMBL1071425,COc1cc(OC)c(-c2nc3c(N)nc(N)nc3[nH]2)cc1OC,CHEMBL105523,IC50,nM,7079.46,CHEMBL2363,pIC50,,5.15,RnDHFR (R. norvegicus)
CHEMBL1071425,COc1ccc(OC)c(-c2nc3c(N)nc(N)nc3[nH]2)c1,CHEMBL106070,IC50,nM,3467.37,CHEMBL2363,pIC50,,5.46,RnDHFR (R. norvegicus)
CHEMBL1071425,COc1cc(OC)cc(-c2nc3c(N)nc(N)nc3[nH]2)c1,CHEMBL105323,IC50,nM,32359.37,CHEMBL2363,pIC50,,4.49,RnDHFR (R. norvegicus)
CHEMBL1071425,COc1ccc(-c2nc3c(N)nc(N)nc3[nH]2)cc1OC,CHEMBL102518,IC50,nM,52480.75,CHEMBL2363,pIC50,,4.28,RnDHFR (R. norvegicus)
CHEMBL1073066,COc1cc(Cc2cnc(N)nc2N)cc(OC)c1OC,CHEMBL22,IC50,nM,180000.0,CHEMBL2363,IC50,uM,180.0,RnDHFR (R. norvegicus)
CHEMBL1073066,COc1cc(NCc2ccc3nc(N)nc(N)c3c2C)cc(OC)c1OC,CHEMBL119,IC50,nM,3.0,CHEMBL2363,IC50,uM,0.003,RnDHFR (R. norvegicus)
CHEMBL1073066,Cc1cccc(C(C)C)c1Sc1oc2nc(N)nc(N)c2c1C,CHEMBL611984,IC50,nM,24300.0,CHEMBL2363,IC50,uM,24.3,RnDHFR (R. norvegicus)
CHEMBL1073066,COc1ccc(Sc2oc3nc(N)nc(N)c3c2C)cc1OC,CHEMBL598293,IC50,nM,66600.0,CHEMBL2363,IC50,uM,66.6,RnDHFR (R. norvegicus)
CHEMBL1073066,COc1cccc(Sc2oc3nc(N)nc(N)c3c2C)c1,CHEMBL598292,IC50,nM,51300.0,CHEMBL2363,IC50,uM,51.3,RnDHFR (R. norvegicus)
CHEMBL1073066,COc1ccccc1Sc1oc2nc(N)nc(N)c2c1C,CHEMBL598090,IC50,nM,55600.0,CHEMBL2363,IC50,uM,55.6,RnDHFR (R. norvegicus)
CHEMBL1073066,Cc1c(Sc2c(F)c(F)c(C(F)(F)F)c(F)c2F)oc2nc(N)nc(N)c12,CHEMBL604722,IC50,nM,39100.0,CHEMBL2363,IC50,uM,39.1,RnDHFR (R. norvegicus)
CHEMBL1073066,COc1ccc(Sc2oc3nc(N)nc(N)c3c2C)cc1,CHEMBL597885,IC50,nM,61900.0,CHEMBL2363,IC50,uM,61.9,RnDHFR (R. norvegicus)
CHEMBL1073066,COc1ccc(OC)c(Sc2oc3nc(N)nc(N)c3c2C)c1,CHEMBL596681,IC50,nM,42200.0,CHEMBL2363,IC50,uM,42.2,RnDHFR (R. norvegicus)
CHEMBL1073066,Cc1c(Sc2c(Cl)cccc2Cl)oc2nc(N)nc(N)c12,CHEMBL596680,IC50,nM,14400.0,CHEMBL2363,IC50,uM,14.4,RnDHFR (R. norvegicus)
CHEMBL1073066,Cc1cccc(C)c1Sc1oc2nc(N)nc(N)c2c1C,CHEMBL609896,IC50,nM,196000.0,CHEMBL2363,IC50,uM,196.0,RnDHFR (R. norvegicus)
CHEMBL1073066,Cc1c(Sc2ccc(C(=O)N[C@@H](CCC(=O)O)C(=O)O)cc2)oc2nc(N)nc(N)c12,CHEMBL596672,IC50,nM,20500.0,CHEMBL2363,IC50,uM,20.5,RnDHFR (R. norvegicus)
CHEMBL1071425,COc1ccc(-c2nc3c(N)nc(N)nc3[nH]2)c(OC)c1,CHEMBL421594,IC50,nM,891.25,CHEMBL2363,pIC50,,6.05,RnDHFR (R. norvegicus)
CHEMBL1071425,Nc1nc(N)c2nc(-c3ccc(Cl)c(Cl)c3)[nH]c2n1,CHEMBL312688,IC50,nM,251188.64,CHEMBL2363,pIC50,,3.6,RnDHFR (R. norvegicus)
CHEMBL1071425,Nc1nc(N)c2nc(-c3ccc(-c4ccccc4)cc3)[nH]c2n1,CHEMBL103203,IC50,nM,30199.52,CHEMBL2363,pIC50,,4.52,RnDHFR (R. norvegicus)
CHEMBL1071425,Nc1nc(N)c2nc(-c3ccc4ccccc4c3)[nH]c2n1,CHEMBL105906,IC50,nM,281838.29,CHEMBL2363,pIC50,,3.55,RnDHFR (R. norvegicus)
CHEMBL1071425,Nc1nc(N)c2nc(Cc3ccccc3)[nH]c2n1,CHEMBL102303,IC50,nM,1584.89,CHEMBL2363,pIC50,,5.8,RnDHFR (R. norvegicus)
CHEMBL1071425,Nc1nc(N)c2c(CSc3ccccc3)coc2n1,CHEMBL22820,IC50,nM,251188.64,CHEMBL2363,pIC50,,3.6,RnDHFR (R. norvegicus)
CHEMBL1071425,Nc1nc(N)c2c(CSc3cccc4ccccc34)coc2n1,CHEMBL283515,IC50,nM,22908.68,CHEMBL2363,pIC50,,4.64,RnDHFR (R. norvegicus)
CHEMBL1071425,Nc1nc(N)c2c(CSc3ccc4ccccc4c3)coc2n1,CHEMBL283311,IC50,nM,12302.69,CHEMBL2363,pIC50,,4.91,RnDHFR (R. norvegicus)
CHEMBL1071425,Nc1nc(N)c2c(CNc3cccc4ccccc34)coc2n1,CHEMBL23846,IC50,nM,12022.64,CHEMBL2363,pIC50,,4.92,RnDHFR (R. norvegicus)
CHEMBL1071425,Nc1nc(N)c2c(CNc3ccc4ccccc4c3)coc2n1,CHEMBL279914,IC50,nM,36307.81,CHEMBL2363,pIC50,,4.44,RnDHFR (R. norvegicus)
CHEMBL1071425,Nc1nc(N)c2c(COc3ccc4ccccc4c3)coc2n1,CHEMBL22477,IC50,nM,60255.96,CHEMBL2363,pIC50,,4.22,RnDHFR (R. norvegicus)
CHEMBL1071425,Nc1nc(N)c2c(CNc3ccccc3-c3ccccc3)coc2n1,CHEMBL23960,IC50,nM,138038.43,CHEMBL2363,pIC50,,3.86,RnDHFR (R. norvegicus)
CHEMBL1071425,CN(Cc1coc2nc(N)nc(N)c12)c1ccc2ccccc2c1,CHEMBL22561,IC50,nM,14454.4,CHEMBL2363,pIC50,,4.84,RnDHFR (R. norvegicus)
CHEMBL1071425,CN(Cc1coc2nc(N)nc(N)c12)c1cc(Cl)c(Cl)c(Cl)c1,CHEMBL278110,IC50,nM,34673.69,CHEMBL2363,pIC50,,4.46,RnDHFR (R. norvegicus)
CHEMBL1071425,CCn1c2ccccc2c2cc(N(C)Cc3coc4nc(N)nc(N)c34)ccc21,CHEMBL604709,IC50,nM,24547.09,CHEMBL2363,pIC50,,4.61,RnDHFR (R. norvegicus)
CHEMBL1071425,Nc1nc(N)c2c(CSc3ccccc3-c3ccccc3)coc2n1,CHEMBL596970,IC50,nM,48977.88,CHEMBL2363,pIC50,,4.31,RnDHFR (R. norvegicus)
CHEMBL1071425,Nc1nc(N)c2c(CSc3cccc(-c4ccccc4)c3)coc2n1,CHEMBL604090,IC50,nM,30902.95,CHEMBL2363,pIC50,,4.51,RnDHFR (R. norvegicus)
CHEMBL1071425,Nc1nc(N)c2c(CSc3ccccc3Oc3ccccc3)coc2n1,CHEMBL597347,IC50,nM,18197.01,CHEMBL2363,pIC50,,4.74,RnDHFR (R. norvegicus)
CHEMBL1071425,Nc1nc(N)c2c(CSc3cccc(Oc4ccccc4)c3)coc2n1,CHEMBL591935,IC50,nM,38904.51,CHEMBL2363,pIC50,,4.41,RnDHFR (R. norvegicus)
CHEMBL1071425,Nc1nc(N)c2c(CSc3ccc(Oc4ccccc4)cc3)coc2n1,CHEMBL605980,IC50,nM,64565.42,CHEMBL2363,pIC50,,4.19,RnDHFR (R. norvegicus)
CHEMBL1071425,Cc1c(Sc2cccc3c2CCCC3)[nH]c2nc(N)nc(N)c12,CHEMBL609914,IC50,nM,4570.88,CHEMBL2363,pIC50,,5.34,RnDHFR (R. norvegicus)
CHEMBL1071425,Cc1c(Sc2cccc(Cl)c2)[nH]c2nc(N)nc(N)c12,CHEMBL334198,IC50,nM,47863.01,CHEMBL2363,pIC50,,4.32,RnDHFR (R. norvegicus)
CHEMBL1071425,Cc1c(Sc2ccc(Cl)cc2)[nH]c2nc(N)nc(N)c12,CHEMBL420172,IC50,nM,19054.61,CHEMBL2363,pIC50,,4.72,RnDHFR (R. norvegicus)
CHEMBL1071425,COc1ccccc1Sc1[nH]c2nc(N)nc(N)c2c1C,CHEMBL331314,IC50,nM,2344.23,CHEMBL2363,pIC50,,5.63,RnDHFR (R. norvegicus)
CHEMBL1071425,COc1cccc(Sc2[nH]c3nc(N)nc(N)c3c2C)c1,CHEMBL123984,IC50,nM,2041.74,CHEMBL2363,pIC50,,5.69,RnDHFR (R. norvegicus)
CHEMBL1071425,COc1ccc(OC)c(Sc2[nH]c3nc(N)nc(N)c3c2C)c1,CHEMBL331986,IC50,nM,7762.47,CHEMBL2363,pIC50,,5.11,RnDHFR (R. norvegicus)
CHEMBL1071425,Cc1[nH]c2nc(N)nc(N)c2c1Sc1cccc2c1CCCC2,CHEMBL600412,IC50,nM,39810.72,CHEMBL2363,pIC50,,4.4,RnDHFR (R. norvegicus)
CHEMBL1071425,Cc1[nH]c2nc(N)nc(N)c2c1Sc1ccc(Cl)cc1,CHEMBL600413,IC50,nM,37153.52,CHEMBL2363,pIC50,,4.43,RnDHFR (R. norvegicus)
CHEMBL1071425,Cc1[nH]c2nc(N)nc(N)c2c1Sc1ccc2c(c1)CCCC2,CHEMBL605782,IC50,nM,30902.95,CHEMBL2363,pIC50,,4.51,RnDHFR (R. norvegicus)
CHEMBL1071425,Cc1[nH]c2nc(N)nc(N)c2c1Sc1cccc(Cl)c1,CHEMBL608865,IC50,nM,64565.42,CHEMBL2363,pIC50,,4.19,RnDHFR (R. norvegicus)
CHEMBL1071425,Cc1[nH]c2nc(N)nc(N)c2c1Sc1ccc(Cl)cc1Cl,CHEMBL610498,IC50,nM,34673.69,CHEMBL2363,pIC50,,4.46,RnDHFR (R. norvegicus)
CHEMBL1071425,Nc1nc(N)c2c(CCCc3cc(Cl)ccc3Cl)c[nH]c2n1,CHEMBL597383,IC50,nM,4786.3,CHEMBL2363,pIC50,,5.32,RnDHFR (R. norvegicus)
CHEMBL1071425,COc1ccc(OC)c(CCCc2c[nH]c3nc(N)nc(N)c23)c1,CHEMBL608428,IC50,nM,11748.98,CHEMBL2363,pIC50,,4.93,RnDHFR (R. norvegicus)
CHEMBL1071425,COc1cc(CCCc2c[nH]c3nc(N)nc(N)c23)cc(OC)c1OC,CHEMBL597583,IC50,nM,4786.3,CHEMBL2363,pIC50,,5.32,RnDHFR (R. norvegicus)
CHEMBL1071425,Nc1nc(N)c2c(CCCc3cccc4c3CCCC4)c[nH]c2n1,CHEMBL591930,IC50,nM,1513.56,CHEMBL2363,pIC50,,5.82,RnDHFR (R. norvegicus)
CHEMBL1071425,Nc1nc(N)c2c(CCCc3ccc4c(c3)CCCC4)c[nH]c2n1,CHEMBL597962,IC50,nM,1096.48,CHEMBL2363,pIC50,,5.96,RnDHFR (R. norvegicus)
CHEMBL1071425,Nc1nc(N)c2c(CCCc3ccccc3)c[nH]c2n1,CHEMBL607583,IC50,nM,8511.38,CHEMBL2363,pIC50,,5.07,RnDHFR (R. norvegicus)
CHEMBL2384162,CCc1nc(N)nc(N)c1-c1ccc(Cl)cc1,CHEMBL36,IC50,nM,1500.0,CHEMBL2363,IC50,uM,1.5,RnDHFR (R. norvegicus)
CHEMBL2384162,COc1cc(NCc2ccc3nc(N)nc(N)c3c2C)cc(OC)c1OC,CHEMBL119,IC50,nM,3.0,CHEMBL2363,IC50,uM,0.003,RnDHFR (R. norvegicus)
CHEMBL2384162,COc1ccc(OC)c(Cc2cnc3nc(N)nc(N)c3c2C)c1,CHEMBL7492,IC50,nM,3.3,CHEMBL2363,IC50,uM,0.0033,RnDHFR (R. norvegicus)
CHEMBL2384162,CN(Cc1cnc2nc(N)nc(N)c2n1)c1ccc(C(=O)N[C@@H](CCC(=O)O)C(=O)O)cc1,CHEMBL34259,IC50,nM,2.5,CHEMBL2363,IC50,uM,0.0025,RnDHFR (R. norvegicus)
CHEMBL2384162,COc1cc(Cc2cnc(N)nc2N)cc(OC)c1OC,CHEMBL22,IC50,nM,180000.0,CHEMBL2363,IC50,uM,180.0,RnDHFR (R. norvegicus)
CHEMBL2384162,CN(c1cc(F)c(F)c(F)c1)c1cnc2nc(N)nc(N)c2c1,CHEMBL2382336,IC50,nM,430.0,CHEMBL2363,IC50,uM,0.43,RnDHFR (R. norvegicus)
CHEMBL2384162,CN(c1cnc2nc(N)nc(N)c2c1)c1cc(F)ccc1F,CHEMBL2382335,IC50,nM,70.0,CHEMBL2363,IC50,uM,0.07,RnDHFR (R. norvegicus)
CHEMBL2384162,CN(c1cnc2nc(N)nc(N)c2c1)c1cccc2ccccc12,CHEMBL2382334,IC50,nM,21.0,CHEMBL2363,IC50,uM,0.021,RnDHFR (R. norvegicus)
CHEMBL2384162,CN(c1ccc([N+](=O)[O-])cc1)c1cnc2nc(N)nc(N)c2c1,CHEMBL2382333,IC50,nM,610.0,CHEMBL2363,IC50,uM,0.61,RnDHFR (R. norvegicus)
CHEMBL2384162,CC(C)c1ccc(N(C)c2cnc3nc(N)nc(N)c3c2)cc1,CHEMBL2382332,IC50,nM,72.0,CHEMBL2363,IC50,uM,0.072,RnDHFR (R. norvegicus)
CHEMBL2384162,Cc1ccc(N(C)c2cnc3nc(N)nc(N)c3c2)cc1,CHEMBL2382331,IC50,nM,28.0,CHEMBL2363,IC50,uM,0.028,RnDHFR (R. norvegicus)
CHEMBL2384162,COc1cc(N(C)c2cnc3nc(N)nc(N)c3c2)cc(OC)c1OC,CHEMBL2382330,IC50,nM,6.8,CHEMBL2363,IC50,uM,0.0068,RnDHFR (R. norvegicus)
CHEMBL2384162,COc1ccc(OC)c(N(C)c2cnc3nc(N)nc(N)c3c2)c1,CHEMBL2382329,IC50,nM,3.7,CHEMBL2363,IC50,uM,0.0037,RnDHFR (R. norvegicus)
CHEMBL2384162,COc1ccccc1N(C)c1cnc2nc(N)nc(N)c2c1,CHEMBL2382328,IC50,nM,24.0,CHEMBL2363,IC50,uM,0.024,RnDHFR (R. norvegicus)
CHEMBL2384162,COc1ccc(N(C)c2cnc3nc(N)nc(N)c3c2)cc1,CHEMBL2382327,IC50,nM,5.9,CHEMBL2363,IC50,uM,0.0059,RnDHFR (R. norvegicus)
CHEMBL2384162,CN(c1ccccc1)c1cnc2nc(N)nc(N)c2c1,CHEMBL2382326,IC50,nM,120.0,CHEMBL2363,IC50,uM,0.12,RnDHFR (R. norvegicus)
CHEMBL2384162,Nc1nc(N)c2cc(Nc3cc(F)c(F)c(F)c3)cnc2n1,CHEMBL2382325,IC50,nM,5200.0,CHEMBL2363,IC50,uM,5.2,RnDHFR (R. norvegicus)
CHEMBL2384162,Nc1nc(N)c2cc(Nc3cc(F)ccc3F)cnc2n1,CHEMBL2382324,IC50,nM,1100.0,CHEMBL2363,IC50,uM,1.1,RnDHFR (R. norvegicus)
CHEMBL2384162,Nc1nc(N)c2cc(Nc3cccc4ccccc34)cnc2n1,CHEMBL2382323,IC50,nM,2900.0,CHEMBL2363,IC50,uM,2.9,RnDHFR (R. norvegicus)
CHEMBL2384162,Nc1nc(N)c2cc(Nc3ccc([N+](=O)[O-])cc3)cnc2n1,CHEMBL2382322,IC50,nM,12000.0,CHEMBL2363,IC50,uM,12.0,RnDHFR (R. norvegicus)
CHEMBL2384162,Nc1nc(N)c2cc(Nc3ccc4ccccc4c3)cnc2n1,CHEMBL2382321,IC50,nM,3300.0,CHEMBL2363,IC50,uM,3.3,RnDHFR (R. norvegicus)
CHEMBL2384162,CC(C)c1ccc(Nc2cnc3nc(N)nc(N)c3c2)cc1,CHEMBL2382320,IC50,nM,12000.0,CHEMBL2363,IC50,uM,12.0,RnDHFR (R. norvegicus)
CHEMBL2384162,Cc1ccc(Nc2cnc3nc(N)nc(N)c3c2)cc1,CHEMBL2382319,IC50,nM,4000.0,CHEMBL2363,IC50,uM,4.0,RnDHFR (R. norvegicus)
CHEMBL2384162,COc1cc(Nc2cnc3nc(N)nc(N)c3c2)cc(OC)c1OC,CHEMBL2382318,IC50,nM,4000.0,CHEMBL2363,IC50,uM,4.0,RnDHFR (R. norvegicus)
CHEMBL2384162,COc1ccc(OC)c(Nc2cnc3nc(N)nc(N)c3c2)c1,CHEMBL2382317,IC50,nM,1700.0,CHEMBL2363,IC50,uM,1.7,RnDHFR (R. norvegicus)
CHEMBL2384162,COc1ccccc1Nc1cnc2nc(N)nc(N)c2c1,CHEMBL2382316,IC50,nM,760.0,CHEMBL2363,IC50,uM,0.76,RnDHFR (R. norvegicus)
CHEMBL2384162,COc1ccc(Nc2cnc3nc(N)nc(N)c3c2)cc1,CHEMBL2382315,IC50,nM,3900.0,CHEMBL2363,IC50,uM,3.9,RnDHFR (R. norvegicus)
CHEMBL2384162,Nc1nc(N)c2cc(Nc3ccccc3)cnc2n1,CHEMBL2382314,IC50,nM,420.0,CHEMBL2363,IC50,uM,0.42,RnDHFR (R. norvegicus)
CHEMBL3253412,CCOC(=O)C[C@H](NC(=O)c1ccc(NCc2ccc3nc(N)nc(N)c3c2)cc1)C(=O)OCC,CHEMBL3244846,IC50,nM,32.0,CHEMBL2363,I50,uM,0.032,RnDHFR (R. norvegicus)
CHEMBL3253412,Nc1nc(N)c2cc(CNc3ccc(C(=O)N[C@@H](CC(=O)O)C(=O)O)cc3)ccc2n1,CHEMBL3244847,IC50,nM,1.7,CHEMBL2363,I50,uM,0.0017,RnDHFR (R. norvegicus)
CHEMBL3253412,CCOC(=O)C[C@H](NC(=O)c1ccc(NCc2ccc3nc(N)nc(N)c3c2Cl)cc1)C(=O)OCC,CHEMBL3244848,IC50,nM,13.0,CHEMBL2363,I50,uM,0.013,RnDHFR (R. norvegicus)
CHEMBL3253412,Nc1nc(N)c2c(Cl)c(CNc3ccc(C(=O)N[C@@H](CC(=O)O)C(=O)O)cc3)ccc2n1,CHEMBL475332,IC50,nM,6.4,CHEMBL2363,I50,uM,0.0064,RnDHFR (R. norvegicus)
CHEMBL3253412,CCOC(=O)C[C@H](NC(=O)c1ccc(NCc2ccc3nc(N)nc(N)c3c2C)cc1)C(=O)OCC,CHEMBL3244849,IC50,nM,16.0,CHEMBL2363,I50,uM,0.016,RnDHFR (R. norvegicus)
CHEMBL3253412,Cc1c(CNc2ccc(C(=O)N[C@@H](CC(=O)O)C(=O)O)cc2)ccc2ncnc(N)c12,CHEMBL461523,IC50,nM,0.4,CHEMBL2363,I50,uM,0.0004,RnDHFR (R. norvegicus)
CHEMBL3253412,CCOC(=O)CC[C@H](NC(=O)c1ccc(NCc2ccc3nc(N)nc(N)c3c2)cc1)C(=O)OCC,CHEMBL3244850,IC50,nM,52.0,CHEMBL2363,I50,uM,0.052,RnDHFR (R. norvegicus)
CHEMBL3253412,Nc1nc(N)c2cc(CNc3ccc(C(=O)N[C@@H](CCC(=O)O)C(=O)O)cc3)ccc2n1,CHEMBL3244851,IC50,nM,3.4,CHEMBL2363,I50,uM,0.0034,RnDHFR (R. norvegicus)
CHEMBL3253412,CCOC(=O)CC[C@H](NC(=O)c1ccc(NCc2ccc3nc(N)nc(N)c3c2Cl)cc1)C(=O)OCC,CHEMBL3244852,IC50,nM,31.0,CHEMBL2363,I50,uM,0.031,RnDHFR (R. norvegicus)
CHEMBL3253412,Nc1nc(N)c2c(Cl)c(CNc3ccc(C(=O)N[C@@H](CCC(=O)O)C(=O)O)cc3)ccc2n1,CHEMBL3244853,IC50,nM,7.5,CHEMBL2363,I50,uM,0.0075,RnDHFR (R. norvegicus)
CHEMBL3253412,CCOC(=O)CC[C@H](NC(=O)c1ccc(NCc2ccc3nc(N)nc(N)c3c2C)cc1)C(=O)OCC,CHEMBL3244832,IC50,nM,15.0,CHEMBL2363,I50,uM,0.015,RnDHFR (R. norvegicus)
CHEMBL3253412,Cc1c(CNc2ccc(C(=O)N[C@@H](CCC(=O)O)C(=O)O)cc2)ccc2nc(N)nc(N)c12,CHEMBL3244833,IC50,nM,6.9,CHEMBL2363,I50,uM,0.0069,RnDHFR (R. norvegicus)
CHEMBL3253412,Nc1nc(N)c2cc(CN(C=O)c3ccc(C(=O)N[C@@H](CCC(=O)O)C(=O)O)cc3)ccc2n1,CHEMBL3244854,IC50,nM,1.5,CHEMBL2363,I50,uM,0.0015,RnDHFR (R. norvegicus)
CHEMBL3253412,CCOC(=O)CC[C@H](NC(=O)c1ccc(NCc2ccc3nc(N)nc(O)c3c2)cc1)C(=O)OCC,CHEMBL3244855,IC50,nM,520.0,CHEMBL2363,I50,uM,0.52,RnDHFR (R. norvegicus)
CHEMBL3253412,Nc1nc(O)c2cc(CNc3ccc(C(=O)N[C@@H](CCC(=O)O)C(=O)O)cc3)ccc2n1,CHEMBL22973,IC50,nM,23.0,CHEMBL2363,I50,uM,0.023,RnDHFR (R. norvegicus)
CHEMBL3253412,CCOC(=O)CC[C@H](NC(=O)c1ccc(N(C)Cc2ccc3nc(N)nc(O)c3c2)cc1)C(=O)OCC,CHEMBL3244856,IC50,nM,1000.0,CHEMBL2363,I50,uM,1.0,RnDHFR (R. norvegicus)
CHEMBL3253412,CN(Cc1ccc2nc(N)nc(O)c2c1)c1ccc(C(=O)N[C@@H](CCC(=O)O)C(=O)O)cc1,CHEMBL347223,IC50,nM,37.0,CHEMBL2363,I50,uM,0.037,RnDHFR (R. norvegicus)
CHEMBL3253412,Nc1nc(O)c2cc(CN(C=O)c3ccc(C(=O)N[C@@H](CCC(=O)O)C(=O)O)cc3)ccc2n1,CHEMBL532231,IC50,nM,12.0,CHEMBL2363,I50,uM,0.012,RnDHFR (R. norvegicus)
CHEMBL3253412,CCOC(=O)CC[C@H](NC(=O)c1ccc(CNc2ccc3nc(N)nc(N)c3c2)cc1)C(=O)OCC,CHEMBL3244857,IC50,nM,29.0,CHEMBL2363,I50,uM,0.029,RnDHFR (R. norvegicus)
CHEMBL3253412,Nc1nc(N)c2cc(NCc3ccc(C(=O)N[C@@H](CCC(=O)O)C(=O)O)cc3)ccc2n1,CHEMBL464048,IC50,nM,26.0,CHEMBL2363,I50,uM,0.026,RnDHFR (R. norvegicus)
CHEMBL3253412,CCOC(=O)CC[C@H](NC(=O)c1ccc(CNc2ccc3nc(N)nc(N)c3c2C)cc1)C(=O)OCC,CHEMBL3244858,IC50,nM,20.0,CHEMBL2363,I50,uM,0.02,RnDHFR (R. norvegicus)
CHEMBL3253412,Cc1c(NCc2ccc(C(=O)N[C@@H](CCC(=O)O)C(=O)O)cc2)ccc2nc(N)nc(N)c12,CHEMBL3244859,IC50,nM,5.6,CHEMBL2363,I50,uM,0.0056,RnDHFR (R. norvegicus)
CHEMBL3253412,CCOC(=O)CC[C@H](NC(=O)c1ccc(CNc2ccc3nc(N)nc(O)c3c2)cc1)C(=O)OCC,CHEMBL3244860,IC50,nM,570.0,CHEMBL2363,I50,uM,0.57,RnDHFR (R. norvegicus)
CHEMBL3253412,Nc1nc(O)c2cc(NCc3ccc(C(=O)N[C@@H](CCC(=O)O)C(=O)O)cc3)ccc2n1,CHEMBL3244861,IC50,nM,210.0,CHEMBL2363,I50,uM,0.21,RnDHFR (R. norvegicus)
CHEMBL3253412,CCOC(=O)CC[C@H](NC(=O)c1ccc(CNc2ccc3nc(N)nc(O)c3c2C)cc1)C(=O)OCC,CHEMBL3244862,IC50,nM,2700.0,CHEMBL2363,I50,uM,2.7,RnDHFR (R. norvegicus)
CHEMBL3253412,Cc1c(NCc2ccc(C(=O)N[C@@H](CCC(=O)O)C(=O)O)cc2)ccc2nc(N)nc(O)c12,CHEMBL3244863,IC50,nM,390.0,CHEMBL2363,I50,uM,0.39,RnDHFR (R. norvegicus)
CHEMBL3739008,N#Cc1ccc(Cn2ccc3c4c(N)nc(N)nc4ccc32)cc1,CHEMBL526243,IC50,nM,2.1,CHEMBL2363,IC50,nM,2.1,RnDHFR (R. norvegicus)
CHEMBL4390134,COc1ccc(OC)c(NCc2ccc3nc(N)nc(N)c3n2)c1,CHEMBL52947,IC50,nM,430.0,CHEMBL2363,IC50,nM,430.0,RnDHFR (R. norvegicus)
CHEMBL4390134,COc1ccc(OC)c(NCc2cnc3nc(N)nc(N)c3c2)c1,CHEMBL424135,IC50,nM,500.0,CHEMBL2363,IC50,nM,500.0,RnDHFR (R. norvegicus)
CHEMBL665202,Nc1nc(O)c2cc(CNc3ccc(C(=O)NC(CCC(=O)O)C(=O)O)cc3)ccc2n1,CHEMBL23977,Ki,nM,0.58,CHEMBL2363,Ki,nM,0.58,RnDHFR (R. norvegicus)
CHEMBL665203,C#CCN(Cc1ccc2[nH]c(N)nc(=O)c2c1)c1ccc(C(=O)NC(CCC(=O)O)C(=O)O)cc1,CHEMBL422395,Ki,nM,74.5,CHEMBL2363,Ki,nM,74.5,RnDHFR (R. norvegicus)
CHEMBL875022,O=C(O)CCC(NC(=O)c1ccc(NCc2ccc3ncnc(O)c3c2)cc1)C(=O)O,CHEMBL89641,Ki,nM,10.7,CHEMBL2363,Ki,nM,10.7,RnDHFR (R. norvegicus)
CHEMBL665202,CCN(Cc1ccc2nc(N)nc(O)c2c1)c1ccc(C(=O)NC(CCC(=O)O)C(=O)O)cc1,CHEMBL22632,Ki,nM,3.88,CHEMBL2363,Ki,nM,3.88,RnDHFR (R. norvegicus)
CHEMBL665202,C#CCN(Cc1ccc2ncnc(O)c2c1)c1ccc(C(=O)NC(CCC(=O)O)C(=O)O)cc1,CHEMBL171480,Ki,nM,2250.0,CHEMBL2363,Ki,nM,2250.0,RnDHFR (R. norvegicus)
CHEMBL665202,CCN(Cc1ccc2ncnc(O)c2c1)c1ccc(C(=O)NC(CCC(=O)O)C(=O)O)cc1,CHEMBL170846,Ki,nM,57.8,CHEMBL2363,Ki,nM,57.8,RnDHFR (R. norvegicus)
CHEMBL665204,C#CCN(Cc1ccc2nc[nH]c(=O)c2c1)c1ccc(C(=O)N[C@@H](CCC(=O)O)C(=O)O)cc1,CHEMBL103059,Ki,nM,2250.0,CHEMBL2363,Ki,uM,2.25,RnDHFR (R. norvegicus)
CHEMBL665204,C#CCN(Cc1ccc2[nH]c(N)nc(=O)c2c1)c1ccc(C(=O)N[C@@H](CCC(=O)O)C(=O)O)cc1,CHEMBL389051,Ki,nM,75.0,CHEMBL2363,Ki,uM,0.075,RnDHFR (R. norvegicus)
CHEMBL665205,CCc1nc(N)nc(N)c1-c1ccc(N(C)Cc2ccc(C(=O)OC)cc2)c([N+](=O)[O-])c1,CHEMBL449706,Ki,nM,0.014,CHEMBL2363,Ki,nM,0.014,RnDHFR (R. norvegicus)
CHEMBL665205,Cc1nc(N)nc(N)c1-c1ccc(Cl)c(Cl)c1,CHEMBL264373,Ki,nM,0.12,CHEMBL2363,Ki,nM,0.12,RnDHFR (R. norvegicus)
CHEMBL665205,CCc1nc(N)nc(N)c1-c1ccc(N(C)Cc2ccc(C(=O)O)cc2)c([N+](=O)[O-])c1,CHEMBL102850,Ki,nM,0.0004,CHEMBL2363,Ki,nM,0.0004,RnDHFR (R. norvegicus)
CHEMBL665205,CCc1nc(N)nc(N)c1-c1ccc(N(C)Cc2ccc(C(=O)NC)cc2)c([N+](=O)[O-])c1,CHEMBL102418,Ki,nM,0.00035,CHEMBL2363,Ki,nM,0.00035,RnDHFR (R. norvegicus)
CHEMBL665205,CCc1nc(N)nc(N)c1-c1ccc(N(C)Cc2ccccc2)c([N+](=O)[O-])c1,CHEMBL56170,Ki,nM,0.009,CHEMBL2363,Ki,nM,0.009,RnDHFR (R. norvegicus)
CHEMBL1038912,CN(Cc1cnc2nc(N)nc(N)c2n1)c1ccc(C(=O)N[C@@H](CCC(=O)O)C(=O)O)cc1,CHEMBL34259,Ki,nM,0.073,CHEMBL2363,Ki,uM,0.000073,RnDHFR (R. norvegicus)
CHEMBL1038912,COc1ccccc1/C(C)=C/c1coc2nc(N)nc(N)c12,CHEMBL610181,Ki,nM,4600.0,CHEMBL2363,Ki,uM,4.6,RnDHFR (R. norvegicus)
CHEMBL1038912,COc1cc(Cc2cnc(N)nc2N)cc(OC)c1OC,CHEMBL22,Ki,nM,14300.0,CHEMBL2363,Ki,uM,14.3,RnDHFR (R. norvegicus)
CHEMBL1038912,CCC(C)C(=Cc1coc2nc(=N)[nH]c(N)c12)c1ccccc1OC,CHEMBL603849,Ki,nM,1000.0,CHEMBL2363,Ki,uM,1.0,RnDHFR (R. norvegicus)
CHEMBL1038912,COc1ccccc1/C(C)=C\c1coc2nc(N)nc(N)c12,CHEMBL606039,Ki,nM,1100.0,CHEMBL2363,Ki,uM,1.1,RnDHFR (R. norvegicus)
CHEMBL1038912,COc1ccccc1C(=Cc1coc2nc(=N)[nH]c(N)c12)C1CC1,CHEMBL594320,Ki,nM,1100.0,CHEMBL2363,Ki,uM,1.1,RnDHFR (R. norvegicus)
CHEMBL1038912,COc1ccccc1C(Cc1coc2nc(N)nc(N)c12)C1CC1,CHEMBL603198,Ki,nM,1100.0,CHEMBL2363,Ki,uM,1.1,RnDHFR (R. norvegicus)
CHEMBL1038912,COc1ccccc1C(=Cc1coc2nc(=N)[nH]c(N)c12)C(C)C,CHEMBL594810,Ki,nM,1300.0,CHEMBL2363,Ki,uM,1.3,RnDHFR (R. norvegicus)
CHEMBL1038912,COc1ccccc1C(Cc1coc2nc(N)nc(N)c12)C(C)C,CHEMBL595757,Ki,nM,1400.0,CHEMBL2363,Ki,uM,1.4,RnDHFR (R. norvegicus)
CHEMBL1038912,CCCC(=Cc1coc2nc(=N)[nH]c(N)c12)c1ccccc1OC,CHEMBL595497,Ki,nM,1600.0,CHEMBL2363,Ki,uM,1.6,RnDHFR (R. norvegicus)
CHEMBL1038912,CCCCC(=Cc1coc2nc(=N)[nH]c(N)c12)c1ccccc1OC,CHEMBL604879,Ki,nM,3200.0,CHEMBL2363,Ki,uM,3.2,RnDHFR (R. norvegicus)
CHEMBL1038912,CCCC(Cc1coc2nc(N)nc(N)c12)c1ccccc1OC,CHEMBL605413,Ki,nM,3300.0,CHEMBL2363,Ki,uM,3.3,RnDHFR (R. norvegicus)
CHEMBL1038912,CCC(C)C(Cc1coc2nc(N)nc(N)c12)c1ccccc1OC,CHEMBL594339,Ki,nM,4000.0,CHEMBL2363,Ki,uM,4.0,RnDHFR (R. norvegicus)
CHEMBL1038912,COc1ccccc1C(Cc1coc2nc(N)nc(N)c12)CC(C)C,CHEMBL606362,Ki,nM,4200.0,CHEMBL2363,Ki,uM,4.2,RnDHFR (R. norvegicus)
CHEMBL1038912,COc1ccccc1C(=Cc1coc2nc(=N)[nH]c(N)c12)CC(C)C,CHEMBL593154,Ki,nM,4700.0,CHEMBL2363,Ki,uM,4.7,RnDHFR (R. norvegicus)
CHEMBL1038912,CCCCC(Cc1coc2nc(N)nc(N)c12)c1ccccc1OC,CHEMBL594790,Ki,nM,5000.0,CHEMBL2363,Ki,uM,5.0,RnDHFR (R. norvegicus)
CHEMBL669643,CN(Cc1cnc2nc(N)nc(N)c2n1)c1ccc(C(=O)NCCCC(=O)NCCCC(=O)NC(CCC(=O)O)C(=O)O)cc1,CHEMBL264245,IC50,nM,90.0,CHEMBL4564,IC50,uM,0.09,MmDHFR (M. musculus)
CHEMBL669643,CN(Cc1cnc2nc(N)nc(N)c2n1)c1ccc(C(=O)N[C@@H](CCC(=O)O)C(=O)O)cc1,CHEMBL34259,IC50,nM,35.0,CHEMBL4564,IC50,uM,0.035,MmDHFR (M. musculus)
CHEMBL669643,CN(Cc1cnc2nc(N)nc(N)c2n1)c1ccc(C(=O)NCCCC(=O)NCCCC(=O)NCCCC(=O)NCCCC(=O)NC(CCC(=O)O)C(=O)O)cc1,CHEMBL55167,IC50,nM,540.0,CHEMBL4564,IC50,uM,0.54,MmDHFR (M. musculus)
CHEMBL669643,CN(Cc1cnc2nc(N)nc(N)c2n1)c1ccc(C(=O)NCCCC(=O)NC(CCC(=O)O)C(=O)O)cc1,CHEMBL56005,IC50,nM,82.0,CHEMBL4564,IC50,uM,0.082,MmDHFR (M. musculus)
CHEMBL669643,CN(Cc1cnc2nc(N)nc(N)c2n1)c1ccc(C(=O)NCCCC(=O)NCCCC(=O)NCCCC(=O)NCCCC(=O)NCCCC(=O)NC(CCC(=O)O)C(=O)O)cc1,CHEMBL435778,IC50,nM,840.0,CHEMBL4564,IC50,uM,0.84,MmDHFR (M. musculus)
CHEMBL669643,CN(Cc1cnc2nc(N)nc(N)c2n1)c1ccc(C(=O)NCCCC(=O)NCCCC(=O)NCCCC(=O)NC(CCC(=O)O)C(=O)O)cc1,CHEMBL54833,IC50,nM,310.0,CHEMBL4564,IC50,uM,0.31,MmDHFR (M. musculus)
CHEMBL669645,Nc1nc(N)c2c(n1)CCC2CCCc1ccc(C(=O)NC(CCC(=O)O)C(=O)O)cc1,CHEMBL41056,IC50,nM,7.1,CHEMBL4564,IC50,nM,7.1,MmDHFR (M. musculus)
CHEMBL669645,Nc1nc(N)c2c(n1)CCC2CCc1ccc(C(=O)NC(CCC(=O)O)C(=O)O)cc1,CHEMBL42159,IC50,nM,72.0,CHEMBL4564,IC50,nM,72.0,MmDHFR (M. musculus)
CHEMBL669645,CCC(Cc1cnc2nc(N)nc(N)c2n1)c1ccc(C(=O)N[C@@H](CCC(=O)O)C(=O)O)cc1,CHEMBL296373,IC50,nM,11.0,CHEMBL4564,IC50,nM,11.0,MmDHFR (M. musculus)
CHEMBL669302,C#CCN(Cc1ccc2[nH]c(N)nc(=O)c2c1)c1ccc(C(=O)NC(CCC(=O)O)C(=O)O)cc1,CHEMBL422395,IC50,nM,6600.0,CHEMBL4564,IC50,M,0.0000066,MmDHFR (M. musculus)
CHEMBL669645,CN(Cc1cnc2nc(N)nc(N)c2n1)c1ccc(C(=O)N[C@@H](CCC(=O)O)C(=O)O)cc1,CHEMBL34259,IC50,nM,6.6,CHEMBL4564,IC50,nM,6.6,MmDHFR (M. musculus)
CHEMBL669645,Nc1nc(O)c2c(n1)CCC2CCc1ccc(C(=O)NC(CCC(=O)O)C(=O)O)cc1,CHEMBL296190,IC50,nM,2.1,CHEMBL4564,IC50,nM,2.1,MmDHFR (M. musculus)
CHEMBL669645,Nc1nc(O)c2c(n1)CCC2CCCc1ccc(C(=O)NC(CCC(=O)O)C(=O)O)cc1,CHEMBL42301,IC50,nM,60.0,CHEMBL4564,IC50,nM,60.0,MmDHFR (M. musculus)
CHEMBL669306,CN(Cc1cnc2nc(N)nc(N)c2n1)c1ccc(C(=O)NC(CCCCCCCCCC(=O)O)C(=O)O)cc1,CHEMBL27306,IC50,nM,34.0,CHEMBL4564,IC50,uM,0.034,MmDHFR (M. musculus)
CHEMBL669306,CN(Cc1cnc2nc(N)nc(N)c2n1)c1ccc(C(=O)NC(CCCCCCCC(=O)O)C(=O)O)cc1,CHEMBL25923,IC50,nM,32.0,CHEMBL4564,IC50,uM,0.032,MmDHFR (M. musculus)
CHEMBL669306,CN(Cc1cnc2nc(N)nc(N)c2n1)c1ccc(C(=O)NC(CCCCCCCCC(=O)O)C(=O)O)cc1,CHEMBL28112,IC50,nM,29.0,CHEMBL4564,IC50,uM,0.029,MmDHFR (M. musculus)
CHEMBL669306,CN(Cc1cnc2nc(N)nc(N)c2n1)c1ccc(C(=O)NC(CCCCCCC(=O)O)C(=O)O)cc1,CHEMBL283062,IC50,nM,23.0,CHEMBL4564,IC50,uM,0.023,MmDHFR (M. musculus)
CHEMBL669306,Nc1nc(N)c2nc(CNc3ccc(C(=O)NC(CCCCCCCCCC(=O)O)C(=O)O)cc3)cnc2n1,CHEMBL26148,IC50,nM,81.0,CHEMBL4564,IC50,uM,0.081,MmDHFR (M. musculus)
CHEMBL669306,Nc1nc(N)c2nc(CNc3ccc(C(=O)N[C@@H](CCC(=O)O)C(=O)O)cc3)cnc2n1,CHEMBL376180,IC50,nM,25.0,CHEMBL4564,IC50,uM,0.025,MmDHFR (M. musculus)
CHEMBL669306,CN(Cc1cnc2nc(N)nc(N)c2n1)c1ccc(C(=O)NC(CCCCCCCCCCC(=O)O)C(=O)O)cc1,CHEMBL26326,IC50,nM,26.0,CHEMBL4564,IC50,uM,0.026,MmDHFR (M. musculus)
CHEMBL669306,Nc1nc(N)c2nc(CNc3ccc(C(=O)NC(CCCCCCC(=O)O)C(=O)O)cc3)cnc2n1,CHEMBL434004,IC50,nM,540.0,CHEMBL4564,IC50,uM,0.54,MmDHFR (M. musculus)
CHEMBL669306,CN(Cc1cnc2nc(N)nc(N)c2n1)c1ccc(C(=O)N[C@@H](CCC(=O)O)C(=O)O)cc1,CHEMBL34259,IC50,nM,25.0,CHEMBL4564,IC50,uM,0.025,MmDHFR (M. musculus)
CHEMBL669306,Nc1nc(N)c2nc(CNc3ccc(C(=O)NC(CCCCCCCCCCC(=O)O)C(=O)O)cc3)cnc2n1,CHEMBL275229,IC50,nM,67.0,CHEMBL4564,IC50,uM,0.067,MmDHFR (M. musculus)
CHEMBL669644,Nc1nc(N)c2nc(CNc3ccc(C(=O)N[C@@H](CCC(=O)O)C(=O)O)cc3)cnc2n1,CHEMBL376180,IC50,nM,35.0,CHEMBL4564,IC50,uM,0.035,MmDHFR (M. musculus)
CHEMBL669644,CN(Cc1cnc2nc(N)nc(N)c2n1)c1ccc(C(=O)NC(CCN)C(=O)O)cc1,CHEMBL158970,IC50,nM,120.0,CHEMBL4564,IC50,uM,0.12,MmDHFR (M. musculus)
CHEMBL669644,CN(Cc1cnc2nc(N)nc(N)c2n1)c1ccc(C(=O)NC(CN)C(=O)O)cc1,CHEMBL158478,IC50,nM,180.0,CHEMBL4564,IC50,uM,0.18,MmDHFR (M. musculus)
CHEMBL669644,CN(Cc1cnc2nc(N)nc(N)c2n1)c1ccc(C(=O)NC(CCCN)C(=O)O)cc1,CHEMBL36083,IC50,nM,160.0,CHEMBL4564,IC50,uM,0.16,MmDHFR (M. musculus)
CHEMBL669644,CN(Cc1cnc2nc(N)nc(N)c2n1)c1ccc(C(=O)N[C@@H](CCC(=O)O)C(=O)O)cc1,CHEMBL34259,IC50,nM,35.0,CHEMBL4564,IC50,uM,0.035,MmDHFR (M. musculus)
CHEMBL669644,CN(Cc1cnc2nc(N)nc(N)c2n1)c1ccc(C(=O)NC(CCCCN)C(=O)O)cc1,CHEMBL418165,IC50,nM,65.0,CHEMBL4564,IC50,uM,0.065,MmDHFR (M. musculus)
CHEMBL669644,NCCCC(NC(=O)c1ccc(NCc2cnc3nc(N)nc(N)c3n2)cc1)C(=O)O,CHEMBL280864,IC50,nM,72.0,CHEMBL4564,IC50,uM,0.072,MmDHFR (M. musculus)
CHEMBL669300,Nc1nc(N)c2nc(CNc3ccc(C(=O)NC(CP(=O)(O)O)C(=O)O)cc3)cnc2n1,CHEMBL28223,IC50,nM,550.0,CHEMBL4564,IC50,uM,0.55,MmDHFR (M. musculus)
CHEMBL669300,Nc1nc(N)c2nc(CNc3ccc(C(=O)NC(CCCCP(=O)(O)O)C(=O)O)cc3)cnc2n1,CHEMBL283262,IC50,nM,67.0,CHEMBL4564,IC50,uM,0.067,MmDHFR (M. musculus)
CHEMBL669300,Nc1nc(N)c2nc(CNc3ccc(C(=O)NC(CCP(=O)(O)O)C(=O)O)cc3)cnc2n1,CHEMBL27149,IC50,nM,63.0,CHEMBL4564,IC50,uM,0.063,MmDHFR (M. musculus)
CHEMBL669300,Nc1nc(N)c2nc(CNc3ccc(C(=O)NC(CCCP(=O)(O)O)C(=O)O)cc3)cnc2n1,CHEMBL27335,IC50,nM,83.0,CHEMBL4564,IC50,uM,0.083,MmDHFR (M. musculus)
CHEMBL669299,Nc1nc(N)c2nc(CNc3ccc(C(=O)NC(CCCNC(=O)c4ccccc4C(=O)O)C(=O)O)cc3)cnc2n1,CHEMBL18155,IC50,nM,52.0,CHEMBL4564,IC50,nM,52.0,MmDHFR (M. musculus)
CHEMBL669299,Nc1nc(N)c2nc(CNc3ccc(C(=O)N[C@@H](CCC(=O)O)C(=O)O)cc3)cnc2n1,CHEMBL376180,IC50,nM,35.0,CHEMBL4564,IC50,nM,35.0,MmDHFR (M. musculus)
CHEMBL669299,CN(Cc1cnc2nc(N)nc(N)c2n1)c1ccc(C(=O)N[C@@H](CCC(=O)O)C(=O)O)cc1,CHEMBL34259,IC50,nM,25.0,CHEMBL4564,IC50,nM,25.0,MmDHFR (M. musculus)
CHEMBL669308,CN(Cc1cnc2nc(N)nc(N)c2n1)c1ccc(C(=O)N[C@@H](CCC(=O)O)C(=O)O)cc1,CHEMBL34259,IC50,nM,73.0,CHEMBL4564,IC50,uM,0.073,MmDHFR (M. musculus)
CHEMBL669308,CN(Cc1cnc2nc(N)nc(N)c2n1)c1ccc(C(=O)NC(Cc2c[nH]cn2)C(=O)O)cc1,CHEMBL137366,IC50,nM,1300.0,CHEMBL4564,IC50,uM,1.3,MmDHFR (M. musculus)
CHEMBL669308,CN(Cc1cnc2nc(N)nc(N)c2n1)c1ccc(C(=O)NC(Cc2cn(CC(=O)O)cn2)C(=O)O)cc1,CHEMBL136133,IC50,nM,370.0,CHEMBL4564,IC50,uM,0.37,MmDHFR (M. musculus)
CHEMBL669303,CN(Cc1cnc2nc(N)nc(N)c2n1)c1ccc(C(=O)N(CCC(=O)O)CC(=O)O)cc1,CHEMBL164823,IC50,nM,38.0,CHEMBL4564,IC50,uM,0.038,MmDHFR (M. musculus)
CHEMBL669307,C#CCN(Cc1ccc2nc(N)nc(O)c2c1)c1ccc(C(=O)NC(CCC(=O)O)C(=O)O)c(C)c1,CHEMBL342302,IC50,nM,25000.0,CHEMBL4564,IC50,uM,25.0,MmDHFR (M. musculus)
CHEMBL669303,CN(Cc1cnc2nc(N)nc(N)c2n1)c1ccc(C(=O)NC(C/C=C/C(=O)O)C(=O)O)cc1,CHEMBL164765,IC50,nM,32000.0,CHEMBL4564,IC50,uM,32.0,MmDHFR (M. musculus)
CHEMBL669307,C#CCN(Cc1ccc2nc(N)nc(O)c2c1)c1c(Cl)cc(C(=O)NC(CCC(=O)O)C(=O)O)cc1Cl,CHEMBL357672,IC50,nM,3000.0,CHEMBL4564,IC50,uM,3.0,MmDHFR (M. musculus)
CHEMBL669307,C#CCN(Cc1ccc2nc(N)nc(O)c2c1)c1ccc(C(=O)NC(CCC(=O)O)C(=O)O)cc1Cl,CHEMBL141601,IC50,nM,3000.0,CHEMBL4564,IC50,uM,3.0,MmDHFR (M. musculus)
CHEMBL669304,Nc1nc(N)c2nc(CNc3ccc(C(=O)N[C@@H](CCC(=O)O)C(=O)O)cc3)cnc2n1,CHEMBL376180,IC50,nM,2.0,CHEMBL4564,IC50,uM,0.002,MmDHFR (M. musculus)
CHEMBL669304,Nc1nc(N)c2nc(CNc3cccc(C(=O)NC(CCC(=O)O)C(=O)O)c3)cnc2n1,CHEMBL166327,IC50,nM,200000.0,CHEMBL4564,IC50,uM,200.0,MmDHFR (M. musculus)
CHEMBL669303,Nc1nc(N)c2nc(CNc3ccc(C(=O)NC(C/C=C/C(=O)O)C(=O)O)cc3)cnc2n1,CHEMBL166929,IC50,nM,46000.0,CHEMBL4564,IC50,uM,46.0,MmDHFR (M. musculus)
CHEMBL669307,C#CCN(Cc1ccc2nc(N)nc(O)c2c1)c1ccc(C(=O)NC(CCC(=O)O)C(=O)O)c(Cl)c1,CHEMBL141546,IC50,nM,11000.0,CHEMBL4564,IC50,uM,11.0,MmDHFR (M. musculus)
CHEMBL669307,C#CCN(Cc1ccc2[nH]c(N)nc(=O)c2c1)c1ccc(C(=O)NC(CCC(=O)O)C(=O)O)cc1,CHEMBL422395,IC50,nM,7000.0,CHEMBL4564,IC50,uM,7.0,MmDHFR (M. musculus)
CHEMBL669305,CN(Cc1cnc2nc(N)nc(N)c2n1)c1ccc(C(=O)NC(CCC(=O)NC(CCCCN)C(=O)O)C(=O)O)cc1,CHEMBL171937,IC50,nM,87.0,CHEMBL4564,IC50,nM,87.0,MmDHFR (M. musculus)
CHEMBL669646,Nc1nc(N)c2nc(CNc3ccc(C(=O)N[C@@H](CCC(=O)O)C(=O)O)cc3)cnc2n1,CHEMBL376180,IC50,nM,35.0,CHEMBL4564,IC50,uM,0.035,MmDHFR (M. musculus)
CHEMBL669646,CN(Cc1cnc2nc(N)nc(N)c2n1)c1ccc(C(=O)N[C@@H](CCC(=O)O)C(=O)O)cc1,CHEMBL34259,IC50,nM,25.0,CHEMBL4564,IC50,uM,0.025,MmDHFR (M. musculus)
CHEMBL669305,CN(Cc1cnc2nc(N)nc(N)c2n1)c1ccc(C(=O)N[C@@H](CCC(=O)O)C(=O)O)cc1,CHEMBL34259,IC50,nM,50.0,CHEMBL4564,IC50,nM,50.0,MmDHFR (M. musculus)
CHEMBL669646,Nc1nc(N)c2nc(CNc3ccc(C(=O)NC(CCCNC(=O)c4ccc(Cl)cc4)C(=O)O)cc3)cnc2n1,CHEMBL441418,IC50,nM,28.0,CHEMBL4564,IC50,uM,0.028,MmDHFR (M. musculus)
CHEMBL669646,Nc1nc(N)c2nc(CNc3ccc(C(=O)NC(CCCNC(=O)c4ccccc4)C(=O)O)cc3)cnc2n1,CHEMBL27109,IC50,nM,27.0,CHEMBL4564,IC50,uM,0.027,MmDHFR (M. musculus)
CHEMBL669646,Nc1nc(N)c2nc(CNc3ccc(C(=O)NC(CCCNC(=O)c4ccc(Cl)c(Cl)c4)C(=O)O)cc3)cnc2n1,CHEMBL27821,IC50,nM,45.0,CHEMBL4564,IC50,uM,0.045,MmDHFR (M. musculus)
CHEMBL669305,CN(Cc1cnc2nc(N)nc(N)c2n1)c1ccc(C(=O)N[C@@H](CCC(=O)N[C@@H](CCCCN)C(=O)N[C@@H](CCCCN)C(=O)N[C@@H](CCCCN)C(=O)O)C(=O)O)cc1,CHEMBL3143620,IC50,nM,140.0,CHEMBL4564,IC50,nM,140.0,MmDHFR (M. musculus)
CHEMBL669646,Nc1nc(N)c2nc(CN(C=O)c3ccc(C(=O)NC(CCCNC(=O)c4ccc(Cl)cc4)C(=O)O)cc3)cnc2n1,CHEMBL283702,IC50,nM,15.0,CHEMBL4564,IC50,uM,0.015,MmDHFR (M. musculus)
CHEMBL669646,Nc1nc(N)c2nc(CN(C=O)c3ccc(C(=O)NC(CCCNC(=O)c4ccccc4)C(=O)O)cc3)cnc2n1,CHEMBL27514,IC50,nM,34.0,CHEMBL4564,IC50,uM,0.034,MmDHFR (M. musculus)
CHEMBL669305,CN(Cc1cnc2nc(N)nc(N)c2n1)c1ccc(C(=O)NC(CCC(=O)NC(CCCCN)C(=O)NC(CCCCN)C(=O)O)C(=O)O)cc1,CHEMBL344876,IC50,nM,86.0,CHEMBL4564,IC50,nM,86.0,MmDHFR (M. musculus)
CHEMBL669646,NCCCC(NC(=O)c1ccc(NCc2cnc3nc(N)nc(N)c3n2)cc1)C(=O)O,CHEMBL280864,IC50,nM,72.0,CHEMBL4564,IC50,uM,0.072,MmDHFR (M. musculus)
CHEMBL669646,CC(=O)NCCCC(NC(=O)c1ccc(N(C=O)Cc2cnc3nc(N)nc(N)c3n2)cc1)C(=O)O,CHEMBL26534,IC50,nM,53.0,CHEMBL4564,IC50,uM,0.053,MmDHFR (M. musculus)
CHEMBL669646,CC(=O)NCCCC(NC(=O)c1ccc(NCc2cnc3nc(N)nc(N)c3n2)cc1)C(=O)O,CHEMBL423297,IC50,nM,28.0,CHEMBL4564,IC50,uM,0.028,MmDHFR (M. musculus)
CHEMBL669646,Nc1nc(N)c2nc(CN(C=O)c3ccc(C(=O)NC(CCCNC(=O)c4ccc(Cl)c(Cl)c4)C(=O)O)cc3)cnc2n1,CHEMBL405237,IC50,nM,56.0,CHEMBL4564,IC50,uM,0.056,MmDHFR (M. musculus)
CHEMBL669646,Nc1nc(N)c2nc(CNc3ccc(C(=O)NC(CCCNC(=O)c4ccccc4C(=O)O)C(=O)O)cc3)cnc2n1,CHEMBL18155,IC50,nM,52.0,CHEMBL4564,IC50,uM,0.052,MmDHFR (M. musculus)
CHEMBL669646,Nc1nc(N)c2nc(CNc3ccc(C(=O)NC(CCCNC(=O)CCC(=O)O)C(=O)O)cc3)cnc2n1,CHEMBL416193,IC50,nM,32.0,CHEMBL4564,IC50,uM,0.032,MmDHFR (M. musculus)
CHEMBL668914,Nc1nc(N)c2nc(CNc3ccc(C(=O)NC(CCC(=O)N[C@]45C[C@H]6C[C@H](C[C@H](C6)C4)C5)C(=O)O)cc3)cnc2n1,CHEMBL45572,IC50,nM,100.0,CHEMBL4564,IC50,uM,0.1,MmDHFR (M. musculus)
CHEMBL668914,Nc1nc(N)c2nc(CNc3ccc(C(=O)NC(CCC(=O)NCc4ccc(Cl)c(Cl)c4)C(=O)O)cc3)cnc2n1,CHEMBL416261,IC50,nM,130.0,CHEMBL4564,IC50,uM,0.13,MmDHFR (M. musculus)
CHEMBL668914,CN(Cc1cnc2nc(N)nc(N)c2n1)c1ccc(C(=O)NC(CCC(=O)Nc2ccc3c(c2)OCO3)C(=O)O)cc1,CHEMBL44693,IC50,nM,42.0,CHEMBL4564,IC50,uM,0.042,MmDHFR (M. musculus)
CHEMBL668914,Nc1nc(N)c2nc(CNc3ccc(C(=O)NC(CCC(=O)Nc4ccccc4)C(=O)O)cc3)cnc2n1,CHEMBL45735,IC50,nM,60.0,CHEMBL4564,IC50,uM,0.06,MmDHFR (M. musculus)
CHEMBL668914,Nc1nc(N)c2nc(CNc3ccc(C(=O)NC(CCC(=O)NCc4c(Cl)cccc4Cl)C(=O)O)cc3)cnc2n1,CHEMBL48044,IC50,nM,80.0,CHEMBL4564,IC50,uM,0.08,MmDHFR (M. musculus)
CHEMBL883656,Nc1nc(N)c2nc(CNc3ccc(C(=O)NC(CCC(=O)Nc4ccc(O)c(O)c4)C(=O)O)cc3)cnc2n1,CHEMBL45679,IC50,nM,57.0,CHEMBL4564,IC50,uM,0.057,MmDHFR (M. musculus)
CHEMBL668914,CN(Cc1cnc2nc(N)nc(N)c2n1)c1ccc(C(=O)N[C@@H](CCC(=O)O)C(=O)O)cc1,CHEMBL34259,IC50,nM,20.0,CHEMBL4564,IC50,uM,0.02,MmDHFR (M. musculus)
CHEMBL668914,CC(C)(C)NC(=O)CCC(NC(=O)c1ccc(NCc2cnc3nc(N)nc(N)c3n2)cc1)C(=O)O,CHEMBL44697,IC50,nM,44.0,CHEMBL4564,IC50,uM,0.044,MmDHFR (M. musculus)
CHEMBL668914,Nc1nc(N)c2nc(CNc3ccc(C(=O)NC(CCC(=O)Nc4ccc5c(c4)OCO5)C(=O)O)cc3)cnc2n1,CHEMBL47316,IC50,nM,45.0,CHEMBL4564,IC50,uM,0.045,MmDHFR (M. musculus)
CHEMBL883656,CN(Cc1cnc2nc(N)nc(N)c2n1)c1ccc(C(=O)NC(CCC(=O)Nc2ccc(O)c(O)c2)C(=O)O)cc1,CHEMBL46656,IC50,nM,31.0,CHEMBL4564,IC50,uM,0.031,MmDHFR (M. musculus)
CHEMBL668914,Nc1nc(N)c2nc(CNc3ccc(C(=O)N[C@@H](CCC(=O)O)C(=O)O)cc3)cnc2n1,CHEMBL376180,IC50,nM,20.0,CHEMBL4564,IC50,uM,0.02,MmDHFR (M. musculus)
CHEMBL668914,Nc1nc(N)c2nc(CNc3ccc(C(=O)NC(CCC(=O)NCc4ccccc4)C(=O)O)cc3)cnc2n1,CHEMBL46140,IC50,nM,87.0,CHEMBL4564,IC50,uM,0.087,MmDHFR (M. musculus)
CHEMBL669641,Nc1nc(N)c2cc(CN(C=O)c3ccc(C(=O)NC(CCC(=O)O)C(=O)O)cc3)ccc2n1,CHEMBL303654,IC50,nM,67.0,CHEMBL4564,I50,uM,0.067,MmDHFR (M. musculus)
CHEMBL669641,CN(Cc1ccc2nc(N)nc(N)c2c1)c1ccc(C(=O)NC(CCC(=O)O)C(=O)O)cc1,CHEMBL304397,IC50,nM,51.0,CHEMBL4564,I50,uM,0.051,MmDHFR (M. musculus)
CHEMBL669642,Nc1nc(N)c2cc(NCc3ccc(C(=O)NC(CCC(=O)O)C(=O)O)cc3)ccc2n1,CHEMBL423123,IC50,nM,60.0,CHEMBL4564,I50,uM,0.06,MmDHFR (M. musculus)
CHEMBL669642,Nc1nc(N)c2cc(N(C=O)Cc3ccc(C(=O)NC(CCC(=O)O)C(=O)O)cc3)ccc2n1,CHEMBL69713,IC50,nM,70.0,CHEMBL4564,I50,uM,0.07,MmDHFR (M. musculus)
CHEMBL669642,CN(Cc1cnc2nc(N)nc(N)c2n1)c1ccc(C(=O)N[C@@H](CCC(=O)O)C(=O)O)cc1,CHEMBL34259,IC50,nM,45.0,CHEMBL4564,I50,uM,0.045,MmDHFR (M. musculus)
CHEMBL669640,Nc1nc(N)c2cc(CNc3ccc(C(=O)NC(CCC(=O)O)C(=O)O)cc3)ccc2n1,CHEMBL305177,IC50,nM,48.0,CHEMBL4564,I50,uM,0.048,MmDHFR (M. musculus)
CHEMBL669642,CN(Cc1ccc(C(=O)NC(CCC(=O)O)C(=O)O)cc1)c1ccc2nc(N)nc(N)c2c1,CHEMBL305253,IC50,nM,51.0,CHEMBL4564,I50,uM,0.051,MmDHFR (M. musculus)
CHEMBL669301,CN(Cc1cnc2nc(N)nc(N)c2n1)c1ccc(C(=O)NC(CCCNC(=O)CBr)C(=O)O)cc1,CHEMBL36393,IC50,nM,46.0,CHEMBL4564,IC50,nM,46.0,MmDHFR (M. musculus)
CHEMBL669301,CN(Cc1cnc2nc(N)nc(N)c2n1)c1ccc(C(=O)N[C@@H](CCC(=O)O)C(=O)O)cc1,CHEMBL34259,IC50,nM,25.0,CHEMBL4564,IC50,nM,25.0,MmDHFR (M. musculus)
CHEMBL669301,CN(Cc1cnc2nc(N)nc(N)c2n1)c1ccc(C(=O)NC(CCCCNC(=O)CCl)C(=O)O)cc1,CHEMBL287544,IC50,nM,32.0,CHEMBL4564,IC50,nM,32.0,MmDHFR (M. musculus)
CHEMBL669301,CN(Cc1cnc2nc(N)nc(N)c2n1)c1ccc(C(=O)NC(CCCCNC(=O)CBr)C(=O)O)cc1,CHEMBL286658,IC50,nM,72.0,CHEMBL4564,IC50,nM,72.0,MmDHFR (M. musculus)
CHEMBL669301,CN(Cc1cnc2nc(N)nc(N)c2n1)c1ccc(C(=O)NC(CCCNC(=O)CCl)C(=O)O)cc1,CHEMBL35312,IC50,nM,32.0,CHEMBL4564,IC50,nM,32.0,MmDHFR (M. musculus)
CHEMBL1038905,COc1ccccc1C(Cc1coc2nc(N)nc(N)c12)C(C)C,CHEMBL595757,IC50,nM,3200.0,CHEMBL4564,IC50,uM,3.2,MmDHFR (M. musculus)
CHEMBL1038905,COc1ccccc1C(Cc1coc2nc(N)nc(N)c12)C1CC1,CHEMBL603198,IC50,nM,3700.0,CHEMBL4564,IC50,uM,3.7,MmDHFR (M. musculus)
CHEMBL1038905,COc1ccccc1/C(C)=C\c1coc2nc(N)nc(N)c12,CHEMBL606039,IC50,nM,3900.0,CHEMBL4564,IC50,uM,3.9,MmDHFR (M. musculus)
CHEMBL1038905,COc1ccccc1C(=Cc1coc2nc(=N)[nH]c(N)c12)C(C)C,CHEMBL594810,IC50,nM,4140.0,CHEMBL4564,IC50,uM,4.14,MmDHFR (M. musculus)
CHEMBL1038905,CCC(C)C(=Cc1coc2nc(=N)[nH]c(N)c12)c1ccccc1OC,CHEMBL603849,IC50,nM,4200.0,CHEMBL4564,IC50,uM,4.2,MmDHFR (M. musculus)
CHEMBL1038905,COc1ccccc1C(=Cc1coc2nc(=N)[nH]c(N)c12)C1CC1,CHEMBL594320,IC50,nM,4640.0,CHEMBL4564,IC50,uM,4.64,MmDHFR (M. musculus)
CHEMBL1038905,CCCC(=Cc1coc2nc(=N)[nH]c(N)c12)c1ccccc1OC,CHEMBL595497,IC50,nM,7920.0,CHEMBL4564,IC50,uM,7.92,MmDHFR (M. musculus)
CHEMBL1038905,COc1ccccc1/C(C)=C/c1coc2nc(N)nc(N)c12,CHEMBL610181,IC50,nM,14500.0,CHEMBL4564,IC50,uM,14.5,MmDHFR (M. musculus)
CHEMBL1038905,CCCCC(=Cc1coc2nc(=N)[nH]c(N)c12)c1ccccc1OC,CHEMBL604879,IC50,nM,31200.0,CHEMBL4564,IC50,uM,31.2,MmDHFR (M. musculus)
CHEMBL1038905,COc1ccccc1C(Cc1coc2nc(N)nc(N)c12)CC(C)C,CHEMBL606362,IC50,nM,35400.0,CHEMBL4564,IC50,uM,35.4,MmDHFR (M. musculus)
CHEMBL1038905,CCC(C)C(Cc1coc2nc(N)nc(N)c12)c1ccccc1OC,CHEMBL594339,IC50,nM,44500.0,CHEMBL4564,IC50,uM,44.5,MmDHFR (M. musculus)
CHEMBL1038905,COc1ccccc1C(=Cc1coc2nc(=N)[nH]c(N)c12)CC(C)C,CHEMBL593154,IC50,nM,51900.0,CHEMBL4564,IC50,uM,51.9,MmDHFR (M. musculus)
CHEMBL1038905,CCCC(Cc1coc2nc(N)nc(N)c12)c1ccccc1OC,CHEMBL605413,IC50,nM,162000.0,CHEMBL4564,IC50,uM,162.0,MmDHFR (M. musculus)
CHEMBL1038905,CCCCC(Cc1coc2nc(N)nc(N)c12)c1ccccc1OC,CHEMBL594790,IC50,nM,187000.0,CHEMBL4564,IC50,uM,187.0,MmDHFR (M. musculus)
CHEMBL3738285,N#Cc1ccc(Cn2ccc3c4c(N)nc(N)nc4ccc32)cc1,CHEMBL526243,IC50,nM,4.0,CHEMBL4564,IC50,nM,4.0,MmDHFR (M. musculus)
CHEMBL667315,C#CCN(Cc1ccc2[nH]c(N)nc(=O)c2c1)c1ccc(C(=O)NC(CCC(=O)O)C(=O)O)cc1,CHEMBL422395,Ki,nM,14.0,CHEMBL4564,Ki,M,1.4E-8,MmDHFR (M. musculus)
CHEMBL667314,Nc1nc2[nH]cc(CCc3ccc(C(=O)N[C@@H](CCC(=O)O)C(=O)O)cc3)c2c(=O)[nH]1,CHEMBL225072,Ki,nM,560.0,CHEMBL4564,Ki,uM,0.56,MmDHFR (M. musculus)
CHEMBL667326,CCC(Cc1cnc2nc(N)nc(N)c2c1)c1ccc(C(=O)NC(CCC(=O)O)C(=O)O)cc1,CHEMBL113799,Ki,nM,0.013,CHEMBL4564,Ki,nM,0.013,MmDHFR (M. musculus)
CHEMBL667326,CN(Cc1cnc2nc(N)nc(N)c2n1)c1ccc(C(=O)N[C@@H](CCC(=O)O)C(=O)O)cc1,CHEMBL34259,Ki,nM,0.006,CHEMBL4564,Ki,nM,0.006,MmDHFR (M. musculus)
CHEMBL667326,CC(Cc1cnc2nc(N)nc(N)c2c1)c1ccc(C(=O)NC(CCC(=O)O)C(=O)O)cc1,CHEMBL110251,Ki,nM,0.007,CHEMBL4564,Ki,nM,0.007,MmDHFR (M. musculus)
CHEMBL667323,CN(Cc1cnc2nc(N)nc(N)c2n1)c1ccc(C(=O)NC(CNC(=O)c2ccc(Cl)cc2)C(=O)O)cc1,CHEMBL267460,Ki,nM,0.00498,CHEMBL4564,Ki,pM,4.98,MmDHFR (M. musculus)
CHEMBL667323,CCOC(=O)C(CNC(=O)N(CCCl)N=O)NC(=O)c1ccc(N(C)Cc2cnc3nc(N)nc(N)c3n2)cc1,CHEMBL8210,Ki,nM,3.24,CHEMBL4564,Ki,pM,3240.0,MmDHFR (M. musculus)
CHEMBL667323,CCOC(=O)C(CNC(=O)N(C)N=O)NC(=O)c1ccc(N(C)Cc2cnc3nc(N)nc(N)c3n2)cc1,CHEMBL8070,Ki,nM,6.35,CHEMBL4564,Ki,pM,6350.0,MmDHFR (M. musculus)
CHEMBL667323,CN(Cc1cnc2nc(N)nc(N)c2n1)c1ccc(C(=O)NC(CCNC(N)=O)C(=O)O)cc1,CHEMBL7684,Ki,nM,0.004,CHEMBL4564,Ki,nM,0.004,MmDHFR (M. musculus)
CHEMBL667323,CN(Cc1cnc2nc(N)nc(N)c2n1)c1ccc(C(=O)NC(CCNC(=O)c2ccc(Cl)cc2)C(=O)O)cc1,CHEMBL7737,Ki,nM,0.00642,CHEMBL4564,Ki,pM,6.42,MmDHFR (M. musculus)
CHEMBL667323,CN(Cc1cnc2nc(N)nc(N)c2n1)c1ccc(C(=O)NC(CNC(N)=O)C(=O)O)cc1,CHEMBL414206,Ki,nM,35.0,CHEMBL4564,Ki,nM,35.0,MmDHFR (M. musculus)
CHEMBL667323,CNC(=O)NCC(NC(=O)c1ccc(N(C)Cc2cnc3nc(N)nc(N)c3n2)cc1)C(=O)O,CHEMBL7470,Ki,nM,14.2,CHEMBL4564,Ki,nM,14.2,MmDHFR (M. musculus)
CHEMBL667323,CN(Cc1cnc2nc(N)nc(N)c2n1)c1ccc(C(=O)NC(CCCNC(=O)c2ccc(Cl)cc2)C(=O)O)cc1,CHEMBL7624,Ki,nM,0.00531,CHEMBL4564,Ki,pM,5.31,MmDHFR (M. musculus)
CHEMBL667323,CN(Cc1cnc2nc(N)nc(N)c2n1)c1ccc(C(=O)NC(CNC(=O)NC(CCC(=O)O)C(=O)O)C(=O)O)cc1,CHEMBL7382,Ki,nM,0.00471,CHEMBL4564,Ki,pM,4.71,MmDHFR (M. musculus)
CHEMBL667323,CN(Cc1cnc2nc(N)nc(N)c2n1)c1ccc(C(=O)N[C@@H](CCC(=O)O)C(=O)O)cc1,CHEMBL34259,Ki,nM,0.006,CHEMBL4564,Ki,nM,0.006,MmDHFR (M. musculus)
CHEMBL667323,CN(Cc1cnc2nc(N)nc(N)c2n1)c1ccc(C(=O)N[C@@H](CCC(=O)O)C(=O)O)cc1,CHEMBL34259,Ki,nM,0.00581,CHEMBL4564,Ki,pM,5.81,MmDHFR (M. musculus)
CHEMBL667321,CCC(Cc1cnc2nc(N)nc(N)c2n1)c1ccc(C(=O)N[C@@H](CCC(=O)O)C(=O)O)cc1,CHEMBL296373,Ki,nM,0.0028,CHEMBL4564,Ki,nM,0.0028,MmDHFR (M. musculus)
CHEMBL667313,CCC(Cc1cnc2nc(N)nc(N)c2n1)c1ccc(C(=O)N[C@@H](CCC(=O)O)C(=O)O)cc1,CHEMBL296373,Ki,nM,990.0,CHEMBL4564,Ki,uM,0.99,MmDHFR (M. musculus)
CHEMBL667321,CC(Cc1ccc(C(=O)NC(CCC(=O)O)C(=O)O)cc1)c1cnc2nc(N)nc(N)c2n1,CHEMBL431359,Ki,nM,0.0052,CHEMBL4564,Ki,nM,0.0052,MmDHFR (M. musculus)
CHEMBL667313,CC(Cc1ccc(C(=O)NC(CCC(=O)O)C(=O)O)cc1)c1cnc2nc(N)nc(N)c2n1,CHEMBL431359,Ki,nM,3000.0,CHEMBL4564,Ki,uM,3.0,MmDHFR (M. musculus)
CHEMBL667321,Nc1nc(N)c2nc(CCc3ccc(C(=O)N[C@@H](CCC(=O)O)C(=O)O)cc3)cnc2n1,CHEMBL293263,Ki,nM,0.0034,CHEMBL4564,Ki,nM,0.0034,MmDHFR (M. musculus)
CHEMBL667313,Nc1nc(N)c2nc(CCc3ccc(C(=O)N[C@@H](CCC(=O)O)C(=O)O)cc3)cnc2n1,CHEMBL293263,Ki,nM,1200.0,CHEMBL4564,Ki,uM,1.2,MmDHFR (M. musculus)
CHEMBL667320,CCC(Cc1ccc(C(=O)NC(CCC(=O)O)C(=O)O)cc1)c1cnc2nc(N)nc(N)c2n1,CHEMBL302068,Ki,nM,0.0055,CHEMBL4564,Ki,nM,0.0055,MmDHFR (M. musculus)
CHEMBL667328,CCC(Cc1ccc(C(=O)NC(CCC(=O)O)C(=O)O)cc1)c1cnc2nc(N)nc(N)c2n1,CHEMBL302068,Ki,nM,8200.0,CHEMBL4564,Ki,uM,8.2,MmDHFR (M. musculus)
CHEMBL667321,CN(Cc1cnc2nc(N)nc(N)c2n1)c1ccc(C(=O)N[C@@H](CCC(=O)O)C(=O)O)cc1,CHEMBL34259,Ki,nM,0.0056,CHEMBL4564,Ki,nM,0.0056,MmDHFR (M. musculus)
CHEMBL667313,CN(Cc1cnc2nc(N)nc(N)c2n1)c1ccc(C(=O)N[C@@H](CCC(=O)O)C(=O)O)cc1,CHEMBL34259,Ki,nM,3900.0,CHEMBL4564,Ki,uM,3.9,MmDHFR (M. musculus)
CHEMBL667316,CN(Cc1cnc2nc(N)nc(N)c2n1)c1ccc(C(=O)NC(CCC(=O)N[C@@H](CC(=O)O)C(=O)O)C(=O)O)cc1,CHEMBL293546,Ki,nM,0.0028,CHEMBL4564,Ki,nM,0.0028,MmDHFR (M. musculus)
CHEMBL667318,Nc1nc(N)c2nc(CNc3ccc(C(=O)N[C@@H](CCC(=O)O)C(=O)O)cc3)cnc2n1,CHEMBL376180,Ki,nM,0.00355,CHEMBL4564,Ki,pM,3.55,MmDHFR (M. musculus)
CHEMBL667316,CN(Cc1cnc2nc(N)nc(N)c2n1)c1ccc(C(=O)NC(CCC(=O)O)C(=O)N[C@@H](CCC(=O)O)C(=O)O)cc1,CHEMBL298807,Ki,nM,170.1,CHEMBL4564,Ki,nM,170.1,MmDHFR (M. musculus)
CHEMBL667316,CN(Cc1cnc2nc(N)nc(N)c2n1)c1ccc(C(=O)NC(CCC(=O)O)C(N)=O)cc1,CHEMBL55872,Ki,nM,460.0,CHEMBL4564,Ki,nM,460.0,MmDHFR (M. musculus)
CHEMBL667316,CCCCCNC(=O)CCC(NC(=O)c1ccc(N(C)Cc2cnc3nc(N)nc(N)c3n2)cc1)C(=O)O,CHEMBL55775,Ki,nM,0.0035,CHEMBL4564,Ki,nM,0.0035,MmDHFR (M. musculus)
CHEMBL667318,Cc1c(CNc2ccc(C(=O)NC(CCC(=O)O)C(=O)O)cc2)cnc2nc(N)nc(N)c12,CHEMBL428862,Ki,nM,0.00293,CHEMBL4564,Ki,pM,2.93,MmDHFR (M. musculus)
CHEMBL667316,CN(Cc1cnc2nc(N)nc(N)c2n1)c1ccc(C(=O)NC(CCC(N)=O)C(=O)O)cc1,CHEMBL440857,Ki,nM,0.0027,CHEMBL4564,Ki,nM,0.0027,MmDHFR (M. musculus)
CHEMBL667316,CN(Cc1cnc2nc(N)nc(N)c2n1)c1ccc(C(=O)N[C@@H](CCC(=O)O)C(=O)O)cc1,CHEMBL34259,Ki,nM,0.0043,CHEMBL4564,Ki,nM,0.0043,MmDHFR (M. musculus)
CHEMBL667316,CN(Cc1cnc2nc(N)nc(N)c2n1)c1ccc(C(=O)NC(CCC(=O)NCc2ccccc2)C(=O)O)cc1,CHEMBL284360,Ki,nM,0.0036,CHEMBL4564,Ki,nM,0.0036,MmDHFR (M. musculus)
CHEMBL667318,Nc1nc(N)c2cc(CNc3ccc(C(=O)NC(CCC(=O)O)C(=O)O)cc3)cnc2n1,CHEMBL275309,Ki,nM,0.00365,CHEMBL4564,Ki,pM,3.65,MmDHFR (M. musculus)
CHEMBL667316,CN(C)C(=O)CCC(NC(=O)c1ccc(N(C)Cc2cnc3nc(N)nc(N)c3n2)cc1)C(=O)O,CHEMBL55590,Ki,nM,0.0039,CHEMBL4564,Ki,nM,0.0039,MmDHFR (M. musculus)
CHEMBL667316,CN(Cc1cnc2nc(N)nc(N)c2n1)c1ccc(C(=O)NC(CCC(=O)N[C@@H](CCC(=O)O)C(=O)O)C(=O)O)cc1,CHEMBL293147,Ki,nM,0.0037,CHEMBL4564,Ki,nM,0.0037,MmDHFR (M. musculus)
CHEMBL667318,CN(Cc1cnc2nc(N)nc(N)c2c1)c1ccc(C(=O)NC(CCC(=O)O)C(=O)O)cc1,CHEMBL262953,Ki,nM,0.00526,CHEMBL4564,Ki,pM,5.26,MmDHFR (M. musculus)
CHEMBL667318,CN(Cc1cnc2nc(N)nc(N)c2n1)c1ccc(C(=O)N[C@@H](CCC(=O)O)C(=O)O)cc1,CHEMBL34259,Ki,nM,0.00548,CHEMBL4564,Ki,pM,5.48,MmDHFR (M. musculus)
CHEMBL667318,Cc1c(CN(C)c2ccc(C(=O)NC(CCC(=O)O)C(=O)O)cc2)cnc2nc(N)nc(N)c12,CHEMBL12094,Ki,nM,0.00212,CHEMBL4564,Ki,pM,2.12,MmDHFR (M. musculus)
CHEMBL667318,CCN(Cc1cnc2nc(N)nc(N)c2c1C)c1ccc(C(=O)NC(CCC(=O)O)C(=O)O)cc1,CHEMBL11610,Ki,nM,0.00264,CHEMBL4564,Ki,pM,2.64,MmDHFR (M. musculus)
CHEMBL667316,CNC(=O)CCC(NC(=O)c1ccc(N(C)Cc2cnc3nc(N)nc(N)c3n2)cc1)C(=O)O,CHEMBL56533,Ki,nM,0.0027,CHEMBL4564,Ki,nM,0.0027,MmDHFR (M. musculus)
CHEMBL667316,CN(Cc1cnc2nc(N)nc(N)c2n1)c1ccc(C(=O)NC(CCC(=O)NCC(=O)O)C(=O)O)cc1,CHEMBL52715,Ki,nM,0.0029,CHEMBL4564,Ki,nM,0.0029,MmDHFR (M. musculus)
CHEMBL667316,CN(Cc1cnc2nc(N)nc(N)c2n1)c1ccc(C(=O)NC(CCC(=O)O)C(=O)N[C@@H](CC(=O)O)C(=O)O)cc1,CHEMBL55797,Ki,nM,208.4,CHEMBL4564,Ki,nM,208.4,MmDHFR (M. musculus)
CHEMBL667316,CN(Cc1cnc2nc(N)nc(N)c2n1)c1ccc(C(=O)NC(CCC(=O)O)C(=O)NCC(=O)O)cc1,CHEMBL55030,Ki,nM,208.2,CHEMBL4564,Ki,nM,208.2,MmDHFR (M. musculus)
CHEMBL667329,Nc1nc(N)c2nc(CCc3ccc(C(=O)N[C@@H](CCC(=O)O)C(=O)O)cc3)cnc2n1,CHEMBL293263,Ki,nM,0.0021,CHEMBL4564,Ki,nM,0.0021,MmDHFR (M. musculus)
CHEMBL821982,CN(Cc1cnc2nc(N)nc(N)c2n1)c1ccc(C(=O)N[C@@H](CCC(=O)O)C(=O)O)cc1,CHEMBL34259,Ki,nM,5.62E-9,CHEMBL4564,Ki,uM,5.62E-12,MmDHFR (M. musculus)
CHEMBL821982,Cc1c(CNc2ccc(C(=O)NC(CCC(=O)O)C(=O)O)cc2)cnc2nc(N)nc(N)c12,CHEMBL428862,Ki,nM,5.23E-9,CHEMBL4564,Ki,uM,5.23E-12,MmDHFR (M. musculus)
CHEMBL667329,CCC(Cc1cnc2nc(N)nc(N)c2n1)c1ccc(C(=O)NC(CCC(=O)O)C(=O)O)cc1,CHEMBL9798,Ki,nM,0.0028,CHEMBL4564,Ki,nM,0.0028,MmDHFR (M. musculus)
CHEMBL667329,CN(Cc1cnc2nc(N)nc(N)c2n1)c1ccc(C(=O)N[C@@H](CCC(=O)O)C(=O)O)cc1,CHEMBL34259,Ki,nM,0.0032,CHEMBL4564,Ki,nM,0.0032,MmDHFR (M. musculus)
CHEMBL667330,Nc1nc(N)c2nc(CNc3ccc(C(=O)N[C@@H](CCC(=O)O)C(=O)O)cc3)cnc2n1,CHEMBL376180,Ki,nM,0.0023,CHEMBL4564,Ki,nM,0.0023,MmDHFR (M. musculus)
CHEMBL667329,CC(Cc1cnc2nc(N)nc(N)c2n1)c1ccc(C(=O)NC(CCC(=O)O)C(=O)O)cc1,CHEMBL10515,Ki,nM,0.0024,CHEMBL4564,Ki,nM,0.0024,MmDHFR (M. musculus)
CHEMBL667329,CC(C)(Cc1cnc2nc(N)nc(N)c2n1)c1ccc(C(=O)NC(CCC(=O)O)C(=O)O)cc1,CHEMBL20428,Ki,nM,0.0026,CHEMBL4564,Ki,nM,0.0026,MmDHFR (M. musculus)
CHEMBL821982,Cc1nc2nc(N)nc(N)c2c(C)c1CNc1ccc(C(=O)NC(CCC(=O)O)C(=O)O)cc1,CHEMBL283138,Ki,nM,0.00201,CHEMBL4564,Ki,uM,0.00000201,MmDHFR (M. musculus)
CHEMBL821384,Nc1nc(N)c2nc(CNc3ccc(C(=O)NC(CCCNC(=O)c4ccccc4C(=O)O)C(=O)O)cc3)cnc2n1,CHEMBL18155,Ki,nM,0.042,CHEMBL4564,Ki,nM,0.042,MmDHFR (M. musculus)
CHEMBL746911,Nc1nc(N)c2nc(CNc3ccc(C(=O)NC(CCCNC(=O)c4ccccc4C(=O)O)C(=O)O)cc3)cnc2n1,CHEMBL18155,Ki,nM,25.9,CHEMBL4564,Ki,nM,25.9,MmDHFR (M. musculus)
CHEMBL821383,Nc1nc(N)c2nc(CNc3ccc(C(=O)NC(CCCNC(=O)c4ccccc4C(=O)O)C(=O)O)cc3)cnc2n1,CHEMBL18155,Ki,kcat/Km,1.1,CHEMBL4564,Ki,kcat/Km,1.1,MmDHFR (M. musculus)
CHEMBL746910,Nc1nc(N)c2nc(CNc3ccc(C(=O)NC(CCCNC(=O)c4ccccc4C(=O)O)C(=O)O)cc3)cnc2n1,CHEMBL18155,Ki,kcat/Km,13.7,CHEMBL4564,Ki,kcat/Km,13.7,MmDHFR (M. musculus)
CHEMBL821384,CN(Cc1cnc2nc(N)nc(N)c2n1)c1ccc(C(=O)NC(CC(=O)O)C(=O)O)cc1,CHEMBL328499,Ki,nM,0.033,CHEMBL4564,Ki,nM,0.033,MmDHFR (M. musculus)
CHEMBL746911,CN(Cc1cnc2nc(N)nc(N)c2n1)c1ccc(C(=O)NC(CC(=O)O)C(=O)O)cc1,CHEMBL328499,Ki,nM,333.0,CHEMBL4564,Ki,nM,333.0,MmDHFR (M. musculus)
CHEMBL821383,CN(Cc1cnc2nc(N)nc(N)c2n1)c1ccc(C(=O)NC(CC(=O)O)C(=O)O)cc1,CHEMBL328499,Ki,kcat/Km,0.87,CHEMBL4564,Ki,kcat/Km,0.8700000000000001,MmDHFR (M. musculus)
CHEMBL746910,CN(Cc1cnc2nc(N)nc(N)c2n1)c1ccc(C(=O)NC(CC(=O)O)C(=O)O)cc1,CHEMBL328499,Ki,kcat/Km,177.0,CHEMBL4564,Ki,kcat/Km,177.0,MmDHFR (M. musculus)
CHEMBL821384,COc1cc(NCc2ccc3nc(N)nc(N)c3c2C)cc(OC)c1OC,CHEMBL119,Ki,nM,0.06,CHEMBL4564,Ki,nM,0.06,MmDHFR (M. musculus)
CHEMBL746911,COc1cc(NCc2ccc3nc(N)nc(N)c3c2C)cc(OC)c1OC,CHEMBL119,Ki,nM,0.81,CHEMBL4564,Ki,nM,0.81,MmDHFR (M. musculus)
CHEMBL821383,COc1cc(NCc2ccc3nc(N)nc(N)c3c2C)cc(OC)c1OC,CHEMBL119,Ki,kcat/Km,1.58,CHEMBL4564,Ki,kcat/Km,1.58,MmDHFR (M. musculus)
CHEMBL746910,COc1cc(NCc2ccc3nc(N)nc(N)c3c2C)cc(OC)c1OC,CHEMBL119,Ki,kcat/Km,0.43,CHEMBL4564,Ki,kcat/Km,0.4300000000000001,MmDHFR (M. musculus)
CHEMBL667317,CC[C@@H](Cc1cnc2nc(N)nc(N)c2n1)c1ccc(C(=O)N[C@@H](CCC(=O)O)C(=O)O)cc1,CHEMBL2051990,Ki,nM,0.0124,CHEMBL4564,Ki,pM,12.4,MmDHFR (M. musculus)
CHEMBL667317,C[C@H](Cc1cnc2nc(N)nc(N)c2n1)c1ccc(C(=O)N[C@@H](CCC(=O)O)C(=O)O)cc1,CHEMBL2051987,Ki,nM,0.00424,CHEMBL4564,Ki,pM,4.24,MmDHFR (M. musculus)
CHEMBL667317,CC[C@H](Cc1cnc2nc(N)nc(N)c2n1)c1ccc(C(=O)N[C@@H](CCC(=O)O)C(=O)O)cc1,CHEMBL3349020,Ki,nM,0.00393,CHEMBL4564,Ki,pM,3.93,MmDHFR (M. musculus)
CHEMBL667317,C[C@H](Cc1cnc2nc(N)nc(N)c2n1)c1ccc(C(=O)N[C@@H](CCC(=O)O)C(=O)O)cc1,CHEMBL2051987,Ki,nM,0.00317,CHEMBL4564,Ki,pM,3.17,MmDHFR (M. musculus)
CHEMBL821384,CN(Cc1cnc2nc(N)nc(N)c2n1)c1ccc(C(=O)NC(CCC(=O)NCCCCCCCCCCCCNC(=O)CCC(NC(=O)c2ccc(N(C)Cc3cnc4nc(N)nc(N)c4n3)cc2)C(=O)O)C(=O)O)cc1,CHEMBL406356,Ki,nM,0.018,CHEMBL4564,Ki,nM,0.018,MmDHFR (M. musculus)
CHEMBL746911,CN(Cc1cnc2nc(N)nc(N)c2n1)c1ccc(C(=O)NC(CCC(=O)NCCCCCCCCCCCCNC(=O)CCC(NC(=O)c2ccc(N(C)Cc3cnc4nc(N)nc(N)c4n3)cc2)C(=O)O)C(=O)O)cc1,CHEMBL406356,Ki,nM,212.0,CHEMBL4564,Ki,nM,212.0,MmDHFR (M. musculus)
CHEMBL821383,CN(Cc1cnc2nc(N)nc(N)c2n1)c1ccc(C(=O)NC(CCC(=O)NCCCCCCCCCCCCNC(=O)CCC(NC(=O)c2ccc(N(C)Cc3cnc4nc(N)nc(N)c4n3)cc2)C(=O)O)C(=O)O)cc1,CHEMBL406356,Ki,kcat/Km,1.26,CHEMBL4564,Ki,kcat/Km,1.26,MmDHFR (M. musculus)
CHEMBL746910,CN(Cc1cnc2nc(N)nc(N)c2n1)c1ccc(C(=O)NC(CCC(=O)NCCCCCCCCCCCCNC(=O)CCC(NC(=O)c2ccc(N(C)Cc3cnc4nc(N)nc(N)c4n3)cc2)C(=O)O)C(=O)O)cc1,CHEMBL406356,Ki,kcat/Km,112.0,CHEMBL4564,Ki,kcat/Km,112.0,MmDHFR (M. musculus)
CHEMBL667317,CN(Cc1cnc2nc(N)nc(N)c2n1)c1ccc(C(=O)N[C@@H](CCC(=O)O)C(=O)O)cc1,CHEMBL34259,Ki,nM,0.00442,CHEMBL4564,Ki,pM,4.42,MmDHFR (M. musculus)
CHEMBL875148,Nc1nc(N)c2nc(CNc3ccc(C(=O)N[C@@H](CCC(=O)O)C(=O)O)cc3)cnc2n1,CHEMBL376180,Ki,nM,0.004,CHEMBL4564,Ki,nM,0.004,MmDHFR (M. musculus)
CHEMBL875148,CN(Cc1cnc2nc(N)nc(N)c2n1)c1ccc(C(=O)N[C@@H](CCC(=O)O)C(=O)O)cc1,CHEMBL34259,Ki,nM,0.006,CHEMBL4564,Ki,nM,0.006,MmDHFR (M. musculus)
CHEMBL667322,Cc1c(CCc2ccc(C(=O)NC(CCC(=O)O)C(=O)O)cc2)cnc2nc(N)nc(N)c12,CHEMBL69016,Ki,nM,0.0283,CHEMBL4564,Ki,pM,28.3,MmDHFR (M. musculus)
CHEMBL875148,CCCCCCCCN(Cc1cnc2nc(N)nc(N)c2n1)c1ccc(C(=O)NC(CCC(=O)O)C(=O)O)cc1,CHEMBL171757,Ki,nM,17.5,CHEMBL4564,Ki,nM,17.5,MmDHFR (M. musculus)
CHEMBL875148,C#CCN(Cc1cnc2nc(N)nc(N)c2n1)c1ccc(C(=O)NC(CCC(=O)O)C(=O)O)cc1,CHEMBL166915,Ki,nM,0.5,CHEMBL4564,Ki,nM,0.5,MmDHFR (M. musculus)
CHEMBL667322,CN(Cc1cnc2nc(N)nc(N)c2n1)c1ccc(C(=O)N[C@@H](CCC(=O)O)C(=O)O)cc1,CHEMBL34259,Ki,nM,0.00545,CHEMBL4564,Ki,pM,5.45,MmDHFR (M. musculus)
CHEMBL875148,CCCN(Cc1cnc2nc(N)nc(N)c2n1)c1ccc(C(=O)NC(CCC(=O)O)C(=O)O)cc1,CHEMBL354055,Ki,nM,0.003,CHEMBL4564,Ki,nM,0.003,MmDHFR (M. musculus)
CHEMBL667324,CCC(Cc1cnc2nc(N)nc(N)c2n1)c1ccc(C(=O)N[C@@H](CCC(=O)O)C(=O)O)cc1,CHEMBL296373,Ki,nM,0.0048,CHEMBL4564,Ki,pM,4.8,MmDHFR (M. musculus)
CHEMBL667324,CCCC(Cc1cnc2nc(N)nc(N)c2n1)c1ccc(C(=O)NC(CCC(=O)O)C(=O)O)cc1,CHEMBL72898,Ki,nM,0.0092,CHEMBL4564,Ki,pM,9.2,MmDHFR (M. musculus)
CHEMBL667324,CN(Cc1cnc2nc(N)nc(N)c2n1)c1ccc(C(=O)N[C@@H](CCC(=O)O)C(=O)O)cc1,CHEMBL34259,Ki,nM,0.00575,CHEMBL4564,Ki,pM,5.75,MmDHFR (M. musculus)
CHEMBL667324,CC(Cc1cnc2nc(N)nc(N)c2n1)c1ccc(C(=O)NC(CCC(=O)O)C(=O)O)cc1,CHEMBL10515,Ki,nM,0.0041,CHEMBL4564,Ki,pM,4.1,MmDHFR (M. musculus)
CHEMBL667327,Nc1nc(N)c2cc(CNc3ccc(C(=O)NC(CCC(=O)O)C(=O)O)c4ccccc34)cnc2n1,CHEMBL132142,Ki,nM,0.00365,CHEMBL4564,Ki,pM,3.65,MmDHFR (M. musculus)
CHEMBL667324,C#CCC(Cc1cnc2nc(N)nc(N)c2n1)c1ccc(C(=O)NC(CCC(=O)O)C(=O)O)cc1,CHEMBL306438,Ki,nM,0.0182,CHEMBL4564,Ki,pM,18.2,MmDHFR (M. musculus)
CHEMBL667324,Nc1nc(N)c2nc(CCc3ccc(C(=O)N[C@@H](CCC(=O)O)C(=O)O)cc3)cnc2n1,CHEMBL293263,Ki,nM,0.0036,CHEMBL4564,Ki,pM,3.6,MmDHFR (M. musculus)
CHEMBL667327,Nc1nc(N)c2nc(CNc3ccc(C(=O)NC(CCC(=O)O)C(=O)O)c4ccccc34)cnc2n1,CHEMBL335716,Ki,nM,0.00455,CHEMBL4564,Ki,pM,4.55,MmDHFR (M. musculus)
CHEMBL667327,CN(Cc1cnc2nc(N)nc(N)c2n1)c1ccc(C(=O)NC(CCC(=O)O)C(=O)O)c2ccccc12,CHEMBL132431,Ki,nM,0.00522,CHEMBL4564,Ki,pM,5.22,MmDHFR (M. musculus)
CHEMBL667327,CN(Cc1cnc2nc(N)nc(N)c2c1)c1ccc(C(=O)NC(CCC(=O)O)C(=O)O)c2ccccc12,CHEMBL136010,Ki,nM,0.00465,CHEMBL4564,Ki,pM,4.65,MmDHFR (M. musculus)
CHEMBL667327,Cc1c(CNc2ccc(C(=O)NC(CCC(=O)O)C(=O)O)c3ccccc23)cnc2nc(N)nc(N)c12,CHEMBL341401,Ki,nM,0.00508,CHEMBL4564,Ki,pM,5.08,MmDHFR (M. musculus)
CHEMBL667327,Nc1nc(N)c2cc(CNc3ccc(C(=O)NC(CCC(=O)O)C(=O)O)c4ccccc34)ccc2n1,CHEMBL134817,Ki,nM,0.0052,CHEMBL4564,Ki,pM,5.2,MmDHFR (M. musculus)
CHEMBL667327,Cc1c(CN(C)c2ccc(C(=O)NC(CCC(=O)O)C(=O)O)c3ccccc23)cnc2nc(N)nc(N)c12,CHEMBL337051,Ki,nM,0.00484,CHEMBL4564,Ki,pM,4.84,MmDHFR (M. musculus)
CHEMBL667327,CN(Cc1cnc2nc(N)nc(N)c2n1)c1ccc(C(=O)N[C@@H](CCC(=O)O)C(=O)O)cc1,CHEMBL34259,Ki,nM,0.00482,CHEMBL4564,Ki,pM,4.82,MmDHFR (M. musculus)
CHEMBL667327,Nc1nc(N)c2cc(CNc3ccc(C(=O)NC(CCC(=O)O)C(=O)O)c4c3CCCC4)cnc2n1,CHEMBL134110,Ki,nM,0.0131,CHEMBL4564,Ki,pM,13.1,MmDHFR (M. musculus)
CHEMBL667325,CCC(Cc1cnc2nc(N)nc(N)c2c1)c1ccc(C(=O)NC(CCC(=O)O)C(=O)O)cc1,CHEMBL113799,Ki,nM,0.013,CHEMBL4564,Ki,nM,0.013,MmDHFR (M. musculus)
CHEMBL667325,CN(Cc1cnc2nc(N)nc(N)c2n1)c1ccc(C(=O)N[C@@H](CCC(=O)O)C(=O)O)cc1,CHEMBL34259,Ki,nM,0.006,CHEMBL4564,Ki,nM,0.006,MmDHFR (M. musculus)
CHEMBL667325,CC(Cc1cnc2nc(N)nc(N)c2c1)c1ccc(C(=O)NC(CCC(=O)O)C(=O)O)cc1,CHEMBL110251,Ki,nM,0.007,CHEMBL4564,Ki,nM,0.007,MmDHFR (M. musculus)
CHEMBL667325,Nc1nc(N)c2c3c(cnc2n1)CC(c1ccc(C(=O)NC(CCC(=O)O)C(=O)O)cc1)CC3,CHEMBL109229,Ki,nM,0.017,CHEMBL4564,Ki,nM,0.017,MmDHFR (M. musculus)
CHEMBL667319,CN(Cc1cnc2nc(N)nc(N)c2n1)c1ccc(C(=O)N[C@@H](CCC(=O)O)C(=O)O)cc1,CHEMBL34259,Ki,nM,0.00482,CHEMBL4564,Ki,pM,4.82,MmDHFR (M. musculus)
CHEMBL667319,CCC(Cc1cnc2nc(N)nc(N)c2n1)c1ccc(C(=O)NC(CCC(=O)O)C(=O)O)cc1,CHEMBL9798,Ki,nM,0.1,CHEMBL4564,Ki,pM,100.0,MmDHFR (M. musculus)
CHEMBL669623,C#CCN(Cc1cnc2nc(N)nc(N)c2c1C)c1ccc(C(=O)NC(CCC(=O)O)C(=O)O)cc1,CHEMBL112061,Ki,nM,0.00687,CHEMBL4564,Ki,pM,6.87,MmDHFR (M. musculus)
CHEMBL669622,CN(Cc1cnc2nc(N)nc(N)c2n1)c1ccc(C(=O)N[C@@H](CCC(=O)O)C(=O)O)cc1,CHEMBL34259,Ki,nM,0.00528,CHEMBL4564,Ki,pM,5.28,MmDHFR (M. musculus)
CHEMBL669623,C#CCN(Cc1cnc2nc(N)nc(N)c2c1)c1ccc(C(=O)NC(CCC(=O)O)C(=O)O)cc1,CHEMBL114733,Ki,nM,0.00585,CHEMBL4564,Ki,pM,5.85,MmDHFR (M. musculus)
CHEMBL1038910,CN(Cc1cnc2nc(N)nc(N)c2n1)c1ccc(C(=O)N[C@@H](CCC(=O)O)C(=O)O)cc1,CHEMBL34259,Ki,nM,0.003,CHEMBL4564,Ki,uM,0.000003,MmDHFR (M. musculus)
CHEMBL1038910,CCCC(=Cc1coc2nc(=N)[nH]c(N)c12)c1ccccc1OC,CHEMBL595497,Ki,nM,140.0,CHEMBL4564,Ki,uM,0.14,MmDHFR (M. musculus)
CHEMBL1038910,COc1ccccc1/C(C)=C\c1coc2nc(N)nc(N)c12,CHEMBL606039,Ki,nM,62.0,CHEMBL4564,Ki,uM,0.062,MmDHFR (M. musculus)
CHEMBL1038910,COc1ccccc1/C(C)=C/c1coc2nc(N)nc(N)c12,CHEMBL610181,Ki,nM,160.0,CHEMBL4564,Ki,uM,0.16,MmDHFR (M. musculus)
CHEMBL1038910,COc1ccccc1C(Cc1coc2nc(N)nc(N)c12)C(C)C,CHEMBL595757,Ki,nM,60.0,CHEMBL4564,Ki,uM,0.06,MmDHFR (M. musculus)
CHEMBL1038910,COc1ccccc1C(Cc1coc2nc(N)nc(N)c12)C1CC1,CHEMBL603198,Ki,nM,60.0,CHEMBL4564,Ki,uM,0.06,MmDHFR (M. musculus)
CHEMBL1038910,COc1ccccc1C(=Cc1coc2nc(=N)[nH]c(N)c12)C(C)C,CHEMBL594810,Ki,nM,70.0,CHEMBL4564,Ki,uM,0.07,MmDHFR (M. musculus)
CHEMBL1038910,CCC(C)C(=Cc1coc2nc(=N)[nH]c(N)c12)c1ccccc1OC,CHEMBL603849,Ki,nM,70.0,CHEMBL4564,Ki,uM,0.07,MmDHFR (M. musculus)
CHEMBL1038910,COc1ccccc1C(=Cc1coc2nc(=N)[nH]c(N)c12)C1CC1,CHEMBL594320,Ki,nM,80.0,CHEMBL4564,Ki,uM,0.08,MmDHFR (M. musculus)
CHEMBL1038910,COc1cc(Cc2cnc(N)nc2N)cc(OC)c1OC,CHEMBL22,Ki,nM,500.0,CHEMBL4564,Ki,uM,0.5,MmDHFR (M. musculus)
CHEMBL1038910,CCCCC(=Cc1coc2nc(=N)[nH]c(N)c12)c1ccccc1OC,CHEMBL604879,Ki,nM,550.0,CHEMBL4564,Ki,uM,0.55,MmDHFR (M. musculus)
CHEMBL1038910,COc1ccccc1C(Cc1coc2nc(N)nc(N)c12)CC(C)C,CHEMBL606362,Ki,nM,620.0,CHEMBL4564,Ki,uM,0.62,MmDHFR (M. musculus)
CHEMBL1038910,CCC(C)C(Cc1coc2nc(N)nc(N)c12)c1ccccc1OC,CHEMBL594339,Ki,nM,780.0,CHEMBL4564,Ki,uM,0.78,MmDHFR (M. musculus)
CHEMBL1038910,COc1ccccc1C(=Cc1coc2nc(=N)[nH]c(N)c12)CC(C)C,CHEMBL593154,Ki,nM,910.0,CHEMBL4564,Ki,uM,0.91,MmDHFR (M. musculus)
CHEMBL1038910,CCCC(Cc1coc2nc(N)nc(N)c12)c1ccccc1OC,CHEMBL605413,Ki,nM,2800.0,CHEMBL4564,Ki,uM,2.8,MmDHFR (M. musculus)
CHEMBL1038910,CCCCC(Cc1coc2nc(N)nc(N)c12)c1ccccc1OC,CHEMBL594790,Ki,nM,3300.0,CHEMBL4564,Ki,uM,3.3,MmDHFR (M. musculus)
CHEMBL664360,COc1cc(Cc2cnc(N)nc2N)cc(OC)c1OC,CHEMBL22,IC50,nM,750000.0,CHEMBL2575,I50,M,0.00075,GgDHFR (G. gallus)
CHEMBL664360,COc1cc(Cc2cnc(N)nc2N)cc(OC)c1OCCCC(=O)O,CHEMBL320596,IC50,nM,350000.0,CHEMBL2575,I50,M,0.00035,GgDHFR (G. gallus)
CHEMBL664358,COc1cc(Cc2cnc(N)nc2N)cc(OCCCC(=O)O)c1OC,CHEMBL418347,IC50,nM,22000.0,CHEMBL2575,I50,M,0.000022,GgDHFR (G. gallus)
CHEMBL664361,CN(Cc1cnc2nc(N)nc(N)c2n1)c1ccc(C(=O)NC(CCCNC(=O)OCc2ccccc2)C(=O)OC(C)(C)C)cc1,CHEMBL146440,IC50,nM,3100.0,CHEMBL2575,I50,M,0.0000031,GgDHFR (G. gallus)
CHEMBL664361,CN(Cc1cnc2nc(N)nc(N)c2n1)c1ccc(C(=O)NC(CCCN)C(=O)O)cc1,CHEMBL36083,IC50,nM,250.0,CHEMBL2575,I50,M,2.5E-7,GgDHFR (G. gallus)
CHEMBL664361,CN(Cc1cnc2nc(N)nc(N)c2n1)c1ccc(C(=O)NC(CCCNC(=O)OCc2ccccc2)C(=O)O)cc1,CHEMBL356340,IC50,nM,330.0,CHEMBL2575,I50,M,3.3E-7,GgDHFR (G. gallus)
CHEMBL664361,CN(Cc1cnc2nc(N)nc(N)c2n1)c1ccc(C(=O)NC(CCCCNC(=O)OCc2ccccc2)C(=O)O)cc1,CHEMBL142626,IC50,nM,380.0,CHEMBL2575,I50,M,3.8E-7,GgDHFR (G. gallus)
CHEMBL664361,CN(Cc1cnc2nc(N)nc(N)c2n1)c1ccc(C(=O)NC(CCCCNC(=O)OCc2ccccc2)C(=O)OC(C)(C)C)cc1,CHEMBL342744,IC50,nM,950.0,CHEMBL2575,I50,M,9.5E-7,GgDHFR (G. gallus)
CHEMBL664361,CN(Cc1cnc2nc(N)nc(N)c2n1)c1ccc(C(=O)N[C@@H](CCC(=O)O)C(=O)O)cc1,CHEMBL34259,IC50,nM,90.0,CHEMBL2575,I50,M,9E-8,GgDHFR (G. gallus)
CHEMBL664361,CN(Cc1cnc2nc(N)nc(N)c2n1)c1ccc(C(=O)NC(CCCCN)C(=O)O)cc1,CHEMBL418165,IC50,nM,130.0,CHEMBL2575,I50,M,1.3E-7,GgDHFR (G. gallus)
CHEMBL661842,CC[C@@H](CC1=Nc2c(N)nc(N)nc2NC1)c1ccc(C(=O)N[C@@H](CCC(=O)O)C(=O)O)cc1,CHEMBL2051991,IC50,nM,50.0,CHEMBL2575,IC50,nM,50.0,GgDHFR (G. gallus)
CHEMBL661842,CCC(CC1CNc2nc(N)nc(N)c2N1)c1ccc(C(=O)NC(CCC(=O)O)C(=O)O)cc1,CHEMBL9973,IC50,nM,34.0,CHEMBL2575,IC50,nM,34.0,GgDHFR (G. gallus)
CHEMBL661842,CCC(Cc1cnc2nc(N)nc(N)c2n1)c1ccc(C(=O)NC(CCC(=O)O)C(=O)O)cc1,CHEMBL9798,IC50,nM,20.0,CHEMBL2575,IC50,nM,20.0,GgDHFR (G. gallus)
CHEMBL661842,CC[C@@H](CC1=Nc2c(N)nc(N)nc2NC1)c1ccc(C(=O)N[C@@H](CCC(=O)O)C(=O)O)cc1,CHEMBL2051991,IC50,nM,26.0,CHEMBL2575,IC50,nM,26.0,GgDHFR (G. gallus)
CHEMBL661842,CC[C@@H](Cc1cnc2nc(N)nc(N)c2n1)c1ccc(C(=O)N[C@@H](CCC(=O)O)C(=O)O)cc1,CHEMBL2051990,IC50,nM,22.0,CHEMBL2575,IC50,nM,22.0,GgDHFR (G. gallus)
CHEMBL661842,CC[C@H](Cc1cnc2nc(N)nc(N)c2n1)c1ccc(C(=O)N[C@@H](CCC(=O)O)C(=O)O)cc1,CHEMBL3349020,IC50,nM,19.0,CHEMBL2575,IC50,nM,19.0,GgDHFR (G. gallus)
CHEMBL661842,CC[C@H](CC1CNc2nc(N)nc(N)c2N1)c1ccc(C(=O)N[C@@H](CCC(=O)O)C(=O)O)cc1,CHEMBL2051989,IC50,nM,20.0,CHEMBL2575,IC50,nM,20.0,GgDHFR (G. gallus)
CHEMBL661842,CC[C@H](CC1CNc2nc(N)nc(N)c2N1)c1ccc(C(=O)N[C@@H](CCC(=O)O)C(=O)O)cc1,CHEMBL2051989,IC50,nM,76.0,CHEMBL2575,IC50,nM,76.0,GgDHFR (G. gallus)
CHEMBL661842,CCC(CC1=Nc2c(N)nc(N)nc2NC1)c1ccc(C(=O)NC(CCC(=O)O)C(=O)O)cc1,CHEMBL9824,IC50,nM,34.0,CHEMBL2575,IC50,nM,34.0,GgDHFR (G. gallus)
CHEMBL661842,CN(Cc1cnc2nc(N)nc(N)c2n1)c1ccc(C(=O)N[C@@H](CCC(=O)O)C(=O)O)cc1,CHEMBL34259,IC50,nM,19.0,CHEMBL2575,IC50,nM,19.0,GgDHFR (G. gallus)
CHEMBL663689,COc1ccc(Cc2cnc(N)nc2N)cc1OC,CHEMBL19633,IC50,nM,300000.0,CHEMBL2575,I50,M,0.0003,GgDHFR (G. gallus)
CHEMBL663689,CCc1cc(Cc2cnc(N)nc2N)cc(CC)c1CC,CHEMBL57582,IC50,nM,33000.0,CHEMBL2575,I50,M,0.000033,GgDHFR (G. gallus)
CHEMBL663689,CCc1ccc(Cc2cnc(N)nc2N)cc1CC,CHEMBL293013,IC50,nM,120000.0,CHEMBL2575,I50,M,0.00012,GgDHFR (G. gallus)
CHEMBL663689,COc1cc(Cc2cnc(N)nc2N)cc(OC)c1OC,CHEMBL22,IC50,nM,730000.0,CHEMBL2575,I50,M,0.00073,GgDHFR (G. gallus)
CHEMBL664362,COc1cc(Cc2cnc(N)nc2N)cc(OC)c1OC,CHEMBL22,IC50,nM,0.0076,CHEMBL2575,I50,M,7.6E-12,GgDHFR (G. gallus)
CHEMBL664362,COc1cc(Cc2cnc(N)nc2N)cc2c1NC(C)(C)C=C2C,CHEMBL418492,IC50,nM,1300.0,CHEMBL2575,I50,M,0.0000013,GgDHFR (G. gallus)
CHEMBL661843,Nc1c(/N=N/c2ccc(-c3ccc(/N=N/c4cc(S(=O)(=O)[O-])c5ccccc5c4N)cc3)cc2)cc(S(=O)(=O)[O-])c2ccccc12.[Na+].[Na+],CHEMBL429694,IC50,nM,400.0,CHEMBL2575,IC50,uM,0.4,GgDHFR (G. gallus)
CHEMBL661843,O=C(N/N=C/c1ccccc1O)C(=O)N/N=C/c1ccccc1O,CHEMBL46666,IC50,nM,70000.0,CHEMBL2575,IC50,uM,70.0,GgDHFR (G. gallus)
CHEMBL661843,Oc1ccc(-c2csc(Nc3ccc(F)cc3F)n2)cc1O,CHEMBL34034,IC50,nM,150000.0,CHEMBL2575,IC50,uM,150.0,GgDHFR (G. gallus)
CHEMBL661843,O=C1C(I)=CC(=C(c2cc(I)c(O)c(I)c2)c2ccccc2C(=O)O)C=C1I,CHEMBL1160008,IC50,nM,20000.0,CHEMBL2575,IC50,uM,20.0,GgDHFR (G. gallus)
CHEMBL661843,O=C(Nc1nnc(Sc2nc3cc(Cl)ccc3s2)s1)c1ccc(Cl)c(Cl)c1,CHEMBL49869,IC50,nM,5000.0,CHEMBL2575,IC50,uM,5.0,GgDHFR (G. gallus)
CHEMBL661843,O=C1C2C(C(=O)N1Nc1ccc([N+](=O)[O-])cc1[N+](=O)[O-])[C@@]1(Cl)C(Cl)=C(Cl)[C@]2(Cl)C1(Cl)Cl,CHEMBL298301,IC50,nM,25000.0,CHEMBL2575,IC50,uM,25.0,GgDHFR (G. gallus)
CHEMBL661843,CC(C)c1ccc(/C=C2/C(=O)Nc3ccccc32)cc1,CHEMBL48760,IC50,nM,30000.0,CHEMBL2575,IC50,uM,30.0,GgDHFR (G. gallus)
CHEMBL661843,Oc1ccc(/N=N/c2ccc(Br)cc2)cc1,CHEMBL34712,IC50,nM,35000.0,CHEMBL2575,IC50,uM,35.0,GgDHFR (G. gallus)
CHEMBL661843,Cc1cc(Cl)cc2c1C(=O)/C(=C1\Sc3cc(Cl)cc(C)c3C1=O)S2,CHEMBL45343,IC50,nM,60000.0,CHEMBL2575,IC50,uM,60.0,GgDHFR (G. gallus)
CHEMBL666659,COc1cc(Cc2cnc(N)nc2N)cc(OC)c1OC,CHEMBL22,Ki,nM,104712.85,CHEMBL2575,Log 1/Ki,,3.98,GgDHFR (G. gallus)
CHEMBL858229,CCc1cc(Cc2cnc(N)nc2N)cc(CO)c1CO,CHEMBL53516,Ki,nM,263026.8,CHEMBL2575,Log 1/Ki,,3.58,GgDHFR (G. gallus)
CHEMBL666659,COCCOc1c(OC)cc(Cc2cnc(N)nc2N)cc1OC,CHEMBL32039,Ki,nM,229086.77,CHEMBL2575,Log 1/Ki,,3.64,GgDHFR (G. gallus)
CHEMBL666659,COc1cc(Cc2cnc(N)nc2N)cc(OC)c1OC,CHEMBL22,Ki,nM,104712.85,CHEMBL2575,Log 1/Ki,,3.98,GgDHFR (G. gallus)
CHEMBL666658,CCc1cc(Cc2cnc(N)nc2N)cc(NC(C)=O)c1CO,CHEMBL57343,Ki,nM,707945.78,CHEMBL2575,Log 1/Ki,,3.15,GgDHFR (G. gallus)
CHEMBL858229,Nc1ncc(Cc2ccccc2)c(N)n1,CHEMBL265493,Ki,nM,19498.45,CHEMBL2575,Log 1/Ki,,4.71,GgDHFR (G. gallus)
CHEMBL666662,Nc1ncc(Cc2ccccc2)c(N)n1,CHEMBL265493,Ki,nM,19498.45,CHEMBL2575,Log Ki,,-4.71,GgDHFR (G. gallus)
CHEMBL666662,CCCCOc1ccccc1Cc1cnc(N)nc1N,CHEMBL135777,Ki,nM,8709.64,CHEMBL2575,Log Ki,,-5.06,GgDHFR (G. gallus)
CHEMBL666662,COCc1ccccc1Cc1cnc(N)nc1N,CHEMBL135987,Ki,nM,39810.72,CHEMBL2575,Log Ki,,-4.4,GgDHFR (G. gallus)
CHEMBL666662,Nc1ncc(Cc2ccccc2OCc2ccccc2)c(N)n1,CHEMBL135854,Ki,nM,9120.11,CHEMBL2575,Log Ki,,-5.04,GgDHFR (G. gallus)
CHEMBL666662,Nc1ncc(Cc2ccccc2O)c(N)n1,CHEMBL137456,Ki,nM,89125.09,CHEMBL2575,Log Ki,,-4.05,GgDHFR (G. gallus)
CHEMBL666662,Nc1ncc(Cc2ccccc2Cl)c(N)n1,CHEMBL334565,Ki,nM,17378.01,CHEMBL2575,Log Ki,,-4.76,GgDHFR (G. gallus)
CHEMBL666662,Nc1ncc(Cc2ccccc2Br)c(N)n1,CHEMBL135424,Ki,nM,12302.69,CHEMBL2575,Log Ki,,-4.91,GgDHFR (G. gallus)
CHEMBL666662,COc1ccccc1Cc1cnc(N)nc1N,CHEMBL342714,Ki,nM,28840.32,CHEMBL2575,Log Ki,,-4.54,GgDHFR (G. gallus)
CHEMBL666662,C=CCOc1ccccc1Cc1cnc(N)nc1N,CHEMBL135459,Ki,nM,21379.62,CHEMBL2575,Log Ki,,-4.67,GgDHFR (G. gallus)
CHEMBL666662,Nc1ncc(Cc2ccccc2F)c(N)n1,CHEMBL132812,Ki,nM,43651.58,CHEMBL2575,Log Ki,,-4.36,GgDHFR (G. gallus)
CHEMBL666662,Cc1ccccc1Cc1cnc(N)nc1N,CHEMBL135984,Ki,nM,29512.09,CHEMBL2575,Log Ki,,-4.53,GgDHFR (G. gallus)
CHEMBL666662,Nc1ncc(Cc2ccccc2I)c(N)n1,CHEMBL336639,Ki,nM,8709.64,CHEMBL2575,Log Ki,,-5.06,GgDHFR (G. gallus)
CHEMBL666662,CS(=O)(=O)Oc1ccccc1Cc1cnc(N)nc1N,CHEMBL336725,Ki,nM,22908.68,CHEMBL2575,Log Ki,,-4.64,GgDHFR (G. gallus)
CHEMBL666662,CCCCCCOc1ccccc1Cc1cnc(N)nc1N,CHEMBL132703,Ki,nM,7943.28,CHEMBL2575,Log Ki,,-5.1,GgDHFR (G. gallus)
CHEMBL666662,CCOc1ccccc1Cc1cnc(N)nc1N,CHEMBL335498,Ki,nM,24547.09,CHEMBL2575,Log Ki,,-4.61,GgDHFR (G. gallus)
CHEMBL666662,NC(=O)COc1ccccc1Cc1cnc(N)nc1N,CHEMBL136925,Ki,nM,33884.42,CHEMBL2575,Log Ki,,-4.47,GgDHFR (G. gallus)
CHEMBL661844,Cc1ccc(Cc2cnc(N)nc2N)cc1,CHEMBL416177,Ki,nM,27542.29,CHEMBL2575,Log 1/Ki,,4.56,GgDHFR (G. gallus)
CHEMBL661844,Nc1ncc(Cc2cccc(C(F)(F)F)c2)c(N)n1,CHEMBL19790,Ki,nM,12022.64,CHEMBL2575,Log 1/Ki,,4.92,GgDHFR (G. gallus)
CHEMBL661844,Nc1ncc(Cc2cccc(OCc3ccccc3)c2)c(N)n1,CHEMBL274031,Ki,nM,2344.23,CHEMBL2575,Log 1/Ki,,5.63,GgDHFR (G. gallus)
CHEMBL661844,CCCCOc1ccc(Cc2cnc(N)nc2N)cc1,CHEMBL32793,Ki,nM,21379.62,CHEMBL2575,Log 1/Ki,,4.67,GgDHFR (G. gallus)
CHEMBL661844,Nc1ncc(Cc2ccc3c(c2)OCO3)c(N)n1,CHEMBL56129,Ki,nM,20892.96,CHEMBL2575,Log 1/Ki,,4.68,GgDHFR (G. gallus)
CHEMBL661844,CS(=O)(=O)Oc1cccc(Cc2cnc(N)nc2N)c1,CHEMBL434787,Ki,nM,46773.51,CHEMBL2575,Log 1/Ki,,4.33,GgDHFR (G. gallus)
CHEMBL661844,CCCCOCc1cccc(Cc2cnc(N)nc2N)c1,CHEMBL281760,Ki,nM,6760.83,CHEMBL2575,Log 1/Ki,,5.17,GgDHFR (G. gallus)
CHEMBL661844,NC(=O)COc1cccc(Cc2cnc(N)nc2N)c1,CHEMBL31055,Ki,nM,53703.18,CHEMBL2575,Log 1/Ki,,4.27,GgDHFR (G. gallus)
CHEMBL661844,Nc1ncc(Cc2ccc(O)cc2)c(N)n1,CHEMBL56668,Ki,nM,67608.3,CHEMBL2575,Log 1/Ki,,4.17,GgDHFR (G. gallus)
CHEMBL661844,C=C(C)c1c(OC)cc(Cc2cnc(N)nc2N)cc1OC,CHEMBL57787,Ki,nM,67608.3,CHEMBL2575,Log 1/Ki,,4.17,GgDHFR (G. gallus)
CHEMBL661844,Nc1ncc(Cc2cc(CO)cc(CO)c2)c(N)n1,CHEMBL31619,Ki,nM,588843.66,CHEMBL2575,Log 1/Ki,,3.23,GgDHFR (G. gallus)
CHEMBL661844,Nc1ncc(Cc2cccc(Cl)c2)c(N)n1,CHEMBL417095,Ki,nM,9772.37,CHEMBL2575,Log 1/Ki,,5.01,GgDHFR (G. gallus)
CHEMBL661844,Nc1ncc(Cc2cccc(I)c2)c(N)n1,CHEMBL29712,Ki,nM,16218.1,CHEMBL2575,Log 1/Ki,,4.79,GgDHFR (G. gallus)
CHEMBL661844,CN(C)c1ccc(Cc2cnc(N)nc2N)cc1,CHEMBL19383,Ki,nM,97723.72,CHEMBL2575,Log 1/Ki,,4.01,GgDHFR (G. gallus)
CHEMBL661844,CCOc1cc(Cc2cnc(N)nc2N)ccc1OCc1ccccc1,CHEMBL21395,Ki,nM,18197.01,CHEMBL2575,Log 1/Ki,,4.74,GgDHFR (G. gallus)
CHEMBL661844,COc1ccc(Cc2cnc(N)nc2N)cc1O,CHEMBL301089,Ki,nM,141253.75,CHEMBL2575,Log 1/Ki,,3.85,GgDHFR (G. gallus)
CHEMBL661844,CCCCCCCCOc1cc(Cc2cnc(N)nc2N)ccc1OC,CHEMBL57160,Ki,nM,19498.45,CHEMBL2575,Log 1/Ki,,4.71,GgDHFR (G. gallus)
CHEMBL661844,COCc1cccc(Cc2cnc(N)nc2N)c1,CHEMBL31462,Ki,nM,42657.95,CHEMBL2575,Log 1/Ki,,4.37,GgDHFR (G. gallus)
CHEMBL661844,COc1cc(Cc2cnc(N)nc2N)ccc1O,CHEMBL59369,Ki,nM,48977.88,CHEMBL2575,Log 1/Ki,,4.31,GgDHFR (G. gallus)
CHEMBL661844,COc1cccc(Cc2cnc(N)nc2N)c1,CHEMBL18967,Ki,nM,35481.34,CHEMBL2575,Log 1/Ki,,4.45,GgDHFR (G. gallus)
CHEMBL661844,CCc1cc(Cc2cnc(N)nc2N)cc(CC)c1CC,CHEMBL57582,Ki,nM,5623.41,CHEMBL2575,Log 1/Ki,,5.25,GgDHFR (G. gallus)
CHEMBL661844,COc1cc(Cc2cnc(N)nc2N)cc(OC)c1SC,CHEMBL56318,Ki,nM,51286.14,CHEMBL2575,Log 1/Ki,,4.29,GgDHFR (G. gallus)
CHEMBL661844,Cc1cc(C)cc(Cc2cnc(N)nc2N)c1,CHEMBL56602,Ki,nM,24547.09,CHEMBL2575,Log 1/Ki,,4.61,GgDHFR (G. gallus)
CHEMBL661844,COc1ccc(Cc2cnc(N)nc2N)cc1,CHEMBL19023,Ki,nM,51286.14,CHEMBL2575,Log 1/Ki,,4.29,GgDHFR (G. gallus)
CHEMBL661844,CCCCCCCCOc1c(OC)cc(Cc2cnc(N)nc2N)cc1OC,CHEMBL56282,Ki,nM,16982.44,CHEMBL2575,Log 1/Ki,,4.77,GgDHFR (G. gallus)
CHEMBL661844,Nc1ncc(Cc2cccc(F)c2)c(N)n1,CHEMBL19772,Ki,nM,19952.62,CHEMBL2575,Log 1/Ki,,4.7,GgDHFR (G. gallus)
CHEMBL661844,CCCCCCCOc1cccc(Cc2cnc(N)nc2N)c1,CHEMBL285209,Ki,nM,16218.1,CHEMBL2575,Log 1/Ki,,4.79,GgDHFR (G. gallus)
CHEMBL661844,COCCOc1c(Cc2cnc(N)nc2N)ccc(OC)c1OC,CHEMBL300156,Ki,nM,229086.77,CHEMBL2575,Log 1/Ki,,3.64,GgDHFR (G. gallus)
CHEMBL661844,COc1ccc(Cc2cnc(N)nc2N)cc1OC,CHEMBL19633,Ki,nM,34673.69,CHEMBL2575,Log 1/Ki,,4.46,GgDHFR (G. gallus)
CHEMBL661844,Nc1ncc(Cc2ccc([N+](=O)[O-])cc2)c(N)n1,CHEMBL19414,Ki,nM,42657.95,CHEMBL2575,Log 1/Ki,,4.37,GgDHFR (G. gallus)
CHEMBL661844,COCCOc1c(OC)cc(Cc2cnc(N)nc2N)cc1OC,CHEMBL32039,Ki,nM,229086.77,CHEMBL2575,Log 1/Ki,,3.64,GgDHFR (G. gallus)
CHEMBL661844,CCOc1cc(Cc2cnc(N)nc2N)cc(OCC)c1,CHEMBL60913,Ki,nM,72443.6,CHEMBL2575,Log 1/Ki,,4.14,GgDHFR (G. gallus)
CHEMBL661844,CCCOc1cc(Cc2cnc(N)nc2N)cc(OCCC)c1,CHEMBL56468,Ki,nM,74131.02,CHEMBL2575,Log 1/Ki,,4.13,GgDHFR (G. gallus)
CHEMBL661844,COc1cc(Cc2cnc(N)nc2N)ccc1OCc1ccccc1,CHEMBL22146,Ki,nM,19054.61,CHEMBL2575,Log 1/Ki,,4.72,GgDHFR (G. gallus)
CHEMBL661844,COc1ccc(Cc2cnc(N)nc2N)cc1OCc1ccccc1,CHEMBL291931,Ki,nM,18197.01,CHEMBL2575,Log 1/Ki,,4.74,GgDHFR (G. gallus)
CHEMBL661844,Nc1ncc(Cc2cccc(Br)c2)c(N)n1,CHEMBL18898,Ki,nM,9332.54,CHEMBL2575,Log 1/Ki,,5.03,GgDHFR (G. gallus)
CHEMBL661844,CCCCCCOc1cccc(Cc2cnc(N)nc2N)c1,CHEMBL31547,Ki,nM,2137.96,CHEMBL2575,Log 1/Ki,,5.67,GgDHFR (G. gallus)
CHEMBL661844,COc1cc(Cc2cnc(N)nc2N)cc(OC)c1OC,CHEMBL22,Ki,nM,104712.85,CHEMBL2575,Log 1/Ki,,3.98,GgDHFR (G. gallus)
CHEMBL661844,Nc1ncc(Cc2ccc(O)c(O)c2)c(N)n1,CHEMBL279273,Ki,nM,257039.58,CHEMBL2575,Log 1/Ki,,3.59,GgDHFR (G. gallus)
CHEMBL661844,COCCOc1ccc(Cc2cnc(N)nc2N)cc1OCCOC,CHEMBL31402,Ki,nM,123026.88,CHEMBL2575,Log 1/Ki,,3.91,GgDHFR (G. gallus)
CHEMBL661844,Nc1ncc(Cc2cccc(CO)c2)c(N)n1,CHEMBL32067,Ki,nM,48977.88,CHEMBL2575,Log 1/Ki,,4.31,GgDHFR (G. gallus)
CHEMBL661844,COc1ccc(Cc2cnc(N)nc2N)cc1OS(C)(=O)=O,CHEMBL300114,Ki,nM,29512.09,CHEMBL2575,Log 1/Ki,,4.53,GgDHFR (G. gallus)
CHEMBL661844,COc1cc(Cc2cnc(N)nc2N)cc(OC)c1,CHEMBL287241,Ki,nM,75857.76,CHEMBL2575,Log 1/Ki,,4.12,GgDHFR (G. gallus)
CHEMBL661844,COc1ccc(Cc2cnc(N)nc2N)cc1C(F)(F)F,CHEMBL277391,Ki,nM,10232.93,CHEMBL2575,Log 1/Ki,,4.99,GgDHFR (G. gallus)
CHEMBL661844,CCCCCCCCOc1cccc(Cc2cnc(N)nc2N)c1,CHEMBL31235,Ki,nM,8317.64,CHEMBL2575,Log 1/Ki,,5.08,GgDHFR (G. gallus)
CHEMBL661844,COc1cc(Cc2cnc(N)nc2N)ccc1OS(C)(=O)=O,CHEMBL57383,Ki,nM,25703.96,CHEMBL2575,Log 1/Ki,,4.59,GgDHFR (G. gallus)
CHEMBL661844,Nc1ncc(Cc2ccc(-c3ccccc3)cc2)c(N)n1,CHEMBL56101,Ki,nM,5495.41,CHEMBL2575,Log 1/Ki,,5.26,GgDHFR (G. gallus)
CHEMBL661844,COc1cc(Cc2cnc(N)nc2N)cc(OC)c1Br,CHEMBL31891,Ki,nM,28840.32,CHEMBL2575,Log 1/Ki,,4.54,GgDHFR (G. gallus)
CHEMBL661844,COCCOc1ccc(Cc2cnc(N)nc2N)cc1OC,CHEMBL56757,Ki,nM,64565.42,CHEMBL2575,Log 1/Ki,,4.19,GgDHFR (G. gallus)
CHEMBL661844,Cc1cccc(Cc2cnc(N)nc2N)c1,CHEMBL19406,Ki,nM,19054.61,CHEMBL2575,Log 1/Ki,,4.72,GgDHFR (G. gallus)
CHEMBL661844,CS(=O)(=O)Oc1ccc(Cc2cnc(N)nc2N)cc1,CHEMBL298955,Ki,nM,48977.88,CHEMBL2575,Log 1/Ki,,4.31,GgDHFR (G. gallus)
CHEMBL661844,COCCOc1ccc(Cc2cnc(N)nc2N)cc1,CHEMBL418584,Ki,nM,54954.09,CHEMBL2575,Log 1/Ki,,4.26,GgDHFR (G. gallus)
CHEMBL661844,Nc1ccc(Cc2cnc(N)nc2N)cc1,CHEMBL19672,Ki,nM,186208.71,CHEMBL2575,Log 1/Ki,,3.73,GgDHFR (G. gallus)
CHEMBL661844,CC(=O)Nc1ccc(Cc2cnc(N)nc2N)cc1,CHEMBL19113,Ki,nM,54954.09,CHEMBL2575,Log 1/Ki,,4.26,GgDHFR (G. gallus)
CHEMBL661844,CCCOc1cc(Cc2cnc(N)nc2N)cc(OCC)c1,CHEMBL57034,Ki,nM,43651.58,CHEMBL2575,Log 1/Ki,,4.36,GgDHFR (G. gallus)
CHEMBL661844,CCc1cc(Cc2cnc(N)nc2N)cc(CO)c1CO,CHEMBL53516,Ki,nM,263026.8,CHEMBL2575,Log 1/Ki,,3.58,GgDHFR (G. gallus)
CHEMBL661844,COCCOc1cccc(Cc2cnc(N)nc2N)c1,CHEMBL31351,Ki,nM,14791.08,CHEMBL2575,Log 1/Ki,,4.83,GgDHFR (G. gallus)
CHEMBL661844,Nc1ncc(Cc2ccc(OC(F)(F)F)cc2)c(N)n1,CHEMBL19771,Ki,nM,47863.01,CHEMBL2575,Log 1/Ki,,4.32,GgDHFR (G. gallus)
CHEMBL661844,Nc1ncc(Cc2ccc(OCc3ccccc3)cc2)c(N)n1,CHEMBL56146,Ki,nM,14791.08,CHEMBL2575,Log 1/Ki,,4.83,GgDHFR (G. gallus)
CHEMBL661844,Nc1ncc(Cc2cccc(O)c2)c(N)n1,CHEMBL30734,Ki,nM,134896.29,CHEMBL2575,Log 1/Ki,,3.87,GgDHFR (G. gallus)
CHEMBL661844,Nc1ncc(Cc2ccc(F)cc2)c(N)n1,CHEMBL19780,Ki,nM,16218.1,CHEMBL2575,Log 1/Ki,,4.79,GgDHFR (G. gallus)
CHEMBL661844,Nc1ncc(Cc2ccc(Br)cc2)c(N)n1,CHEMBL19293,Ki,nM,16218.1,CHEMBL2575,Log 1/Ki,,4.79,GgDHFR (G. gallus)
CHEMBL661844,CCCCCCCOc1ccc(Cc2cnc(N)nc2N)cc1,CHEMBL30937,Ki,nM,18620.87,CHEMBL2575,Log 1/Ki,,4.73,GgDHFR (G. gallus)
CHEMBL661844,CCc1cc(Cc2cnc(N)nc2N)cc(NC(C)=O)c1CO,CHEMBL57343,Ki,nM,346736.85,CHEMBL2575,Log 1/Ki,,3.46,GgDHFR (G. gallus)
CHEMBL661844,COc1cc(Cc2cnc(N)nc2N)cc(OC)c1N(C)C,CHEMBL293299,Ki,nM,70794.58,CHEMBL2575,Log 1/Ki,,4.15,GgDHFR (G. gallus)
CHEMBL661844,CC(=O)Nc1ccc(Cc2cnc(N)nc2N)cc1[N+](=O)[O-],CHEMBL18912,Ki,nM,45708.82,CHEMBL2575,Log 1/Ki,,4.34,GgDHFR (G. gallus)
CHEMBL661844,Nc1ncc(Cc2ccccc2)c(N)n1,CHEMBL265493,Ki,nM,19498.45,CHEMBL2575,Log 1/Ki,,4.71,GgDHFR (G. gallus)
CHEMBL661844,CCCCOc1cccc(Cc2cnc(N)nc2N)c1,CHEMBL31946,Ki,nM,6025.6,CHEMBL2575,Log 1/Ki,,5.22,GgDHFR (G. gallus)
CHEMBL661844,Nc1ncc(Cc2ccc(Cl)cc2)c(N)n1,CHEMBL280884,Ki,nM,14791.08,CHEMBL2575,Log 1/Ki,,4.83,GgDHFR (G. gallus)
CHEMBL661844,CCCCCCOc1ccc(Cc2cnc(N)nc2N)cc1,CHEMBL31912,Ki,nM,19498.45,CHEMBL2575,Log 1/Ki,,4.71,GgDHFR (G. gallus)
CHEMBL661844,CCOc1cc(Cc2cnc(N)nc2N)cc(OCC)c1-n1cccc1,CHEMBL280378,Ki,nM,46773.51,CHEMBL2575,Log 1/Ki,,4.33,GgDHFR (G. gallus)
CHEMBL666660,CC1(C)N=C(N)N=C(N)N1c1ccc(I)cc1,CHEMBL7341,Ki,nM,117.49,CHEMBL2575,Log 1/Ki,,6.93,GgDHFR (G. gallus)
CHEMBL666660,CCCCCCc1cccc(N2C(N)=NC(N)=NC2(C)C)c1,CHEMBL32063,Ki,nM,75.86,CHEMBL2575,Log 1/Ki,,7.12,GgDHFR (G. gallus)
CHEMBL666660,CC1(C)N=C(N)N=C(N)N1c1ccc(OCc2ccccc2)cc1,CHEMBL7191,Ki,nM,29.51,CHEMBL2575,Log 1/Ki,,7.53,GgDHFR (G. gallus)
CHEMBL666660,CC1(C)N=C(N)N=C(N)N1c1ccc(OCc2ccc(Cl)c(Cl)c2)cc1,CHEMBL7035,Ki,nM,72.44,CHEMBL2575,Log 1/Ki,,7.14,GgDHFR (G. gallus)
CHEMBL661845,CC1(C)N=C(N)N=C(N)N1c1ccc2c(c1)CCCC2,CHEMBL33066,Ki,nM,19.05,CHEMBL2575,Log 1/Ki,,7.72,GgDHFR (G. gallus)
CHEMBL666660,CC1(C)N=C(N)N=C(N)N1c1ccc(OCC(=O)N2CCOCC2)cc1,CHEMBL30370,Ki,nM,169.82,CHEMBL2575,Log 1/Ki,,6.77,GgDHFR (G. gallus)
CHEMBL666660,CCCCCCCCCCCCCCOc1cccc(N2C(N)=NC(N)=NC2(C)C)c1,CHEMBL414610,Ki,nM,316.23,CHEMBL2575,Log 1/Ki,,6.5,GgDHFR (G. gallus)
CHEMBL666660,CC1(C)N=C(N)N=C(N)N1c1ccc(Cl)cc1,CHEMBL747,Ki,nM,112.2,CHEMBL2575,Log 1/Ki,,6.95,GgDHFR (G. gallus)
CHEMBL666660,CCCCCCCCCCCCc1cccc(N2C(N)=NC(N)=NC2(C)C)c1,CHEMBL21254,Ki,nM,416.87,CHEMBL2575,Log 1/Ki,,6.38,GgDHFR (G. gallus)
CHEMBL661845,CCc1ccc(N2C(N)=NC(N)=NC2(C)C)cc1N,CHEMBL34217,Ki,nM,316.23,CHEMBL2575,Log 1/Ki,,6.5,GgDHFR (G. gallus)
CHEMBL666660,CC(=O)c1cccc(N2C(N)=NC(N)=NC2(C)C)c1,CHEMBL6755,Ki,nM,2754.23,CHEMBL2575,Log 1/Ki,,5.56,GgDHFR (G. gallus)
CHEMBL666660,COC(=O)c1ccc(N2C(N)=NC(N)=NC2(C)C)cc1,CHEMBL6836,Ki,nM,17782.79,CHEMBL2575,Log 1/Ki,,4.75,GgDHFR (G. gallus)
CHEMBL666660,CC1(C)N=C(N)N=C(N)N1c1cccc(SCc2ccccc2)c1,CHEMBL20975,Ki,nM,30.2,CHEMBL2575,Log 1/Ki,,7.52,GgDHFR (G. gallus)
CHEMBL666660,CC1(C)N=C(N)N=C(N)N1c1ccc(OCc2ccc(S(N)(=O)=O)cc2)cc1,CHEMBL30681,Ki,nM,32.36,CHEMBL2575,Log 1/Ki,,7.49,GgDHFR (G. gallus)
CHEMBL661845,CC1(C)N=C(N)N=C(N)N1c1cccc(C(O)c2ccccc2)c1,CHEMBL21051,Ki,nM,1862.09,CHEMBL2575,Log 1/Ki,,5.73,GgDHFR (G. gallus)
CHEMBL666660,CC1(C)N=C(N)N=C(N)N1c1ccc(OCc2ccc(C(N)=O)cc2)cc1,CHEMBL34627,Ki,nM,50.12,CHEMBL2575,Log 1/Ki,,7.3,GgDHFR (G. gallus)
CHEMBL666660,C#Cc1ccc(N2C(N)=NC(N)=NC2(C)C)cc1,CHEMBL284282,Ki,nM,891.25,CHEMBL2575,Log 1/Ki,,6.05,GgDHFR (G. gallus)
CHEMBL666660,CCc1cccc(OCc2cccc(N3C(N)=NC(N)=NC3(C)C)c2)c1,CHEMBL282932,Ki,nM,53.7,CHEMBL2575,Log 1/Ki,,7.27,GgDHFR (G. gallus)
CHEMBL666660,CCCCCCCCCc1cccc(N2C(N)=NC(N)=NC2(C)C)c1,CHEMBL20587,Ki,nM,295.12,CHEMBL2575,Log 1/Ki,,6.53,GgDHFR (G. gallus)
CHEMBL661845,CC1(C)N=C(N)N=C(N)N1c1cccc(SCc2ccc(Cl)cc2)c1,CHEMBL21077,Ki,nM,28.18,CHEMBL2575,Log 1/Ki,,7.55,GgDHFR (G. gallus)
CHEMBL666660,CC1(C)N=C(N)N=C(N)N1c1cccc(C#N)c1,CHEMBL268914,Ki,nM,114.82,CHEMBL2575,Log 1/Ki,,6.94,GgDHFR (G. gallus)
CHEMBL661845,CCCCCCCCCCCOc1cccc(N2C(N)=NC(N)=NC2(C)C)c1,CHEMBL280726,Ki,nM,275.42,CHEMBL2575,Log 1/Ki,,6.56,GgDHFR (G. gallus)
CHEMBL661845,CC1(C)N=C(N)N=C(N)N1c1cccc(COc2cccc(Cl)c2)c1,CHEMBL417461,Ki,nM,66.07,CHEMBL2575,Log 1/Ki,,7.18,GgDHFR (G. gallus)
CHEMBL666660,CC1(C)N=C(N)N=C(N)N1c1ccc(C(F)(F)F)cc1,CHEMBL427826,Ki,nM,169.82,CHEMBL2575,Log 1/Ki,,6.77,GgDHFR (G. gallus)
CHEMBL666660,Cc1cccc(SCc2ccc(N3C(N)=NC(N)=NC3(C)C)cc2)c1,CHEMBL283916,Ki,nM,39.81,CHEMBL2575,Log 1/Ki,,7.4,GgDHFR (G. gallus)
CHEMBL666660,CC1(C)N=C(N)N=C(N)N1c1ccc(C#C[Si](C)(C)C)cc1,CHEMBL33409,Ki,nM,1023.29,CHEMBL2575,Log 1/Ki,,5.99,GgDHFR (G. gallus)
CHEMBL666660,CC1(C)N=C(N)N=C(N)N1c1cccc(S(N)(=O)=O)c1,CHEMBL266734,Ki,nM,10000.0,CHEMBL2575,Log 1/Ki,,5.0,GgDHFR (G. gallus)
CHEMBL666660,CCCCCCCCCOc1cccc(N2C(N)=NC(N)=NC2(C)C)c1,CHEMBL20129,Ki,nM,281.84,CHEMBL2575,Log 1/Ki,,6.55,GgDHFR (G. gallus)
CHEMBL661845,CCCCCCCCCCCCCOc1cccc(N2C(N)=NC(N)=NC2(C)C)c1,CHEMBL30884,Ki,nM,331.13,CHEMBL2575,Log 1/Ki,,6.48,GgDHFR (G. gallus)
CHEMBL666660,CC(=O)c1ccc(N2C(N)=NC(N)=NC2(C)C)cc1,CHEMBL269018,Ki,nM,2041.74,CHEMBL2575,Log 1/Ki,,5.69,GgDHFR (G. gallus)
CHEMBL666660,CC1(C)N=C(N)N=C(N)N1c1cccc(O)c1,CHEMBL278587,Ki,nM,2691.53,CHEMBL2575,Log 1/Ki,,5.57,GgDHFR (G. gallus)
CHEMBL666660,CCCCCCCCCCCCOc1cccc(N2C(N)=NC(N)=NC2(C)C)c1,CHEMBL287235,Ki,nM,416.87,CHEMBL2575,Log 1/Ki,,6.38,GgDHFR (G. gallus)
CHEMBL666660,CC1(C)N=C(N)N=C(N)N1c1cccc(COc2ccccc2)c1,CHEMBL282754,Ki,nM,52.48,CHEMBL2575,Log 1/Ki,,7.28,GgDHFR (G. gallus)
CHEMBL666660,CC1(C)N=C(N)N=C(N)N1c1ccc(C#N)cc1,CHEMBL33571,Ki,nM,11220.18,CHEMBL2575,Log 1/Ki,,4.95,GgDHFR (G. gallus)
CHEMBL666660,CC1(C)N=C(N)N=C(N)N1c1cccc(CNc2cc(C(N)=O)cc(C(N)=O)c2)c1,CHEMBL20368,Ki,nM,104.71,CHEMBL2575,Log 1/Ki,,6.98,GgDHFR (G. gallus)
CHEMBL666660,CC1(C)N=C(N)N=C(N)N1c1cccc(CSc2ccccc2)c1,CHEMBL21031,Ki,nM,33.88,CHEMBL2575,Log 1/Ki,,7.47,GgDHFR (G. gallus)
CHEMBL661845,CC1(C)N=C(N)N=C(N)N1c1ccc(CSc2ccccc2)c(Cl)c1,CHEMBL30594,Ki,nM,46.77,CHEMBL2575,Log 1/Ki,,7.33,GgDHFR (G. gallus)
CHEMBL666660,CC1(C)N=C(N)N=C(N)N1c1cccc(OCc2ccccc2)c1,CHEMBL7357,Ki,nM,117.49,CHEMBL2575,Log 1/Ki,,6.93,GgDHFR (G. gallus)
CHEMBL661845,CC1(C)N=C(N)N=C(N)N1c1cccc(COc2cccc(NC(N)=O)c2)c1,CHEMBL20528,Ki,nM,34.67,CHEMBL2575,Log 1/Ki,,7.46,GgDHFR (G. gallus)
CHEMBL661845,CCCCCOc1cccc(N2C(N)=NC(N)=NC2(C)C)c1,CHEMBL285890,Ki,nM,524.81,CHEMBL2575,Log 1/Ki,,6.28,GgDHFR (G. gallus)
CHEMBL666660,CC1(C)N=C(N)N=C(N)N1c1cccc(COc2cccc(-c3ccccc3)c2)c1,CHEMBL20424,Ki,nM,162.18,CHEMBL2575,Log 1/Ki,,6.79,GgDHFR (G. gallus)
CHEMBL666660,CCCCCc1ccc(OCc2cccc(N3C(N)=NC(N)=NC3(C)C)c2)cc1,CHEMBL20922,Ki,nM,194.98,CHEMBL2575,Log 1/Ki,,6.71,GgDHFR (G. gallus)
CHEMBL666660,CC1(C)N=C(N)N=C(N)N1c1ccc(S(C)(=O)=O)cc1,CHEMBL32652,Ki,nM,5623.41,CHEMBL2575,Log 1/Ki,,5.25,GgDHFR (G. gallus)
CHEMBL666660,Cc1ccc(N2C(N)=NC(N)=NC2(C)C)cc1,CHEMBL7004,Ki,nM,81.28,CHEMBL2575,Log 1/Ki,,7.09,GgDHFR (G. gallus)
CHEMBL666660,CC1(C)N=C(N)N=C(N)N1c1cccc(C(F)(F)F)c1,CHEMBL6948,Ki,nM,97.72,CHEMBL2575,Log 1/Ki,,7.01,GgDHFR (G. gallus)
CHEMBL666660,CC1(C)N=C(N)N=C(N)N1c1cccc(C[Se]c2ccccc2)c1,CHEMBL20224,Ki,nM,19.95,CHEMBL2575,Log 1/Ki,,7.7,GgDHFR (G. gallus)
CHEMBL661845,CC1(C)N=C(N)N=C(N)N1c1cccc(COc2cccc(CO)c2)c1,CHEMBL441503,Ki,nM,79.43,CHEMBL2575,Log 1/Ki,,7.1,GgDHFR (G. gallus)
CHEMBL666660,CC(C)(C)c1ccc(N2C(N)=NC(N)=NC2(C)C)cc1,CHEMBL6661,Ki,nM,194.98,CHEMBL2575,Log 1/Ki,,6.71,GgDHFR (G. gallus)
CHEMBL666660,CCCCCCCCCc1ccc(N2C(N)=NC(N)=NC2(C)C)cc1,CHEMBL33014,Ki,nM,389.05,CHEMBL2575,Log 1/Ki,,6.41,GgDHFR (G. gallus)
CHEMBL666660,CC1(C)N=C(N)N=C(N)N1c1ccc(C#Cc2ccccc2)cc1,CHEMBL284157,Ki,nM,2691.53,CHEMBL2575,Log 1/Ki,,5.57,GgDHFR (G. gallus)
CHEMBL661845,CN(C)C(=O)c1ccc(COc2ccc(N3C(N)=NC(N)=NC3(C)C)cc2Cl)cc1,CHEMBL34043,Ki,nM,97.72,CHEMBL2575,Log 1/Ki,,7.01,GgDHFR (G. gallus)
CHEMBL666660,CC1(C)N=C(N)N=C(N)N1c1cccc([N+](=O)[O-])c1,CHEMBL20861,Ki,nM,112.2,CHEMBL2575,Log 1/Ki,,6.95,GgDHFR (G. gallus)
CHEMBL661845,COc1ccc(N2C(N)=NC(N)=NC2(C)C)cc1OC,CHEMBL33696,Ki,nM,977.24,CHEMBL2575,Log 1/Ki,,6.01,GgDHFR (G. gallus)
CHEMBL666660,CC1(C)N=C(N)N=C(N)N1c1cccc(I)c1,CHEMBL268414,Ki,nM,36.31,CHEMBL2575,Log 1/Ki,,7.44,GgDHFR (G. gallus)
CHEMBL666660,CC(=O)Nc1cccc(OCc2cccc(N3C(N)=NC(N)=NC3(C)C)c2)c1,CHEMBL20812,Ki,nM,22.91,CHEMBL2575,Log 1/Ki,,7.64,GgDHFR (G. gallus)
CHEMBL666660,CC(=O)Nc1ccc(N2C(N)=NC(N)=NC2(C)C)cc1,CHEMBL30837,Ki,nM,20417.38,CHEMBL2575,Log 1/Ki,,4.69,GgDHFR (G. gallus)
CHEMBL661845,CCCOc1ccc(N2C(N)=NC(N)=NC2(C)C)cc1,CHEMBL34680,Ki,nM,1258.93,CHEMBL2575,Log 1/Ki,,5.9,GgDHFR (G. gallus)
CHEMBL661845,CC1(C)N=C(N)N=C(N)N1c1ccc(SCc2ccccc2)c(Cl)c1,CHEMBL33179,Ki,nM,39.81,CHEMBL2575,Log 1/Ki,,7.4,GgDHFR (G. gallus)
CHEMBL661845,CCCCCCCCCOc1ccc(N2C(N)=NC(N)=NC2(C)C)cc1Cl,CHEMBL33739,Ki,nM,346.74,CHEMBL2575,Log 1/Ki,,6.46,GgDHFR (G. gallus)
CHEMBL666660,CC(C)(C)c1cccc(OCc2cccc(N3C(N)=NC(N)=NC3(C)C)c2)c1,CHEMBL33558,Ki,nM,57.54,CHEMBL2575,Log 1/Ki,,7.24,GgDHFR (G. gallus)
CHEMBL661845,COc1cccc(OCc2cccc(N3C(N)=NC(N)=NC3(C)C)c2)c1,CHEMBL418741,Ki,nM,51.29,CHEMBL2575,Log 1/Ki,,7.29,GgDHFR (G. gallus)
CHEMBL661845,CC1(C)N=C(N)N=C(N)N1c1ccc(Cl)c(S(N)(=O)=O)c1,CHEMBL34270,Ki,nM,2187.76,CHEMBL2575,Log 1/Ki,,5.66,GgDHFR (G. gallus)
CHEMBL666660,CC1(C)N=C(N)N=C(N)N1c1cccc(OCCCCOc2cccc(C(F)(F)F)c2)c1,CHEMBL6671,Ki,nM,28.84,CHEMBL2575,Log 1/Ki,,7.54,GgDHFR (G. gallus)
CHEMBL661845,CC(C)c1cccc(OCc2cccc(N3C(N)=NC(N)=NC3(C)C)c2)c1,CHEMBL20227,Ki,nM,33.88,CHEMBL2575,Log 1/Ki,,7.47,GgDHFR (G. gallus)
CHEMBL666660,CC1(C)N=C(N)N=C(N)N1c1ccc(S(N)(=O)=O)cc1,CHEMBL428478,Ki,nM,19952.62,CHEMBL2575,Log 1/Ki,,4.7,GgDHFR (G. gallus)
CHEMBL666660,CCCCc1ccc(N2C(N)=NC(N)=NC2(C)C)cc1,CHEMBL6962,Ki,nM,41.69,CHEMBL2575,Log 1/Ki,,7.38,GgDHFR (G. gallus)
CHEMBL661845,Cc1cccc(SCc2cccc(N3C(N)=NC(N)=NC3(C)C)c2)c1,CHEMBL286571,Ki,nM,19.95,CHEMBL2575,Log 1/Ki,,7.7,GgDHFR (G. gallus)
CHEMBL666660,CCCCCCOc1cccc(N2C(N)=NC(N)=NC2(C)C)c1,CHEMBL21032,Ki,nM,501.19,CHEMBL2575,Log 1/Ki,,6.3,GgDHFR (G. gallus)
CHEMBL666660,CC1(C)N=C(N)N=C(N)N1c1ccc(SCc2ccccc2)cc1,CHEMBL283173,Ki,nM,19.5,CHEMBL2575,Log 1/Ki,,7.71,GgDHFR (G. gallus)
CHEMBL661845,CC1(C)N=C(N)N=C(N)N1c1cccc(COc2cccc(NC(=N)S)c2)c1,CHEMBL33750,Ki,nM,60.26,CHEMBL2575,Log 1/Ki,,7.22,GgDHFR (G. gallus)
CHEMBL666660,CC1(C)N=C(N)N=C(N)N1c1cccc(COC2CCCCC2)c1,CHEMBL34274,Ki,nM,64.57,CHEMBL2575,Log 1/Ki,,7.19,GgDHFR (G. gallus)
CHEMBL661845,CC1(C)N=C(N)N=C(N)N1c1ccc(Cl)c(CSc2ccccc2)c1,CHEMBL33633,Ki,nM,26.3,CHEMBL2575,Log 1/Ki,,7.58,GgDHFR (G. gallus)
CHEMBL666660,CCc1cccc(N2C(N)=NC(N)=NC2(C)C)c1,CHEMBL20874,Ki,nM,100.0,CHEMBL2575,Log 1/Ki,,7.0,GgDHFR (G. gallus)
CHEMBL661845,CC1(C)N=C(N)N=C(N)N1c1cccc(COc2cccc3ccccc23)c1,CHEMBL20466,Ki,nM,70.79,CHEMBL2575,Log 1/Ki,,7.15,GgDHFR (G. gallus)
CHEMBL666660,CC(C)(C)c1cccc(N2C(N)=NC(N)=NC2(C)C)c1,CHEMBL267692,Ki,nM,177.83,CHEMBL2575,Log 1/Ki,,6.75,GgDHFR (G. gallus)
CHEMBL666660,CC1(C)N=C(N)N=C(N)N1c1cccc(OCc2ccc(Cl)c(Cl)c2)c1,CHEMBL269704,Ki,nM,165.96,CHEMBL2575,Log 1/Ki,,6.78,GgDHFR (G. gallus)
CHEMBL666660,CC1(C)N=C(N)N=C(N)N1c1ccc(N)cc1,CHEMBL33499,Ki,nM,2137.96,CHEMBL2575,Log 1/Ki,,5.67,GgDHFR (G. gallus)
CHEMBL666660,CC1(C)N=C(N)N=C(N)N1c1ccc(F)cc1,CHEMBL7005,Ki,nM,128.82,CHEMBL2575,Log 1/Ki,,6.89,GgDHFR (G. gallus)
CHEMBL666660,CC1(C)N=C(N)N=C(N)N1c1ccc(Br)cc1,CHEMBL6741,Ki,nM,75.86,CHEMBL2575,Log 1/Ki,,7.12,GgDHFR (G. gallus)
CHEMBL666660,CCOc1cccc(N2C(N)=NC(N)=NC2(C)C)c1,CHEMBL282677,Ki,nM,338.84,CHEMBL2575,Log 1/Ki,,6.47,GgDHFR (G. gallus)
CHEMBL666660,CCCCCCOc1ccc(N2C(N)=NC(N)=NC2(C)C)cc1,CHEMBL33677,Ki,nM,346.74,CHEMBL2575,Log 1/Ki,,6.46,GgDHFR (G. gallus)
CHEMBL661845,CCOC(=O)c1cccc(N2C(N)=NC(N)=NC2(C)C)c1,CHEMBL268356,Ki,nM,6309.57,CHEMBL2575,Log 1/Ki,,5.2,GgDHFR (G. gallus)
CHEMBL661845,CC1(C)N=C(N)N=C(N)N1c1cccc(OCCCCOc2ccccc2)c1,CHEMBL6771,Ki,nM,63.1,CHEMBL2575,Log 1/Ki,,7.2,GgDHFR (G. gallus)
CHEMBL666660,CCCOc1cccc(N2C(N)=NC(N)=NC2(C)C)c1,CHEMBL34396,Ki,nM,1202.26,CHEMBL2575,Log 1/Ki,,5.92,GgDHFR (G. gallus)
CHEMBL666660,CC1(C)N=C(N)N=C(N)N1c1cccc(OCc2ccc(C(N)=O)cc2)c1,CHEMBL287436,Ki,nM,89.13,CHEMBL2575,Log 1/Ki,,7.05,GgDHFR (G. gallus)
CHEMBL661845,CC1(C)N=C(N)N=C(N)N1c1cccc(C(N)=O)c1,CHEMBL20911,Ki,nM,8511.38,CHEMBL2575,Log 1/Ki,,5.07,GgDHFR (G. gallus)
CHEMBL661845,Cc1cccc(OCc2cccc(N3C(N)=NC(N)=NC3(C)C)c2)c1,CHEMBL20480,Ki,nM,72.44,CHEMBL2575,Log 1/Ki,,7.14,GgDHFR (G. gallus)
CHEMBL666660,CC1(C)N=C(N)N=C(N)N1c1ccc(OCCOc2ccc(N)cc2)cc1,CHEMBL33389,Ki,nM,173.78,CHEMBL2575,Log 1/Ki,,6.76,GgDHFR (G. gallus)
CHEMBL661845,CC1(C)N=C(N)N=C(N)N1c1cccc(C[N+](C)(C)C)c1.[Cl-],CHEMBL33469,Ki,nM,162181.01,CHEMBL2575,Log 1/Ki,,3.79,GgDHFR (G. gallus)
CHEMBL666660,COc1ccc(N2C(N)=NC(N)=NC2(C)C)cc1,CHEMBL266573,Ki,nM,331.13,CHEMBL2575,Log 1/Ki,,6.48,GgDHFR (G. gallus)
CHEMBL661845,CC1(C)N=C(N)N=C(N)N1c1ccc(OCc2ccc(CO)cc2)cc1,CHEMBL33010,Ki,nM,44.67,CHEMBL2575,Log 1/Ki,,7.35,GgDHFR (G. gallus)
CHEMBL661845,Cc1ccccc1SCc1ccc(N2C(N)=NC(N)=NC2(C)C)cc1,CHEMBL30475,Ki,nM,42.66,CHEMBL2575,Log 1/Ki,,7.37,GgDHFR (G. gallus)
CHEMBL666660,CC1(C)N=C(N)N=C(N)N1c1ccc(SCc2ccc(Cl)cc2)cc1,CHEMBL285019,Ki,nM,74.13,CHEMBL2575,Log 1/Ki,,7.13,GgDHFR (G. gallus)
CHEMBL666660,CC1(C)N=C(N)N=C(N)N1c1ccccc1,CHEMBL6742,Ki,nM,204.17,CHEMBL2575,Log 1/Ki,,6.69,GgDHFR (G. gallus)
CHEMBL666660,CC1(C)N=C(N)N=C(N)N1c1cccc(F)c1,CHEMBL267499,Ki,nM,162.18,CHEMBL2575,Log 1/Ki,,6.79,GgDHFR (G. gallus)
CHEMBL666660,Cc1cccc(N2C(N)=NC(N)=NC2(C)C)c1,CHEMBL7070,Ki,nM,83.18,CHEMBL2575,Log 1/Ki,,7.08,GgDHFR (G. gallus)
CHEMBL666660,CCOC(=O)c1ccc(N2C(N)=NC(N)=NC2(C)C)cc1,CHEMBL6613,Ki,nM,35481.34,CHEMBL2575,Log 1/Ki,,4.45,GgDHFR (G. gallus)
CHEMBL661845,CC1(C)N=C(N)N=C(N)N1c1ccc(CCCCc2ccc(S(=O)(=O)F)cc2Cl)c(Cl)c1,CHEMBL33697,Ki,nM,28.18,CHEMBL2575,Log 1/Ki,,7.55,GgDHFR (G. gallus)
CHEMBL661845,CC1(C)N=C(N)N=C(N)N1c1cc(Cl)cc(Cl)c1,CHEMBL284133,Ki,nM,93.33,CHEMBL2575,Log 1/Ki,,7.03,GgDHFR (G. gallus)
CHEMBL661845,CC1(C)N=C(N)N=C(N)N1c1cccc(Cl)c1,CHEMBL7130,Ki,nM,43.65,CHEMBL2575,Log 1/Ki,,7.36,GgDHFR (G. gallus)
CHEMBL661845,CC1(C)N=C(N)N=C(N)N1c1cccc(Br)c1,CHEMBL268088,Ki,nM,44.67,CHEMBL2575,Log 1/Ki,,7.35,GgDHFR (G. gallus)
CHEMBL661845,CCCCOc1cccc(N2C(N)=NC(N)=NC2(C)C)c1,CHEMBL7435,Ki,nM,630.96,CHEMBL2575,Log 1/Ki,,6.2,GgDHFR (G. gallus)
CHEMBL666660,CC1(C)N=C(N)N=C(N)N1c1cccc(COc2cccc(C#N)c2)c1,CHEMBL283740,Ki,nM,25.7,CHEMBL2575,Log 1/Ki,,7.59,GgDHFR (G. gallus)
CHEMBL666660,CC1(C)N=C(N)N=C(N)N1c1ccc(C(N)=O)cc1,CHEMBL284553,Ki,nM,11220.18,CHEMBL2575,Log 1/Ki,,4.95,GgDHFR (G. gallus)
CHEMBL666660,CC1(C)N=C(N)N=C(N)N1c1ccc(CSc2ccccc2)cc1,CHEMBL31004,Ki,nM,6.761,CHEMBL2575,Log 1/Ki,,8.17,GgDHFR (G. gallus)
CHEMBL661845,CC1(C)N=C(N)N=C(N)N1c1cccc(COc2ccc3ccccc3c2)c1,CHEMBL433045,Ki,nM,31.62,CHEMBL2575,Log 1/Ki,,7.5,GgDHFR (G. gallus)
CHEMBL666660,CC1(C)N=C(N)N=C(N)N1c1ccc(O)cc1,CHEMBL34158,Ki,nM,1995.26,CHEMBL2575,Log 1/Ki,,5.7,GgDHFR (G. gallus)
CHEMBL666660,CC1(C)N=C(N)N=C(N)N1c1cccc(OC[C@]23C[C@H]4C[C@H](C[C@H](C4)C2)C3)c1,CHEMBL33205,Ki,nM,741.31,CHEMBL2575,Log 1/Ki,,6.13,GgDHFR (G. gallus)
CHEMBL666660,CCCCCCCCCCCOc1ccc(N2C(N)=NC(N)=NC2(C)C)cc1,CHEMBL34794,Ki,nM,933.25,CHEMBL2575,Log 1/Ki,,6.03,GgDHFR (G. gallus)
CHEMBL661845,Cc1cccc(OCCOc2cccc(N3C(N)=NC(N)=NC3(C)C)c2)c1,CHEMBL286618,Ki,nM,95.5,CHEMBL2575,Log 1/Ki,,7.02,GgDHFR (G. gallus)
CHEMBL666660,CCCCCCCCCCCCOc1ccc(N2C(N)=NC(N)=NC2(C)C)cc1,CHEMBL32304,Ki,nM,316.23,CHEMBL2575,Log 1/Ki,,6.5,GgDHFR (G. gallus)
CHEMBL661845,COc1cccc(N2C(N)=NC(N)=NC2(C)C)c1,CHEMBL266319,Ki,nM,389.05,CHEMBL2575,Log 1/Ki,,6.41,GgDHFR (G. gallus)
CHEMBL661845,CC1(C)N=C(N)N=C(N)N1c1cccc(OCCOc2ccccc2)c1,CHEMBL266025,Ki,nM,70.79,CHEMBL2575,Log 1/Ki,,7.15,GgDHFR (G. gallus)
CHEMBL666660,CC1(C)N=C(N)N=C(N)N1c1cccc(CNc2ccc(S(N)(=O)=O)cc2)c1,CHEMBL21258,Ki,nM,66.07,CHEMBL2575,Log 1/Ki,,7.18,GgDHFR (G. gallus)
