smiles_canonical,pIC50,pIC50_std,n_measurements,molecule_chembl_id,targets_measured,has_pf_data,active,scaffold,split
Br.CC(C)(C)c1ccc(OCCCON2C(N)=NC(N)=NC23CCOCC3)cc1,8.429457060118102,,1,CHEMBL3974488,HsDHFR (H. sapiens),False,1,C1=NC=NC2(CCOCC2)N1OCCCOc1ccccc1,train
Br.CC1(C)N=C(N)N=C(N)N1OCCCCc1ccccc1,4.379863945026242,,1,CHEMBL4778245,HsDHFR (H. sapiens),False,0,C1=NC=NCN1OCCCCc1ccccc1,train
Br.CC1(C)N=C(N)N=C(N)N1OCCCNc1ccc(Cl)c(Cl)c1,4.315154638355588,,1,CHEMBL4784738,HsDHFR (H. sapiens),False,0,C1=NC=NCN1OCCCNc1ccccc1,train
Br.CC1(C)N=C(N)N=C(N)N1OCCCOc1ccc(Cl)cc1,4.534617148551582,,1,CHEMBL4780381,HsDHFR (H. sapiens),False,0,C1=NC=NCN1OCCCOc1ccccc1,train
Br.CC1(C)N=C(N)N=C(N)N1OCCCOc1ccc(F)cc1Cl,4.424812155072339,,1,CHEMBL4782529,HsDHFR (H. sapiens),False,0,C1=NC=NCN1OCCCOc1ccccc1,train
Br.CC1(C)N=C(N)N=C(N)N1OCCCOc1ccccc1,4.440093374963888,,1,CHEMBL4784036,HsDHFR (H. sapiens),False,0,C1=NC=NCN1OCCCOc1ccccc1,train
Br.CC1(C)N=C(N)N=C(N)N1OCCCSc1ccc(Cl)cc1,4.6252516539898965,,1,CHEMBL4789322,HsDHFR (H. sapiens),False,0,C1=NC=NCN1OCCCSc1ccccc1,train
Br.CC1(C)N=C(N)N=C(N)N1OCCCSc1cccc(Cl)c1,4.6252516539898965,,1,CHEMBL4795771,HsDHFR (H. sapiens),False,0,C1=NC=NCN1OCCCSc1ccccc1,train
Br.CC1(C)N=C(N)N=C(N)N1OCCCSc1ccccc1Cl,4.675717544702307,,1,CHEMBL4798400,HsDHFR (H. sapiens),False,0,C1=NC=NCN1OCCCSc1ccccc1,train
Br.CC1(C)N=C(N)N=C(N)N1OCCCc1ccccc1,4.407823242604133,,1,CHEMBL4796554,HsDHFR (H. sapiens),False,0,C1=NC=NCN1OCCCc1ccccc1,train
Br.CC1(C)N=C(N)N=C(N)N1OCCSc1ccc(Cl)cc1,4.598599459218456,,1,CHEMBL4796933,HsDHFR (H. sapiens),False,0,C1=NC=NCN1OCCSc1ccccc1,train
Br.CC1(C)NC(N)=NC(=N)N1OCCCCOc1ccccc1,4.33913452199613,,1,CHEMBL527468,HsDHFR (H. sapiens),False,0,N=C1N=CNCN1OCCCCOc1ccccc1,train
Br.CC1(C)NC(N)=NC(=N)N1OCCCSc1ccccc1,4.536107011014093,,1,CHEMBL587606,HsDHFR (H. sapiens),False,0,N=C1N=CNCN1OCCCSc1ccccc1,train
Br.CC1(C)NC(N)=NC(=N)N1OCCc1ccccc1,4.367542707815276,,1,CHEMBL528489,HsDHFR (H. sapiens),False,0,N=C1N=CNCN1OCCc1ccccc1,train
Br.CC1N=C(N)N=C(N)N1OCCCOc1cc(Cl)c(Cl)cc1Cl,4.6252516539898965,,1,CHEMBL4780298,HsDHFR (H. sapiens),False,0,C1=NC=NCN1OCCCOc1ccccc1,train
Br.CC1N=C(N)N=C(N)N1OCCCOc1ccc(Cl)cc1,3.935542010773082,,1,CHEMBL4781162,HsDHFR (H. sapiens),False,0,C1=NC=NCN1OCCCOc1ccccc1,train
Br.CC1N=C(N)N=C(N)N1OCCCOc1ccc(F)cc1Cl,4.0385789059335515,,1,CHEMBL4792035,HsDHFR (H. sapiens),False,0,C1=NC=NCN1OCCCOc1ccccc1,train
Br.CC1N=C(N)N=C(N)N1OCCCOc1cccc(Cl)c1Cl,4.709965388637482,,1,CHEMBL4792349,HsDHFR (H. sapiens),False,0,C1=NC=NCN1OCCCOc1ccccc1,train
Br.CCN(CC)CCCON1C(N)=NC(N)=NC1(C)C,3.638272163982407,,1,CHEMBL4797103,HsDHFR (H. sapiens),False,0,C1=NC=NCN1,train
Br.CN(CCCON1C(N)=NC(N)=NC1(C)C)c1ccc(Cl)c(Cl)c1,4.407823242604133,,1,CHEMBL4799272,HsDHFR (H. sapiens),False,0,C1=NC=NCN1OCCCNc1ccccc1,train
Br.CN(CCCON1C(N)=NC(N)=NC1(C)C)c1ccc(Cl)cc1,4.478861916295964,,1,CHEMBL4793581,HsDHFR (H. sapiens),False,0,C1=NC=NCN1OCCCNc1ccccc1,train
Br.COc1ccc(OCCCON2C(N)=NC(N)=NC23CCOCC3)cc1,7.955852379121277,,1,CHEMBL3912587,HsDHFR (H. sapiens),False,1,C1=NC=NC2(CCOCC2)N1OCCCOc1ccccc1,train
Br.Cc1ccc(C)c(NCCCON2C(N)=NC(N)=NC2(C)C)c1,3.9065783148377653,,1,CHEMBL4781149,HsDHFR (H. sapiens),False,0,C1=NC=NCN1OCCCNc1ccccc1,train
Br.Cc1ccc(OCCCON2C(N)=NC(N)=NC23CCOCC3)cc1,7.24603413413484,,1,CHEMBL3965991,HsDHFR (H. sapiens),False,1,C1=NC=NC2(CCOCC2)N1OCCCOc1ccccc1,train
Br.NC1=NC(c2ccccc2)N(OCCCOc2cc(Cl)c(Cl)cc2Cl)C(N)=N1,3.8386319977650247,,1,CHEMBL4800362,HsDHFR (H. sapiens),False,0,C1=NC=NC(c2ccccc2)N1OCCCOc1ccccc1,train
Br.NC1=NC2(CCOCC2)N(OCCCOc2cc(Cl)c(Cl)cc2Cl)C(N)=N1,7.443576878628715,,1,CHEMBL3894617,HsDHFR (H. sapiens),False,1,C1=NC=NC2(CCOCC2)N1OCCCOc1ccccc1,train
Br.NC1=NC2(CCOCC2)N(OCCCOc2ccc(Br)cc2)C(N)=N1,7.488250288655017,,1,CHEMBL3893628,HsDHFR (H. sapiens),False,1,C1=NC=NC2(CCOCC2)N1OCCCOc1ccccc1,train
Br.NC1=NC2(CCOCC2)N(OCCCOc2ccc(Cl)c(Cl)c2)C(N)=N1,8.08460016478773,,1,CHEMBL3965885,HsDHFR (H. sapiens),False,1,C1=NC=NC2(CCOCC2)N1OCCCOc1ccccc1,train
Br.NC1=NC2(CCOCC2)N(OCCCOc2ccc(Cl)cc2)C(N)=N1,7.4741780478433375,,1,CHEMBL3903562,HsDHFR (H. sapiens),False,1,C1=NC=NC2(CCOCC2)N1OCCCOc1ccccc1,train
Br.NC1=NC2(CCOCC2)N(OCCCOc2ccc(Cl)cc2Cl)C(N)=N1,8.127261172527332,,1,CHEMBL3931887,HsDHFR (H. sapiens),False,1,C1=NC=NC2(CCOCC2)N1OCCCOc1ccccc1,train
Br.NC1=NC2(CCOCC2)N(OCCCOc2ccc(F)cc2)C(N)=N1,7.331427730815442,,1,CHEMBL3957080,HsDHFR (H. sapiens),False,1,C1=NC=NC2(CCOCC2)N1OCCCOc1ccccc1,train
Br.NC1=NC2(CCOCC2)N(OCCCOc2ccccc2)C(N)=N1,7.064946410768935,,1,CHEMBL3924555,HsDHFR (H. sapiens),False,1,C1=NC=NC2(CCOCC2)N1OCCCOc1ccccc1,train
C#CCC(Cc1cnc2nc(N)nc(N)c2n1)c1ccc(C(=O)NC(CCC(=O)O)C(=O)O)cc1,10.739928612014925,,1,CHEMBL306438,MmDHFR (M. musculus),False,1,c1ccc(CCc2cnc3ncncc3n2)cc1,train
C#CCC(Cc1cnc2nc(N)nc(N)c2n1)c1ccc(C(=O)N[C@@H](CCC(=O)O)C(=O)O)cc1,10.872895201635192,0.0,2,CHEMBL1201746,"HsDHFR (H. sapiens); PfDHFR-TS K1 (P. falciparum, resistant)",True,1,c1ccc(CCc2cnc3ncncc3n2)cc1,train
C#CCN(CC1CCc2nc(N)nc(N)c2C1)c1cc(OC)c(OC)c(OC)c1,7.525822863315346,0.43271775081589464,6,CHEMBL120821,"RnDHFR (R. norvegicus); TgDHFR-TS (T. gondii, apicomplexan)",False,1,c1ccc(NCC2CCc3ncncc3C2)cc1,train
C#CCN(Cc1ccc(C(=O)NC(CCC(=O)O)C(=O)O)cc1)c1ccc2nc(N)nc(N)c2c1,8.275724130399212,,1,CHEMBL141648,HsDHFR (H. sapiens),False,1,c1ccc(CNc2ccc3ncncc3c2)cc1,train
C#CCN(Cc1ccc(C(=O)NC(CCC(=O)O)C(=O)O)cc1)c1ccc2nc(N)nc(O)c2c1,5.522878745280337,,1,CHEMBL141857,HsDHFR (H. sapiens),False,0,c1ccc(CNc2ccc3ncncc3c2)cc1,train
C#CCN(Cc1ccc2[nH]c(N)nc(=O)c2c1)c1ccc(C(=O)NC(CCC(=O)O)C(=O)O)cc1,6.2037450760496595,0.9199595543972484,16,CHEMBL422395,"HsDHFR (H. sapiens); MmDHFR (M. musculus); RnDHFR (R. norvegicus); TgDHFR-TS (T. gondii, apicomplexan)",False,1,O=c1nc[nH]c2ccc(CNc3ccccc3)cc12,train
C#CCN(Cc1ccc2[nH]c(N)nc(=O)c2c1)c1ccc(C(=O)N[C@@H](CCC(=O)O)C(=O)O)cc1,6.475779098224797,0.7626571116438509,8,CHEMBL389051,"HsDHFR (H. sapiens); RnDHFR (R. norvegicus); TgDHFR-TS (T. gondii, apicomplexan)",False,1,O=c1nc[nH]c2ccc(CNc3ccccc3)cc12,train
C#CCN(Cc1ccc2nc(N)nc(N)c2n1)c1ccc(C(=O)C(F)(F)F)cc1,7.696272488392665,0.6062256219581418,2,CHEMBL53872,"RnDHFR (R. norvegicus); TgDHFR-TS (T. gondii, apicomplexan)",False,1,c1ccc(NCc2ccc3ncncc3n2)cc1,train
C#CCN(Cc1ccc2nc(N)nc(N)c2n1)c1ccc(C(C)=O)cc1,7.761439372640169,0.08834502788860882,2,CHEMBL52953,"RnDHFR (R. norvegicus); TgDHFR-TS (T. gondii, apicomplexan)",False,1,c1ccc(NCc2ccc3ncncc3n2)cc1,train
C#CCN(Cc1ccc2nc(N)nc(O)c2c1)c1c(Cl)cc(C(=O)NC(CCC(=O)O)C(=O)O)cc1Cl,5.522878745280337,,1,CHEMBL357672,MmDHFR (M. musculus),False,0,c1ccc(NCc2ccc3ncncc3c2)cc1,train
C#CCN(Cc1ccc2nc(N)nc(O)c2c1)c1ccc(C#N)cc1,4.176525770829699,,1,CHEMBL62675,HsDHFR (H. sapiens),False,0,c1ccc(NCc2ccc3ncncc3c2)cc1,train
C#CCN(Cc1ccc2nc(N)nc(O)c2c1)c1ccc(C(=O)C(F)(F)F)cc1,4.991399828238082,,1,CHEMBL304407,HsDHFR (H. sapiens),False,0,c1ccc(NCc2ccc3ncncc3c2)cc1,train
C#CCN(Cc1ccc2nc(N)nc(O)c2c1)c1ccc(C(=O)NC(CCC(=O)O)C(=O)O)c(C)c1,4.6020599913279625,,1,CHEMBL342302,MmDHFR (M. musculus),False,0,c1ccc(NCc2ccc3ncncc3c2)cc1,train
C#CCN(Cc1ccc2nc(N)nc(O)c2c1)c1ccc(C(=O)NC(CCC(=O)O)C(=O)O)c(Cl)c1,4.958607314841775,,1,CHEMBL141546,MmDHFR (M. musculus),False,0,c1ccc(NCc2ccc3ncncc3c2)cc1,train
C#CCN(Cc1ccc2nc(N)nc(O)c2c1)c1ccc(C(=O)NC(CCC(=O)O)C(=O)O)cc1Cl,5.522878745280337,,1,CHEMBL141601,MmDHFR (M. musculus),False,0,c1ccc(NCc2ccc3ncncc3c2)cc1,train
C#CCN(Cc1ccc2nc(N)nc(O)c2c1)c1ccc(C(C)=O)cc1,4.428291168191312,,1,CHEMBL62599,HsDHFR (H. sapiens),False,0,c1ccc(NCc2ccc3ncncc3c2)cc1,train
C#CCN(Cc1ccc2nc(N)nc(O)c2c1)c1ccc(C(N)=O)cc1,4.139063379299906,,1,CHEMBL417562,HsDHFR (H. sapiens),False,0,c1ccc(NCc2ccc3ncncc3c2)cc1,train
C#CCN(Cc1ccc2nc(N)nc(O)c2c1)c1ccc(S(=O)(=O)N(C)C)cc1,4.692503962086787,,1,CHEMBL302669,HsDHFR (H. sapiens),False,0,c1ccc(NCc2ccc3ncncc3c2)cc1,train
C#CCN(Cc1ccc2nc(N)nc(O)c2c1)c1ccc([N+](=O)[O-])cc1,4.645891560852599,,1,CHEMBL62769,HsDHFR (H. sapiens),False,0,c1ccc(NCc2ccc3ncncc3c2)cc1,train
C#CCN(Cc1ccc2nc[nH]c(=O)c2c1)c1ccc(C(=O)N[C@@H](CCC(=O)O)C(=O)O)cc1,5.647817481888637,,1,CHEMBL103059,RnDHFR (R. norvegicus),False,0,O=c1[nH]cnc2ccc(CNc3ccccc3)cc12,train
C#CCN(Cc1ccc2ncnc(O)c2c1)c1cc(OC)c(OC)c(OC)c1,4.176525770829699,,1,CHEMBL433059,HsDHFR (H. sapiens),False,0,c1ccc(NCc2ccc3ncncc3c2)cc1,train
C#CCN(Cc1ccc2ncnc(O)c2c1)c1ccc(C(=O)NC(CCC(=O)O)C(=O)O)cc1,5.40135972093719,0.3485439080896427,2,CHEMBL171480,HsDHFR (H. sapiens); RnDHFR (R. norvegicus),False,0,c1ccc(NCc2ccc3ncncc3c2)cc1,train
C#CCN(Cc1ccc2ncnc(O)c2c1)c1ccc(C(C)=O)cc1,4.0,,1,CHEMBL64215,HsDHFR (H. sapiens),False,0,c1ccc(NCc2ccc3ncncc3c2)cc1,train
C#CCN(Cc1cnc2nc(N)nc(N)c2c1)c1ccc(C(=O)NC(CCC(=O)O)C(=O)O)cc1,11.232844133917819,,1,CHEMBL114733,MmDHFR (M. musculus),False,1,c1ccc(NCc2cnc3ncncc3c2)cc1,train
C#CCN(Cc1cnc2nc(N)nc(N)c2c1C)c1cc(OC)c(OC)c(OC)c1,8.020813633760696,0.10154298718940102,6,CHEMBL49454,"RnDHFR (R. norvegicus); TgDHFR-TS (T. gondii, apicomplexan)",False,1,c1ccc(NCc2cnc3ncncc3c2)cc1,train
C#CCN(Cc1cnc2nc(N)nc(N)c2c1C)c1ccc(C(=O)NC(CCC(=O)O)C(=O)O)cc1,11.16304326294045,,1,CHEMBL112061,MmDHFR (M. musculus),False,1,c1ccc(NCc2cnc3ncncc3c2)cc1,train
C#CCN(Cc1cnc2nc(N)nc(N)c2n1)c1ccc(C(=O)N2CCC(C(=O)OC)CC2)cc1,4.107905397309519,,1,CHEMBL5193564,HsDHFR (H. sapiens),False,0,O=C(c1ccc(NCc2cnc3ncncc3n2)cc1)N1CCCCC1,train
C#CCN(Cc1cnc2nc(N)nc(N)c2n1)c1ccc(C(=O)NC(CCC(=O)O)C(=O)O)cc1,9.301029995663981,,1,CHEMBL166915,MmDHFR (M. musculus),False,1,c1ccc(NCc2cnc3ncncc3n2)cc1,external
C#CCN(Cc1nc2cc(C(F)(F)F)ccc2nc1-c1ccccc1)c1cc(OC)c(OC)c(OC)c1,5.3979400086720375,,1,CHEMBL3121455,HsDHFR (H. sapiens),False,0,c1ccc(NCc2nc3ccccc3nc2-c2ccccc2)cc1,train
C#CCN(Cc1nc2cc(C(F)(F)F)ccc2nc1-c1ccccc1)c1ccc(C)cc1,5.221848749616356,,1,CHEMBL3121447,HsDHFR (H. sapiens),False,0,c1ccc(NCc2nc3ccccc3nc2-c2ccccc2)cc1,train
C#CCN(Cc1nc2cc(C(F)(F)F)ccc2nc1-c1ccccc1)c1ccc(CC(=O)OCC)cc1,5.522878745280337,,1,CHEMBL3121457,HsDHFR (H. sapiens),False,0,c1ccc(NCc2nc3ccccc3nc2-c2ccccc2)cc1,train
C#CCN(Cc1nc2cc(C(F)(F)F)ccc2nc1-c1ccccc1)c1ccc(Cl)cc1,5.3979400086720375,,1,CHEMBL3121449,HsDHFR (H. sapiens),False,0,c1ccc(NCc2nc3ccccc3nc2-c2ccccc2)cc1,train
C#CCN(Cc1nc2cc(C(F)(F)F)ccc2nc1-c1ccccc1)c1ccc(F)c(F)c1,5.096910013008056,,1,CHEMBL3121453,HsDHFR (H. sapiens),False,0,c1ccc(NCc2nc3ccccc3nc2-c2ccccc2)cc1,train
C#CCN(Cc1nc2cc(C(F)(F)F)ccc2nc1-c1ccccc1)c1ccc(F)cc1,5.096910013008056,,1,CHEMBL3121450,HsDHFR (H. sapiens),False,0,c1ccc(NCc2nc3ccccc3nc2-c2ccccc2)cc1,train
C#CCN(Cc1nc2cc(C(F)(F)F)ccc2nc1-c1ccccc1)c1ccc(OC(F)(F)F)cc1,5.3979400086720375,,1,CHEMBL3121452,HsDHFR (H. sapiens),False,0,c1ccc(NCc2nc3ccccc3nc2-c2ccccc2)cc1,train
C#CCN(Cc1nc2cc(C(F)(F)F)ccc2nc1-c1ccccc1)c1ccc(OC)c(OC)c1,5.522878745280337,,1,CHEMBL3121454,HsDHFR (H. sapiens),False,0,c1ccc(NCc2nc3ccccc3nc2-c2ccccc2)cc1,train
C#CCN(Cc1nc2cc(C(F)(F)F)ccc2nc1-c1ccccc1)c1ccc(OC)cc1,5.522878745280337,,1,CHEMBL3121451,HsDHFR (H. sapiens),False,0,c1ccc(NCc2nc3ccccc3nc2-c2ccccc2)cc1,train
C#CCN(Cc1nc2cc(C(F)(F)F)ccc2nc1-c1ccccc1)c1ccccc1Cl,5.698970004336019,,1,CHEMBL3121448,HsDHFR (H. sapiens),False,0,c1ccc(NCc2nc3ccccc3nc2-c2ccccc2)cc1,train
C#CN(Cc1ccc2nc(N)nc(O)c2c1)c1ccc(C(=O)NC(CCC(=O)NC(CCC(=O)NC(CCC(=O)O)C(=O)O)C(=O)O)C(=O)O)cc1,6.431798275933005,,1,CHEMBL1160188,HsDHFR (H. sapiens),False,1,c1ccc(NCc2ccc3ncncc3c2)cc1,train
C#CN(Cc1ccc2nc(N)nc(O)c2c1)c1ccc(C(=O)NC(CCC(=O)O)C(=O)NC(CCC(=O)NC(CCC(=O)NC(CCC(=O)NC(CCC(=O)O)C(=O)O)C(=O)O)C(=O)O)C(=O)O)cc1,6.537602002101044,,1,CHEMBL1160181,HsDHFR (H. sapiens),False,1,c1ccc(NCc2ccc3ncncc3c2)cc1,train
C#CN(Cc1ccc2nc(N)nc(O)c2c1)c1ccc(C(=O)NC(CCC(=O)O)C(=O)NC(CCC(=O)NC(CCC(=O)NC(CCC(=O)O)C(=O)O)C(=O)O)C(=O)O)cc1,6.522878745280337,,1,CHEMBL1160192,HsDHFR (H. sapiens),False,1,c1ccc(NCc2ccc3ncncc3c2)cc1,train
C#CN(Cc1ccc2nc(N)nc(O)c2c1)c1ccc(C(=O)NC(CCC(=O)O)C(=O)NC(CCC(=O)O)C(=O)O)cc1,6.468521082957745,,1,CHEMBL1160189,HsDHFR (H. sapiens),False,1,c1ccc(NCc2ccc3ncncc3c2)cc1,train
C#CN(Cc1ccc2nc(N)nc(O)c2c1)c1ccc(C(=O)NC(CCC=O)C(=O)O)cc1,6.1938200260161125,,1,CHEMBL1160200,HsDHFR (H. sapiens),False,1,c1ccc(NCc2ccc3ncncc3c2)cc1,train
C#Cc1ccc(N2C(N)=NC(N)=NC2(C)C)cc1,6.050000457140078,,1,CHEMBL284282,GgDHFR (G. gallus),False,1,C1=NC=NCN1c1ccccc1,external
C/C(=C/c1coc2nc(N)nc(N)c12)c1ccc(C(=O)N[C@@H](CCC(=O)O)C(=O)O)cc1.C/C(=C\c1coc2nc(N)nc(N)c12)c1ccc(C(=O)N[C@@H](CCC(=O)O)C(=O)O)cc1,5.507062321345803,0.21286035127455813,2,CHEMBL1237205,"HsDHFR (H. sapiens); TgDHFR-TS (T. gondii, apicomplexan)",False,0,C(=Cc1coc2ncncc12)c1ccccc1.C(=Cc1coc2ncncc12)c1ccccc1,train
C/C(=C/c1coc2nc(N)nc(N)c12)c1cccc2ccccc12,5.0,,1,CHEMBL1080403,HsDHFR (H. sapiens),False,0,C(=Cc1coc2ncncc12)c1cccc2ccccc12,train
C/C(=C\c1coc2nc(N)nc(N)c12)c1ccc(C(=O)N[C@@H](CCC(=O)O)C(=O)O)cc1,4.167679012221937,0.295672029943389,2,CHEMBL2092925,"HsDHFR (H. sapiens); TgDHFR-TS (T. gondii, apicomplexan)",False,0,C(=Cc1coc2ncncc12)c1ccccc1,train
C/C(=N\N=C(/N)S)c1ccc(Oc2c(Cl)cncc2Cl)cc1,6.0,0.1934148754483154,7,CHEMBL97598,"PfDHFR-TS K1 (P. falciparum, resistant)",True,1,c1ccc(Oc2ccncc2)cc1,train
C/C(O)=C(\C#N)C(=O)Nc1ccc(C(F)(F)F)cc1,6.411168274405792,,1,CHEMBL973,HsDHFR (H. sapiens),False,1,c1ccccc1,train
C/C=C/c1cc(Cc2cnc(N)nc2N)cc(/C=C/C)c1OC,6.832773124424534,3.2019730949040373,2,CHEMBL301030,HsDHFR (H. sapiens); RnDHFR (R. norvegicus),False,1,c1ccc(Cc2cncnc2)cc1,external
C/C=C/c1cc(Cc2cnc(N)nc2N)cc(CCC)c1OC,4.619788758288394,,1,CHEMBL60821,RnDHFR (R. norvegicus),False,0,c1ccc(Cc2cncnc2)cc1,external
C/C=C/c1cc(Cc2cnc(N)nc2N)cc(OC)c1OC,5.637821097886787,1.9709837193480348,2,CHEMBL23338,HsDHFR (H. sapiens); RnDHFR (R. norvegicus),False,0,c1ccc(Cc2cncnc2)cc1,external
C/N=C(\S)NNC(=O)c1cccn(Cc2cccc(Cl)c2)c1=O,5.1487416512809245,0.48586931779196346,7,CHEMBL323554,"PfDHFR-TS K1 (P. falciparum, resistant)",True,0,O=c1ccccn1Cc1ccccc1,train
C=C(C)c1c(OC)cc(Cc2cnc(N)nc2N)cc1OC,4.169999984192581,,1,CHEMBL57787,GgDHFR (G. gallus),False,0,c1ccc(Cc2cncnc2)cc1,external
C=C(CC(NC(=O)c1ccc(C(CC)Cc2cnc3nc(N)nc(N)c3n2)cc1)C(=O)O)C(=O)O,8.236572006437063,,1,CHEMBL308279,HsDHFR (H. sapiens),False,1,c1ccc(CCc2cnc3ncncc3n2)cc1,train
C=C(CC(NC(=O)c1ccc(CCc2cnc3nc(N)nc(N)c3n2)cc1)C(=O)O)C(=O)O,8.05551732784983,,1,CHEMBL307486,HsDHFR (H. sapiens),False,1,c1ccc(CCc2cnc3ncncc3n2)cc1,train
C=C(CC(NC(=O)c1ccc(N(C)Cc2cnc3nc(N)nc(N)c3n2)cc1)C(=O)O)C(=O)O,7.775183674764962,0.5920412056417633,2,CHEMBL65616,HsDHFR (H. sapiens),False,1,c1ccc(NCc2cnc3ncncc3n2)cc1,external
C=C(CC(NC(=O)c1ccc(NCc2cnc3nc(N)nc(N)c3n2)cc1)C(=O)O)C(=O)O,7.055517327849831,,1,CHEMBL65711,HsDHFR (H. sapiens),False,1,c1ccc(NCc2cnc3ncncc3n2)cc1,external
C=CC(=O)Nc1ccc2nc(SC/C=C/c3ccccc3)n(Cc3ccccc3)c(=O)c2c1,5.698970004336019,,1,CHEMBL1093243,HsDHFR (H. sapiens),False,0,O=c1c2ccccc2nc(SC/C=C/c2ccccc2)n1Cc1ccccc1,train
C=CCN(C)c1ccc2nc(SC)n(Cc3ccccc3)c(=O)c2c1,5.698970004336019,,1,CHEMBL1090896,HsDHFR (H. sapiens),False,0,O=c1c2ccccc2ncn1Cc1ccccc1,train
C=CCN(CC1CCc2nc(N)nc(N)c2N1CC=C)c1ccc(C(=O)NC(CCC(=O)O)C(=O)O)cc1,5.667561540084394,,1,CHEMBL477028,HsDHFR (H. sapiens),False,0,c1ccc(NCC2CCc3ncncc3N2)cc1,train
C=CCN(CC=C)c1ccc2nc(SC)n(Cc3ccccc3)c(=O)c2c1,6.0,,1,CHEMBL1092682,HsDHFR (H. sapiens),False,1,O=c1c2ccccc2ncn1Cc1ccccc1,train
C=CCN(Cc1ccc(C(=O)NC(CCC(=O)O)C(=O)O)cc1)c1ccc2nc(N)nc(N)c2c1,8.267606240177031,,1,CHEMBL141576,HsDHFR (H. sapiens),False,1,c1ccc(CNc2ccc3ncncc3c2)cc1,train
C=CCN(Cc1ccc(C(=O)NC(CCC(=O)O)C(=O)O)cc1)c1ccc2nc(N)nc(O)c2c1,5.853871964321762,,1,CHEMBL442217,HsDHFR (H. sapiens),False,0,c1ccc(CNc2ccc3ncncc3c2)cc1,train
C=CCN1c2c(N)nc(N)nc2CCC1CN(C)c1ccc(C(=O)N[C@@H](CCC(=O)O)C(=O)O)cc1,6.376750709602099,,1,CHEMBL2153705,HsDHFR (H. sapiens),False,1,c1ccc(NCC2CCc3ncncc3N2)cc1,train
C=CCN1c2c(N)nc(N)nc2CCC1CNc1ccc(C(=O)NC(CCC(=O)O)C(=O)O)cc1,5.851397345193907,,1,CHEMBL476401,HsDHFR (H. sapiens),False,0,c1ccc(NCC2CCc3ncncc3N2)cc1,train
C=CCN1c2c(N)nc(N)nc2CCC1CNc1ccc(C(=O)NC(CCC(=O)O)C(=O)O)cc1Br,5.625251653989896,,1,CHEMBL477640,HsDHFR (H. sapiens),False,0,c1ccc(NCC2CCc3ncncc3N2)cc1,train
C=CCNC(=S)NNC(=O)c1cccn(Cc2cccc(Cl)c2)c1=O,4.97469413473523,0.6121366645771418,7,CHEMBL95615,"PfDHFR-TS K1 (P. falciparum, resistant)",True,0,O=c1ccccn1Cc1ccccc1,train
C=CCNc1ccc2nc(SC)n(Cc3ccccc3)c(=O)c2c1,6.096910013008056,,1,CHEMBL1089230,HsDHFR (H. sapiens),False,1,O=c1c2ccccc2ncn1Cc1ccccc1,train
C=CCNc1ccc2nc(SCC=C)n(Cc3ccccc3)c(=O)c2c1,6.0,,1,CHEMBL1092683,HsDHFR (H. sapiens),False,1,O=c1c2ccccc2ncn1Cc1ccccc1,train
C=CCOc1c(OC)cc(Cc2cnc(N)nc2N)cc1OC,3.3187587626244124,,1,CHEMBL427305,RnDHFR (R. norvegicus),False,0,c1ccc(Cc2cncnc2)cc1,external
C=CCOc1cc(Cc2cnc(N)nc2N)cc(OC)c1OC,3.8239087409443187,,1,CHEMBL59946,RnDHFR (R. norvegicus),False,0,c1ccc(Cc2cncnc2)cc1,external
C=CCOc1ccc(Cc2cnc(N)nc2N)cc1,3.4948500216800937,,1,CHEMBL57878,RnDHFR (R. norvegicus),False,0,c1ccc(Cc2cncnc2)cc1,external
C=CCOc1ccc(Cc2cnc(N)nc2N)cc1CC=C,4.958607314841775,,1,CHEMBL61357,RnDHFR (R. norvegicus),False,0,c1ccc(Cc2cncnc2)cc1,external
C=CCOc1ccc(Cc2cnc(N)nc2N)cc1OC,4.309803919971486,,1,CHEMBL412892,RnDHFR (R. norvegicus),False,0,c1ccc(Cc2cncnc2)cc1,external
C=CCOc1ccccc1Cc1cnc(N)nc1N,4.6700000181810175,,1,CHEMBL135459,GgDHFR (G. gallus),False,0,c1ccc(Cc2cncnc2)cc1,external
C=CCSc1nc2ccc(C)cc2c(=O)n1Cc1ccccc1,5.3979400086720375,,1,CHEMBL1091255,HsDHFR (H. sapiens),False,0,O=c1c2ccccc2ncn1Cc1ccccc1,train
C=CCSc1nc2ccc(N(C/C=C/c3ccccc3)C/C=C/c3ccccc3)cc2c(=O)n1Cc1ccccc1,6.154901959985743,,1,CHEMBL1093994,HsDHFR (H. sapiens),False,1,O=c1c2cc(N(C/C=C/c3ccccc3)C/C=C/c3ccccc3)ccc2ncn1Cc1ccccc1,train
C=CCSc1nc2ccc(N(CC=C)CC=C)cc2c(=O)n1Cc1ccccc1,6.045757490560675,,1,CHEMBL1093230,HsDHFR (H. sapiens),False,1,O=c1c2ccccc2ncn1Cc1ccccc1,train
C=CCSc1nc2ccc(N)cc2c(=O)n1Cc1ccccc1,5.301029995663981,,1,CHEMBL1093491,HsDHFR (H. sapiens),False,0,O=c1c2ccccc2ncn1Cc1ccccc1,train
C=CCSc1nc2ccc(NC(=O)/C=C/c3ccccc3)cc2c(=O)n1Cc1ccccc1,6.301029995663981,,1,CHEMBL1093519,HsDHFR (H. sapiens),False,1,O=C(/C=C/c1ccccc1)Nc1ccc2ncn(Cc3ccccc3)c(=O)c2c1,train
C=CCSc1nc2ccc(NC/C=C/c3ccccc3)cc2c(=O)n1Cc1ccccc1,5.522878745280337,,1,CHEMBL1093993,HsDHFR (H. sapiens),False,0,O=c1c2cc(NC/C=C/c3ccccc3)ccc2ncn1Cc1ccccc1,train
C=CCSc1nc2ccc([N+](=O)[O-])cc2c(=O)n1Cc1ccccc1,5.698970004336019,,1,CHEMBL1092451,HsDHFR (H. sapiens),False,0,O=c1c2ccccc2ncn1Cc1ccccc1,train
C=CCc1cc(Cc2cnc(N)nc2N)cc(CC=C)c1O,5.017728766960431,,1,CHEMBL59470,RnDHFR (R. norvegicus),False,0,c1ccc(Cc2cncnc2)cc1,external
C=CCc1cc(Cc2cnc(N)nc2N)cc(CC=C)c1OC,4.7447274948966935,,1,CHEMBL301236,RnDHFR (R. norvegicus),False,0,c1ccc(Cc2cncnc2)cc1,external
C=CCc1cc(Cc2cnc(N)nc2N)cc(CCC)c1O,5.698970004336019,1.2362268357087405,3,CHEMBL24503,HsDHFR (H. sapiens); RnDHFR (R. norvegicus),False,0,c1ccc(Cc2cncnc2)cc1,external
C=CCc1cc(Cc2cnc(N)nc2N)cc(CCC)c1OC,4.823908740944319,,1,CHEMBL58550,RnDHFR (R. norvegicus),False,0,c1ccc(Cc2cncnc2)cc1,external
C=CCc1cc(Cc2cnc(N)nc2N)cc(OC)c1O,4.8326826652518236,,1,CHEMBL59416,RnDHFR (R. norvegicus),False,0,c1ccc(Cc2cncnc2)cc1,external
C=CCc1cc(Cc2cnc(N)nc2N)cc(OC)c1OC,5.629818655252878,1.8791909439181835,2,CHEMBL282022,HsDHFR (H. sapiens); RnDHFR (R. norvegicus),False,0,c1ccc(Cc2cncnc2)cc1,external
C=CCc1cc(Cc2cnc(N)nc2N)ccc1O,4.024568191490737,,1,CHEMBL59952,RnDHFR (R. norvegicus),False,0,c1ccc(Cc2cncnc2)cc1,external
CC(=O)C1=C(C)N=C(SCCC(=O)O)NC1c1cccc(O)c1,7.026872146400302,,1,CHEMBL2261433,HsDHFR (H. sapiens),False,1,C1=CC(c2ccccc2)NC=N1,train
CC(=O)C1=C(C)N=C(SCCC(=O)O)NC1c1ccccc1,8.886056647693163,,1,CHEMBL2261432,HsDHFR (H. sapiens),False,1,C1=CC(c2ccccc2)NC=N1,train
CC(=O)C1=C(C)NC(=S)NC1c1cccc(O)c1,5.026872146400301,,1,CHEMBL2261697,HsDHFR (H. sapiens),False,0,S=C1NC=CC(c2ccccc2)N1,train
CC(=O)N(CC1CCc2nc(N)nc(N)c2N1)c1ccc(C(=O)N[C@@H](CCC(=O)O)C(=O)O)cc1,7.481486060122112,,1,CHEMBL2151066,HsDHFR (H. sapiens),False,1,c1ccc(NCC2CCc3ncncc3N2)cc1,train
CC(=O)NCCCC(NC(=O)c1ccc(N(C=O)Cc2cnc3nc(N)nc(N)c3n2)cc1)C(=O)O,7.275724130399211,,1,CHEMBL26534,MmDHFR (M. musculus),False,1,c1ccc(NCc2cnc3ncncc3n2)cc1,external
CC(=O)NCCCC(NC(=O)c1ccc(NCc2cnc3nc(N)nc(N)c3n2)cc1)C(=O)O,7.552841968657781,,1,CHEMBL423297,MmDHFR (M. musculus),False,1,c1ccc(NCc2cnc3ncncc3n2)cc1,external
CC(=O)NNC(=O)c1csc2ncc(-c3ccc(Br)cc3)n12,6.536107011014092,,1,CHEMBL5204417,HsDHFR (H. sapiens),False,1,c1ccc(-c2cnc3sccn23)cc1,train
CC(=O)NS(=O)(=O)c1ccc(N)cc1,4.7447274948966935,,1,CHEMBL455,HsDHFR (H. sapiens),False,0,c1ccccc1,train
CC(=O)Nc1ccc(Cc2cnc(N)nc2N)cc1,4.259999979340046,,1,CHEMBL19113,GgDHFR (G. gallus),False,0,c1ccc(Cc2cncnc2)cc1,external
CC(=O)Nc1ccc(Cc2cnc(N)nc2N)cc1[N+](=O)[O-],4.339999990132752,,1,CHEMBL18912,GgDHFR (G. gallus),False,0,c1ccc(Cc2cncnc2)cc1,external
CC(=O)Nc1ccc(N2C(N)=NC(N)=NC2(C)C)cc1,4.6899999882307535,,1,CHEMBL30837,GgDHFR (G. gallus),False,0,C1=NC=NCN1c1ccccc1,external
CC(=O)Nc1cccc(OCc2cccc(N3C(N)=NC(N)=NC3(C)C)c2)c1,7.6399749108106025,,1,CHEMBL20812,GgDHFR (G. gallus),False,1,C1=NC=NCN1c1cccc(COc2ccccc2)c1,train
CC(=O)Nc1nc(C(=O)NNC(=O)CCN2CCCCC2)cs1,6.581698708680255,,1,CHEMBL5282535,HsDHFR (H. sapiens),False,1,O=C(CCN1CCCCC1)NNC(=O)c1cscn1,train
CC(=O)Nc1nc(C(=O)NNC(=O)CCN2CCN(C)CC2)cs1,6.168770306132936,,1,CHEMBL5276173,HsDHFR (H. sapiens),False,1,O=C(CCN1CCNCC1)NNC(=O)c1cscn1,train
CC(=O)Nc1nc(C(=O)NNC(=O)CCN2CCOCC2)cs1,6.798602875679549,,1,CHEMBL5269071,HsDHFR (H. sapiens),False,1,O=C(CCN1CCOCC1)NNC(=O)c1cscn1,train
CC(=O)O.CCc1nc(N)nc(N)c1C#C[C@@H](C)c1cc(-c2ccc(C(=O)O)cc2)ccc1OC,6.345679038296321,,1,CHEMBL3827760,HsDHFR (H. sapiens),False,1,C(#Cc1cncnc1)Cc1cccc(-c2ccccc2)c1,train
CC(=O)O.CCc1nc(N)nc(N)c1C#C[C@H](C)c1cc(-c2ccc(C(=O)O)cc2)ccc1OC,6.424096620965646,,1,CHEMBL3827326,HsDHFR (H. sapiens),False,1,C(#Cc1cncnc1)Cc1cccc(-c2ccccc2)c1,train
CC(=O)OCCCc1nc(N)nc(N)c1-c1cccc(Cl)c1,6.64947518463543,1.4902838813987904,8,CHEMBL444605,"PfDHFR-TS K1 (P. falciparum, resistant)",True,1,c1ccc(-c2cncnc2)cc1,train
CC(=O)OCCCc1nc(N)nc(N)c1-c1ccccc1,7.859710814815962,0.7275132552953205,4,CHEMBL347190,"PfDHFR-TS K1 (P. falciparum, resistant)",True,1,c1ccc(-c2cncnc2)cc1,train
CC(=O)c1c(C)n(Cc2ccccc2)c2ccc(OCCCC(=O)O)cc12,3.008773924307505,,1,CHEMBL4526073,HsDHFR (H. sapiens),False,0,c1ccc(Cn2ccc3ccccc32)cc1,train
CC(=O)c1c(C)n(Cc2ccccc2)c2ccc(OCc3cn(-c4ccc(Br)cc4)nn3)cc12,3.9030899869919438,,1,CHEMBL4544311,HsDHFR (H. sapiens),False,0,c1ccc(Cn2ccc3cc(OCc4cn(-c5ccccc5)nn4)ccc32)cc1,train
CC(=O)c1c(C)n(Cc2ccccc2)c2ccc(OCc3cn(-c4cccc(Cl)c4)nn3)cc12,3.7447274948966935,,1,CHEMBL4578986,HsDHFR (H. sapiens),False,0,c1ccc(Cn2ccc3cc(OCc4cn(-c5ccccc5)nn4)ccc32)cc1,train
CC(=O)c1ccc(N(C)Cc2ccc3nc(N)nc(N)c3n2)cc1,8.05816928242319,0.33129443488828686,2,CHEMBL55012,"RnDHFR (R. norvegicus); TgDHFR-TS (T. gondii, apicomplexan)",False,1,c1ccc(NCc2ccc3ncncc3n2)cc1,train
CC(=O)c1ccc(N2C(N)=NC(N)=NC2(C)C)cc1,5.689999562814496,,1,CHEMBL269018,GgDHFR (G. gallus),False,0,C1=NC=NCN1c1ccccc1,external
CC(=O)c1ccc(NCc2ccc3nc(N)nc(N)c3n2)cc1,8.085348113584487,0.7307409453440912,2,CHEMBL301795,"RnDHFR (R. norvegicus); TgDHFR-TS (T. gondii, apicomplexan)",False,1,c1ccc(NCc2ccc3ncncc3n2)cc1,train
CC(=O)c1cccc(-c2cc3nc(N)nc(N)c3cc2C)c1,7.580044251510242,0.0,2,CHEMBL1818120,HsDHFR (H. sapiens),False,1,c1ccc(-c2ccc3cncnc3c2)cc1,train
CC(=O)c1cccc(-c2ccc3c(N)nc(N)nc3c2)c1,6.490797477668897,0.0,2,CHEMBL1818119,HsDHFR (H. sapiens),False,1,c1ccc(-c2ccc3cncnc3c2)cc1,train
CC(=O)c1cccc(N2C(N)=NC(N)=NC2(C)C)c1,5.5599997955387845,,1,CHEMBL6755,GgDHFR (G. gallus),False,0,C1=NC=NCN1c1ccccc1,external
CC(C)(C)C1CCC(C(=O)NCCc2ccc(CNc3ccc4nc(N)nc(N)c4c3)cc2)CC1,6.537751784645002,,1,CHEMBL4211543,"PfDHFR-TS K1 (P. falciparum, resistant)",True,1,O=C(NCCc1ccc(CNc2ccc3ncncc3c2)cc1)C1CCCCC1,train
CC(C)(C)C1CCc2nc(N)nc(N)c2C1,7.465907069126919,0.39431162759025606,2,CHEMBL7571,"RnDHFR (R. norvegicus); TgDHFR-TS (T. gondii, apicomplexan)",False,1,c1ncc2c(n1)CCCC2,train
CC(C)(C)C1N=C(N)N=C(N)N1c1ccc(Cl)cc1,4.749139626853671,0.9429345333501663,2,CHEMBL433204,"PfDHFR-TS K1 (P. falciparum, resistant)",True,0,C1=NC=NCN1c1ccccc1,external
CC(C)(C)NC(=O)CCC(NC(=O)c1ccc(NCc2cnc3nc(N)nc(N)c3n2)cc1)C(=O)O,7.356547323513812,,1,CHEMBL44697,MmDHFR (M. musculus),False,1,c1ccc(NCc2cnc3ncncc3n2)cc1,external
CC(C)(C)c1cc(Cc2cnc(N)nc2N)cc(C(C)(C)C)c1O,5.658026434624244,1.4922840950006828,4,CHEMBL277176,"HsDHFR (H. sapiens); PbDHFR-TS (P. berghei, rodent malaria); RnDHFR (R. norvegicus)",False,0,c1ccc(Cc2cncnc2)cc1,external
CC(C)(C)c1ccc(COc2cnc(N)nc2N)cc1,3.9746941347352296,,1,CHEMBL426950,RnDHFR (R. norvegicus),False,0,c1ccc(COc2cncnc2)cc1,train
CC(C)(C)c1ccc(Cc2cnc(N)nc2N)cc1,3.638272163982407,,1,CHEMBL59703,RnDHFR (R. norvegicus),False,0,c1ccc(Cc2cncnc2)cc1,external
CC(C)(C)c1ccc(N2C(N)=NC(N)=NC2(C)C)cc1,6.710009933945681,,1,CHEMBL6661,GgDHFR (G. gallus),False,1,C1=NC=NCN1c1ccccc1,external
CC(C)(C)c1ccc(Sc2c(C#N)ccc3nc(N)nc(N)c23)cc1,5.040958607678906,,1,CHEMBL122628,HsDHFR (H. sapiens),False,0,c1ccc(Sc2cccc3ncncc23)cc1,train
CC(C)(C)c1ccc(Sc2c(N)ccc3nc(N)nc(N)c23)cc1,5.366531544420413,,1,CHEMBL120588,HsDHFR (H. sapiens),False,0,c1ccc(Sc2cccc3ncncc23)cc1,train
CC(C)(C)c1ccc(Sc2cccc3nc(N)nc(N)c23)cc1,5.698970004336019,0.0,2,CHEMBL329985,HsDHFR (H. sapiens),False,0,c1ccc(Sc2cccc3ncncc23)cc1,train
CC(C)(C)c1cccc(N2C(N)=NC(N)=NC2(C)C)c1,6.749994971513104,,1,CHEMBL267692,GgDHFR (G. gallus),False,1,C1=NC=NCN1c1ccccc1,external
CC(C)(C)c1cccc(OCc2cccc(N3C(N)=NC(N)=NC3(C)C)c2)c1,7.2400301424456925,,1,CHEMBL33558,GgDHFR (G. gallus),False,1,C1=NC=NCN1c1cccc(COc2ccccc2)c1,train
CC(C)(Cc1cnc2nc(N)nc(N)c2n1)c1ccc(C(=O)NC(CCC(=O)O)C(=O)O)cc1,11.585026652029182,,1,CHEMBL20428,MmDHFR (M. musculus),False,1,c1ccc(CCc2cnc3ncncc3n2)cc1,train
CC(C)C1(C)N=C(N)N=C(N)N1c1ccc(Cl)cc1,5.599700772144544,1.2905779136205144,4,CHEMBL345146,"PfDHFR-TS K1 (P. falciparum, resistant)",True,0,C1=NC=NCN1c1ccccc1,external
CC(C)C1(C)N=C(N)N=C(N)N1c1cccc(Cl)c1,6.671620396561263,0.6996462445172903,5,CHEMBL158691,"PfDHFR-TS K1 (P. falciparum, resistant)",True,1,C1=NC=NCN1c1ccccc1,external
CC(C)C1N=C(N)N=C(N)N1c1ccc(Br)cc1,6.722755419998091,1.1315452581852126,2,CHEMBL94281,"PfDHFR-TS K1 (P. falciparum, resistant)",True,1,C1=NC=NCN1c1ccccc1,external
CC(C)C1N=C(N)N=C(N)N1c1ccc(Cl)cc1,6.51564414494106,0.9936271283206848,2,CHEMBL264392,"PfDHFR-TS K1 (P. falciparum, resistant)",True,1,C1=NC=NCN1c1ccccc1,external
CC(C)COc1ccc2nc(N)nc(N)c2c1Sc1ccc(C(C)(C)C)cc1,7.522878745280337,,1,CHEMBL121669,HsDHFR (H. sapiens),False,1,c1ccc(Sc2cccc3ncncc23)cc1,train
CC(C)Cc1ccc(C(C)C(=O)O)cc1,3.2518119729937993,,1,CHEMBL521,HsDHFR (H. sapiens),False,0,c1ccccc1,train
CC(C)N(c1ccccc1)c1ccc2nc(N)nc(N)c2n1,5.862329462763245,,1,CHEMBL4589761,HsDHFR (H. sapiens),False,0,c1ccc(Nc2ccc3ncncc3n2)cc1,train
CC(C)Oc1cccc(Cc2cnc(N)nc2N)c1,7.217076090663241,0.9742137753405455,4,CHEMBL334919,HsDHFR (H. sapiens),False,1,c1ccc(Cc2cncnc2)cc1,external
CC(C)c1c(Sc2c(Cl)cccc2Cl)[nH]c2nc(N)nc(N)c12,5.951892707326797,0.4696659088477734,2,CHEMBL478191,"RnDHFR (R. norvegicus); TgDHFR-TS (T. gondii, apicomplexan)",False,0,c1ccc(Sc2cc3cncnc3[nH]2)cc1,train
CC(C)c1c(Sc2ccc(CC(=O)N[C@@H](CCC(=O)O)C(=O)O)cc2)[nH]c2nc(N)nc(N)c12,6.730487055782083,,1,CHEMBL476751,RnDHFR (R. norvegicus),False,1,c1ccc(Sc2cc3cncnc3[nH]2)cc1,train
CC(C)c1c(Sc2ccc(Cl)c(Cl)c2)[nH]c2nc(N)nc(N)c12,5.361769097913378,0.6959385477574123,2,CHEMBL477151,"RnDHFR (R. norvegicus); TgDHFR-TS (T. gondii, apicomplexan)",False,0,c1ccc(Sc2cc3cncnc3[nH]2)cc1,train
CC(C)c1c(Sc2ccc3ccccc3c2)[nH]c2nc(N)nc(N)c12,5.7508447231052,0.10332812494955197,2,CHEMBL477150,"RnDHFR (R. norvegicus); TgDHFR-TS (T. gondii, apicomplexan)",False,0,c1ccc2cc(Sc3cc4cncnc4[nH]3)ccc2c1,train
CC(C)c1c(Sc2cccc3ccccc23)[nH]c2nc(N)nc(N)c12,6.4808886808156405,0.6221550759257574,2,CHEMBL476945,"RnDHFR (R. norvegicus); TgDHFR-TS (T. gondii, apicomplexan)",False,1,c1ccc2c(Sc3cc4cncnc4[nH]3)cccc2c1,train
CC(C)c1c(Sc2ccccc2)[nH]c2nc(N)nc(N)c12,5.698970004336019,1.2110783347298486,3,CHEMBL478403,"HsDHFR (H. sapiens); RnDHFR (R. norvegicus); TgDHFR-TS (T. gondii, apicomplexan)",False,0,c1ccc(Sc2cc3cncnc3[nH]2)cc1,train
CC(C)c1cc(Cc2cnc(N)nc2N)cc(C(C)C)c1N,4.468521082957745,,1,CHEMBL116650,RnDHFR (R. norvegicus),False,0,c1ccc(Cc2cncnc2)cc1,external
CC(C)c1cc(Cc2cnc(N)nc2N)cc(C(C)C)c1O,6.050637409205253,1.2649980604021502,4,CHEMBL440946,"HsDHFR (H. sapiens); PbDHFR-TS (P. berghei, rodent malaria); RnDHFR (R. norvegicus)",False,1,c1ccc(Cc2cncnc2)cc1,external
CC(C)c1cc(OCC2CC2)c(I)cc1Oc1cnc(N)nc1N,5.377785977033705,,1,CHEMBL5563206,HsDHFR (H. sapiens),False,0,c1ncc(Oc2ccc(OCC3CC3)cc2)cn1,train
CC(C)c1cc2c(ccc3nc(N)nc(N)c32)[nH]1,8.0,,1,CHEMBL353161,HsDHFR (H. sapiens),False,1,c1ncc2c(ccc3[nH]ccc32)n1,train
CC(C)c1ccc(-c2nc3c(=O)[nH]c(N)nc3n2-c2ccccc2)cc1,4.358129454523687,,1,CHEMBL5270228,HsDHFR (H. sapiens),False,0,O=c1[nH]cnc2c1nc(-c1ccccc1)n2-c1ccccc1,train
CC(C)c1ccc(/C=C/c2ccc3nc(N)nc(N)c3n2)cc1,4.696803942579511,,1,CHEMBL4101669,HsDHFR (H. sapiens),False,0,C(=C/c1ccc2ncncc2n1)\c1ccccc1,train
CC(C)c1ccc(/C=C2/C(=O)Nc3ccccc32)cc1,4.522878745280337,,1,CHEMBL48760,GgDHFR (G. gallus),False,0,O=C1Nc2ccccc2/C1=C\c1ccccc1,train
CC(C)c1ccc(CCc2ccc3nc(N)nc(N)c3n2)cc1,4.721246399047171,,1,CHEMBL4068381,HsDHFR (H. sapiens),False,0,c1ccc(CCc2ccc3ncncc3n2)cc1,train
CC(C)c1ccc(Cc2cnc(N)nc2N)cc1,3.6777807052660805,,1,CHEMBL61287,RnDHFR (R. norvegicus),False,0,c1ccc(Cc2cncnc2)cc1,external
CC(C)c1ccc(N(C)c2cnc3nc(N)nc(N)c3c2)cc1,7.2839966563652006,0.4360487827412307,3,CHEMBL2382332,HsDHFR (H. sapiens); RnDHFR (R. norvegicus),False,1,c1ccc(Nc2cnc3ncncc3c2)cc1,train
CC(C)c1ccc(Nc2cnc3nc(N)nc(N)c3c2)cc1,5.074983371155115,0.2180216924861718,2,CHEMBL2382320,HsDHFR (H. sapiens); RnDHFR (R. norvegicus),False,0,c1ccc(Nc2cnc3ncncc3c2)cc1,train
CC(C)c1ccc(Sc2cccc3nc(N)nc(N)c23)cc1,5.619788758288394,,1,CHEMBL124304,HsDHFR (H. sapiens),False,0,c1ccc(Sc2cccc3ncncc23)cc1,train
CC(C)c1cccc(OCc2cccc(N3C(N)=NC(N)=NC3(C)C)c2)c1,7.470056598341331,,1,CHEMBL20227,GgDHFR (G. gallus),False,1,C1=NC=NCN1c1cccc(COc2ccccc2)c1,train
CC(C)n1c(C(C)(C)C)cc2c3c(N)nc(N)nc3ccc21,9.698970004336019,,1,CHEMBL170837,HsDHFR (H. sapiens),False,1,c1ncc2c(ccc3[nH]ccc32)n1,train
CC(Cc1ccc(C(=O)NC(CCC(=O)O)C(=O)O)cc1)c1cnc2nc(N)nc(N)c2n1,7.3979400086720375,2.938473827118853,3,CHEMBL431359,HsDHFR (H. sapiens); MmDHFR (M. musculus),False,1,c1ccc(CCc2cnc3ncncc3n2)cc1,train
CC(Cc1cnc2nc(N)nc(N)c2c1)c1ccc(C(=O)NC(CCC(=O)O)C(=O)O)cc1,11.154901959985743,0.0,2,CHEMBL110251,MmDHFR (M. musculus),False,1,c1ccc(CCc2cnc3ncncc3c2)cc1,train
CC(Cc1cnc2nc(N)nc(N)c2n1)c1ccc(C(=O)NC(CCC(=O)O)C(=O)O)cc1,11.503502450784328,0.16445367319053567,2,CHEMBL10515,MmDHFR (M. musculus),False,1,c1ccc(CCc2cnc3ncncc3n2)cc1,train
CC(Cc1coc2nc(N)cc(N)c12)c1ccc(C(=O)NC(CCC(=O)O)C(=O)O)cc1,6.02726570743409,0.4942464299119894,2,CHEMBL60639,"HsDHFR (H. sapiens); TgDHFR-TS (T. gondii, apicomplexan)",False,1,c1ccc(CCc2coc3ncccc23)cc1,train
CC(Cc1coc2nc(N)nc(N)c12)c1ccc(C(=O)N[C@@H](CCC(=O)O)C(=O)O)cc1,6.02726570743409,0.4942464299119894,2,CHEMBL430872,"HsDHFR (H. sapiens); TgDHFR-TS (T. gondii, apicomplexan)",False,1,c1ccc(CCc2coc3ncncc23)cc1,train
CC(Oc1cccc2nc(N)nc(N)c12)c1cccc(Cl)c1,7.468521082957745,,1,CHEMBL398416,HsDHFR (H. sapiens),False,1,c1ccc(COc2cccc3ncncc23)cc1,train
CC/N=N/Nc1cc(-c2c(N)nc(N)nc2CC)ccc1Cl,4.723538195826756,,1,CHEMBL357573,RnDHFR (R. norvegicus),False,0,c1ccc(-c2cncnc2)cc1,train
CC1(C)N=C(N)N=C(N)N1Cc1ccc(F)cc1.Cl,4.661543506395395,,1,CHEMBL1824519,HsDHFR (H. sapiens),False,0,C1=NC=NCN1Cc1ccccc1,train
CC1(C)N=C(N)N=C(N)N1OCCCCOc1ccc(/C=C/C(=O)c2ccccc2)cc1.Cl,8.397940008672037,,1,CHEMBL4060570,HsDHFR (H. sapiens),False,1,O=C(/C=C/c1ccc(OCCCCON2C=NC=NC2)cc1)c1ccccc1,train
CC1(C)N=C(N)N=C(N)N1OCCCCOc1ccc(C(=O)/C=C/c2ccccc2)cc1.Cl,8.468521082957745,,1,CHEMBL4098945,HsDHFR (H. sapiens),False,1,O=C(/C=C/c1ccccc1)c1ccc(OCCCCON2C=NC=NC2)cc1,train
CC1(C)N=C(N)N=C(N)N1OCCCCOc1cccc(/C=C/C(=O)c2ccccc2)c1.Cl,8.318758762624412,,1,CHEMBL4101407,HsDHFR (H. sapiens),False,1,O=C(/C=C/c1cccc(OCCCCON2C=NC=NC2)c1)c1ccccc1,train
CC1(C)N=C(N)N=C(N)N1OCCCCOc1cccc(C(=O)/C=C/c2ccccc2)c1.Cl,8.3767507096021,,1,CHEMBL4082453,HsDHFR (H. sapiens),False,1,O=C(/C=C/c1ccccc1)c1cccc(OCCCCON2C=NC=NC2)c1,train
CC1(C)N=C(N)N=C(N)N1OCCCOc1cc(Cl)c(Cl)cc1Cl,7.045757490560675,1.5757530151648254,5,CHEMBL129788,"HsDHFR (H. sapiens); PfDHFR-TS 3D7 (P. falciparum, wild-type); PfDHFR-TS K1 (P. falciparum, resistant)",True,1,C1=NC=NCN1OCCCOc1ccccc1,train
CC1(C)N=C(N)N=C(N)N1OCCCOc1cc(Cl)c(Cl)cc1Cl.Cl,9.244125144327509,,1,CHEMBL545921,"PfDHFR-TS K1 (P. falciparum, resistant)",True,1,C1=NC=NCN1OCCCOc1ccccc1,train
CC1(C)N=C(N)N=C(N)N1OCCCOc1ccc(/C=C/C(=O)c2ccccc2)cc1.Cl,8.193820026016112,,1,CHEMBL4079985,HsDHFR (H. sapiens),False,1,O=C(/C=C/c1ccc(OCCCON2C=NC=NC2)cc1)c1ccccc1,train
CC1(C)N=C(N)N=C(N)N1OCCCOc1ccc(C(=O)/C=C/c2ccccc2)cc1.Cl,8.036212172654444,,1,CHEMBL4069255,HsDHFR (H. sapiens),False,1,O=C(/C=C/c1ccccc1)c1ccc(OCCCON2C=NC=NC2)cc1,train
CC1(C)N=C(N)N=C(N)N1OCCCOc1cccc(/C=C/C(=O)c2ccccc2)c1.Cl,8.494850021680094,,1,CHEMBL4071967,HsDHFR (H. sapiens),False,1,O=C(/C=C/c1cccc(OCCCON2C=NC=NC2)c1)c1ccccc1,train
CC1(C)N=C(N)N=C(N)N1OCCCOc1cccc(C(=O)/C=C/c2ccccc2)c1.Cl,8.045757490560675,,1,CHEMBL4098009,HsDHFR (H. sapiens),False,1,O=C(/C=C/c1ccccc1)c1cccc(OCCCON2C=NC=NC2)c1,train
CC1(C)N=C(N)N=C(N)N1OCCCOc1cccc(C(=O)CCc2ccccc2)c1.Cl,8.4089353929735,,1,CHEMBL4099755,HsDHFR (H. sapiens),False,1,O=C(CCc1ccccc1)c1cccc(OCCCON2C=NC=NC2)c1,train
CC1(C)N=C(N)N=C(N)N1OCCCOc1cccc(Cl)c1Cl,4.627087997029894,,1,CHEMBL1231612,HsDHFR (H. sapiens),False,0,C1=NC=NCN1OCCCOc1ccccc1,train
CC1(C)N=C(N)N=C(N)N1OCCCOc1ccccc1.Cl,8.275724130399212,,1,CHEMBL4080801,HsDHFR (H. sapiens),False,1,C1=NC=NCN1OCCCOc1ccccc1,train
CC1(C)N=C(N)N=C(N)N1OCCOc1ccc(/C=C/C(=O)c2ccccc2)cc1.Cl,7.272458742971444,,1,CHEMBL4080662,HsDHFR (H. sapiens),False,1,O=C(/C=C/c1ccc(OCCON2C=NC=NC2)cc1)c1ccccc1,train
CC1(C)N=C(N)N=C(N)N1OCCOc1ccc(C(=O)/C=C/c2ccccc2)cc1.Cl,7.85078088734462,,1,CHEMBL4074887,HsDHFR (H. sapiens),False,1,O=C(/C=C/c1ccccc1)c1ccc(OCCON2C=NC=NC2)cc1,train
CC1(C)N=C(N)N=C(N)N1OCCOc1cccc(/C=C/C(=O)c2ccccc2)c1.Cl,7.22767829327708,,1,CHEMBL4097389,HsDHFR (H. sapiens),False,1,O=C(/C=C/c1cccc(OCCON2C=NC=NC2)c1)c1ccccc1,train
CC1(C)N=C(N)N=C(N)N1OCCOc1cccc(C(=O)/C=C/c2ccccc2)c1.Cl,7.448550002027125,,1,CHEMBL4104895,HsDHFR (H. sapiens),False,1,O=C(/C=C/c1ccccc1)c1cccc(OCCON2C=NC=NC2)c1,train
CC1(C)N=C(N)N=C(N)N1OCc1ccccc1.Cl,6.763841226841579,0.5618807413421598,2,CHEMBL1824770,HsDHFR (H. sapiens),False,1,C1=NC=NCN1OCc1ccccc1,train
CC1(C)N=C(N)N=C(N)N1c1cc(Cl)cc(Cl)c1,7.029978734171634,,1,CHEMBL284133,GgDHFR (G. gallus),False,1,C1=NC=NCN1c1ccccc1,external
CC1(C)N=C(N)N=C(N)N1c1ccc(Br)cc1,8.0204029577928,1.5669992248141604,4,CHEMBL6741,"GgDHFR (G. gallus); PfDHFR-TS K1 (P. falciparum, resistant)",True,1,C1=NC=NCN1c1ccccc1,external
CC1(C)N=C(N)N=C(N)N1c1ccc(C#C[Si](C)(C)C)cc1,5.990001269951939,,1,CHEMBL33409,GgDHFR (G. gallus),False,0,C1=NC=NCN1c1ccccc1,external
CC1(C)N=C(N)N=C(N)N1c1ccc(C#Cc2ccccc2)cc1,5.570000775141681,,1,CHEMBL284157,GgDHFR (G. gallus),False,0,C(#Cc1ccc(N2C=NC=NC2)cc1)c1ccccc1,train
CC1(C)N=C(N)N=C(N)N1c1ccc(C#N)cc1,4.950000175844591,,1,CHEMBL33571,GgDHFR (G. gallus),False,0,C1=NC=NCN1c1ccccc1,external
CC1(C)N=C(N)N=C(N)N1c1ccc(C(=O)/C=C/c2ccccc2)cc1.Cl,4.248720896016658,,1,CHEMBL3785981,HsDHFR (H. sapiens),False,0,O=C(/C=C/c1ccccc1)c1ccc(N2C=NC=NC2)cc1,train
CC1(C)N=C(N)N=C(N)N1c1ccc(C(F)(F)F)cc1,6.770011163455189,,1,CHEMBL427826,GgDHFR (G. gallus),False,1,C1=NC=NCN1c1ccccc1,external
CC1(C)N=C(N)N=C(N)N1c1ccc(C(N)=O)cc1,4.950000175844591,,1,CHEMBL284553,GgDHFR (G. gallus),False,0,C1=NC=NCN1c1ccccc1,external
CC1(C)N=C(N)N=C(N)N1c1ccc(CCCCc2ccc(S(=O)(=O)F)cc2Cl)c(Cl)c1,7.600002458823816,0.07063070094356494,2,CHEMBL33697,GgDHFR (G. gallus); HsDHFR (H. sapiens),False,1,C1=NC=NCN1c1ccc(CCCCc2ccccc2)cc1,train
CC1(C)N=C(N)N=C(N)N1c1ccc(CSc2ccccc2)c(Cl)c1,7.3300326300914955,,1,CHEMBL30594,GgDHFR (G. gallus),False,1,C1=NC=NCN1c1ccc(CSc2ccccc2)cc1,train
CC1(C)N=C(N)N=C(N)N1c1ccc(CSc2ccccc2)cc1,8.169989064063882,,1,CHEMBL31004,GgDHFR (G. gallus),False,1,C1=NC=NCN1c1ccc(CSc2ccccc2)cc1,train
CC1(C)N=C(N)N=C(N)N1c1ccc(Cl)c(CSc2ccccc2)c1,7.580044251510242,,1,CHEMBL33633,GgDHFR (G. gallus),False,1,C1=NC=NCN1c1cccc(CSc2ccccc2)c1,train
CC1(C)N=C(N)N=C(N)N1c1ccc(Cl)c(Cl)c1,7.958607314841775,1.1767145493068163,4,CHEMBL92583,"HsDHFR (H. sapiens); PfDHFR-TS K1 (P. falciparum, resistant)",True,1,C1=NC=NCN1c1ccccc1,external
CC1(C)N=C(N)N=C(N)N1c1ccc(Cl)c(S(N)(=O)=O)c1,5.660000322371772,,1,CHEMBL34270,GgDHFR (G. gallus),False,0,C1=NC=NCN1c1ccccc1,external
CC1(C)N=C(N)N=C(N)N1c1ccc(Cl)cc1,6.466185641635877,1.3639676039888835,26,CHEMBL747,"GgDHFR (G. gallus); HsDHFR (H. sapiens); PfDHFR-TS K1 (P. falciparum, resistant); RnDHFR (R. norvegicus)",True,1,C1=NC=NCN1c1ccccc1,external
CC1(C)N=C(N)N=C(N)N1c1ccc(Cl)cc1.Cl,8.823908740944319,,1,CHEMBL544227,"PfDHFR-TS K1 (P. falciparum, resistant)",True,1,C1=NC=NCN1c1ccccc1,external
CC1(C)N=C(N)N=C(N)N1c1ccc(F)cc1,6.829783891900917,1.0508840866476465,4,CHEMBL7005,"GgDHFR (G. gallus); PfDHFR-TS K1 (P. falciparum, resistant)",True,1,C1=NC=NCN1c1ccccc1,external
CC1(C)N=C(N)N=C(N)N1c1ccc(I)cc1,6.929999096197655,,1,CHEMBL7341,GgDHFR (G. gallus),False,1,C1=NC=NCN1c1ccccc1,external
CC1(C)N=C(N)N=C(N)N1c1ccc(N)cc1,5.670000424450807,,1,CHEMBL33499,GgDHFR (G. gallus),False,0,C1=NC=NCN1c1ccccc1,external
CC1(C)N=C(N)N=C(N)N1c1ccc(O)cc1,5.700000503883016,,1,CHEMBL34158,GgDHFR (G. gallus),False,0,C1=NC=NCN1c1ccccc1,external
CC1(C)N=C(N)N=C(N)N1c1ccc(OCC(=O)N2CCOCC2)cc1,6.770011163455189,,1,CHEMBL30370,GgDHFR (G. gallus),False,1,O=C(COc1ccc(N2C=NC=NC2)cc1)N1CCOCC1,train
CC1(C)N=C(N)N=C(N)N1c1ccc(OCCOc2ccc(N)cc2)cc1,6.760000207113128,,1,CHEMBL33389,GgDHFR (G. gallus),False,1,C1=NC=NCN1c1ccc(OCCOc2ccccc2)cc1,train
CC1(C)N=C(N)N=C(N)N1c1ccc(OCc2ccc(C(N)=O)cc2)cc1,7.299988937677888,,1,CHEMBL34627,GgDHFR (G. gallus),False,1,C1=NC=NCN1c1ccc(OCc2ccccc2)cc1,train
CC1(C)N=C(N)N=C(N)N1c1ccc(OCc2ccc(CO)cc2)cc1,7.349984047528162,,1,CHEMBL33010,GgDHFR (G. gallus),False,1,C1=NC=NCN1c1ccc(OCc2ccccc2)cc1,train
CC1(C)N=C(N)N=C(N)N1c1ccc(OCc2ccc(Cl)c(Cl)c2)cc1,7.140021558357979,,1,CHEMBL7035,GgDHFR (G. gallus),False,1,C1=NC=NCN1c1ccc(OCc2ccccc2)cc1,train
CC1(C)N=C(N)N=C(N)N1c1ccc(OCc2ccc(S(N)(=O)=O)cc2)cc1,7.489991487059765,,1,CHEMBL30681,GgDHFR (G. gallus),False,1,C1=NC=NCN1c1ccc(OCc2ccccc2)cc1,train
CC1(C)N=C(N)N=C(N)N1c1ccc(OCc2ccccc2)cc1,7.5300307905000405,,1,CHEMBL7191,GgDHFR (G. gallus),False,1,C1=NC=NCN1c1ccc(OCc2ccccc2)cc1,train
CC1(C)N=C(N)N=C(N)N1c1ccc(S(C)(=O)=O)cc1,5.250000251143582,,1,CHEMBL32652,GgDHFR (G. gallus),False,0,C1=NC=NCN1c1ccccc1,external
CC1(C)N=C(N)N=C(N)N1c1ccc(S(N)(=O)=O)cc1,4.70000006855703,,1,CHEMBL428478,GgDHFR (G. gallus),False,0,C1=NC=NCN1c1ccccc1,external
CC1(C)N=C(N)N=C(N)N1c1ccc(SCc2ccc(Cl)cc2)cc1,7.130005999878258,,1,CHEMBL285019,GgDHFR (G. gallus),False,1,C1=NC=NCN1c1ccc(SCc2ccccc2)cc1,train
CC1(C)N=C(N)N=C(N)N1c1ccc(SCc2ccccc2)c(Cl)c1,7.400007822415902,,1,CHEMBL33179,GgDHFR (G. gallus),False,1,C1=NC=NCN1c1ccc(SCc2ccccc2)cc1,train
CC1(C)N=C(N)N=C(N)N1c1ccc(SCc2ccccc2)cc1,7.709965388637482,,1,CHEMBL283173,GgDHFR (G. gallus),False,1,C1=NC=NCN1c1ccc(SCc2ccccc2)cc1,train
CC1(C)N=C(N)N=C(N)N1c1ccc2c(c1)CCCC2,7.720105019988361,,1,CHEMBL33066,GgDHFR (G. gallus),False,1,C1=NC=NCN1c1ccc2c(c1)CCCC2,train
CC1(C)N=C(N)N=C(N)N1c1cccc(Br)c1,7.2524430037569525,0.13794386698927208,2,CHEMBL268088,GgDHFR (G. gallus); HsDHFR (H. sapiens),False,1,C1=NC=NCN1c1ccccc1,external
CC1(C)N=C(N)N=C(N)N1c1cccc(C#N)c1,6.9399824574684,,1,CHEMBL268914,GgDHFR (G. gallus),False,1,C1=NC=NCN1c1ccccc1,external
CC1(C)N=C(N)N=C(N)N1c1cccc(C(=O)/C=C/c2ccccc2)c1.Cl,5.619788758288394,,1,CHEMBL3787397,HsDHFR (H. sapiens),False,0,O=C(/C=C/c1ccccc1)c1cccc(N2C=NC=NC2)c1,train
CC1(C)N=C(N)N=C(N)N1c1cccc(C(F)(F)F)c1,6.948036594695882,0.08765288164641075,2,CHEMBL6948,GgDHFR (G. gallus); HsDHFR (H. sapiens),False,1,C1=NC=NCN1c1ccccc1,external
CC1(C)N=C(N)N=C(N)N1c1cccc(C(N)=O)c1,5.070000019492822,,1,CHEMBL20911,GgDHFR (G. gallus),False,0,C1=NC=NCN1c1ccccc1,external
CC1(C)N=C(N)N=C(N)N1c1cccc(C(O)c2ccccc2)c1,5.7299993321845495,,1,CHEMBL21051,GgDHFR (G. gallus),False,0,C1=NC=NCN1c1cccc(Cc2ccccc2)c1,train
CC1(C)N=C(N)N=C(N)N1c1cccc(CNc2cc(C(N)=O)cc(C(N)=O)c2)c1,6.980011840408714,,1,CHEMBL20368,GgDHFR (G. gallus),False,1,C1=NC=NCN1c1cccc(CNc2ccccc2)c1,train
CC1(C)N=C(N)N=C(N)N1c1cccc(CNc2ccc(S(N)(=O)=O)cc2)c1,7.179995693191682,,1,CHEMBL21258,GgDHFR (G. gallus),False,1,C1=NC=NCN1c1cccc(CNc2ccccc2)c1,train
CC1(C)N=C(N)N=C(N)N1c1cccc(COC2CCCCC2)c1,7.189969213594161,,1,CHEMBL34274,GgDHFR (G. gallus),False,1,C1=NC=NCN1c1cccc(COC2CCCCC2)c1,train
CC1(C)N=C(N)N=C(N)N1c1cccc(COc2ccc3ccccc3c2)c1,7.50003813440381,,1,CHEMBL433045,GgDHFR (G. gallus),False,1,C1=NC=NCN1c1cccc(COc2ccc3ccccc3c2)c1,train
CC1(C)N=C(N)N=C(N)N1c1cccc(COc2cccc(-c3ccccc3)c2)c1,6.790002703917631,,1,CHEMBL20424,GgDHFR (G. gallus),False,1,C1=NC=NCN1c1cccc(COc2cccc(-c3ccccc3)c2)c1,train
CC1(C)N=C(N)N=C(N)N1c1cccc(COc2cccc(C#N)c2)c1,7.590066876668706,,1,CHEMBL283740,GgDHFR (G. gallus),False,1,C1=NC=NCN1c1cccc(COc2ccccc2)c1,train
CC1(C)N=C(N)N=C(N)N1c1cccc(COc2cccc(CO)c2)c1,7.100015437450609,,1,CHEMBL441503,GgDHFR (G. gallus),False,1,C1=NC=NCN1c1cccc(COc2ccccc2)c1,train
CC1(C)N=C(N)N=C(N)N1c1cccc(COc2cccc(Cl)c2)c1,7.179995693191682,,1,CHEMBL417461,GgDHFR (G. gallus),False,1,C1=NC=NCN1c1cccc(COc2ccccc2)c1,train
CC1(C)N=C(N)N=C(N)N1c1cccc(COc2cccc(NC(=N)S)c2)c1,7.219970872662662,,1,CHEMBL33750,GgDHFR (G. gallus),False,1,C1=NC=NCN1c1cccc(COc2ccccc2)c1,train
CC1(C)N=C(N)N=C(N)N1c1cccc(COc2cccc(NC(N)=O)c2)c1,7.460046158343603,,1,CHEMBL20528,GgDHFR (G. gallus),False,1,C1=NC=NCN1c1cccc(COc2ccccc2)c1,train
CC1(C)N=C(N)N=C(N)N1c1cccc(COc2cccc3ccccc23)c1,7.010008068999623,0.19801820940900783,2,CHEMBL20466,GgDHFR (G. gallus); HsDHFR (H. sapiens),False,1,C1=NC=NCN1c1cccc(COc2cccc3ccccc23)c1,train
CC1(C)N=C(N)N=C(N)N1c1cccc(COc2ccccc2)c1,7.280006173632396,,1,CHEMBL282754,GgDHFR (G. gallus),False,1,C1=NC=NCN1c1cccc(COc2ccccc2)c1,train
CC1(C)N=C(N)N=C(N)N1c1cccc(CSc2ccccc2)c1,7.470056598341331,,1,CHEMBL21031,GgDHFR (G. gallus),False,1,C1=NC=NCN1c1cccc(CSc2ccccc2)c1,train
CC1(C)N=C(N)N=C(N)N1c1cccc(C[N+](C)(C)C)c1.[Cl-],3.789999999292764,,1,CHEMBL33469,GgDHFR (G. gallus),False,0,C1=NC=NCN1c1ccccc1,external
CC1(C)N=C(N)N=C(N)N1c1cccc(C[Se]c2ccccc2)c1,7.700057099977233,,1,CHEMBL20224,GgDHFR (G. gallus),False,1,C1=NC=NCN1c1cccc(C[Se]c2ccccc2)c1,train
CC1(C)N=C(N)N=C(N)N1c1cccc(Cl)c1,7.029978734171634,0.8202221189368881,17,CHEMBL7130,"GgDHFR (G. gallus); HsDHFR (H. sapiens); PfDHFR-TS K1 (P. falciparum, resistant)",True,1,C1=NC=NCN1c1ccccc1,external
CC1(C)N=C(N)N=C(N)N1c1cccc(F)c1,6.790002703917631,,1,CHEMBL267499,GgDHFR (G. gallus),False,1,C1=NC=NCN1c1ccccc1,external
CC1(C)N=C(N)N=C(N)N1c1cccc(I)c1,7.439973751087107,,1,CHEMBL268414,GgDHFR (G. gallus),False,1,C1=NC=NCN1c1ccccc1,external
CC1(C)N=C(N)N=C(N)N1c1cccc(O)c1,5.570000775141681,,1,CHEMBL278587,GgDHFR (G. gallus),False,0,C1=NC=NCN1c1ccccc1,external
CC1(C)N=C(N)N=C(N)N1c1cccc(OCC23CC4CC(CC(C4)C2)C3)c1,6.109998386815363,,1,CHEMBL281618,HsDHFR (H. sapiens),False,1,C1=NC=NCN1c1cccc(OCC23CC4CC(CC(C4)C2)C3)c1,train
CC1(C)N=C(N)N=C(N)N1c1cccc(OCCCCOc2cccc(C(F)(F)F)c2)c1,7.540004743952609,,1,CHEMBL6671,GgDHFR (G. gallus),False,1,C1=NC=NCN1c1cccc(OCCCCOc2ccccc2)c1,train
CC1(C)N=C(N)N=C(N)N1c1cccc(OCCCCOc2ccccc2)c1,7.199970640755866,,1,CHEMBL6771,GgDHFR (G. gallus),False,1,C1=NC=NCN1c1cccc(OCCCCOc2ccccc2)c1,train
CC1(C)N=C(N)N=C(N)N1c1cccc(OCCOc2ccccc2)c1,7.15002808767115,,1,CHEMBL266025,GgDHFR (G. gallus),False,1,C1=NC=NCN1c1cccc(OCCOc2ccccc2)c1,train
CC1(C)N=C(N)N=C(N)N1c1cccc(OC[C@]23C[C@H]4C[C@H](C[C@H](C4)C2)C3)c1,6.130000141365475,,1,CHEMBL33205,GgDHFR (G. gallus),False,1,C1=NC=NCN1c1cccc(OC[C@]23C[C@H]4C[C@H](C[C@H](C4)C2)C3)c1,train
CC1(C)N=C(N)N=C(N)N1c1cccc(OCc2ccc(C(N)=O)cc2)c1,7.0499760934766735,,1,CHEMBL287436,GgDHFR (G. gallus),False,1,C1=NC=NCN1c1cccc(OCc2ccccc2)c1,train
CC1(C)N=C(N)N=C(N)N1c1cccc(OCc2ccc(Cl)c(Cl)c2)c1,6.779996573843064,,1,CHEMBL269704,GgDHFR (G. gallus),False,1,C1=NC=NCN1c1cccc(OCc2ccccc2)c1,train
CC1(C)N=C(N)N=C(N)N1c1cccc(OCc2ccccc2)c1,6.929999096197655,,1,CHEMBL7357,GgDHFR (G. gallus),False,1,C1=NC=NCN1c1cccc(OCc2ccccc2)c1,train
CC1(C)N=C(N)N=C(N)N1c1cccc(S(N)(=O)=O)c1,5.0,,1,CHEMBL266734,GgDHFR (G. gallus),False,0,C1=NC=NCN1c1ccccc1,external
CC1(C)N=C(N)N=C(N)N1c1cccc(SCc2ccc(Cl)cc2)c1,7.550059011226662,,1,CHEMBL21077,GgDHFR (G. gallus),False,1,C1=NC=NCN1c1cccc(SCc2ccccc2)c1,train
CC1(C)N=C(N)N=C(N)N1c1cccc(SCc2ccccc2)c1,7.4449861029647195,0.10607585172958764,2,CHEMBL20975,GgDHFR (G. gallus); HsDHFR (H. sapiens),False,1,C1=NC=NCN1c1cccc(SCc2ccccc2)c1,train
CC1(C)N=C(N)N=C(N)N1c1cccc([N+](=O)[O-])c1,6.950007143079858,,1,CHEMBL20861,GgDHFR (G. gallus),False,1,C1=NC=NCN1c1ccccc1,external
CC1(C)N=C(N)N=C(N)N1c1ccccc1,6.69000807121882,0.7897964608522161,5,CHEMBL6742,"GgDHFR (G. gallus); HsDHFR (H. sapiens); PfDHFR-TS K1 (P. falciparum, resistant)",True,1,C1=NC=NCN1c1ccccc1,external
CC1(C)N=C(N)N=C(N)N1c1ccccc1.Cl,5.026872146400301,,1,CHEMBL532909,HsDHFR (H. sapiens),False,0,C1=NC=NCN1c1ccccc1,external
CC1(COc2cccc3nc(N)nc(N)c23)COC1,4.823908740944319,,1,CHEMBL4075292,HsDHFR (H. sapiens),False,0,c1cc(OCC2COC2)c2cncnc2c1,train
CC1=C(C(=O)Nc2ccc(C(=O)NC(CCC(=O)O)C(=O)O)cc2)C(c2ccc(Cl)cc2)NC(=O)N1,6.275724130399211,,1,CHEMBL4748158,HsDHFR (H. sapiens),False,1,O=C1NC=C(C(=O)Nc2ccccc2)C(c2ccccc2)N1,train
CC1=C(C(=O)Nc2ccc(C(=O)NC(CCC(=O)O)C(=O)O)cc2)C(c2ccc([N+](=O)[O-])cc2)NC(=O)N1,6.09151498112135,,1,CHEMBL4791810,HsDHFR (H. sapiens),False,1,O=C1NC=C(C(=O)Nc2ccccc2)C(c2ccccc2)N1,train
CC1=C(C(=O)Nc2ccc(C(=O)NC(CCC(=O)O)C(=O)O)cc2)C(c2ccccc2)NC(=O)N1,6.075720713938118,,1,CHEMBL4743204,HsDHFR (H. sapiens),False,1,O=C1NC=C(C(=O)Nc2ccccc2)C(c2ccccc2)N1,train
CC1=C(Sc2ccc(C(=O)NC(CCC(=O)O)C(=O)O)cc2)C2C(=O)NC(N)=NC2N1,6.282077817007779,0.8831770737399152,2,CHEMBL336487,HsDHFR (H. sapiens),False,1,O=C1NC=NC2NC=C(Sc3ccccc3)C12,train
CC1=CC(C)(C)Nc2c(C)cc(Cc3cnc(N)nc3N)cc21,3.3010299956639813,,1,CHEMBL300370,RnDHFR (R. norvegicus),False,0,C1=Cc2cc(Cc3cncnc3)ccc2NC1,train
CC1=CC(C)(C)Nc2c(Cl)cc(Cc3cnc(N)nc3N)cc21,4.119186407719209,,1,CHEMBL294678,RnDHFR (R. norvegicus),False,0,C1=Cc2cc(Cc3cncnc3)ccc2NC1,train
CC1=CC(C)(C)Nc2c1cc(Cc1cnc(N)nc1N)c1cccnc21,4.455931955649724,,1,CHEMBL60827,RnDHFR (R. norvegicus),False,0,C1=Cc2cc(Cc3cncnc3)c3cccnc3c2NC1,train
CC1=CC(C)(C)Nc2c1cc(Cc1cnc(N)nc1N)cc2[S+](C)[O-],4.251811972993799,,1,CHEMBL292827,RnDHFR (R. norvegicus),False,0,C1=Cc2cc(Cc3cncnc3)ccc2NC1,train
CC1=CC(C)(C)Nc2ccc(Cc3cnc(N)nc3N)cc21,3.6197887582883936,,1,CHEMBL58079,RnDHFR (R. norvegicus),False,0,C1=Cc2cc(Cc3cncnc3)ccc2NC1,train
CC1=NN(c2cccc(Cl)c2)C(=O)/C1=C\c1cn(CC(O)Cn2c3ccccc3c(=O)c3ccccc32)c2ccccc12,5.7447274948966935,,1,CHEMBL4467394,HsDHFR (H. sapiens),False,0,O=C1/C(=C\c2cn(CCCn3c4ccccc4c(=O)c4ccccc43)c3ccccc23)C=NN1c1ccccc1,train
CC1=NN(c2cccc(Cl)c2)C(=O)/C1=C\c1cn(CC(O)Cn2cc(/C=C3\C(=O)N(c4cccc(Cl)c4)N=C3C)c3ccccc32)c2ccccc12,4.522878745280337,,1,CHEMBL3785354,HsDHFR (H. sapiens),False,0,O=C1/C(=C\c2cn(CCCn3cc(/C=C4/C=NN(c5ccccc5)C4=O)c4ccccc43)c3ccccc23)C=NN1c1ccccc1,train
CC1=Nc2c(N)nc(N)nc2OC1C,3.0443122496864943,,1,CHEMBL3228466,HsDHFR (H. sapiens),False,0,C1=Nc2cncnc2OC1,train
CC1=Nc2c(O)nc(N)nc2OC1,3.616184634019569,,1,CHEMBL3228460,HsDHFR (H. sapiens),False,0,C1=Nc2cncnc2OC1,train
CC1=Nc2c(O)nc(N)nc2OC1C,3.4236586497942074,,1,CHEMBL3228455,HsDHFR (H. sapiens),False,0,C1=Nc2cncnc2OC1,train
CC1=Nc2c(O)nc(N)nc2OC1c1ccccc1,3.1307682802690238,,1,CHEMBL3228458,HsDHFR (H. sapiens),False,0,C1=Nc2cncnc2OC1c1ccccc1,train
CC1CC(C)(C)Nc2ccc(Cc3cnc(N)nc3N)cc21,3.5228787452803374,,1,CHEMBL60931,RnDHFR (R. norvegicus),False,0,c1ncc(Cc2ccc3c(c2)CCCN3)cn1,train
CC1CC(C)c2cc(Cc3cnc(N)nc3N)cc(Cl)c2N1,4.3872161432802645,,1,CHEMBL60636,RnDHFR (R. norvegicus),False,0,c1ncc(Cc2ccc3c(c2)CCCN3)cn1,train
CC1CCNc2ccc(Cc3cnc(N)nc3N)cc21,4.657577319177793,,1,CHEMBL60632,RnDHFR (R. norvegicus),False,0,c1ncc(Cc2ccc3c(c2)CCCN3)cn1,train
CC1CN(c2cccc(-c3ccccc3)c2)CCN1c1cnc(N)nc1N,4.519993057042849,,1,CHEMBL5783758,HsDHFR (H. sapiens),False,0,c1ccc(-c2cccc(N3CCN(c4cncnc4)CC3)c2)cc1,train
CC1CN(c2cnc(N)nc2N)CCN1c1cccc(-c2ccccc2)c1,7.51999305704285,,1,CHEMBL5941951,HsDHFR (H. sapiens),False,1,c1ccc(-c2cccc(N3CCN(c4cncnc4)CC3)c2)cc1,train
CC1N=C(N)N=C(N)N1c1ccc(Br)cc1,7.469386887440442,1.0956453501789802,2,CHEMBL93748,"PfDHFR-TS K1 (P. falciparum, resistant)",True,1,C1=NC=NCN1c1ccccc1,external
CC1N=C(N)N=C(N)N1c1ccc(Cl)c(Cl)c1,8.301725981006435,0.7808523380143664,2,CHEMBL93153,"PfDHFR-TS K1 (P. falciparum, resistant)",True,1,C1=NC=NCN1c1ccccc1,external
CC1N=C(N)N=C(N)N1c1ccc(Cl)cc1,6.896196279044043,1.098481722053697,7,CHEMBL93484,"PfDHFR-TS K1 (P. falciparum, resistant)",True,1,C1=NC=NCN1c1ccccc1,external
CC1N=C(N)N=C(N)N1c1cccc(Cl)c1,7.991399828238082,0.34797753151007965,7,CHEMBL13636,"PfDHFR-TS K1 (P. falciparum, resistant)",True,1,C1=NC=NCN1c1ccccc1,external
CC1c2cc(Cc3ccccc3)c(-c3ccccc3)n2CCN1Cc1cnc(N)nc1N,6.259637310505756,0.9008461872382607,3,CHEMBL77758,HsDHFR (H. sapiens),False,1,c1ccc(Cc2cc3n(c2-c2ccccc2)CCN(Cc2cncnc2)C3)cc1,train
CC1c2ccc3c4ccccc4n(C)c3c2CCN1Cc1cnc(N)nc1N,8.0,0.6811824927620383,3,CHEMBL308758,HsDHFR (H. sapiens),False,1,c1ccc2c(c1)[nH]c1c3c(ccc12)CN(Cc1cncnc1)CC3,train
CCC(=O)NNC(=O)c1csc2ncc(-c3ccc(C)cc3)n12,5.24649354300903,,1,CHEMBL5176561,HsDHFR (H. sapiens),False,0,c1ccc(-c2cnc3sccn23)cc1,train
CCC(=O)OCCN(Cc1ccccc1)/N=N/c1cc(-c2c(N)nc(N)nc2CC)ccc1Cl,5.818194010053928,0.47617694935241456,2,CHEMBL314387,"RnDHFR (R. norvegicus); TgDHFR-TS (T. gondii, apicomplexan)",False,0,c1ccc(CN/N=N/c2cccc(-c3cncnc3)c2)cc1,train
CCC(C#Cc1c(C)nc(N)nc1N)c1cc(OC)c(OC)c(OC)c1,6.698970004336019,,1,CHEMBL574335,HsDHFR (H. sapiens),False,1,C(#Cc1cncnc1)Cc1ccccc1,train
CCC(C)(C)c1ccc(Sc2cccc3nc(N)nc(N)c23)cc1,5.4089353929735005,,1,CHEMBL123061,HsDHFR (H. sapiens),False,0,c1ccc(Sc2cccc3ncncc23)cc1,train
CCC(C)(C)n1c(C)cc2c3c(N)nc(N)nc3ccc21,9.397940008672037,,1,CHEMBL424170,HsDHFR (H. sapiens),False,1,c1ncc2c(ccc3[nH]ccc32)n1,train
CCC(C)C(=Cc1coc2nc(=N)[nH]c(N)c12)c1ccccc1OC,5.376750709602099,0.759163898244742,7,CHEMBL603849,"HsDHFR (H. sapiens); MmDHFR (M. musculus); RnDHFR (R. norvegicus); TgDHFR-TS (T. gondii, apicomplexan)",False,0,N=c1nc2occ(C=Cc3ccccc3)c2c[nH]1,train
CCC(C)C(Cc1coc2nc(N)nc(N)c12)c1ccccc1OC,4.812479279163537,0.6621464683353503,7,CHEMBL594339,"HsDHFR (H. sapiens); MmDHFR (M. musculus); RnDHFR (R. norvegicus); TgDHFR-TS (T. gondii, apicomplexan)",False,0,c1ccc(CCc2coc3ncncc23)cc1,train
CCC(CC)n1c(C(C)C)cc2c3c(N)nc(N)nc3ccc21,10.0,,1,CHEMBL171765,HsDHFR (H. sapiens),False,1,c1ncc2c(ccc3[nH]ccc32)n1,train
CCC(CC)n1c(C)cc2c3c(N)nc(N)nc3ccc21,9.522878745280337,,1,CHEMBL170758,HsDHFR (H. sapiens),False,1,c1ncc2c(ccc3[nH]ccc32)n1,train
CCC(CC)n1ccc2c3c(N)nc(N)nc3ccc21,8.263621775341393,0.11761407625550974,2,CHEMBL318721,HsDHFR (H. sapiens),False,1,c1ncc2c(ccc3[nH]ccc32)n1,train
CCC(CC1=Nc2c(N)nc(N)nc2NC1)c1ccc(C(=O)NC(CCC(=O)O)C(=O)O)cc1,7.468521082957745,,1,CHEMBL9824,GgDHFR (G. gallus),False,1,c1ccc(CCC2=Nc3cncnc3NC2)cc1,train
CCC(CC1CNc2nc(N)nc(N)c2N1)c1ccc(C(=O)NC(CCC(=O)O)C(=O)O)cc1,7.468521082957745,,1,CHEMBL9973,GgDHFR (G. gallus),False,1,c1ccc(CCC2CNc3ncncc3N2)cc1,train
CCC(Cc1ccc(C(=O)NC(CCC(=O)O)C(=O)O)cc1)c1cnc2nc(N)nc(N)c2n1,7.154901959985743,3.142184395998466,3,CHEMBL302068,HsDHFR (H. sapiens); MmDHFR (M. musculus),False,1,c1ccc(CCc2cnc3ncncc3n2)cc1,train
CCC(Cc1cnc2nc(N)nc(N)c2c1)c1ccc(C(=O)NC(CCC(=O)O)C(=O)O)cc1,10.886056647693163,0.0,2,CHEMBL113799,MmDHFR (M. musculus),False,1,c1ccc(CCc2cnc3ncncc3c2)cc1,train
CCC(Cc1cnc2nc(N)nc(N)c2n1)c1ccc(C(=O)NC(CCC(=O)O)C(=O)O)cc1,10.0,1.939002593171535,3,CHEMBL9798,GgDHFR (G. gallus); MmDHFR (M. musculus),False,1,c1ccc(CCc2cnc3ncncc3n2)cc1,train
CCC(Cc1cnc2nc(N)nc(N)c2n1)c1ccc(C(=O)N[C@@H](CCC(=O)O)C(=O)O)cc1,8.470786987771497,2.122727291916326,6,CHEMBL296373,HsDHFR (H. sapiens); MmDHFR (M. musculus),False,1,c1ccc(CCc2cnc3ncncc3n2)cc1,train
CCC(Cc1coc2nc(N)cc(N)c12)c1ccc(C(=O)NC(CCC(=O)O)C(=O)O)cc1,6.308092317009784,0.4942464299119894,2,CHEMBL56977,"HsDHFR (H. sapiens); TgDHFR-TS (T. gondii, apicomplexan)",False,1,c1ccc(CCc2coc3ncccc23)cc1,train
CCC1(C)N=C(N)N=C(N)N1OCc1ccccc1.Cl,6.809668301829708,,1,CHEMBL1824771,HsDHFR (H. sapiens),False,1,C1=NC=NCN1OCc1ccccc1,train
CCC1CCc2nc(N)nc(N)c2C1,5.740743030061056,0.3081066262936066,2,CHEMBL6696,"RnDHFR (R. norvegicus); TgDHFR-TS (T. gondii, apicomplexan)",False,0,c1ncc2c(n1)CCCC2,train
CCC1N=C(N)N=C(N)N1c1ccc(Br)cc1,7.469386887440442,1.0956453501789802,2,CHEMBL90461,"PfDHFR-TS K1 (P. falciparum, resistant)",True,1,C1=NC=NCN1c1ccccc1,external
CCC1N=C(N)N=C(N)N1c1ccc(C)cc1,7.560969009354993,0.944947774198455,2,CHEMBL89959,"PfDHFR-TS K1 (P. falciparum, resistant)",True,1,C1=NC=NCN1c1ccccc1,external
CCC1N=C(N)N=C(N)N1c1ccc(Cl)cc1,7.583617847529734,1.21633630815948,2,CHEMBL92047,"PfDHFR-TS K1 (P. falciparum, resistant)",True,1,C1=NC=NCN1c1ccccc1,external
CCC1c2ccccc2C=NN1C(=O)/C=C/c1cc(Cc2cnc(N)nc2N)cc(OC)c1OC,4.6020599913279625,,1,CHEMBL560702,RnDHFR (R. norvegicus),False,0,O=C(/C=C/c1cccc(Cc2cncnc2)c1)N1Cc2ccccc2C=N1,train
CCCC(=Cc1coc2nc(=N)[nH]c(N)c12)c1ccccc1OC,5.101274818410507,0.7405560406174584,7,CHEMBL595497,"HsDHFR (H. sapiens); MmDHFR (M. musculus); RnDHFR (R. norvegicus); TgDHFR-TS (T. gondii, apicomplexan)",False,0,N=c1nc2occ(C=Cc3ccccc3)c2c[nH]1,train
CCCC(Cc1cnc2nc(N)nc(N)c2n1)c1ccc(C(=O)NC(CCC(=O)O)C(=O)O)cc1,11.036212172654444,,1,CHEMBL72898,MmDHFR (M. musculus),False,1,c1ccc(CCc2cnc3ncncc3n2)cc1,train
CCCC(Cc1coc2nc(N)nc(N)c12)c1ccccc1OC,4.586700235918748,0.6916779362982041,7,CHEMBL605413,"HsDHFR (H. sapiens); MmDHFR (M. musculus); RnDHFR (R. norvegicus); TgDHFR-TS (T. gondii, apicomplexan)",False,0,c1ccc(CCc2coc3ncncc23)cc1,train
CCCC1(C)N=C(N)N=C(N)N1c1ccc(Cl)cc1,5.437231456983481,1.3878462882049316,5,CHEMBL158054,"PfDHFR-TS K1 (P. falciparum, resistant)",True,0,C1=NC=NCN1c1ccccc1,external
CCCC1(C)N=C(N)N=C(N)N1c1cccc(Cl)c1,6.7447274948966935,0.766635514513256,10,CHEMBL158639,"PfDHFR-TS K1 (P. falciparum, resistant)",True,1,C1=NC=NCN1c1ccccc1,external
CCCC1N=C(N)N=C(N)N1c1ccc(Br)cc1,7.740611465536612,1.1941834090115981,2,CHEMBL93888,"PfDHFR-TS K1 (P. falciparum, resistant)",True,1,C1=NC=NCN1c1ccccc1,external
CCCC1N=C(N)N=C(N)N1c1ccc(C)cc1,7.294560791789957,0.8042896153524497,2,CHEMBL443013,"PfDHFR-TS K1 (P. falciparum, resistant)",True,1,C1=NC=NCN1c1ccccc1,external
CCCC1N=C(N)N=C(N)N1c1ccc(Cl)cc1,7.653929195316608,0.9663504737646511,2,CHEMBL90703,"PfDHFR-TS K1 (P. falciparum, resistant)",True,1,C1=NC=NCN1c1ccccc1,external
CCCC1c2ccccc2C=NN1C(=O)/C=C/c1cc(Cc2cnc(N)nc2N)cc(O)c1OC,3.9586073148417746,0.37149757598008565,3,CHEMBL560502,HsDHFR (H. sapiens); RnDHFR (R. norvegicus),False,0,O=C(/C=C/c1cccc(Cc2cncnc2)c1)N1Cc2ccccc2C=N1,train
CCCCC(=Cc1coc2nc(=N)[nH]c(N)c12)c1ccccc1OC,4.52432881167557,0.6997612711648302,7,CHEMBL604879,"HsDHFR (H. sapiens); MmDHFR (M. musculus); RnDHFR (R. norvegicus); TgDHFR-TS (T. gondii, apicomplexan)",False,0,N=c1nc2occ(C=Cc3ccccc3)c2c[nH]1,train
CCCCC(CC)COc1c(CC)cc(Cc2cnc(N)nc2N)cc1CC,7.376750709602099,,1,CHEMBL118367,"PbDHFR-TS (P. berghei, rodent malaria)",False,1,c1ccc(Cc2cncnc2)cc1,external
CCCCC(Cc1coc2nc(N)nc(N)c12)c1ccccc1OC,4.707743928643524,0.6494813958143615,7,CHEMBL594790,"HsDHFR (H. sapiens); MmDHFR (M. musculus); RnDHFR (R. norvegicus); TgDHFR-TS (T. gondii, apicomplexan)",False,0,c1ccc(CCc2coc3ncncc23)cc1,train
CCCCC1N=C(N)N=C(N)N1c1ccc(Cl)cc1,7.604540902392711,1.1699185972338295,2,CHEMBL90292,"PfDHFR-TS K1 (P. falciparum, resistant)",True,1,C1=NC=NCN1c1ccccc1,external
CCCCC1c2ccccc2C=NN1C(=O)/C=C/c1cc(Cc2cnc(N)nc2N)cc(OC)c1OC,4.6020599913279625,,1,CHEMBL562228,RnDHFR (R. norvegicus),False,0,O=C(/C=C/c1cccc(Cc2cncnc2)c1)N1Cc2ccccc2C=N1,train
CCCCCC1=Nc2c(O)nc(N)nc2OC1,4.958607314841775,,1,CHEMBL3228465,HsDHFR (H. sapiens),False,0,C1=Nc2cncnc2OC1,train
CCCCCCC1(C)N=C(N)N=C(N)N1c1ccc(Cl)cc1,6.019996628416253,1.3258939516900372,11,CHEMBL161673,"PfDHFR-TS K1 (P. falciparum, resistant)",True,1,C1=NC=NCN1c1ccccc1,external
CCCCCCC1(C)N=C(N)N=C(N)N1c1cccc(Cl)c1,7.1087636879168565,1.0162201042904087,10,CHEMBL161009,"PfDHFR-TS K1 (P. falciparum, resistant)",True,1,C1=NC=NCN1c1ccccc1,external
CCCCCCCC1N=C(N)N=C(N)N1c1cccc(Cl)c1,8.397940008672037,1.2854654251029012,11,CHEMBL346963,"PfDHFR-TS K1 (P. falciparum, resistant)",True,1,C1=NC=NCN1c1ccccc1,external
CCCCCCCCCCCCCCOc1cccc(N2C(N)=NC(N)=NC2(C)C)c1,6.499996931948306,,1,CHEMBL414610,GgDHFR (G. gallus),False,1,C1=NC=NCN1c1ccccc1,external
CCCCCCCCCCCCCOc1cccc(N2C(N)=NC(N)=NC2(C)C)c1,6.480001470881152,,1,CHEMBL30884,GgDHFR (G. gallus),False,1,C1=NC=NCN1c1ccccc1,external
CCCCCCCCCCCCOc1c(CC)cc(Cc2cnc(N)nc2N)cc1CC,5.324875990832918,1.5995546852469131,2,CHEMBL120368,"PbDHFR-TS (P. berghei, rodent malaria); RnDHFR (R. norvegicus)",False,0,c1ccc(Cc2cncnc2)cc1,external
CCCCCCCCCCCCOc1ccc(N2C(N)=NC(N)=NC2(C)C)cc1,6.499996931948306,,1,CHEMBL32304,GgDHFR (G. gallus),False,1,C1=NC=NCN1c1ccccc1,external
CCCCCCCCCCCCOc1cccc(N2C(N)=NC(N)=NC2(C)C)c1,6.379999357699932,,1,CHEMBL287235,GgDHFR (G. gallus),False,1,C1=NC=NCN1c1ccccc1,external
CCCCCCCCCCCCc1cccc(N2C(N)=NC(N)=NC2(C)C)c1,6.449996207371391,0.09899049412876823,2,CHEMBL21254,GgDHFR (G. gallus); HsDHFR (H. sapiens),False,1,C1=NC=NCN1c1ccccc1,external
CCCCCCCCCCCOc1ccc(N2C(N)=NC(N)=NC2(C)C)cc1,6.030002001401658,,1,CHEMBL34794,GgDHFR (G. gallus),False,1,C1=NC=NCN1c1ccccc1,external
CCCCCCCCCCCOc1cccc(N2C(N)=NC(N)=NC2(C)C)c1,6.560004526046192,,1,CHEMBL280726,GgDHFR (G. gallus),False,1,C1=NC=NCN1c1ccccc1,external
CCCCCCCCCCOc1cccc(Cc2cnc(N)nc2N)c1,5.8892928810788305,0.8053686524489342,4,CHEMBL334695,HsDHFR (H. sapiens),False,0,c1ccc(Cc2cncnc2)cc1,external
CCCCCCCCCOc1ccc(N2C(N)=NC(N)=NC2(C)C)cc1Cl,6.459996055149974,,1,CHEMBL33739,GgDHFR (G. gallus),False,1,C1=NC=NCN1c1ccccc1,external
CCCCCCCCCOc1ccc(OC)c(Cc2cnc(N)nc2N)c1,4.280175785218264,0.30359521669640993,2,CHEMBL420384,"RnDHFR (R. norvegicus); TgDHFR-TS (T. gondii, apicomplexan)",False,0,c1ccc(Cc2cncnc2)cc1,external
CCCCCCCCCOc1cccc(Cc2cnc(N)nc2N)c1,6.224031152317581,0.6788092293858952,4,CHEMBL137641,HsDHFR (H. sapiens),False,1,c1ccc(Cc2cncnc2)cc1,external
CCCCCCCCCOc1cccc(N2C(N)=NC(N)=NC2(C)C)c1,6.549997369826814,,1,CHEMBL20129,GgDHFR (G. gallus),False,1,C1=NC=NCN1c1ccccc1,external
CCCCCCCCCc1ccc(N2C(N)=NC(N)=NC2(C)C)cc1,6.40999458034867,,1,CHEMBL33014,GgDHFR (G. gallus),False,1,C1=NC=NCN1c1ccccc1,external
CCCCCCCCCc1cccc(N2C(N)=NC(N)=NC2(C)C)c1,6.59499686989229,0.09191753472081333,2,CHEMBL20587,GgDHFR (G. gallus); HsDHFR (H. sapiens),False,1,C1=NC=NCN1c1ccccc1,external
CCCCCCCCN(Cc1cnc2nc(N)nc(N)c2n1)c1ccc(C(=O)NC(CCC(=O)O)C(=O)O)cc1,7.756961951313706,,1,CHEMBL171757,MmDHFR (M. musculus),False,1,c1ccc(NCc2cnc3ncncc3n2)cc1,external
CCCCCCCCOc1c(OC)cc(Cc2cnc(N)nc2N)cc1OC,4.769999911123512,,1,CHEMBL56282,GgDHFR (G. gallus),False,0,c1ccc(Cc2cncnc2)cc1,external
CCCCCCCCOc1cc(Cc2cnc(N)nc2N)ccc1OC,4.709999910852971,,1,CHEMBL57160,GgDHFR (G. gallus),False,0,c1ccc(Cc2cncnc2)cc1,external
CCCCCCCCOc1ccc(OC)c(Cc2cnc(N)nc2N)c1,4.673393743112328,0.21286035127455813,2,CHEMBL78648,"RnDHFR (R. norvegicus); TgDHFR-TS (T. gondii, apicomplexan)",False,0,c1ccc(Cc2cncnc2)cc1,external
CCCCCCCCOc1cccc(Cc2cnc(N)nc2N)c1,5.94692155651658,1.038819632826772,5,CHEMBL31235,GgDHFR (G. gallus); HsDHFR (H. sapiens),False,0,c1ccc(Cc2cncnc2)cc1,external
CCCCCCCCc1ccc(N2C(N)=NC(N)=NC2(C)C)cc1,6.009998764965339,,1,CHEMBL176987,HsDHFR (H. sapiens),False,1,C1=NC=NCN1c1ccccc1,external
CCCCCCCOc1cc(Cc2cnc(N)nc2N)ccc1OC,6.75954114096062,0.9794360294922124,4,CHEMBL324775,"PfDHFR-TS K1 (P. falciparum, resistant)",True,1,c1ccc(Cc2cncnc2)cc1,external
CCCCCCCOc1ccc(Cc2cnc(N)nc2N)cc1,5.860120913598763,1.141609517789983,5,CHEMBL30937,"GgDHFR (G. gallus); PfDHFR-TS K1 (P. falciparum, resistant)",True,0,c1ccc(Cc2cncnc2)cc1,external
CCCCCCCOc1ccc(OC)c(Cc2cnc(N)nc2N)c1,5.129818655252878,0.24212939964145905,2,CHEMBL287481,"RnDHFR (R. norvegicus); TgDHFR-TS (T. gondii, apicomplexan)",False,0,c1ccc(Cc2cncnc2)cc1,external
CCCCCCCOc1cccc(Cc2c(C)nc(N)nc2N)c1,6.2158991379665025,0.5791946620328199,4,CHEMBL138230,HsDHFR (H. sapiens),False,1,c1ccc(Cc2cncnc2)cc1,external
CCCCCCCOc1cccc(Cc2c(N)nc(N)nc2CC)c1,6.858349385648225,0.74525467245665,4,CHEMBL135935,HsDHFR (H. sapiens),False,1,c1ccc(Cc2cncnc2)cc1,external
CCCCCCCOc1cccc(Cc2cnc(N)nc2N)c1,6.207608310501746,0.8212197762781793,5,CHEMBL285209,GgDHFR (G. gallus); HsDHFR (H. sapiens),False,1,c1ccc(Cc2cncnc2)cc1,external
CCCCCCOc1c(OC)cc(Cc2cnc(N)nc2N)cc1OC,3.6989700043360187,,1,CHEMBL369211,RnDHFR (R. norvegicus),False,0,c1ccc(Cc2cncnc2)cc1,external
CCCCCCOc1ccc(Cc2cnc(N)nc2N)cc1,4.709999910852971,,1,CHEMBL31912,GgDHFR (G. gallus),False,0,c1ccc(Cc2cncnc2)cc1,external
CCCCCCOc1ccc(N2C(N)=NC(N)=NC2(C)C)cc1,6.459996055149974,,1,CHEMBL33677,GgDHFR (G. gallus),False,1,C1=NC=NCN1c1ccccc1,external
CCCCCCOc1ccc(OC)c(Cc2cnc(N)nc2N)c1,4.7869070873777435,0.3525706327668905,2,CHEMBL284851,"RnDHFR (R. norvegicus); TgDHFR-TS (T. gondii, apicomplexan)",False,0,c1ccc(Cc2cncnc2)cc1,external
CCCCCCOc1cccc(Cc2cnc(N)nc2N)c1,6.221848749616356,0.9640986193606905,5,CHEMBL31547,GgDHFR (G. gallus); HsDHFR (H. sapiens),False,1,c1ccc(Cc2cncnc2)cc1,external
CCCCCCOc1cccc(N2C(N)=NC(N)=NC2(C)C)c1,6.299997602857746,,1,CHEMBL21032,GgDHFR (G. gallus),False,1,C1=NC=NCN1c1ccccc1,external
CCCCCCOc1ccccc1Cc1cnc(N)nc1N,5.100000128334196,,1,CHEMBL132703,GgDHFR (G. gallus),False,0,c1ccc(Cc2cncnc2)cc1,external
CCCCCCc1ccc(Sc2cccc3nc(N)nc(N)c23)cc1,6.259637310505756,,1,CHEMBL121595,HsDHFR (H. sapiens),False,1,c1ccc(Sc2cccc3ncncc23)cc1,train
CCCCCCc1cccc(N2C(N)=NC(N)=NC2(C)C)c1,7.119987161633228,,1,CHEMBL32063,GgDHFR (G. gallus),False,1,C1=NC=NCN1c1ccccc1,external
CCCCCCc1nc(N)nc(N)c1-c1ccccc1,8.426935982160881,1.8327617707992019,14,CHEMBL416552,"HsDHFR (H. sapiens); PfDHFR-TS K1 (P. falciparum, resistant)",True,1,c1ccc(-c2cncnc2)cc1,train
CCCCCNC(=O)CCC(NC(=O)c1ccc(N(C)Cc2cnc3nc(N)nc(N)c3n2)cc1)C(=O)O,11.455931955649724,,1,CHEMBL55775,MmDHFR (M. musculus),False,1,c1ccc(NCc2cnc3ncncc3n2)cc1,external
CCCCCOc1c(OC)cc(Cc2cnc(N)nc2N)cc1OC,3.568636235841013,,1,CHEMBL174309,RnDHFR (R. norvegicus),False,0,c1ccc(Cc2cncnc2)cc1,external
CCCCCOc1cc(Cc2cnc(N)nc2N)ccc1OC,6.734422184721131,1.046919272710936,4,CHEMBL119669,"PfDHFR-TS K1 (P. falciparum, resistant)",True,1,c1ccc(Cc2cncnc2)cc1,external
CCCCCOc1ccc(Cc2cnc(N)nc2N)cc1,6.565169006872158,0.9069302682265982,4,CHEMBL118870,"PfDHFR-TS K1 (P. falciparum, resistant)",True,1,c1ccc(Cc2cncnc2)cc1,external
CCCCCOc1ccc(Cc2cnc(N)nc2N)cc1OCC,6.688276006817484,1.3390910245172105,4,CHEMBL119189,"PfDHFR-TS K1 (P. falciparum, resistant)",True,1,c1ccc(Cc2cncnc2)cc1,external
CCCCCOc1ccc(OC)c(Cc2cnc(N)nc2N)c1,4.771816983435478,0.587279985103283,2,CHEMBL79890,"RnDHFR (R. norvegicus); TgDHFR-TS (T. gondii, apicomplexan)",False,0,c1ccc(Cc2cncnc2)cc1,external
CCCCCOc1cccc(Cc2cnc(N)nc2N)c1,6.765826334793921,0.9122691174654869,4,CHEMBL137305,HsDHFR (H. sapiens),False,1,c1ccc(Cc2cncnc2)cc1,external
CCCCCOc1cccc(N2C(N)=NC(N)=NC2(C)C)c1,6.279997898282849,,1,CHEMBL285890,GgDHFR (G. gallus),False,1,C1=NC=NCN1c1ccccc1,external
CCCCCc1ccc(OCc2cccc(N3C(N)=NC(N)=NC3(C)C)c2)cc1,6.710009933945681,,1,CHEMBL20922,GgDHFR (G. gallus),False,1,C1=NC=NCN1c1cccc(COc2ccccc2)c1,train
CCCCN(Cc1cc(OC)ccc1OC)c1ccc2nc(N)nc(N)c2c1,8.077202953419988,0.0841092011022117,2,CHEMBL523004,"RnDHFR (R. norvegicus); TgDHFR-TS (T. gondii, apicomplexan)",False,1,c1ccc(CNc2ccc3ncncc3c2)cc1,train
CCCCN(Cc1ccc2ccccc2c1)c1ccc2nc(N)nc(N)c2c1,7.698970004336019,0.1370514547257462,2,CHEMBL455012,"RnDHFR (R. norvegicus); TgDHFR-TS (T. gondii, apicomplexan)",False,1,c1ccc2cc(CNc3ccc4ncncc4c3)ccc2c1,train
CCCCN(c1ccccc1)c1ccc2nc(N)nc(C)c2n1,7.180456064458131,,1,CHEMBL6051920,HsDHFR (H. sapiens),False,1,c1ccc(Nc2ccc3ncncc3n2)cc1,train
CCCCN(c1ccccc1)c1ccc2nc(N)nc(N)c2n1,6.044312249686494,,1,CHEMBL4440383,HsDHFR (H. sapiens),False,1,c1ccc(Nc2ccc3ncncc3n2)cc1,train
CCCCNc1ccc(-c2c(N)nc(N)nc2CC)cc1[N+](=O)[O-],6.769551078621726,,1,CHEMBL79243,RnDHFR (R. norvegicus),False,1,c1ccc(-c2cncnc2)cc1,train
CCCCOCc1cccc(Cc2cnc(N)nc2N)c1,5.169999984192582,,1,CHEMBL281760,GgDHFR (G. gallus),False,0,c1ccc(Cc2cncnc2)cc1,external
CCCCOc1c(CCC)cc(Cc2cnc(N)nc2N)cc1CCC,6.530240373690691,2.4131173369361467,2,CHEMBL440334,"PbDHFR-TS (P. berghei, rodent malaria); RnDHFR (R. norvegicus)",False,1,c1ccc(Cc2cncnc2)cc1,external
CCCCOc1c(OC)cc(Cc2cnc(N)nc2N)cc1OC,3.236572006437063,,1,CHEMBL173901,RnDHFR (R. norvegicus),False,0,c1ccc(Cc2cncnc2)cc1,external
CCCCOc1cc(Cc2cnc(N)nc2N)ccc1OC,6.41223484518813,1.208239495078388,4,CHEMBL118581,"PfDHFR-TS K1 (P. falciparum, resistant)",True,1,c1ccc(Cc2cncnc2)cc1,external
CCCCOc1cc(Cc2cnc(N)nc2N)ccc1OCc1cc(OC)c(OC)c(OC)c1,7.154901959985743,1.5517212883263454,15,CHEMBL416373,"PfDHFR-TS K1 (P. falciparum, resistant)",True,1,c1ccc(COc2ccc(Cc3cncnc3)cc2)cc1,train
CCCCOc1ccc(Cc2cnc(N)nc2N)cc1,4.6700000181810175,,1,CHEMBL32793,GgDHFR (G. gallus),False,0,c1ccc(Cc2cncnc2)cc1,external
CCCCOc1cccc(Cc2cnc(N)nc2N)c1,6.657577319177793,1.191007958280772,5,CHEMBL31946,GgDHFR (G. gallus); HsDHFR (H. sapiens),False,1,c1ccc(Cc2cncnc2)cc1,external
CCCCOc1cccc(N2C(N)=NC(N)=NC2(C)C)c1,6.199998172182031,,1,CHEMBL7435,GgDHFR (G. gallus),False,1,C1=NC=NCN1c1ccccc1,external
CCCCOc1ccccc1Cc1cnc(N)nc1N,5.059999795537068,,1,CHEMBL135777,GgDHFR (G. gallus),False,0,c1ccc(Cc2cncnc2)cc1,external
CCCCc1cc2c3c(N)nc(N)nc3ccc2n1C(C)(C)C,7.522878745280337,,1,CHEMBL171629,HsDHFR (H. sapiens),False,1,c1ncc2c(ccc3[nH]ccc32)n1,train
CCCCc1ccc(N2C(N)=NC(N)=NC2(C)C)cc1,7.3799681048737025,,1,CHEMBL6962,GgDHFR (G. gallus),False,1,C1=NC=NCN1c1ccccc1,external
CCCCn1c(Sc2cccc(OC)c2)c(C)c2c(N)nc(N)nc21,5.94692155651658,,1,CHEMBL4228488,HsDHFR (H. sapiens),False,0,c1ccc(Sc2cc3cncnc3[nH]2)cc1,train
CCCN(C)/N=N/c1cc(-c2c(N)nc(N)nc2CC)ccc1Cl.CS(=O)(=O)O,6.050609993355087,,1,CHEMBL293822,RnDHFR (R. norvegicus),False,1,c1ccc(-c2cncnc2)cc1,train
CCCN(CCO)/N=N/c1cc(-c2c(N)nc(N)nc2CC)ccc1Cl,6.356547323513812,,1,CHEMBL55584,RnDHFR (R. norvegicus),False,1,c1ccc(-c2cncnc2)cc1,train
CCCN(Cc1cc(OC)ccc1OC)c1ccc2nc(N)nc(N)c2c1,8.149000262555182,0.1792146125814025,2,CHEMBL492895,"RnDHFR (R. norvegicus); TgDHFR-TS (T. gondii, apicomplexan)",False,1,c1ccc(CNc2ccc3ncncc3c2)cc1,train
CCCN(Cc1ccc2ccccc2c1)c1ccc2nc(N)nc(N)c2c1,7.7453987388344485,0.03415656649021098,2,CHEMBL492896,"RnDHFR (R. norvegicus); TgDHFR-TS (T. gondii, apicomplexan)",False,1,c1ccc2cc(CNc3ccc4ncncc4c3)ccc2c1,train
CCCN(Cc1ccc2nc(N)nc(N)c2c1)c1ccc(OC)c(OCCCCC(=O)OC)c1,6.299693018652258,0.6026658821868036,2,CHEMBL1164234,HsDHFR (H. sapiens),False,1,c1ccc(NCc2ccc3ncncc3c2)cc1,train
CCCN(Cc1cnc2nc(N)nc(N)c2n1)c1ccc(C(=O)NC(CCC(=O)O)C(=O)O)cc1,11.522878745280337,,1,CHEMBL354055,MmDHFR (M. musculus),False,1,c1ccc(NCc2cnc3ncncc3n2)cc1,external
CCCN(c1ccccc1)c1ccc2nc(N)nc(C)c2n1,6.910094888560602,,1,CHEMBL5959332,HsDHFR (H. sapiens),False,1,c1ccc(Nc2ccc3ncncc3n2)cc1,train
CCCN(c1ccccc1)c1ccc2nc(N)nc(N)c2n1,5.8735438865681955,,1,CHEMBL4588482,HsDHFR (H. sapiens),False,0,c1ccc(Nc2ccc3ncncc3n2)cc1,train
CCCOC(=O)C1CCN(C(=O)c2ccc(N(C)Cc3cnc4nc(N)nc(N)c4n3)cc2)CC1,5.045757490560675,,1,CHEMBL5205559,HsDHFR (H. sapiens),False,0,O=C(c1ccc(NCc2cnc3ncncc3n2)cc1)N1CCCCC1,train
CCCOc1c(OC)cc(Cc2cnc(N)nc2N)cc1OC,3.6020599913279625,,1,CHEMBL170369,RnDHFR (R. norvegicus),False,0,c1ccc(Cc2cncnc2)cc1,external
CCCOc1cc(Cc2c(N)nc(N)nc2CC)ccc1OCc1cc(OC)c(OC)c(OC)c1,7.062193332535214,1.0984331333227495,4,CHEMBL119086,"PfDHFR-TS K1 (P. falciparum, resistant)",True,1,c1ccc(COc2ccc(Cc3cncnc3)cc2)cc1,train
CCCOc1cc(Cc2cnc(N)nc2N)cc(OC)c1OC,4.024568191490737,,1,CHEMBL60069,RnDHFR (R. norvegicus),False,0,c1ccc(Cc2cncnc2)cc1,external
CCCOc1cc(Cc2cnc(N)nc2N)cc(OCC)c1,4.360000032076103,,1,CHEMBL57034,GgDHFR (G. gallus),False,0,c1ccc(Cc2cncnc2)cc1,external
CCCOc1cc(Cc2cnc(N)nc2N)cc(OCCC)c1,4.130000024196025,,1,CHEMBL56468,GgDHFR (G. gallus),False,0,c1ccc(Cc2cncnc2)cc1,external
CCCOc1cc(Cc2cnc(N)nc2N)ccc1OC,7.061797541733428,1.1363110417836473,4,CHEMBL419231,"PfDHFR-TS K1 (P. falciparum, resistant)",True,1,c1ccc(Cc2cncnc2)cc1,external
CCCOc1cc(Cc2cnc(N)nc2N)ccc1OCc1cc(OC)c(OC)c(OC)c1,7.221848749616356,1.5042215277944582,15,CHEMBL22139,"PfDHFR-TS K1 (P. falciparum, resistant)",True,1,c1ccc(COc2ccc(Cc3cncnc3)cc2)cc1,train
CCCOc1ccc(C2N=C(N)N=C(N)N2c2cccc(Cl)c2)cc1,8.031517051446064,1.4024331513577792,11,CHEMBL346982,"PfDHFR-TS K1 (P. falciparum, resistant)",True,1,C1=NC=NC(c2ccccc2)N1c1ccccc1,train
CCCOc1ccc(Cc2cnc(N)nc2N)cc1,6.5598791120522595,0.9399752829721476,8,CHEMBL326989,"HsDHFR (H. sapiens); PfDHFR-TS K1 (P. falciparum, resistant)",True,1,c1ccc(Cc2cncnc2)cc1,external
CCCOc1ccc(N2C(N)=NC(N)=NC2(C)C)cc1,5.899998417198648,,1,CHEMBL34680,GgDHFR (G. gallus),False,0,C1=NC=NCN1c1ccccc1,external
CCCOc1ccc(NCc2cnc3nc(N)nc(N)c3c2C)cc1OC,7.823908740944319,,1,CHEMBL151947,HsDHFR (H. sapiens),False,1,c1ccc(NCc2cnc3ncncc3c2)cc1,train
CCCOc1ccc(OCCC)c(NCc2cnc3nc(N)nc(N)c3c2C)c1,5.136677139879544,,1,CHEMBL151312,HsDHFR (H. sapiens),False,0,c1ccc(NCc2cnc3ncncc3c2)cc1,train
CCCOc1cccc(Cc2cnc(N)nc2N)c1,6.589243235797613,1.0004686229441047,4,CHEMBL343127,HsDHFR (H. sapiens),False,1,c1ccc(Cc2cncnc2)cc1,external
CCCOc1cccc(N2C(N)=NC(N)=NC2(C)C)c1,5.920001601921648,,1,CHEMBL34396,GgDHFR (G. gallus),False,0,C1=NC=NCN1c1ccccc1,external
CCC[C@H]1c2ccccc2C=NN1C(=O)/C=C/c1cc(Cc2cnc(N)nc2N)cc(OC)c1OC,3.9586073148417746,,1,CHEMBL1235617,HsDHFR (H. sapiens),False,0,O=C(/C=C/c1cccc(Cc2cncnc2)c1)N1Cc2ccccc2C=N1,train
CCCc1c(Sc2c(C)cccc2C)[nH]c2nc(N)nc(N)c12,5.568636235841012,0.06471086373106612,2,CHEMBL477789,HsDHFR (H. sapiens); RnDHFR (R. norvegicus),False,0,c1ccc(Sc2cc3cncnc3[nH]2)cc1,train
CCCc1c(Sc2c(Cl)cccc2Cl)[nH]c2nc(N)nc(N)c12,5.405254843150316,0.254235730248836,2,CHEMBL514219,HsDHFR (H. sapiens); RnDHFR (R. norvegicus),False,0,c1ccc(Sc2cc3cncnc3[nH]2)cc1,train
CCCc1c(Sc2cc(OC)ccc2OC)[nH]c2nc(N)nc(N)c12,5.050609993355087,0.6564655169961005,3,CHEMBL476744,"HsDHFR (H. sapiens); RnDHFR (R. norvegicus); TgDHFR-TS (T. gondii, apicomplexan)",False,0,c1ccc(Sc2cc3cncnc3[nH]2)cc1,train
CCCc1c(Sc2ccc(C(=O)N[C@@H](CCC(=O)O)C(=O)O)cc2)[nH]c2nc(N)nc(N)c12,7.221848749616356,,1,CHEMBL476548,RnDHFR (R. norvegicus),False,1,c1ccc(Sc2cc3cncnc3[nH]2)cc1,train
CCCc1c(Sc2ccc(OC)c(OC)c2)[nH]c2nc(N)nc(N)c12,5.731090452463363,0.38029552917792486,2,CHEMBL476745,"RnDHFR (R. norvegicus); TgDHFR-TS (T. gondii, apicomplexan)",False,0,c1ccc(Sc2cc3cncnc3[nH]2)cc1,train
CCCc1c(Sc2ccc(OC)cc2)[nH]c2nc(N)nc(N)c12,6.270681075487175,0.5198523027574451,2,CHEMBL477790,"RnDHFR (R. norvegicus); TgDHFR-TS (T. gondii, apicomplexan)",False,1,c1ccc(Sc2cc3cncnc3[nH]2)cc1,train
CCCc1c(Sc2ccc3ccccc3c2)[nH]c2nc(N)nc(N)c12,6.122062572163754,0.9925603705890705,2,CHEMBL478213,"RnDHFR (R. norvegicus); TgDHFR-TS (T. gondii, apicomplexan)",False,1,c1ccc2cc(Sc3cc4cncnc4[nH]3)ccc2c1,train
CCCc1c(Sc2cccc3ccccc23)[nH]c2nc(N)nc(N)c12,6.211829324897104,1.4492049981763842,2,CHEMBL515312,"RnDHFR (R. norvegicus); TgDHFR-TS (T. gondii, apicomplexan)",False,1,c1ccc2c(Sc3cc4cncnc4[nH]3)cccc2c1,train
CCCc1c(Sc2ccccc2)[nH]c2nc(N)nc(N)c12,5.903089986991944,1.225226071600647,3,CHEMBL516891,"HsDHFR (H. sapiens); RnDHFR (R. norvegicus); TgDHFR-TS (T. gondii, apicomplexan)",False,0,c1ccc(Sc2cc3cncnc3[nH]2)cc1,train
CCCc1cc(Cc2cnc(N)nc2N)cc(CC)c1O,7.309803919971486,1.304532006070668,3,CHEMBL25888,"HsDHFR (H. sapiens); PbDHFR-TS (P. berghei, rodent malaria); RnDHFR (R. norvegicus)",False,1,c1ccc(Cc2cncnc2)cc1,external
CCCc1cc(Cc2cnc(N)nc2N)cc(CC)c1OC,4.522878745280337,1.753374290226396,5,CHEMBL279455,"HsDHFR (H. sapiens); PbDHFR-TS (P. berghei, rodent malaria); RnDHFR (R. norvegicus)",False,0,c1ccc(Cc2cncnc2)cc1,external
CCCc1cc(Cc2cnc(N)nc2N)cc(CCC)c1O,5.698970004336019,1.4694460052034461,3,CHEMBL23746,"PbDHFR-TS (P. berghei, rodent malaria); RnDHFR (R. norvegicus)",False,0,c1ccc(Cc2cncnc2)cc1,external
CCCc1cc(Cc2cnc(N)nc2N)cc(CCC)c1OC,4.6777807052660805,1.7442844550908456,3,CHEMBL26337,"PbDHFR-TS (P. berghei, rodent malaria); RnDHFR (R. norvegicus)",False,0,c1ccc(Cc2cncnc2)cc1,external
CCCc1cc(Cc2cnc(N)nc2N)cc(OC)c1OC,5.802861736616089,1.9389765409722082,2,CHEMBL278345,HsDHFR (H. sapiens); RnDHFR (R. norvegicus),False,0,c1ccc(Cc2cncnc2)cc1,external
CCCc1cc(Cc2cnc(N)nc2N)cc2c1OC(C)(C)C2,6.619788758288394,1.1948954440680273,3,CHEMBL301629,"HsDHFR (H. sapiens); PbDHFR-TS (P. berghei, rodent malaria); RnDHFR (R. norvegicus)",False,1,c1ncc(Cc2ccc3c(c2)CCO3)cn1,train
CCCc1cc(Cc2cnc(N)nc2N)cc2c1OC(C)C2,7.031517051446065,1.1005655504370697,3,CHEMBL61356,"HsDHFR (H. sapiens); PbDHFR-TS (P. berghei, rodent malaria); RnDHFR (R. norvegicus)",False,1,c1ncc(Cc2ccc3c(c2)CCO3)cn1,train
CCCc1cc(Cc2cnc(N)nc2N)cc2c1OC(C)C2C,7.853871964321762,1.2688660119437372,3,CHEMBL61857,"HsDHFR (H. sapiens); PbDHFR-TS (P. berghei, rodent malaria); RnDHFR (R. norvegicus)",False,1,c1ncc(Cc2ccc3c(c2)CCO3)cn1,train
CCCc1cc2c3c(N)nc(N)nc3ccc2n1C(CC)CC,9.397940008672037,,1,CHEMBL171494,HsDHFR (H. sapiens),False,1,c1ncc2c(ccc3[nH]ccc32)n1,train
CCCc1cc2c3c(N)nc(N)nc3ccc2n1CC,7.619788758288394,,1,CHEMBL353763,HsDHFR (H. sapiens),False,1,c1ncc2c(ccc3[nH]ccc32)n1,train
CCCc1nc(N)nc(N)c1C#CCc1cc(OC)ccc1OC,5.928117992693874,0.0,2,CHEMBL485962,HsDHFR (H. sapiens),False,0,C(#Cc1cncnc1)Cc1ccccc1,train
CCCc1nc(N)nc(N)c1Cc1cc(OC)c(O)c(OC)c1,5.823908740944319,,1,CHEMBL149353,"PbDHFR-TS (P. berghei, rodent malaria)",False,0,c1ccc(Cc2cncnc2)cc1,external
CCCc1nc(N)nc(N)c1N1CCC(c2ccccc2)CC1,5.609948503541013,,1,CHEMBL5803160,HsDHFR (H. sapiens),False,0,c1ccc(C2CCN(c3cncnc3)CC2)cc1,train
CCCc1nc(N)nc(N)c1N1CCN(c2ccc(F)cc2)CC1,5.0,,1,CHEMBL5747929,HsDHFR (H. sapiens),False,0,c1ccc(N2CCN(c3cncnc3)CC2)cc1,train
CCCc1nc(N)nc(N)c1N1CCN(c2ccc(OC)cn2)CC1,5.540004743952609,,1,CHEMBL5796711,HsDHFR (H. sapiens),False,0,c1ccc(N2CCN(c3cncnc3)CC2)nc1,train
CCCc1nc(N)nc(N)c1N1CCN(c2ccccc2)CC1,5.0400051616715835,1.6493962601913377,3,CHEMBL5822647,"HsDHFR (H. sapiens); PfDHFR-TS K1 (P. falciparum, resistant)",True,0,c1ccc(N2CCN(c3cncnc3)CC2)cc1,train
CCCc1nc(N)nc(N)c1N1CCN(c2ccccn2)CC1,5.169989064063882,,1,CHEMBL5856822,HsDHFR (H. sapiens),False,0,c1ccc(N2CCN(c3cncnc3)CC2)nc1,train
CCCc1nc(N)nc(N)c1N1CCN(c2ncc(C)cn2)CC1,5.090016305060156,,1,CHEMBL6013215,HsDHFR (H. sapiens),False,0,c1cnc(N2CCN(c3cncnc3)CC2)nc1,train
CCCn1c(Sc2cccc(OC)c2)c(C)c2c(N)nc(N)nc21,5.689094370623859,,1,CHEMBL4228228,HsDHFR (H. sapiens),False,0,c1ccc(Sc2cc3cncnc3[nH]2)cc1,train
CCN(CC)c1ccc(Sc2cccc3nc(N)nc(N)c23)cc1,5.366531544420413,,1,CHEMBL333976,HsDHFR (H. sapiens),False,0,c1ccc(Sc2cccc3ncncc23)cc1,train
CCN(CC)c1ncc2nc(NC(=O)c3ccc(Cl)c([N+](=O)[O-])c3)sc2n1,3.1199999971541503,,1,CHEMBL5418602,HsDHFR (H. sapiens),False,0,O=C(Nc1nc2cncnc2s1)c1ccccc1,train
CCN(CC1CCc2nc(N)nc(N)c2C1)c1cc(OC)ccc1OC,7.459146364951325,0.34013588458101623,6,CHEMBL121683,"RnDHFR (R. norvegicus); TgDHFR-TS (T. gondii, apicomplexan)",False,1,c1ccc(NCC2CCc3ncncc3C2)cc1,train
CCN(Cc1cc(Cl)cc(Cl)c1Cl)c1ccc2nc(N)nc(N)c2c1,7.721246399047171,0.0,2,CHEMBL522543,"RnDHFR (R. norvegicus); TgDHFR-TS (T. gondii, apicomplexan)",False,1,c1ccc(CNc2ccc3ncncc3c2)cc1,train
CCN(Cc1cc(OC)ccc1OC)c1ccc2nc(N)nc(N)c2c1,8.375278519278709,0.07993100640253284,2,CHEMBL521672,"RnDHFR (R. norvegicus); TgDHFR-TS (T. gondii, apicomplexan)",False,1,c1ccc(CNc2ccc3ncncc3c2)cc1,train
CCN(Cc1ccc2ccccc2c1)c1ccc2nc(N)nc(N)c2c1,7.8797253758587,0.05811481262380011,2,CHEMBL522678,"RnDHFR (R. norvegicus); TgDHFR-TS (T. gondii, apicomplexan)",False,1,c1ccc2cc(CNc3ccc4ncncc4c3)ccc2c1,train
CCN(Cc1ccc2nc(N)nc(O)c2c1)c1ccc(C(=O)NC(CCC(=O)O)C(=O)O)cc1,8.411168274405792,,1,CHEMBL22632,RnDHFR (R. norvegicus),False,1,c1ccc(NCc2ccc3ncncc3c2)cc1,train
CCN(Cc1ccc2ncnc(O)c2c1)c1ccc(C(=O)NC(CCC(=O)O)C(=O)O)cc1,7.2380721615794705,,1,CHEMBL170846,RnDHFR (R. norvegicus),False,1,c1ccc(NCc2ccc3ncncc3c2)cc1,train
CCN(Cc1cccc2ccccc12)c1ccc2nc(N)nc(N)c2c1,8.147496020333332,0.05598959602307623,2,CHEMBL493718,"RnDHFR (R. norvegicus); TgDHFR-TS (T. gondii, apicomplexan)",False,1,c1ccc2c(CNc3ccc4ncncc4c3)cccc2c1,train
CCN(Cc1ccccc1)c1ccc2nc(N)nc(N)c2c1,8.415456821256488,0.03993834980458634,2,CHEMBL493717,"RnDHFR (R. norvegicus); TgDHFR-TS (T. gondii, apicomplexan)",False,1,c1ccc(CNc2ccc3ncncc3c2)cc1,train
CCN(Cc1cnc2nc(N)nc(N)c2c1)c1cc(OC)c(OC)c(OC)c1,7.1153113369619305,0.2130625576781789,6,CHEMBL356490,"RnDHFR (R. norvegicus); TgDHFR-TS (T. gondii, apicomplexan)",False,1,c1ccc(NCc2cnc3ncncc3c2)cc1,train
CCN(Cc1cnc2nc(N)nc(N)c2c1C)c1cc(OC)c(OC)c(OC)c1,8.273723468385537,0.3230607504632784,6,CHEMBL52433,"RnDHFR (R. norvegicus); TgDHFR-TS (T. gondii, apicomplexan)",False,1,c1ccc(NCc2cnc3ncncc3c2)cc1,train
CCN(Cc1cnc2nc(N)nc(N)c2c1C)c1ccc(C(=O)NC(CCC(=O)O)C(=O)O)cc1,11.578396073130168,,1,CHEMBL11610,MmDHFR (M. musculus),False,1,c1ccc(NCc2cnc3ncncc3c2)cc1,train
CCN(Cc1cnc2nc(N)nc(N)c2n1)c1ccc(C(=O)N2CCC(C(=O)OC)CC2)cc1,5.366531544420413,,1,CHEMBL5180552,HsDHFR (H. sapiens),False,0,O=C(c1ccc(NCc2cnc3ncncc3n2)cc1)N1CCCCC1,train
CCN(Cc1cnc2nc(N)nc(N)c2n1)c1ccc(C(=O)c2ccccc2)cc1,5.468521082957745,,1,CHEMBL5201183,HsDHFR (H. sapiens),False,0,O=C(c1ccccc1)c1ccc(NCc2cnc3ncncc3n2)cc1,train
CCN(Cc1nc2cc(C(F)(F)F)ccc2nc1-c1ccccc1)c1cc(OC)c(OC)c(OC)c1,5.221848749616356,,1,CHEMBL3121444,HsDHFR (H. sapiens),False,0,c1ccc(NCc2nc3ccccc3nc2-c2ccccc2)cc1,train
CCN(Cc1nc2cc(C(F)(F)F)ccc2nc1-c1ccccc1)c1ccc(C)cc1,5.3979400086720375,,1,CHEMBL3121467,HsDHFR (H. sapiens),False,0,c1ccc(NCc2nc3ccccc3nc2-c2ccccc2)cc1,train
CCN(Cc1nc2cc(C(F)(F)F)ccc2nc1-c1ccccc1)c1ccc(Cl)cc1,5.522878745280337,,1,CHEMBL3121468,HsDHFR (H. sapiens),False,0,c1ccc(NCc2nc3ccccc3nc2-c2ccccc2)cc1,train
CCN(Cc1nc2cc(C(F)(F)F)ccc2nc1-c1ccccc1)c1ccc(F)c(F)c1,5.301029995663981,,1,CHEMBL3121442,HsDHFR (H. sapiens),False,0,c1ccc(NCc2nc3ccccc3nc2-c2ccccc2)cc1,train
CCN(Cc1nc2cc(C(F)(F)F)ccc2nc1-c1ccccc1)c1ccc(F)cc1,5.522878745280337,,1,CHEMBL3121469,HsDHFR (H. sapiens),False,0,c1ccc(NCc2nc3ccccc3nc2-c2ccccc2)cc1,train
CCN(Cc1nc2cc(C(F)(F)F)ccc2nc1-c1ccccc1)c1ccc(OC(F)(F)F)cc1,5.301029995663981,,1,CHEMBL3121471,HsDHFR (H. sapiens),False,0,c1ccc(NCc2nc3ccccc3nc2-c2ccccc2)cc1,train
CCN(Cc1nc2cc(C(F)(F)F)ccc2nc1-c1ccccc1)c1ccc(OC)c(OC)c1,5.3979400086720375,,1,CHEMBL3121443,HsDHFR (H. sapiens),False,0,c1ccc(NCc2nc3ccccc3nc2-c2ccccc2)cc1,train
CCN(Cc1nc2cc(C(F)(F)F)ccc2nc1-c1ccccc1)c1ccc(OC)cc1,5.154901959985743,,1,CHEMBL3121470,HsDHFR (H. sapiens),False,0,c1ccc(NCc2nc3ccccc3nc2-c2ccccc2)cc1,train
CCN(c1ccccc1)c1ccc2nc(N)nc(C)c2n1,6.823908740944319,,1,CHEMBL5930323,HsDHFR (H. sapiens),False,1,c1ccc(Nc2ccc3ncncc3n2)cc1,train
CCN(c1ccccc1)c1ccc2nc(N)nc(N)c2n1,5.803823814960026,,1,CHEMBL4571736,HsDHFR (H. sapiens),False,0,c1ccc(Nc2ccc3ncncc3n2)cc1,train
CCN1CC(CO)Cc2cc(Cc3cnc(N)nc3N)cc(OC)c21,3.356547323513812,,1,CHEMBL57829,RnDHFR (R. norvegicus),False,0,c1ncc(Cc2ccc3c(c2)CCCN3)cn1,train
CCN1CCC(C)c2cc(Cc3cnc(N)nc3N)ccc21,4.42021640338319,,1,CHEMBL56652,RnDHFR (R. norvegicus),False,0,c1ncc(Cc2ccc3c(c2)CCCN3)cn1,train
CCNc1ccc(-c2c(N)nc(N)nc2CC)cc1[N+](=O)[O-],6.795880017344075,,1,CHEMBL81493,RnDHFR (R. norvegicus),False,1,c1ccc(-c2cncnc2)cc1,train
CCOC(=O)C(CNC(=O)N(C)N=O)NC(=O)c1ccc(N(C)Cc2cnc3nc(N)nc(N)c3n2)cc1,8.197226274708024,,1,CHEMBL8070,MmDHFR (M. musculus),False,1,c1ccc(NCc2cnc3ncncc3n2)cc1,external
CCOC(=O)C(CNC(=O)N(CCCl)N=O)NC(=O)c1ccc(N(C)Cc2cnc3nc(N)nc(N)c3n2)cc1,8.489454989793387,,1,CHEMBL8210,MmDHFR (M. musculus),False,1,c1ccc(NCc2cnc3ncncc3n2)cc1,external
CCOC(=O)C1=C(C)N=C(SCC(=O)c2ccc(Cl)c([N+](=O)[O-])c2)NC1c1ccccc1,5.522878745280337,,1,CHEMBL2261693,HsDHFR (H. sapiens),False,0,O=C(CSC1=NC=CC(c2ccccc2)N1)c1ccccc1,train
CCOC(=O)C1=C(C)N=C(SCCC(=O)O)NC1c1ccccc1OC,8.050609993355087,,1,CHEMBL2261434,HsDHFR (H. sapiens),False,1,C1=CC(c2ccccc2)NC=N1,train
CCOC(=O)C1=C(C)NC(=S)NC1/C=C\c1ccccc1,5.537602002101044,,1,CHEMBL2261699,HsDHFR (H. sapiens),False,0,S=C1NC=CC(/C=C\c2ccccc2)N1,train
CCOC(=O)C1=C(C)NC(=S)NC1c1ccccc1,6.236572006437063,,1,CHEMBL455456,HsDHFR (H. sapiens),False,1,S=C1NC=CC(c2ccccc2)N1,train
CCOC(=O)C1=C(C)NC(=S)NC1c1ccccc1OC,5.721246399047171,,1,CHEMBL2261698,HsDHFR (H. sapiens),False,0,S=C1NC=CC(c2ccccc2)N1,train
CCOC(=O)C1=C(C)NC(S/C(=C\c2ccc(OC)cc2)C(=O)OCC)=NC1c1ccccc1,8.0,,1,CHEMBL2261696,HsDHFR (H. sapiens),False,1,C1=CC(c2ccccc2)N=C(S/C=C\c2ccccc2)N1,train
CCOC(=O)C1CCCN1C(=O)c1ccc(NCc2cnc3nc(N)nc(N)c3n2)cc1,4.991399828238082,,1,CHEMBL5182291,HsDHFR (H. sapiens),False,0,O=C(c1ccc(NCc2cnc3ncncc3n2)cc1)N1CCCC1,train
CCOC(=O)C1CCN(C(=O)c2ccc(N(C)Cc3cnc4nc(N)nc(N)c4n3)cc2)CC1,4.920818753952375,,1,CHEMBL5206994,HsDHFR (H. sapiens),False,0,O=C(c1ccc(NCc2cnc3ncncc3n2)cc1)N1CCCCC1,train
CCOC(=O)C1CCN(C(=O)c2ccc(N(CC)Cc3cnc4nc(N)nc(N)c4n3)cc2)CC1,4.886056647693163,,1,CHEMBL5199171,HsDHFR (H. sapiens),False,0,O=C(c1ccc(NCc2cnc3ncncc3n2)cc1)N1CCCCC1,train
CCOC(=O)C1CNc2c(OC)cc(Cc3cnc(N)nc3N)c(OC)c2C1,3.8477116556169433,,1,CHEMBL292621,RnDHFR (R. norvegicus),False,0,c1ncc(Cc2ccc3c(c2)CCCN3)cn1,train
CCOC(=O)C1CNc2c(cc(Cc3cnc(N)nc3N)cc2OC)C1,4.356547323513812,,1,CHEMBL57812,RnDHFR (R. norvegicus),False,0,c1ncc(Cc2ccc3c(c2)CCCN3)cn1,train
CCOC(=O)CCC(NC(=O)c1ccc(CNc2ccc(-c3c(N)nc(N)nc3CC)cc2[N+](=O)[O-])cc1)C(=O)OCC,8.16133342429005,0.017807456163826414,2,CHEMBL102447,"RnDHFR (R. norvegicus); TgDHFR-TS (T. gondii, apicomplexan)",False,1,c1ccc(CNc2ccc(-c3cncnc3)cc2)cc1,train
CCOC(=O)CCCCCN(Cc1cnc2nc(N)nc(N)c2n1)c1ccc(C(=O)NC(CCC(=O)OCC)C(=O)OCC)cc1,6.784201533112004,0.6646001484043019,2,CHEMBL265757,HsDHFR (H. sapiens),False,1,c1ccc(NCc2cnc3ncncc3n2)cc1,external
CCOC(=O)CCCCCOc1ccc(OC)c(Cc2cnc3nc(N)nc(N)c3c2C)c1,7.781918676479622,0.14727333124820904,2,CHEMBL435938,"RnDHFR (R. norvegicus); TgDHFR-TS (T. gondii, apicomplexan)",False,1,c1ccc(Cc2cnc3ncncc3c2)cc1,train
CCOC(=O)CCCCN(Cc1cnc2nc(N)nc(N)c2n1)c1ccc(C(=O)NC(CCC(=O)OCC)C(=O)OCC)cc1,6.839629911215521,0.701065420977162,2,CHEMBL35552,HsDHFR (H. sapiens),False,1,c1ccc(NCc2cnc3ncncc3n2)cc1,external
CCOC(=O)CCCCOc1ccc(OC)c(Cc2cnc3nc(N)nc(N)c3c2C)c1,7.906239639581768,0.07405907658265105,2,CHEMBL189953,"RnDHFR (R. norvegicus); TgDHFR-TS (T. gondii, apicomplexan)",False,1,c1ccc(Cc2cnc3ncncc3c2)cc1,train
CCOC(=O)CCCN(Cc1cnc2nc(N)nc(N)c2n1)c1ccc(C(=O)NC(CCC(=O)OCC)C(=O)OCC)cc1,7.363464623188767,0.6891692699341968,2,CHEMBL285474,HsDHFR (H. sapiens),False,1,c1ccc(NCc2cnc3ncncc3n2)cc1,external
CCOC(=O)CCCOc1cc(Cc2cnc(N)nc2N)cc(OC)c1OC,3.795880017344075,,1,CHEMBL14002,RnDHFR (R. norvegicus),False,0,c1ccc(Cc2cncnc2)cc1,external
CCOC(=O)CCCOc1cc(NCc2ccc3nc(N)nc(N)c3c2)ccc1OC,7.591654031639449,0.6025606692754591,2,CHEMBL1165388,HsDHFR (H. sapiens),False,1,c1ccc(NCc2ccc3ncncc3c2)cc1,train
CCOC(=O)CCCOc1ccc(OC)c(Cc2cnc3nc(N)nc(N)c3c2C)c1,8.422635896279921,0.0648914533117975,2,CHEMBL189796,"RnDHFR (R. norvegicus); TgDHFR-TS (T. gondii, apicomplexan)",False,1,c1ccc(Cc2cnc3ncncc3c2)cc1,train
CCOC(=O)CCCOc1ccc(OC)cc1Cc1cnc2nc(N)nc(N)c2c1C,7.515758525723033,0.6848208603860299,2,CHEMBL190935,"RnDHFR (R. norvegicus); TgDHFR-TS (T. gondii, apicomplexan)",False,1,c1ccc(Cc2cnc3ncncc3c2)cc1,train
CCOC(=O)CCCOc1ccccc1CCc1nc(N)nc(N)c1-c1cccc(Cl)c1.Cl,7.630413109263656,,1,CHEMBL4444614,HsDHFR (H. sapiens),False,1,c1ccc(CCc2ncncc2-c2ccccc2)cc1,train
CCOC(=O)CCCOc1ccccc1CCc1nc(N)nc(N)c1-c1ccccc1.Cl,7.489053051327027,,1,CHEMBL4542001,HsDHFR (H. sapiens),False,1,c1ccc(CCc2ncncc2-c2ccccc2)cc1,train
CCOC(=O)CC[C@H](NC(=O)c1ccc(CNc2ccc3nc(N)nc(N)c3c2)cc1)C(=O)OCC,7.537602002101044,,1,CHEMBL3244857,RnDHFR (R. norvegicus),False,1,c1ccc(CNc2ccc3ncncc3c2)cc1,train
CCOC(=O)CC[C@H](NC(=O)c1ccc(CNc2ccc3nc(N)nc(N)c3c2C)cc1)C(=O)OCC,7.698970004336019,,1,CHEMBL3244858,RnDHFR (R. norvegicus),False,1,c1ccc(CNc2ccc3ncncc3c2)cc1,train
CCOC(=O)CC[C@H](NC(=O)c1ccc(CNc2ccc3nc(N)nc(O)c3c2)cc1)C(=O)OCC,6.2441251443275085,,1,CHEMBL3244860,RnDHFR (R. norvegicus),False,1,c1ccc(CNc2ccc3ncncc3c2)cc1,train
CCOC(=O)CC[C@H](NC(=O)c1ccc(CNc2ccc3nc(N)nc(O)c3c2C)cc1)C(=O)OCC,5.568636235841012,,1,CHEMBL3244862,RnDHFR (R. norvegicus),False,0,c1ccc(CNc2ccc3ncncc3c2)cc1,train
CCOC(=O)CC[C@H](NC(=O)c1ccc(N(C)Cc2ccc3nc(N)nc(O)c3c2)cc1)C(=O)OCC,6.0,,1,CHEMBL3244856,RnDHFR (R. norvegicus),False,1,c1ccc(NCc2ccc3ncncc3c2)cc1,train
CCOC(=O)CC[C@H](NC(=O)c1ccc(N(C)Cc2nc3cc(C(F)(F)F)ccc3nc2-c2ccccc2)cc1)C(=O)OCC,6.698970004336019,,1,CHEMBL3121472,HsDHFR (H. sapiens),False,1,c1ccc(NCc2nc3ccccc3nc2-c2ccccc2)cc1,train
CCOC(=O)CC[C@H](NC(=O)c1ccc(N(CC)Cc2nc3cc(C(F)(F)F)ccc3nc2-c2ccccc2)cc1)C(=O)OCC,5.3979400086720375,,1,CHEMBL3121446,HsDHFR (H. sapiens),False,0,c1ccc(NCc2nc3ccccc3nc2-c2ccccc2)cc1,train
CCOC(=O)CC[C@H](NC(=O)c1ccc(NCc2ccc3nc(N)nc(N)c3c2)cc1)C(=O)OCC,7.2839966563652006,,1,CHEMBL3244850,RnDHFR (R. norvegicus),False,1,c1ccc(NCc2ccc3ncncc3c2)cc1,train
CCOC(=O)CC[C@H](NC(=O)c1ccc(NCc2ccc3nc(N)nc(N)c3c2C)cc1)C(=O)OCC,7.823908740944319,,1,CHEMBL3244832,RnDHFR (R. norvegicus),False,1,c1ccc(NCc2ccc3ncncc3c2)cc1,train
CCOC(=O)CC[C@H](NC(=O)c1ccc(NCc2ccc3nc(N)nc(N)c3c2Cl)cc1)C(=O)OCC,7.508638306165727,,1,CHEMBL3244852,RnDHFR (R. norvegicus),False,1,c1ccc(NCc2ccc3ncncc3c2)cc1,train
CCOC(=O)CC[C@H](NC(=O)c1ccc(NCc2ccc3nc(N)nc(O)c3c2)cc1)C(=O)OCC,6.2839966563652006,,1,CHEMBL3244855,RnDHFR (R. norvegicus),False,1,c1ccc(NCc2ccc3ncncc3c2)cc1,train
CCOC(=O)CSC1=NC(c2ccccc2)C(C(=O)OCC)=C(C)N1,6.080921907623926,,1,CHEMBL2261694,HsDHFR (H. sapiens),False,1,C1=CC(c2ccccc2)N=CN1,train
CCOC(=O)CSC1=NC(c2ccccc2OC)C(C(=O)OCC)=C(C)N1,5.136677139879544,,1,CHEMBL2261695,HsDHFR (H. sapiens),False,0,C1=CC(c2ccccc2)N=CN1,train
CCOC(=O)C[C@H](NC(=O)c1ccc(NCc2ccc3nc(N)nc(N)c3c2)cc1)C(=O)OCC,7.494850021680094,,1,CHEMBL3244846,RnDHFR (R. norvegicus),False,1,c1ccc(NCc2ccc3ncncc3c2)cc1,train
CCOC(=O)C[C@H](NC(=O)c1ccc(NCc2ccc3nc(N)nc(N)c3c2C)cc1)C(=O)OCC,7.795880017344075,,1,CHEMBL3244849,RnDHFR (R. norvegicus),False,1,c1ccc(NCc2ccc3ncncc3c2)cc1,train
CCOC(=O)C[C@H](NC(=O)c1ccc(NCc2ccc3nc(N)nc(N)c3c2Cl)cc1)C(=O)OCC,7.886056647693163,,1,CHEMBL3244848,RnDHFR (R. norvegicus),False,1,c1ccc(NCc2ccc3ncncc3c2)cc1,train
CCOC(=O)Cc1ccc(N(CC)Cc2nc3cc(C(F)(F)F)ccc3nc2-c2ccccc2)cc1,5.522878745280337,,1,CHEMBL3121445,HsDHFR (H. sapiens),False,0,c1ccc(NCc2nc3ccccc3nc2-c2ccccc2)cc1,train
CCOC(=O)N1CCN(c2ncc3nc(NC(=O)c4ccc(Cl)c(Cl)c4)sc3n2)CC1,3.400000000603809,,1,CHEMBL5424202,HsDHFR (H. sapiens),False,0,O=C(Nc1nc2cnc(N3CCNCC3)nc2s1)c1ccccc1,train
CCOC(=O)c1ccc(-c2ccc(OCCCCOc3c(N)nc(N)nc3CC)cc2)cc1.Cl,9.173925197299173,,1,CHEMBL5590041,"PfDHFR-TS K1 (P. falciparum, resistant)",True,1,c1ccc(-c2ccc(OCCCCOc3cncnc3)cc2)cc1,train
CCOC(=O)c1ccc(-c2ccc(OCCCOc3c(N)nc(N)nc3CC)cc2)cc1.Cl,8.259367569475069,1.3819757679628162,2,CHEMBL5597280,"HsDHFR (H. sapiens); PfDHFR-TS K1 (P. falciparum, resistant)",True,1,c1ccc(-c2ccc(OCCCOc3cncnc3)cc2)cc1,train
CCOC(=O)c1ccc(N2C(N)=NC(N)=NC2(C)C)cc1,4.449999986821809,,1,CHEMBL6613,GgDHFR (G. gallus),False,0,C1=NC=NCN1c1ccccc1,external
CCOC(=O)c1cccc(N2C(N)=NC(N)=NC2(C)C)c1,5.200000237109354,,1,CHEMBL268356,GgDHFR (G. gallus),False,0,C1=NC=NCN1c1ccccc1,external
CCOC(=O)c1nc2ccccc2nc1Nc1ccc(C(=O)N2CCC(C(=O)OC)CC2C(=O)OC)cc1,4.619788758288394,,1,CHEMBL4783402,HsDHFR (H. sapiens),False,0,O=C(c1ccc(Nc2cnc3ccccc3n2)cc1)N1CCCCC1,train
CCOP(=O)(O)CCC(NC(=O)c1ccc(NCC2CNc3nc(N)nc(O)c3C2)cc1)C(=O)O,3.0222763947111524,,1,CHEMBL41459,HsDHFR (H. sapiens),False,0,c1ccc(NCC2CNc3ncncc3C2)cc1,train
CCOP(=O)(O)CCC(NC(=O)c1ccc(NCc2cnc3nc(N)nc(O)c3c2)cc1)C(=O)O,5.886056647693163,,1,CHEMBL294973,HsDHFR (H. sapiens),False,0,c1ccc(NCc2cnc3ncncc3c2)cc1,train
CCOc1c(Br)cc(-c2c(N)nc(N)nc2CC)cc1Br,6.381742655159599,1.289613893821915,5,CHEMBL22271,"PfDHFR-TS K1 (P. falciparum, resistant)",True,1,c1ccc(-c2cncnc2)cc1,train
CCOc1c(CC)cc(Cc2cnc(N)nc2N)cc1CC,5.869964306007462,2.2428969596090678,2,CHEMBL332481,"PbDHFR-TS (P. berghei, rodent malaria); RnDHFR (R. norvegicus)",False,0,c1ccc(Cc2cncnc2)cc1,external
CCOc1c(OC)cc(Cc2cnc(N)nc2N)cc1OC,3.2076083105017466,,1,CHEMBL170172,RnDHFR (R. norvegicus),False,0,c1ccc(Cc2cncnc2)cc1,external
CCOc1cc(Cc2cnc(N)nc2N)cc(OC)c1OC,5.311711521471744,2.0616964734854912,2,CHEMBL23609,HsDHFR (H. sapiens); RnDHFR (R. norvegicus),False,0,c1ccc(Cc2cncnc2)cc1,external
CCOc1cc(Cc2cnc(N)nc2N)cc(OCC)c1,4.1399999760652255,,1,CHEMBL60913,GgDHFR (G. gallus),False,0,c1ccc(Cc2cncnc2)cc1,external
CCOc1cc(Cc2cnc(N)nc2N)cc(OCC)c1-n1cccc1,6.318758762624412,1.5058466036210434,16,CHEMBL280378,"GgDHFR (G. gallus); HsDHFR (H. sapiens); RnDHFR (R. norvegicus); TgDHFR-TS (T. gondii, apicomplexan)",False,1,c1ccn(-c2ccc(Cc3cncnc3)cc2)c1,train
CCOc1cc(Cc2cnc(N)nc2N)cc(OCC)c1OCC,6.323908740944319,2.5470410461087587,2,CHEMBL116183,"PbDHFR-TS (P. berghei, rodent malaria); RnDHFR (R. norvegicus)",False,1,c1ccc(Cc2cncnc2)cc1,external
CCOc1cc(Cc2cnc(N)nc2N)cc2c1NC(C)(C)C=C2C,3.6020599913279625,,1,CHEMBL58138,RnDHFR (R. norvegicus),False,0,C1=Cc2cc(Cc3cncnc3)ccc2NC1,train
CCOc1cc(Cc2cnc(N)nc2N)cc2c1OCO2,5.642835120127383,1.7126647295932027,2,CHEMBL58908,HsDHFR (H. sapiens); RnDHFR (R. norvegicus),False,0,c1ncc(Cc2ccc3c(c2)OCO3)cn1,train
CCOc1cc(Cc2cnc(N)nc2N)ccc1OCCCOCCCOc1ccccc1,6.916156319293586,1.1432500957689937,4,CHEMBL118202,"PfDHFR-TS K1 (P. falciparum, resistant)",True,1,c1ccc(OCCCOCCCOc2ccc(Cc3cncnc3)cc2)cc1,train
CCOc1cc(Cc2cnc(N)nc2N)ccc1OCCCOc1ccccc1,7.05016414950259,1.3366099620603764,4,CHEMBL119188,"PfDHFR-TS K1 (P. falciparum, resistant)",True,1,c1ccc(OCCCOc2ccc(Cc3cncnc3)cc2)cc1,train
CCOc1cc(Cc2cnc(N)nc2N)ccc1OCCCc1ccccc1,7.200853213268513,1.3026433113330154,4,CHEMBL333779,"PfDHFR-TS K1 (P. falciparum, resistant)",True,1,c1ccc(CCCOc2ccc(Cc3cncnc3)cc2)cc1,train
CCOc1cc(Cc2cnc(N)nc2N)ccc1OCc1cc(OC)c(OC)c(OC)c1,7.3979400086720375,1.6273640556910558,15,CHEMBL22901,"PfDHFR-TS K1 (P. falciparum, resistant)",True,1,c1ccc(COc2ccc(Cc3cncnc3)cc2)cc1,train
CCOc1cc(Cc2cnc(N)nc2N)ccc1OCc1ccccc1,6.642969306592924,1.5455371510841762,16,CHEMBL21395,"GgDHFR (G. gallus); PfDHFR-TS K1 (P. falciparum, resistant)",True,1,c1ccc(COc2ccc(Cc3cncnc3)cc2)cc1,train
CCOc1ccc(-c2cccc(NS(C)(=O)=O)c2)cc1-c1ccc2c(N)nc(N)nc2c1,8.236572006437063,0.0,2,CHEMBL1818127,HsDHFR (H. sapiens),False,1,c1ccc(-c2cccc(-c3ccc4cncnc4c3)c2)cc1,train
CCOc1ccc(-c2cccnc2)cc1-c1ccc2c(N)nc(N)nc2c1,7.995678626217357,,1,CHEMBL1818126,HsDHFR (H. sapiens),False,1,c1cncc(-c2cccc(-c3ccc4cncnc4c3)c2)c1,train
CCOc1ccc(Br)cc1-c1cc2nc(N)nc(N)c2cc1C,7.954677021213342,,1,CHEMBL1818124,HsDHFR (H. sapiens),False,1,c1ccc(-c2ccc3cncnc3c2)cc1,train
CCOc1ccc(C(=O)N(CC)CC)cc1-c1cc2nc(N)nc(N)c2cc1C,7.468521082957745,0.0,2,CHEMBL1818129,HsDHFR (H. sapiens),False,1,c1ccc(-c2ccc3cncnc3c2)cc1,train
CCOc1ccc(C)cc1-c1cc2nc(N)nc(N)c2cc1C,7.653647025549361,,1,CHEMBL1818123,HsDHFR (H. sapiens),False,1,c1ccc(-c2ccc3cncnc3c2)cc1,train
CCOc1ccc(C=O)cc1-c1cc2nc(N)nc(N)c2cc1C,7.920818753952375,,1,CHEMBL1818121,HsDHFR (H. sapiens),False,1,c1ccc(-c2ccc3cncnc3c2)cc1,train
CCOc1ccc(Cc2cnc(N)nc2N)cc1,6.781918676479622,1.1449779334615657,4,CHEMBL343271,HsDHFR (H. sapiens),False,1,c1ccc(Cc2cncnc2)cc1,external
CCOc1ccc(Cc2cnc(N)nc2N)cc1OC,6.089003189921701,1.2981113271948932,4,CHEMBL332013,"PfDHFR-TS K1 (P. falciparum, resistant)",True,1,c1ccc(Cc2cncnc2)cc1,external
CCOc1ccc(Cl)cc1-c1cc2nc(N)nc(N)c2cc1C,7.954677021213342,,1,CHEMBL1818122,HsDHFR (H. sapiens),False,1,c1ccc(-c2ccc3cncnc3c2)cc1,train
CCOc1ccc(NCc2cnc3nc(N)nc(N)c3c2C)cc1OC,7.7447274948966935,,1,CHEMBL358195,HsDHFR (H. sapiens),False,1,c1ccc(NCc2cnc3ncncc3c2)cc1,train
CCOc1ccc(OCC)c(N(C)CC2CCc3nc(N)nc(N)c3C2)c1,7.352546544697404,0.4569057914969524,6,CHEMBL264548,"RnDHFR (R. norvegicus); TgDHFR-TS (T. gondii, apicomplexan)",False,1,c1ccc(NCC2CCc3ncncc3C2)cc1,train
CCOc1ccc(OCC)c(N(C)Cc2cnc3nc(N)nc(N)c3c2C)c1,6.275724130399211,0.7787905833432345,9,CHEMBL23844,"HsDHFR (H. sapiens); RnDHFR (R. norvegicus); TgDHFR-TS (T. gondii, apicomplexan)",False,1,c1ccc(NCc2cnc3ncncc3c2)cc1,train
CCOc1ccc(OCC)c(NCC2CCc3nc(N)nc(N)c3C2)c1,6.343286178120371,0.559347837822142,6,CHEMBL120939,"RnDHFR (R. norvegicus); TgDHFR-TS (T. gondii, apicomplexan)",False,1,c1ccc(NCC2CCc3ncncc3C2)cc1,train
CCOc1ccc(OCC)c(NCc2c[nH]c3nc(N)nc(N)c23)c1,5.275724130399211,0.6146827977402378,5,CHEMBL69363,"RnDHFR (R. norvegicus); TgDHFR-TS (T. gondii, apicomplexan)",False,0,c1ccc(NCc2c[nH]c3ncncc23)cc1,train
CCOc1ccc(OCC)c(NCc2cnc3nc(N)nc(N)c3c2C)c1,7.7594507517174005,0.7823144892654312,9,CHEMBL279679,"HsDHFR (H. sapiens); RnDHFR (R. norvegicus); TgDHFR-TS (T. gondii, apicomplexan)",False,1,c1ccc(NCc2cnc3ncncc3c2)cc1,train
CCOc1ccc2[nH]ccc2c1-c1cc2nc(N)nc(N)c2cc1C,6.610833915635467,,1,CHEMBL1818125,HsDHFR (H. sapiens),False,1,c1cc(-c2ccc3cncnc3c2)c2cc[nH]c2c1,train
CCOc1ccc2ccccc2c1-c1cc2nc(N)nc(N)c2cc1C,8.346787486224656,0.0,2,CHEMBL1818128,HsDHFR (H. sapiens),False,1,c1ccc2c(-c3ccc4cncnc4c3)cccc2c1,train
CCOc1ccc2nc(N)nc(N)c2c1Sc1ccc(C(C)(C)C)cc1,6.086186147616283,,1,CHEMBL420721,HsDHFR (H. sapiens),False,1,c1ccc(Sc2cccc3ncncc23)cc1,train
CCOc1cccc(Cc2cnc(N)nc2N)c1,6.586703473032975,0.9645153487073459,4,CHEMBL137448,HsDHFR (H. sapiens),False,1,c1ccc(Cc2cncnc2)cc1,external
CCOc1cccc(N2C(N)=NC(N)=NC2(C)C)c1,6.470005326930858,,1,CHEMBL282677,GgDHFR (G. gallus),False,1,C1=NC=NCN1c1ccccc1,external
CCOc1ccccc1-c1ccc2c(N)nc(N)nc2c1,7.070581074285707,,1,CHEMBL1818118,HsDHFR (H. sapiens),False,1,c1ccc(-c2ccc3cncnc3c2)cc1,train
CCOc1ccccc1Cc1cnc(N)nc1N,4.609999985082743,,1,CHEMBL335498,GgDHFR (G. gallus),False,0,c1ccc(Cc2cncnc2)cc1,external
CCS(=O)(=O)N1CCC2(CC1)N=C(N)N=C(N)N2CCOC,5.853871964321762,,1,CHEMBL4169854,HsDHFR (H. sapiens),False,0,C1=NC=NC2(CCNCC2)N1,train
CCS(=O)(=O)O.CCc1nc(N)nc(N)c1-c1ccc(Cl)c(/N=N/N(C)C)c1,5.107905397309519,,1,CHEMBL56311,RnDHFR (R. norvegicus),False,0,c1ccc(-c2cncnc2)cc1,train
CCS(=O)(=O)O.Cc1nc(N)nc(N)c1NC(=O)C12CC3CC(CC(C3)C1)C2,8.045757490560675,,1,CHEMBL1161155,HsDHFR (H. sapiens),False,1,O=C(Nc1cncnc1)C12CC3CC(CC(C3)C1)C2,train
CC[C@@H](CC1=Nc2c(N)nc(N)nc2NC1)c1ccc(C(=O)N[C@@H](CCC(=O)O)C(=O)O)cc1,7.4430283238465815,0.200815961550139,2,CHEMBL2051991,GgDHFR (G. gallus),False,1,c1ccc(CCC2=Nc3cncnc3NC2)cc1,train
CC[C@@H](Cc1cnc2nc(N)nc(N)c2n1)c1ccc(C(=O)N[C@@H](CCC(=O)O)C(=O)O)cc1,9.282077817007778,2.2973906361130094,2,CHEMBL2051990,GgDHFR (G. gallus); MmDHFR (M. musculus),False,1,c1ccc(CCc2cnc3ncncc3n2)cc1,train
CC[C@H](CC1CNc2nc(N)nc(N)c2N1)c1ccc(C(=O)N[C@@H](CCC(=O)O)C(=O)O)cc1,7.409078206027614,0.40996891278847225,2,CHEMBL2051989,GgDHFR (G. gallus),False,1,c1ccc(CCC2CNc3ncncc3N2)cc1,train
CC[C@H](Cc1cnc2nc(N)nc(N)c2n1)c1ccc(C(=O)N[C@@H](CCC(=O)O)C(=O)O)cc1,9.563426924335872,2.605236683202873,2,CHEMBL3349020,GgDHFR (G. gallus); MmDHFR (M. musculus),False,1,c1ccc(CCc2cnc3ncncc3n2)cc1,train
CCc1[nH]c(N)nc2nc(C)c(CCc3ccc(C(=O)N[C@@H](CCC(=O)O)C(=O)O)cc3)c1-2,4.657577319177793,,1,CHEMBL154935,HsDHFR (H. sapiens),False,0,c1ccc(CCc2cnc3nc[nH]cc2-3)cc1,train
CCc1[nH]c(N)nc2ncc(CCc3ccc(C(=O)N[C@@H](CCC(=O)O)C(=O)O)cc3)c1-2,6.036212172654444,,1,CHEMBL157434,HsDHFR (H. sapiens),False,1,c1ccc(CCc2cnc3nc[nH]cc2-3)cc1,train
CCc1[nH]c2nc(N)nc(O)c2c1Sc1ccc(C(=O)N[C@@H](CCC(=O)O)C(=O)O)cc1,6.376750709602099,,1,CHEMBL371860,HsDHFR (H. sapiens),False,1,c1ccc(Sc2c[nH]c3ncncc23)cc1,train
CCc1c(CNc2cc(C(F)(F)F)ccc2OC)cnc2nc(N)nc(N)c12,8.443697499232712,,1,CHEMBL148577,HsDHFR (H. sapiens),False,1,c1ccc(NCc2cnc3ncncc3c2)cc1,train
CCc1c(CNc2cc(C)ccc2OC)cnc2nc(N)nc(N)c12,6.431798275933005,,1,CHEMBL358381,HsDHFR (H. sapiens),False,1,c1ccc(NCc2cnc3ncncc3c2)cc1,train
CCc1c(CNc2cc(OC)ccc2OC)cnc2nc(N)nc(N)c12,6.0,,1,CHEMBL149351,HsDHFR (H. sapiens),False,1,c1ccc(NCc2cnc3ncncc3c2)cc1,train
CCc1c(OC)cc(Cc2cnc(N)nc2N)cc1OC,3.6989700043360187,,1,CHEMBL174433,RnDHFR (R. norvegicus),False,0,c1ccc(Cc2cncnc2)cc1,external
CCc1c(Sc2c(C)cccc2C)[nH]c2nc(N)nc(N)c12,4.494850021680094,,1,CHEMBL227064,HsDHFR (H. sapiens),False,0,c1ccc(Sc2cc3cncnc3[nH]2)cc1,train
CCc1c(Sc2cc(OC)ccc2OC)[nH]c2nc(N)nc(N)c12,5.236572006437063,0.8084462736093905,3,CHEMBL227009,"HsDHFR (H. sapiens); RnDHFR (R. norvegicus); TgDHFR-TS (T. gondii, apicomplexan)",False,0,c1ccc(Sc2cc3cncnc3[nH]2)cc1,train
CCc1c(Sc2ccc(Br)cc2)[nH]c2nc(N)nc(N)c12,5.568636235841012,,1,CHEMBL226954,HsDHFR (H. sapiens),False,0,c1ccc(Sc2cc3cncnc3[nH]2)cc1,train
CCc1c(Sc2ccc(C(=O)N[C@@H](CCC(=O)O)C(=O)O)cc2)[nH]c2nc(N)nc(N)c12,7.180456064458131,,1,CHEMBL438664,HsDHFR (H. sapiens),False,1,c1ccc(Sc2cc3cncnc3[nH]2)cc1,train
CCc1c(Sc2ccc(Cl)c(Cl)c2)[nH]c2nc(C)nc(N)c12,5.552841968657781,,1,CHEMBL227007,HsDHFR (H. sapiens),False,0,c1ccc(Sc2cc3cncnc3[nH]2)cc1,train
CCc1c(Sc2ccc(Cl)cc2Cl)[nH]c2nc(N)nc(N)c12,4.755724641749778,1.553014837065002,2,CHEMBL388120,"HsDHFR (H. sapiens); TgDHFR-TS (T. gondii, apicomplexan)",False,0,c1ccc(Sc2cc3cncnc3[nH]2)cc1,train
CCc1c(Sc2ccc(OC)cc2)[nH]c2nc(N)nc(N)c12,5.537602002101044,,1,CHEMBL388121,HsDHFR (H. sapiens),False,0,c1ccc(Sc2cc3cncnc3[nH]2)cc1,train
CCc1c(Sc2ccc([N+](=O)[O-])cc2)[nH]c2nc(N)nc(N)c12,4.365711014058578,1.2315834263633456,2,CHEMBL389887,"HsDHFR (H. sapiens); TgDHFR-TS (T. gondii, apicomplexan)",False,0,c1ccc(Sc2cc3cncnc3[nH]2)cc1,train
CCc1c(Sc2ccc3ccccc3c2)[nH]c2nc(N)nc(N)c12,5.221848749616356,,1,CHEMBL226953,HsDHFR (H. sapiens),False,0,c1ccc2cc(Sc3cc4cncnc4[nH]3)ccc2c1,train
CCc1c(Sc2cccc(Cl)c2)[nH]c2nc(N)nc(N)c12,3.3010299956639813,,1,CHEMBL387901,"TgDHFR-TS (T. gondii, apicomplexan)",False,0,c1ccc(Sc2cc3cncnc3[nH]2)cc1,train
CCc1c(Sc2cccc3ccccc23)[nH]c2nc(N)nc(N)c12,5.537602002101044,,1,CHEMBL226952,HsDHFR (H. sapiens),False,0,c1ccc2c(Sc3cc4cncnc4[nH]3)cccc2c1,train
CCc1c(Sc2cccc3cccnc23)[nH]c2nc(N)nc(N)c12,4.824875990832918,1.4552200613352282,2,CHEMBL227063,"HsDHFR (H. sapiens); TgDHFR-TS (T. gondii, apicomplexan)",False,0,c1cnc2c(Sc3cc4cncnc4[nH]3)cccc2c1,train
CCc1c(Sc2ccccc2)[nH]c2nc(N)nc(N)c12,4.7447274948966935,0.7668592104648067,3,CHEMBL389686,"HsDHFR (H. sapiens); RnDHFR (R. norvegicus); TgDHFR-TS (T. gondii, apicomplexan)",False,0,c1ccc(Sc2cc3cncnc3[nH]2)cc1,train
CCc1cc(Cc2cnc(N)nc2N)cc(C(C)CC)c1N,4.568636235841013,,1,CHEMBL418865,RnDHFR (R. norvegicus),False,0,c1ccc(Cc2cncnc2)cc1,external
CCc1cc(Cc2cnc(N)nc2N)cc(C)c1N,3.8416375079047507,,1,CHEMBL119378,RnDHFR (R. norvegicus),False,0,c1ccc(Cc2cncnc2)cc1,external
CCc1cc(Cc2cnc(N)nc2N)cc(C)c1O,4.4089353929735005,,1,CHEMBL24430,RnDHFR (R. norvegicus),False,0,c1ccc(Cc2cncnc2)cc1,external
CCc1cc(Cc2cnc(N)nc2N)cc(C)c1OC,6.508638306165727,1.5345310755554742,3,CHEMBL23447,"HsDHFR (H. sapiens); PbDHFR-TS (P. berghei, rodent malaria); RnDHFR (R. norvegicus)",False,1,c1ccc(Cc2cncnc2)cc1,external
CCc1cc(Cc2cnc(N)nc2N)cc(CC)c1CC,5.250000251143582,1.2453686528693209,5,CHEMBL57582,"GgDHFR (G. gallus); HsDHFR (H. sapiens); PbDHFR-TS (P. berghei, rodent malaria); RnDHFR (R. norvegicus)",False,0,c1ccc(Cc2cncnc2)cc1,external
CCc1cc(Cc2cnc(N)nc2N)cc(CC)c1N,4.42021640338319,,1,CHEMBL333696,RnDHFR (R. norvegicus),False,0,c1ccc(Cc2cncnc2)cc1,external
CCc1cc(Cc2cnc(N)nc2N)cc(CC)c1O,5.858349385648225,1.432709002047824,4,CHEMBL25817,"HsDHFR (H. sapiens); PbDHFR-TS (P. berghei, rodent malaria); RnDHFR (R. norvegicus)",False,0,c1ccc(Cc2cncnc2)cc1,external
CCc1cc(Cc2cnc(N)nc2N)cc(CC)c1OC,6.076893318060307,2.6026073580218343,2,CHEMBL23250,"PbDHFR-TS (P. berghei, rodent malaria); RnDHFR (R. norvegicus)",False,1,c1ccc(Cc2cncnc2)cc1,external
CCc1cc(Cc2cnc(N)nc2N)cc(CC)c1OCCCOc1ccccc1,6.528995973488843,2.0803138445975096,2,CHEMBL118877,"PbDHFR-TS (P. berghei, rodent malaria); RnDHFR (R. norvegicus)",False,1,c1ccc(OCCCOc2ccc(Cc3cncnc3)cc2)cc1,train
CCc1cc(Cc2cnc(N)nc2N)cc(CC)c1OCCO,3.920818753952375,,1,CHEMBL432987,RnDHFR (R. norvegicus),False,0,c1ccc(Cc2cncnc2)cc1,external
CCc1cc(Cc2cnc(N)nc2N)cc(CC)c1OCCOCc1ccccc1,6.026773867493463,2.0389384656232314,2,CHEMBL116993,"PbDHFR-TS (P. berghei, rodent malaria); RnDHFR (R. norvegicus)",False,1,c1ccc(COCCOc2ccc(Cc3cncnc3)cc2)cc1,train
CCc1cc(Cc2cnc(N)nc2N)cc(CO)c1CO,3.5799999986618127,0.0,2,CHEMBL53516,GgDHFR (G. gallus),False,0,c1ccc(Cc2cncnc2)cc1,external
CCc1cc(Cc2cnc(N)nc2N)cc(NC(C)=O)c1CO,3.3050000016281427,0.21920310066687068,2,CHEMBL57343,GgDHFR (G. gallus),False,0,c1ccc(Cc2cncnc2)cc1,external
CCc1cc(Cc2cnc(N)nc2N)cc2c1N(C)CCC2C,4.356547323513812,,1,CHEMBL57458,RnDHFR (R. norvegicus),False,0,c1ncc(Cc2ccc3c(c2)CCCN3)cn1,train
CCc1cc(Cc2cnc(N)nc2N)cc2c1NC(C)(C)C=C2C,3.7594507517174005,,1,CHEMBL300371,RnDHFR (R. norvegicus),False,0,C1=Cc2cc(Cc3cncnc3)ccc2NC1,train
CCc1cc(Cc2cnc(N)nc2N)cc2c1OC(C)C2,6.958607314841775,1.1668331392707156,3,CHEMBL58481,"HsDHFR (H. sapiens); PbDHFR-TS (P. berghei, rodent malaria); RnDHFR (R. norvegicus)",False,1,c1ncc(Cc2ccc3c(c2)CCO3)cn1,train
CCc1cc2c3c(N)nc(N)nc3ccc2n1C,7.537602002101044,,1,CHEMBL170900,HsDHFR (H. sapiens),False,1,c1ncc2c(ccc3[nH]ccc32)n1,train
CCc1cc2c3c(N)nc(N)nc3ccc2n1C(C)(C)C,10.0,,1,CHEMBL369258,HsDHFR (H. sapiens),False,1,c1ncc2c(ccc3[nH]ccc32)n1,train
CCc1cc2c3c(N)nc(N)nc3ccc2n1C(C)CC,10.0,,1,CHEMBL170760,HsDHFR (H. sapiens),False,1,c1ncc2c(ccc3[nH]ccc32)n1,train
CCc1cc2c3c(N)nc(N)nc3ccc2n1C(CC)CC,9.698970004336019,,1,CHEMBL352960,HsDHFR (H. sapiens),False,1,c1ncc2c(ccc3[nH]ccc32)n1,train
CCc1cc2c3c(N)nc(N)nc3ccc2n1CC,8.0,,1,CHEMBL170144,HsDHFR (H. sapiens),False,1,c1ncc2c(ccc3[nH]ccc32)n1,train
CCc1ccc(/C=C/c2ccc3nc(N)nc(N)c3n2)cc1,5.277366077466188,,1,CHEMBL4074984,HsDHFR (H. sapiens),False,0,C(=C/c1ccc2ncncc2n1)\c1ccccc1,train
CCc1ccc(CCc2ccc3nc(N)nc(N)c3n2)cc1,5.605548319173783,,1,CHEMBL4103483,HsDHFR (H. sapiens),False,0,c1ccc(CCc2ccc3ncncc3n2)cc1,train
CCc1ccc(Cc2cnc(N)nc2N)cc1C(C)C,4.5376020021010435,,1,CHEMBL60883,RnDHFR (R. norvegicus),False,0,c1ccc(Cc2cncnc2)cc1,external
CCc1ccc(Cc2cnc(N)nc2N)cc1CC,5.091912504785599,1.5235582304087048,4,CHEMBL293013,"GgDHFR (G. gallus); HsDHFR (H. sapiens); PbDHFR-TS (P. berghei, rodent malaria); RnDHFR (R. norvegicus)",False,0,c1ccc(Cc2cncnc2)cc1,external
CCc1ccc(N2C(N)=NC(N)=NC2(C)C)cc1N,6.499996931948306,,1,CHEMBL34217,GgDHFR (G. gallus),False,1,C1=NC=NCN1c1ccccc1,external
CCc1ccc(NCc2cnc3nc(N)nc(N)c3n2)cc1C(=O)N1CCC(C(=O)OC)CC1,5.329754146925875,,1,CHEMBL2178603,HsDHFR (H. sapiens),False,0,O=C(c1cccc(NCc2cnc3ncncc3n2)c1)N1CCCCC1,train
CCc1ccc(Nc2ccc3nc(N)nc(C)c3n2)cc1CC,6.560667306169737,,1,CHEMBL5925361,HsDHFR (H. sapiens),False,1,c1ccc(Nc2ccc3ncncc3n2)cc1,train
CCc1cccc(N2C(N)=NC(N)=NC2(C)C)c1,7.0,,1,CHEMBL20874,GgDHFR (G. gallus),False,1,C1=NC=NCN1c1ccccc1,external
CCc1cccc(Nc2ccc3nc(N)nc(C)c3n2)c1CC,6.950781977329818,,1,CHEMBL6064361,HsDHFR (H. sapiens),False,1,c1ccc(Nc2ccc3ncncc3n2)cc1,train
CCc1cccc(OCc2cccc(N3C(N)=NC(N)=NC3(C)C)c2)c1,7.270025714300444,,1,CHEMBL282932,GgDHFR (G. gallus),False,1,C1=NC=NCN1c1cccc(COc2ccccc2)c1,train
CCc1ccccc1-c1cc2nc(N)nc(N)c2cc1C,7.386158178123931,,1,CHEMBL1818117,HsDHFR (H. sapiens),False,1,c1ccc(-c2ccc3cncnc3c2)cc1,train
CCc1nc(N)nc(N)c1-c1ccc(-c2ccccc2)cc1,6.375408540873153,0.6434378878058824,5,CHEMBL279986,"PfDHFR-TS K1 (P. falciparum, resistant)",True,1,c1ccc(-c2ccc(-c3cncnc3)cc2)cc1,train
CCc1nc(N)nc(N)c1-c1ccc(Br)cc1,7.501689446210399,1.9321369244346551,5,CHEMBL282275,"PfDHFR-TS K1 (P. falciparum, resistant)",True,1,c1ccc(-c2cncnc2)cc1,train
CCc1nc(N)nc(N)c1-c1ccc(C(C)(C)C)cc1,7.1791420105603,1.6114718131809609,5,CHEMBL21885,"PfDHFR-TS K1 (P. falciparum, resistant)",True,1,c1ccc(-c2cncnc2)cc1,train
CCc1nc(N)nc(N)c1-c1ccc(C)cc1,7.97469413473523,1.4649359224981706,9,CHEMBL21778,"PfDHFR-TS K1 (P. falciparum, resistant)",True,1,c1ccc(-c2cncnc2)cc1,train
CCc1nc(N)nc(N)c1-c1ccc(Cl)c(/N=C/N(C)C)c1,5.6259059864969,0.24037957967529816,2,CHEMBL55526,"RnDHFR (R. norvegicus); TgDHFR-TS (T. gondii, apicomplexan)",False,0,c1ccc(-c2cncnc2)cc1,train
CCc1nc(N)nc(N)c1-c1ccc(Cl)c(/N=N/N(C)C)c1,6.508638306165727,0.9777395978376154,5,CHEMBL49246,"RnDHFR (R. norvegicus); TgDHFR-TS (T. gondii, apicomplexan)",False,1,c1ccc(-c2cncnc2)cc1,train
CCc1nc(N)nc(N)c1-c1ccc(Cl)c(/N=N/N(C)CC)c1,3.6946486305533766,,1,CHEMBL56169,RnDHFR (R. norvegicus),False,0,c1ccc(-c2cncnc2)cc1,train
CCc1nc(N)nc(N)c1-c1ccc(Cl)c(/N=N/N(C)CC)c1.CS(=O)(=O)O,6.2441251443275085,,1,CHEMBL57610,RnDHFR (R. norvegicus),False,1,c1ccc(-c2cncnc2)cc1,train
CCc1nc(N)nc(N)c1-c1ccc(Cl)c(/N=N/N(C)CC2OCCO2)c1,6.301029995663981,,1,CHEMBL54659,RnDHFR (R. norvegicus),False,1,c1cc(/N=N/NCC2OCCO2)cc(-c2cncnc2)c1,train
CCc1nc(N)nc(N)c1-c1ccc(Cl)c(/N=N/N(C)CCN(CC)CC)c1,4.761953896871205,,1,CHEMBL56861,RnDHFR (R. norvegicus),False,0,c1ccc(-c2cncnc2)cc1,train
CCc1nc(N)nc(N)c1-c1ccc(Cl)c(/N=N/N(C)CCO)c1,4.554395796726403,,1,CHEMBL56709,RnDHFR (R. norvegicus),False,0,c1ccc(-c2cncnc2)cc1,train
CCc1nc(N)nc(N)c1-c1ccc(Cl)c(/N=N/N(C)Cc2ccccc2)c1,5.7447274948966935,,1,CHEMBL56862,RnDHFR (R. norvegicus),False,0,c1ccc(CN/N=N/c2cccc(-c3cncnc3)c2)cc1,train
CCc1nc(N)nc(N)c1-c1ccc(Cl)c(/N=N/N(CC)CC)c1,4.752026733638194,,1,CHEMBL300876,RnDHFR (R. norvegicus),False,0,c1ccc(-c2cncnc2)cc1,train
CCc1nc(N)nc(N)c1-c1ccc(Cl)c(/N=N/N(CC)CCO)c1,4.568636235841013,,1,CHEMBL56456,RnDHFR (R. norvegicus),False,0,c1ccc(-c2cncnc2)cc1,train
CCc1nc(N)nc(N)c1-c1ccc(Cl)c(/N=N/N(CCCO)Cc2ccccc2)c1,5.415258301747658,0.3981656636914306,2,CHEMBL86085,"RnDHFR (R. norvegicus); TgDHFR-TS (T. gondii, apicomplexan)",False,0,c1ccc(CN/N=N/c2cccc(-c3cncnc3)c2)cc1,train
CCc1nc(N)nc(N)c1-c1ccc(Cl)c(/N=N/N(CCO)C(C)(C)C)c1,4.987162775294828,,1,CHEMBL54007,RnDHFR (R. norvegicus),False,0,c1ccc(-c2cncnc2)cc1,train
CCc1nc(N)nc(N)c1-c1ccc(Cl)c(/N=N/N(CCO)CCO)c1,5.301029995663981,,1,CHEMBL440479,RnDHFR (R. norvegicus),False,0,c1ccc(-c2cncnc2)cc1,train
CCc1nc(N)nc(N)c1-c1ccc(Cl)c(/N=N/N(CCO)CCc2ccccc2)c1,5.5389150442269965,0.29448441216146976,2,CHEMBL82853,"RnDHFR (R. norvegicus); TgDHFR-TS (T. gondii, apicomplexan)",False,0,c1ccc(CCN/N=N/c2cccc(-c3cncnc3)c2)cc1,test
CCc1nc(N)nc(N)c1-c1ccc(Cl)c(/N=N/N(CCO)Cc2ccccc2)c1,5.154901959985743,0.0,2,CHEMBL298538,RnDHFR (R. norvegicus),False,0,c1ccc(CN/N=N/c2cccc(-c3cncnc3)c2)cc1,train
CCc1nc(N)nc(N)c1-c1ccc(Cl)c(/N=N/N(CCO)[C@@H](C)c2ccccc2)c1,5.37752762363641,0.2702683912660491,2,CHEMBL2114205,"RnDHFR (R. norvegicus); TgDHFR-TS (T. gondii, apicomplexan)",False,0,c1ccc(CN/N=N/c2cccc(-c3cncnc3)c2)cc1,train
CCc1nc(N)nc(N)c1-c1ccc(Cl)c(/N=N/N(CCO)[C@H](C)c2ccccc2)c1,5.5118983989460055,0.45365746000559054,2,CHEMBL2115210,"RnDHFR (R. norvegicus); TgDHFR-TS (T. gondii, apicomplexan)",False,0,c1ccc(CN/N=N/c2cccc(-c3cncnc3)c2)cc1,train
CCc1nc(N)nc(N)c1-c1ccc(Cl)c(/N=N/N(CCOC(=O)C(C)C)Cc2ccccc2)c1,5.806127170195568,0.5293809990542407,2,CHEMBL85576,"RnDHFR (R. norvegicus); TgDHFR-TS (T. gondii, apicomplexan)",False,0,c1ccc(CN/N=N/c2cccc(-c3cncnc3)c2)cc1,train
CCc1nc(N)nc(N)c1-c1ccc(Cl)c(/N=N/N(CCOC(=O)c2ccccc2)Cc2ccccc2)c1,6.409364114220269,0.35102648081102394,2,CHEMBL87013,"RnDHFR (R. norvegicus); TgDHFR-TS (T. gondii, apicomplexan)",False,1,O=C(OCCN(Cc1ccccc1)/N=N/c1cccc(-c2cncnc2)c1)c1ccccc1,test
CCc1nc(N)nc(N)c1-c1ccc(Cl)c(/N=N/N(CCOC(C)=O)Cc2cc(OC)c(OC)c(OC)c2)c1,6.7508447231052,0.571423224371463,2,CHEMBL87383,"RnDHFR (R. norvegicus); TgDHFR-TS (T. gondii, apicomplexan)",False,1,c1ccc(CN/N=N/c2cccc(-c3cncnc3)c2)cc1,train
CCc1nc(N)nc(N)c1-c1ccc(Cl)c(/N=N/N(CCOC(C)=O)Cc2cc(OC)cc(OC)c2)c1,6.247825745606541,0.24703829634204702,2,CHEMBL314001,"RnDHFR (R. norvegicus); TgDHFR-TS (T. gondii, apicomplexan)",False,1,c1ccc(CN/N=N/c2cccc(-c3cncnc3)c2)cc1,train
CCc1nc(N)nc(N)c1-c1ccc(Cl)c(/N=N/N(CCOC(C)=O)Cc2ccc(C(F)(F)F)cc2)c1,5.387154146970181,0.2941735844490557,2,CHEMBL87423,"RnDHFR (R. norvegicus); TgDHFR-TS (T. gondii, apicomplexan)",False,0,c1ccc(CN/N=N/c2cccc(-c3cncnc3)c2)cc1,train
CCc1nc(N)nc(N)c1-c1ccc(Cl)c(/N=N/N(CCOC(C)=O)Cc2ccc(C)cc2)c1,5.807599360518958,0.5558709101444229,2,CHEMBL85188,"RnDHFR (R. norvegicus); TgDHFR-TS (T. gondii, apicomplexan)",False,0,c1ccc(CN/N=N/c2cccc(-c3cncnc3)c2)cc1,train
CCc1nc(N)nc(N)c1-c1ccc(Cl)c(/N=N/N(CCOC(C)=O)Cc2ccc(Cl)cc2)c1,5.920818753952375,0.24903064677189865,2,CHEMBL444587,"RnDHFR (R. norvegicus); TgDHFR-TS (T. gondii, apicomplexan)",False,0,c1ccc(CN/N=N/c2cccc(-c3cncnc3)c2)cc1,train
CCc1nc(N)nc(N)c1-c1ccc(Cl)c(/N=N/N(CCOC(C)=O)Cc2ccc(F)cc2)c1,5.386674274772595,0.0426059430631231,2,CHEMBL87549,"RnDHFR (R. norvegicus); TgDHFR-TS (T. gondii, apicomplexan)",False,0,c1ccc(CN/N=N/c2cccc(-c3cncnc3)c2)cc1,train
CCc1nc(N)nc(N)c1-c1ccc(Cl)c(/N=N/N(CCOC(C)=O)Cc2ccc(OC)c(OC)c2)c1,6.752922702990778,0.4864715191106728,2,CHEMBL313034,"RnDHFR (R. norvegicus); TgDHFR-TS (T. gondii, apicomplexan)",False,1,c1ccc(CN/N=N/c2cccc(-c3cncnc3)c2)cc1,train
CCc1nc(N)nc(N)c1-c1ccc(Cl)c(/N=N/N(CCOC(C)=O)Cc2ccc(OC)cc2)c1,6.017164014389946,0.47996047860603164,2,CHEMBL313440,"RnDHFR (R. norvegicus); TgDHFR-TS (T. gondii, apicomplexan)",False,1,c1ccc(CN/N=N/c2cccc(-c3cncnc3)c2)cc1,train
CCc1nc(N)nc(N)c1-c1ccc(Cl)c(/N=N/N(CCOC(C)=O)Cc2ccc([N+](=O)[O-])cc2)c1,5.7740684203896935,0.41933221655498204,2,CHEMBL85958,"RnDHFR (R. norvegicus); TgDHFR-TS (T. gondii, apicomplexan)",False,0,c1ccc(CN/N=N/c2cccc(-c3cncnc3)c2)cc1,train
CCc1nc(N)nc(N)c1-c1ccc(Cl)c(/N=N/N(CCOC(C)=O)Cc2ccc3ccccc3c2)c1,6.093209505715904,0.16178434124740984,2,CHEMBL313680,"RnDHFR (R. norvegicus); TgDHFR-TS (T. gondii, apicomplexan)",False,1,c1cc(/N=N/NCc2ccc3ccccc3c2)cc(-c2cncnc2)c1,test
CCc1nc(N)nc(N)c1-c1ccc(Cl)c(/N=N/N(CCOC(C)=O)Cc2cccc(C)c2)c1,5.252491620625162,0.022513734292556528,2,CHEMBL315297,"RnDHFR (R. norvegicus); TgDHFR-TS (T. gondii, apicomplexan)",False,0,c1ccc(CN/N=N/c2cccc(-c3cncnc3)c2)cc1,train
CCc1nc(N)nc(N)c1-c1ccc(Cl)c(/N=N/N(CCOC(C)=O)Cc2cccc(Cl)c2)c1,5.912476150236916,0.032620052798051045,2,CHEMBL85573,"RnDHFR (R. norvegicus); TgDHFR-TS (T. gondii, apicomplexan)",False,0,c1ccc(CN/N=N/c2cccc(-c3cncnc3)c2)cc1,train
CCc1nc(N)nc(N)c1-c1ccc(Cl)c(/N=N/N(CCOC(C)=O)Cc2cccc(F)c2)c1,5.657689510986517,0.3470486813796893,2,CHEMBL85875,"RnDHFR (R. norvegicus); TgDHFR-TS (T. gondii, apicomplexan)",False,0,c1ccc(CN/N=N/c2cccc(-c3cncnc3)c2)cc1,train
CCc1nc(N)nc(N)c1-c1ccc(Cl)c(/N=N/N(CCOC(C)=O)Cc2cccc([N+](=O)[O-])c2)c1,5.937048015796038,0.20346840909439898,2,CHEMBL88004,"RnDHFR (R. norvegicus); TgDHFR-TS (T. gondii, apicomplexan)",False,0,c1ccc(CN/N=N/c2cccc(-c3cncnc3)c2)cc1,train
CCc1nc(N)nc(N)c1-c1ccc(Cl)c(/N=N/N(CCOC(C)=O)Cc2cccc3ccccc23)c1,6.6259059864969,0.10332812494955197,2,CHEMBL313553,"RnDHFR (R. norvegicus); TgDHFR-TS (T. gondii, apicomplexan)",False,1,c1cc(/N=N/NCc2cccc3ccccc23)cc(-c2cncnc2)c1,test
CCc1nc(N)nc(N)c1-c1ccc(Cl)c(/N=N/N(CCOC(C)=O)Cc2ccccc2)c1,5.436674589666259,0.8365531962810805,4,CHEMBL55764,"RnDHFR (R. norvegicus); TgDHFR-TS (T. gondii, apicomplexan)",False,0,c1ccc(CN/N=N/c2cccc(-c3cncnc3)c2)cc1,train
CCc1nc(N)nc(N)c1-c1ccc(Cl)c(/N=N/N(CCOC(C)=O)Cc2ccccc2C)c1,5.515271075681234,0.7999510781009788,2,CHEMBL313131,"RnDHFR (R. norvegicus); TgDHFR-TS (T. gondii, apicomplexan)",False,0,c1ccc(CN/N=N/c2cccc(-c3cncnc3)c2)cc1,train
CCc1nc(N)nc(N)c1-c1ccc(Cl)c(/N=N/N(CCOC(C)=O)Cc2ccccc2Cl)c1,5.145195439463675,0.09825209908039159,2,CHEMBL85919,"RnDHFR (R. norvegicus); TgDHFR-TS (T. gondii, apicomplexan)",False,0,c1ccc(CN/N=N/c2cccc(-c3cncnc3)c2)cc1,train
CCc1nc(N)nc(N)c1-c1ccc(Cl)c(/N=N/N(CCOC(C)=O)Cc2ccccc2F)c1,4.967359564448623,0.1987618229669025,2,CHEMBL441062,"RnDHFR (R. norvegicus); TgDHFR-TS (T. gondii, apicomplexan)",False,0,c1ccc(CN/N=N/c2cccc(-c3cncnc3)c2)cc1,train
CCc1nc(N)nc(N)c1-c1ccc(Cl)c(/N=N/N(CCOC(C)=O)Cc2ccncc2)c1,5.701064688497997,0.6968612812498509,2,CHEMBL87730,"RnDHFR (R. norvegicus); TgDHFR-TS (T. gondii, apicomplexan)",False,0,c1cc(/N=N/NCc2ccncc2)cc(-c2cncnc2)c1,test
CCc1nc(N)nc(N)c1-c1ccc(Cl)c(/N=N/N(CCOC)CCOC)c1,4.819438410255775,0.3338660070518741,2,CHEMBL298819,"RnDHFR (R. norvegicus); TgDHFR-TS (T. gondii, apicomplexan)",False,0,c1ccc(-c2cncnc2)cc1,train
CCc1nc(N)nc(N)c1-c1ccc(Cl)c(/N=N/N2CCC(O)CC2)c1,5.142667503568731,,1,CHEMBL56532,RnDHFR (R. norvegicus),False,0,c1cc(/N=N/N2CCCCC2)cc(-c2cncnc2)c1,train
CCc1nc(N)nc(N)c1-c1ccc(Cl)c(/N=N/N2CCCCC2)c1,4.175223537524454,,1,CHEMBL293321,RnDHFR (R. norvegicus),False,0,c1cc(/N=N/N2CCCCC2)cc(-c2cncnc2)c1,train
CCc1nc(N)nc(N)c1-c1ccc(Cl)c(/N=N/N2CCN(C)CC2)c1,4.790484985457369,,1,CHEMBL413323,RnDHFR (R. norvegicus),False,0,c1cc(/N=N/N2CCNCC2)cc(-c2cncnc2)c1,test
CCc1nc(N)nc(N)c1-c1ccc(Cl)c(/N=N/N2CCOCC2)c1,6.721246399047171,1.2362236362698509,3,CHEMBL48203,"RnDHFR (R. norvegicus); TgDHFR-TS (T. gondii, apicomplexan)",False,1,c1cc(/N=N/N2CCOCC2)cc(-c2cncnc2)c1,train
CCc1nc(N)nc(N)c1-c1ccc(Cl)c(/N=N/N2CCOCC2)c1.CS(=O)(=O)O,5.958607314841775,,1,CHEMBL293265,RnDHFR (R. norvegicus),False,0,c1cc(/N=N/N2CCOCC2)cc(-c2cncnc2)c1,train
CCc1nc(N)nc(N)c1-c1ccc(Cl)c(/N=N/N2CCc3ccccc3C2)c1,5.769551078621726,,1,CHEMBL55903,RnDHFR (R. norvegicus),False,0,c1cc(/N=N/N2CCc3ccccc3C2)cc(-c2cncnc2)c1,test
CCc1nc(N)nc(N)c1-c1ccc(Cl)c(Cl)c1,8.045757490560675,1.3588355013290816,9,CHEMBL21799,"PfDHFR-TS K1 (P. falciparum, resistant)",True,1,c1ccc(-c2cncnc2)cc1,train
CCc1nc(N)nc(N)c1-c1ccc(Cl)c(N/N=N\C)c1,5.638272163982407,,1,CHEMBL53902,RnDHFR (R. norvegicus),False,0,c1ccc(-c2cncnc2)cc1,train
CCc1nc(N)nc(N)c1-c1ccc(Cl)c(N=[N+]=[N-])c1,6.321318484692428,0.2265111574250746,2,CHEMBL299045,"RnDHFR (R. norvegicus); TgDHFR-TS (T. gondii, apicomplexan)",False,1,c1ccc(-c2cncnc2)cc1,train
CCc1nc(N)nc(N)c1-c1ccc(Cl)c([N+]#N)c1.F[B-](F)(F)F,7.56656109283125,0.10141476939426766,2,CHEMBL57222,"RnDHFR (R. norvegicus); TgDHFR-TS (T. gondii, apicomplexan)",False,1,c1ccc(-c2cncnc2)cc1,train
CCc1nc(N)nc(N)c1-c1ccc(Cl)c([N+](=O)[O-])c1,7.823908740944319,0.3404415201003397,5,CHEMBL59530,"RnDHFR (R. norvegicus); TgDHFR-TS (T. gondii, apicomplexan)",False,1,c1ccc(-c2cncnc2)cc1,train
CCc1nc(N)nc(N)c1-c1ccc(Cl)cc1,6.4089353929735005,1.2811522480529223,72,CHEMBL36,"HsDHFR (H. sapiens); PfDHFR-TS 3D7 (P. falciparum, wild-type); PfDHFR-TS K1 (P. falciparum, resistant); RnDHFR (R. norvegicus); TgDHFR-TS (T. gondii, apicomplexan)",True,1,c1ccc(-c2cncnc2)cc1,train
CCc1nc(N)nc(N)c1-c1ccc(Cl)cc1Cl,5.942600182733938,1.7516816691881194,5,CHEMBL22357,"PfDHFR-TS K1 (P. falciparum, resistant)",True,0,c1ccc(-c2cncnc2)cc1,train
CCc1nc(N)nc(N)c1-c1ccc(N(C)C)c(N)c1,4.173925197299174,,1,CHEMBL314593,RnDHFR (R. norvegicus),False,0,c1ccc(-c2cncnc2)cc1,train
CCc1nc(N)nc(N)c1-c1ccc(N(C)C)c(N=[N+]=[N-])c1,5.795880017344075,,1,CHEMBL84069,RnDHFR (R. norvegicus),False,0,c1ccc(-c2cncnc2)cc1,train
CCc1nc(N)nc(N)c1-c1ccc(N(C)C)c([N+](=O)[O-])c1,6.6020599913279625,,1,CHEMBL311439,RnDHFR (R. norvegicus),False,1,c1ccc(-c2cncnc2)cc1,train
CCc1nc(N)nc(N)c1-c1ccc(N(C)C)cc1,5.207608310501746,,1,CHEMBL309217,RnDHFR (R. norvegicus),False,0,c1ccc(-c2cncnc2)cc1,train
CCc1nc(N)nc(N)c1-c1ccc(N(C)C2CCCCC2)c(N)c1,5.070581074285707,,1,CHEMBL80067,RnDHFR (R. norvegicus),False,0,c1ncc(-c2ccc(NC3CCCCC3)cc2)cn1,train
CCc1nc(N)nc(N)c1-c1ccc(N(C)C2CCCCC2)c([N+](=O)[O-])c1,5.6020599913279625,,1,CHEMBL312337,RnDHFR (R. norvegicus),False,0,c1ncc(-c2ccc(NC3CCCCC3)cc2)cn1,train
CCc1nc(N)nc(N)c1-c1ccc(N(C)Cc2ccc(C(=O)NC)cc2)c([N+](=O)[O-])c1,8.149129683781393,0.025966945871399,2,CHEMBL102418,"RnDHFR (R. norvegicus); TgDHFR-TS (T. gondii, apicomplexan)",False,1,c1ccc(CNc2ccc(-c3cncnc3)cc2)cc1,train
CCc1nc(N)nc(N)c1-c1ccc(N(C)Cc2ccc(C(=O)O)cc2)c([N+](=O)[O-])c1,8.464427354774458,0.06252372706294897,2,CHEMBL102850,"RnDHFR (R. norvegicus); TgDHFR-TS (T. gondii, apicomplexan)",False,1,c1ccc(CNc2ccc(-c3cncnc3)cc2)cc1,train
CCc1nc(N)nc(N)c1-c1ccc(N(C)Cc2ccc(C(=O)OC)cc2)c([N+](=O)[O-])c1,10.853871964321762,,1,CHEMBL449706,RnDHFR (R. norvegicus),False,1,c1ccc(CNc2ccc(-c3cncnc3)cc2)cc1,train
CCc1nc(N)nc(N)c1-c1ccc(N(C)Cc2ccc(C3=NC(C)(C)CO3)cc2)c([N+](=O)[O-])c1,7.83889035263304,0.021187198436397353,2,CHEMBL103971,"RnDHFR (R. norvegicus); TgDHFR-TS (T. gondii, apicomplexan)",False,1,c1ncc(-c2ccc(NCc3ccc(C4=NCCO4)cc3)cc2)cn1,test
CCc1nc(N)nc(N)c1-c1ccc(N(C)Cc2ccc(OC)cc2)c([N+](=O)[O-])c1,6.42021640338319,,1,CHEMBL311930,RnDHFR (R. norvegicus),False,1,c1ccc(CNc2ccc(-c3cncnc3)cc2)cc1,train
CCc1nc(N)nc(N)c1-c1ccc(N(C)Cc2ccccc2)c(N)c1,7.0,,1,CHEMBL79407,RnDHFR (R. norvegicus),False,1,c1ccc(CNc2ccc(-c3cncnc3)cc2)cc1,train
CCc1nc(N)nc(N)c1-c1ccc(N(C)Cc2ccccc2)c([N+](=O)[O-])c1,8.045757490560675,1.3502813030879834,7,CHEMBL56170,"RnDHFR (R. norvegicus); TgDHFR-TS (T. gondii, apicomplexan)",False,1,c1ccc(CNc2ccc(-c3cncnc3)cc2)cc1,train
CCc1nc(N)nc(N)c1-c1ccc(N(CC)Cc2ccccc2)c(N)c1,5.3979400086720375,,1,CHEMBL263275,RnDHFR (R. norvegicus),False,0,c1ccc(CNc2ccc(-c3cncnc3)cc2)cc1,train
CCc1nc(N)nc(N)c1-c1ccc(N(CC)Cc2ccccc2)c([N+](=O)[O-])c1,7.698970004336019,,1,CHEMBL309743,RnDHFR (R. norvegicus),False,1,c1ccc(CNc2ccc(-c3cncnc3)cc2)cc1,train
CCc1nc(N)nc(N)c1-c1ccc(N(Cc2ccccc2)Cc2ccccc2)c([N+](=O)[O-])c1,6.585026652029182,,1,CHEMBL83660,RnDHFR (R. norvegicus),False,1,c1ccc(CN(Cc2ccccc2)c2ccc(-c3cncnc3)cc2)cc1,test
CCc1nc(N)nc(N)c1-c1ccc(N2CCCC2)c([N+](=O)[O-])c1,5.769551078621726,,1,CHEMBL82208,RnDHFR (R. norvegicus),False,0,c1ncc(-c2ccc(N3CCCC3)cc2)cn1,test
CCc1nc(N)nc(N)c1-c1ccc(N2CCCCC2)c(N=[N+]=[N-])c1,5.070581074285707,,1,CHEMBL81019,RnDHFR (R. norvegicus),False,0,c1ncc(-c2ccc(N3CCCCC3)cc2)cn1,train
CCc1nc(N)nc(N)c1-c1ccc(N2CCCCC2)c([N+](=O)[O-])c1,6.207608310501746,,1,CHEMBL311375,RnDHFR (R. norvegicus),False,1,c1ncc(-c2ccc(N3CCCCC3)cc2)cn1,train
CCc1nc(N)nc(N)c1-c1ccc(N2CCN(C)CC2)c([N+](=O)[O-])c1,5.4089353929735005,,1,CHEMBL79465,RnDHFR (R. norvegicus),False,0,c1ncc(-c2ccc(N3CCNCC3)cc2)cn1,train
CCc1nc(N)nc(N)c1-c1ccc(N2CCNCC2)c([N+](=O)[O-])c1,5.508638306165727,,1,CHEMBL79279,RnDHFR (R. norvegicus),False,0,c1ncc(-c2ccc(N3CCNCC3)cc2)cn1,train
CCc1nc(N)nc(N)c1-c1ccc(N2CCOCC2)c(N=[N+]=[N-])c1,5.026872146400301,,1,CHEMBL312282,RnDHFR (R. norvegicus),False,0,c1ncc(-c2ccc(N3CCOCC3)cc2)cn1,train
CCc1nc(N)nc(N)c1-c1ccc(N2CCOCC2)c([N+](=O)[O-])c1,5.096910013008056,,1,CHEMBL80110,RnDHFR (R. norvegicus),False,0,c1ncc(-c2ccc(N3CCOCC3)cc2)cn1,train
CCc1nc(N)nc(N)c1-c1ccc(NC(C)c2ccccc2)c(N)c1,4.455931955649724,,1,CHEMBL83991,RnDHFR (R. norvegicus),False,0,c1ccc(CNc2ccc(-c3cncnc3)cc2)cc1,train
CCc1nc(N)nc(N)c1-c1ccc(NC(C)c2ccccc2)c([N+](=O)[O-])c1,6.7447274948966935,,1,CHEMBL312785,RnDHFR (R. norvegicus),False,1,c1ccc(CNc2ccc(-c3cncnc3)cc2)cc1,train
CCc1nc(N)nc(N)c1-c1ccc(NC)c(N)c1,4.823908740944319,,1,CHEMBL421712,RnDHFR (R. norvegicus),False,0,c1ccc(-c2cncnc2)cc1,train
CCc1nc(N)nc(N)c1-c1ccc(NC)c([N+](=O)[O-])c1,6.823908740944319,,1,CHEMBL310062,RnDHFR (R. norvegicus),False,1,c1ccc(-c2cncnc2)cc1,train
CCc1nc(N)nc(N)c1-c1ccc(NC2CCCCC2)c([N+](=O)[O-])c1,5.920818753952375,,1,CHEMBL83164,RnDHFR (R. norvegicus),False,0,c1ncc(-c2ccc(NC3CCCCC3)cc2)cn1,train
CCc1nc(N)nc(N)c1-c1ccc(NCCCN)c(N)c1,5.886056647693163,,1,CHEMBL80061,RnDHFR (R. norvegicus),False,0,c1ccc(-c2cncnc2)cc1,train
CCc1nc(N)nc(N)c1-c1ccc(NCCCN)c([N+](=O)[O-])c1,6.0,,1,CHEMBL84439,RnDHFR (R. norvegicus),False,1,c1ccc(-c2cncnc2)cc1,train
CCc1nc(N)nc(N)c1-c1ccc(NCCN)c([N+](=O)[O-])c1,5.585026652029182,,1,CHEMBL84440,RnDHFR (R. norvegicus),False,0,c1ccc(-c2cncnc2)cc1,train
CCc1nc(N)nc(N)c1-c1ccc(NCCc2ccccc2)c(N)c1,5.721246399047171,,1,CHEMBL311293,RnDHFR (R. norvegicus),False,0,c1ccc(CCNc2ccc(-c3cncnc3)cc2)cc1,train
CCc1nc(N)nc(N)c1-c1ccc(NCCc2ccccc2)c([N+](=O)[O-])c1,7.154901959985743,,1,CHEMBL312232,RnDHFR (R. norvegicus),False,1,c1ccc(CCNc2ccc(-c3cncnc3)cc2)cc1,train
CCc1nc(N)nc(N)c1-c1ccc(NCc2ccc(C(=O)N(C)C)cc2)c([N+](=O)[O-])c1,8.076491451032322,0.03660190846113137,2,CHEMBL102967,"RnDHFR (R. norvegicus); TgDHFR-TS (T. gondii, apicomplexan)",False,1,c1ccc(CNc2ccc(-c3cncnc3)cc2)cc1,train
CCc1nc(N)nc(N)c1-c1ccc(NCc2ccc(C(=O)N3CCCCC3)cc2)c([N+](=O)[O-])c1,6.711254100081387,0.2016921178454229,2,CHEMBL103558,"RnDHFR (R. norvegicus); TgDHFR-TS (T. gondii, apicomplexan)",False,1,O=C(c1ccc(CNc2ccc(-c3cncnc3)cc2)cc1)N1CCCCC1,test
CCc1nc(N)nc(N)c1-c1ccc(NCc2ccc(C(=O)NC(CCC(=O)O)C(=O)O)cc2)c([N+](=O)[O-])c1,8.046832479097453,0.22737136127375832,2,CHEMBL103086,"RnDHFR (R. norvegicus); TgDHFR-TS (T. gondii, apicomplexan)",False,1,c1ccc(CNc2ccc(-c3cncnc3)cc2)cc1,train
CCc1nc(N)nc(N)c1-c1ccc(NCc2ccc(C(=O)NC)cc2)c([N+](=O)[O-])c1,8.294190147018384,0.1023061853269697,2,CHEMBL104020,"RnDHFR (R. norvegicus); TgDHFR-TS (T. gondii, apicomplexan)",False,1,c1ccc(CNc2ccc(-c3cncnc3)cc2)cc1,train
CCc1nc(N)nc(N)c1-c1ccc(NCc2ccc(C(=O)O)cc2)c([N+](=O)[O-])c1,8.64116474849887,0.14645984051240957,2,CHEMBL103981,"RnDHFR (R. norvegicus); TgDHFR-TS (T. gondii, apicomplexan)",False,1,c1ccc(CNc2ccc(-c3cncnc3)cc2)cc1,train
CCc1nc(N)nc(N)c1-c1ccc(NCc2ccc(C(N)=O)cc2)c([N+](=O)[O-])c1,8.278368506270652,0.21698246112827904,2,CHEMBL323359,"RnDHFR (R. norvegicus); TgDHFR-TS (T. gondii, apicomplexan)",False,1,c1ccc(CNc2ccc(-c3cncnc3)cc2)cc1,train
CCc1nc(N)nc(N)c1-c1ccc(NCc2ccc(C3OCCO3)cc2)c([N+](=O)[O-])c1,7.809894379144197,0.01981930052573572,2,CHEMBL105526,"RnDHFR (R. norvegicus); TgDHFR-TS (T. gondii, apicomplexan)",False,1,c1ncc(-c2ccc(NCc3ccc(C4OCCO4)cc3)cc2)cn1,test
CCc1nc(N)nc(N)c1-c1ccc(NCc2ccc(Cl)c(Cl)c2)c([N+](=O)[O-])c1,8.096910013008056,,1,CHEMBL312556,RnDHFR (R. norvegicus),False,1,c1ccc(CNc2ccc(-c3cncnc3)cc2)cc1,train
CCc1nc(N)nc(N)c1-c1ccc(NCc2ccc(OC)cc2)c([N+](=O)[O-])c1,7.698970004336019,,1,CHEMBL312667,RnDHFR (R. norvegicus),False,1,c1ccc(CNc2ccc(-c3cncnc3)cc2)cc1,train
CCc1nc(N)nc(N)c1-c1ccc(NCc2ccc(S(N)(=O)=O)cc2)c([N+](=O)[O-])c1,8.372605156301395,0.19237992547046995,2,CHEMBL102996,"RnDHFR (R. norvegicus); TgDHFR-TS (T. gondii, apicomplexan)",False,1,c1ccc(CNc2ccc(-c3cncnc3)cc2)cc1,train
CCc1nc(N)nc(N)c1-c1ccc(NCc2ccccc2)c(N)c1,6.301029995663981,,1,CHEMBL83883,RnDHFR (R. norvegicus),False,1,c1ccc(CNc2ccc(-c3cncnc3)cc2)cc1,train
CCc1nc(N)nc(N)c1-c1ccc(NCc2ccccc2)c([N+](=O)[O-])c1,7.721246399047171,0.20423239227698417,3,CHEMBL81294,"RnDHFR (R. norvegicus); TgDHFR-TS (T. gondii, apicomplexan)",False,1,c1ccc(CNc2ccc(-c3cncnc3)cc2)cc1,train
CCc1nc(N)nc(N)c1-c1ccc(OC)cc1,8.147496020333332,1.0099653215241313,4,CHEMBL281412,"PfDHFR-TS K1 (P. falciparum, resistant)",True,1,c1ccc(-c2cncnc2)cc1,train
CCc1nc(N)nc(N)c1-c1ccc(OCCCOc2ccc(-c3c(N)nc(N)nc3CC)cc2)cc1.Cl.Cl,7.4736607226101555,,1,CHEMBL4460601,HsDHFR (H. sapiens),False,1,c1ncc(-c2ccc(OCCCOc3ccc(-c4cncnc4)cc3)cc2)cn1,test
CCc1nc(N)nc(N)c1-c1ccc(OCc2ccc(Cl)cc2Cl)c(OC)c1,7.8487912404246885,0.7056536803581649,4,CHEMBL22129,"PfDHFR-TS K1 (P. falciparum, resistant)",True,1,c1ccc(COc2ccc(-c3cncnc3)cc2)cc1,test
CCc1nc(N)nc(N)c1-c1ccc([N+](=O)[O-])c(N(C)Cc2ccccc2)c1,6.356547323513812,,1,CHEMBL81552,RnDHFR (R. norvegicus),False,1,c1ccc(CNc2cccc(-c3cncnc3)c2)cc1,train
CCc1nc(N)nc(N)c1-c1ccc([N+](=O)[O-])c(NCc2ccccc2)c1,5.036212172654444,,1,CHEMBL82464,RnDHFR (R. norvegicus),False,0,c1ccc(CNc2cccc(-c3cncnc3)c2)cc1,train
CCc1nc(N)nc(N)c1-c1ccc2c(c1)OCO2,7.460923901207224,1.3187134063811388,9,CHEMBL434771,"PfDHFR-TS K1 (P. falciparum, resistant)",True,1,c1ncc(-c2ccc3c(c2)OCO3)cn1,test
CCc1nc(N)nc(N)c1-c1ccc2c(c1)nc(-c1ccccc1)n2Cc1ccc(S(C)(=O)=O)cc1,5.638272163982407,,1,CHEMBL209394,HsDHFR (H. sapiens),False,0,c1ccc(Cn2c(-c3ccccc3)nc3cc(-c4cncnc4)ccc32)cc1,test
CCc1nc(N)nc(N)c1-c1ccc2c(c1)nc(C1CCCC1)n2Cc1ccc(S(C)(=O)=O)cc1,5.73754891026957,,1,CHEMBL209443,HsDHFR (H. sapiens),False,0,c1ccc(Cn2c(C3CCCC3)nc3cc(-c4cncnc4)ccc32)cc1,test
CCc1nc(N)nc(N)c1-c1ccc2nn(-c3ccccc3)[n+]([O-])c2c1,5.568636235841012,,1,CHEMBL188744,RnDHFR (R. norvegicus),False,0,c1ccc(-n2nc3ccc(-c4cncnc4)cc3[nH+]2)cc1,test
CCc1nc(N)nc(N)c1-c1cccc(Cl)c1,8.568636235841012,1.4480212121495777,19,CHEMBL278847,"HsDHFR (H. sapiens); PfDHFR-TS K1 (P. falciparum, resistant)",True,1,c1ccc(-c2cncnc2)cc1,train
CCc1nc(N)nc(N)c1-c1cccc(OC)c1,7.853871964321762,0.6255617858527267,6,CHEMBL29773,"PfDHFR-TS K1 (P. falciparum, resistant)",True,1,c1ccc(-c2cncnc2)cc1,train
CCc1nc(N)nc(N)c1-c1ccccc1,8.0217237040413,0.9701478380395553,10,CHEMBL22148,"HsDHFR (H. sapiens); PfDHFR-TS K1 (P. falciparum, resistant)",True,1,c1ccc(-c2cncnc2)cc1,train
CCc1nc(N)nc(N)c1C#CC(C)c1cc(-c2ccccc2)ccc1OC,7.0,,1,CHEMBL3644520,HsDHFR (H. sapiens),False,1,C(#Cc1cncnc1)Cc1cccc(-c2ccccc2)c1,train
CCc1nc(N)nc(N)c1C#CC(C)c1cc(OC)c(OC)c(OC)c1,7.055517327849831,,1,CHEMBL575223,HsDHFR (H. sapiens),False,1,C(#Cc1cncnc1)Cc1ccccc1,train
CCc1nc(N)nc(N)c1C#CC(C)c1cc(OC)cc(-c2ccc(C(=O)O)cc2)c1,5.993533957750769,,1,CHEMBL5818232,HsDHFR (H. sapiens),False,0,C(#Cc1cncnc1)Cc1cccc(-c2ccccc2)c1,train
CCc1nc(N)nc(N)c1C#CC(C)c1cc(OC)cc(-c2ccc3c(c2)OCCO3)c1,6.585026652029182,,1,CHEMBL2335423,HsDHFR (H. sapiens),False,1,C(#Cc1cncnc1)Cc1cccc(-c2ccc3c(c2)OCCO3)c1,train
CCc1nc(N)nc(N)c1C#CC(C)c1cc(OC)cc(-c2cccc3cnccc23)c1,7.346787486224656,,1,CHEMBL2335421,HsDHFR (H. sapiens),False,1,C(#Cc1cncnc1)Cc1cccc(-c2cccc3cnccc23)c1,train
CCc1nc(N)nc(N)c1C#CC(C)c1cc(OC)cc(-c2ccncc2)c1,5.886056647693163,0.0,2,CHEMBL2335419,HsDHFR (H. sapiens),False,0,C(#Cc1cncnc1)Cc1cccc(-c2ccncc2)c1,train
CCc1nc(N)nc(N)c1C#CC(C)c1cc(OC)cc(N2CCOCC2)c1,6.6020599913279625,,1,CHEMBL2335417,HsDHFR (H. sapiens),False,1,C(#Cc1cncnc1)Cc1cccc(N2CCOCC2)c1,train
CCc1nc(N)nc(N)c1C#CC(C)c1cc2c(c(-c3cncn3C)c1)OCO2,6.490797477668897,,1,CHEMBL5927176,HsDHFR (H. sapiens),False,1,C(#Cc1cncnc1)Cc1cc2c(c(-c3cnc[nH]3)c1)OCO2,test
CCc1nc(N)nc(N)c1C#CC(C)c1ccc(-c2ccc(C#N)cc2)cc1OC,6.3214816209598865,,1,CHEMBL3234120,HsDHFR (H. sapiens),False,1,C(#Cc1cncnc1)Cc1ccc(-c2ccccc2)cc1,train
CCc1nc(N)nc(N)c1C#CC(C)c1ccc(-c2ccc(C(=O)OC)cc2)cc1OC,7.309803919971486,,1,CHEMBL3234318,HsDHFR (H. sapiens),False,1,C(#Cc1cncnc1)Cc1ccc(-c2ccccc2)cc1,train
CCc1nc(N)nc(N)c1C#CC(C)c1ccc(-c2ccc(C)cc2)cc1OC,6.681936665037238,,1,CHEMBL3234119,HsDHFR (H. sapiens),False,1,C(#Cc1cncnc1)Cc1ccc(-c2ccccc2)cc1,train
CCc1nc(N)nc(N)c1C#CC(C)c1ccc(-c2ccc(C)cc2)nc1,6.204119982655925,,1,CHEMBL3234323,HsDHFR (H. sapiens),False,1,C(#Cc1cncnc1)Cc1ccc(-c2ccccc2)nc1,train
CCc1nc(N)nc(N)c1C#CC(C)c1ccc(-c2ccc(F)cc2)cc1OC,6.8297382846050425,,1,CHEMBL3234320,HsDHFR (H. sapiens),False,1,C(#Cc1cncnc1)Cc1ccc(-c2ccccc2)cc1,train
CCc1nc(N)nc(N)c1C#CC(C)c1ccc(-c2ccc(N(C)C)cc2)cc1OC,6.8326826652518236,,1,CHEMBL3234319,HsDHFR (H. sapiens),False,1,C(#Cc1cncnc1)Cc1ccc(-c2ccccc2)cc1,train
CCc1nc(N)nc(N)c1C#CC(C)c1ccc(-c2ccc(O)cc2)cc1OC,6.866461091629782,,1,CHEMBL3234118,HsDHFR (H. sapiens),False,1,C(#Cc1cncnc1)Cc1ccc(-c2ccccc2)cc1,train
CCc1nc(N)nc(N)c1C#CC(C)c1ccc(-c2ccc(OC(N)=O)cc2)cc1OC,6.769551078621726,,1,CHEMBL3234317,HsDHFR (H. sapiens),False,1,C(#Cc1cncnc1)Cc1ccc(-c2ccccc2)cc1,train
CCc1nc(N)nc(N)c1C#CC(C)c1ccc(-c2ccccc2)cc1,6.7594507517174005,,1,CHEMBL3234321,HsDHFR (H. sapiens),False,1,C(#Cc1cncnc1)Cc1ccc(-c2ccccc2)cc1,train
CCc1nc(N)nc(N)c1C#CC(C)c1ccc(-c2ccccc2)cc1OC,6.764471553092451,,1,CHEMBL3234116,HsDHFR (H. sapiens),False,1,C(#Cc1cncnc1)Cc1ccc(-c2ccccc2)cc1,train
CCc1nc(N)nc(N)c1C#CC(C)c1ccc(-c2ccccc2)nc1,6.162411561764489,,1,CHEMBL3234322,HsDHFR (H. sapiens),False,1,C(#Cc1cncnc1)Cc1ccc(-c2ccccc2)nc1,train
CCc1nc(N)nc(N)c1C#CC(C)c1ccc(-c2ccncc2)cc1OC,6.896196279044043,,1,CHEMBL3234117,HsDHFR (H. sapiens),False,1,C(#Cc1cncnc1)Cc1ccc(-c2ccncc2)cc1,test
CCc1nc(N)nc(N)c1C#CC(C)c1cnc(-c2ccccc2)nc1,6.7447274948966935,,1,CHEMBL3234324,HsDHFR (H. sapiens),False,1,C(#Cc1cncnc1)Cc1cnc(-c2ccccc2)nc1,test
CCc1nc(N)nc(N)c1C#CC(SC)c1cc(-c2ccc(C(=O)O)cc2)ccc1OC,5.708853238268114,,1,CHEMBL6003177,HsDHFR (H. sapiens),False,0,C(#Cc1cncnc1)Cc1cccc(-c2ccccc2)c1,train
CCc1nc(N)nc(N)c1C#CCc1cc(-c2ccc(C(=O)O)cc2)ccc1OC,6.378890964194796,0.4503000470156884,2,CHEMBL3827532,HsDHFR (H. sapiens),False,1,C(#Cc1cncnc1)Cc1cccc(-c2ccccc2)c1,train
CCc1nc(N)nc(N)c1C#CCc1cc(-c2cccc(C(=O)O)c2)ccc1OC.O=C(O)C(F)(F)F,6.460735664052545,,1,CHEMBL3828724,HsDHFR (H. sapiens),False,1,C(#Cc1cncnc1)Cc1cccc(-c2ccccc2)c1,train
CCc1nc(N)nc(N)c1C#CCc1cc(-c2ccccc2)ccc1OC,6.522878745280337,,1,CHEMBL1270533,HsDHFR (H. sapiens),False,1,C(#Cc1cncnc1)Cc1cccc(-c2ccccc2)c1,train
CCc1nc(N)nc(N)c1C#CCc1cc(-c2ccccc2C(=O)O)ccc1OC,5.702557581826494,0.14087083803305248,2,CHEMBL3827086,HsDHFR (H. sapiens),False,0,C(#Cc1cncnc1)Cc1cccc(-c2ccccc2)c1,train
CCc1nc(N)nc(N)c1C#CCc1cc(-c2ccncc2)ccc1OC,6.481486060122112,,1,CHEMBL3526249,HsDHFR (H. sapiens),False,1,C(#Cc1cncnc1)Cc1cccc(-c2ccncc2)c1,train
CCc1nc(N)nc(N)c1C#CCc1cc(-c2cncn2C)ccc1OC,5.838033383635925,,1,CHEMBL5878950,HsDHFR (H. sapiens),False,0,C(#Cc1cncnc1)Cc1cccc(-c2cnc[nH]2)c1,test
CCc1nc(N)nc(N)c1C#CCc1cc(OC)c(OC)c(OC)c1,7.2441251443275085,0.0,2,CHEMBL485959,HsDHFR (H. sapiens),False,1,C(#Cc1cncnc1)Cc1ccccc1,train
CCc1nc(N)nc(N)c1C#CCc1cc(OC)cc(-c2ccc(C(=O)O)cc2)c1.O=C(O)C(F)(F)F,6.799231555216828,,1,CHEMBL3828291,HsDHFR (H. sapiens),False,1,C(#Cc1cncnc1)Cc1cccc(-c2ccccc2)c1,train
CCc1nc(N)nc(N)c1C#CCc1cc(OC)cc(-c2ccc3c(c2)OCCO3)c1,6.853871964321762,,1,CHEMBL2335422,HsDHFR (H. sapiens),False,1,C(#Cc1cncnc1)Cc1cccc(-c2ccc3c(c2)OCCO3)c1,train
CCc1nc(N)nc(N)c1C#CCc1cc(OC)cc(-c2cccc3cnccc23)c1,7.221848749616356,,1,CHEMBL2335420,HsDHFR (H. sapiens),False,1,C(#Cc1cncnc1)Cc1cccc(-c2cccc3cnccc23)c1,train
CCc1nc(N)nc(N)c1C#CCc1cc(OC)cc(-c2ccccc2)c1,6.853871964321762,,1,CHEMBL1270633,HsDHFR (H. sapiens),False,1,C(#Cc1cncnc1)Cc1cccc(-c2ccccc2)c1,train
CCc1nc(N)nc(N)c1C#CCc1cc(OC)cc(-c2ccncc2)c1,7.214670164989233,,1,CHEMBL3219804,HsDHFR (H. sapiens),False,1,C(#Cc1cncnc1)Cc1cccc(-c2ccncc2)c1,train
CCc1nc(N)nc(N)c1C#CCc1cc(OC)ccc1OC,5.892790030352131,0.0,3,CHEMBL485961,HsDHFR (H. sapiens),False,0,C(#Cc1cncnc1)Cc1ccccc1,train
CCc1nc(N)nc(N)c1C#CCc1ccc(OC)c(-c2ccc(C(=O)O)cc2)c1,6.162411561764489,,1,CHEMBL5902174,HsDHFR (H. sapiens),False,1,C(#Cc1cncnc1)Cc1cccc(-c2ccccc2)c1,train
CCc1nc(N)nc(N)c1C#CCc1cccc(-c2ccccc2)c1,6.537602002101044,,1,CHEMBL1270439,HsDHFR (H. sapiens),False,1,C(#Cc1cncnc1)Cc1cccc(-c2ccccc2)c1,train
CCc1nc(N)nc(N)c1C#CCc1cccc(-c2cccnc2)c1,6.537602002101044,,1,CHEMBL3644522,HsDHFR (H. sapiens),False,1,C(#Cc1cncnc1)Cc1cccc(-c2cccnc2)c1,test
CCc1nc(N)nc(N)c1C#CCc1cccc(-c2ccncc2)c1,6.2839966563652006,,1,CHEMBL3644521,HsDHFR (H. sapiens),False,1,C(#Cc1cncnc1)Cc1cccc(-c2ccncc2)c1,train
CCc1nc(N)nc(N)c1C#CCc1cccc(-c2cncnc2)c1,6.795880017344075,,1,CHEMBL3644523,HsDHFR (H. sapiens),False,1,C(#Cc1cncnc1)Cc1cccc(-c2cncnc2)c1,test
CCc1nc(N)nc(N)c1C#CCc1cccc(OC)c1OC,6.886056647693163,,1,CHEMBL486570,HsDHFR (H. sapiens),False,1,C(#Cc1cncnc1)Cc1ccccc1,train
CCc1nc(N)nc(N)c1C#CCc1ccccc1,6.443697499232712,,1,CHEMBL501263,HsDHFR (H. sapiens),False,1,C(#Cc1cncnc1)Cc1ccccc1,train
CCc1nc(N)nc(N)c1C#C[C@@H](C)c1cc(-c2ccncc2)ccc1OC,6.84163750790475,,1,CHEMBL4588910,HsDHFR (H. sapiens),False,1,C(#Cc1cncnc1)Cc1cccc(-c2ccncc2)c1,train
CCc1nc(N)nc(N)c1C#C[C@@H](C)c1cc(OC)cc(-c2ccc(C(=O)O)cc2)c1,6.410474852562463,,1,CHEMBL3828581,HsDHFR (H. sapiens),False,1,C(#Cc1cncnc1)Cc1cccc(-c2ccccc2)c1,train
CCc1nc(N)nc(N)c1C#C[C@H](C)c1cc(OC)cc(-c2ccc(C(=O)O)cc2)c1,6.630357481594741,,1,CHEMBL3828485,HsDHFR (H. sapiens),False,1,C(#Cc1cncnc1)Cc1cccc(-c2ccccc2)c1,train
CCc1nc(N)nc(N)c1C#C[C@H](C)c1cc2c(c(-c3ccncc3)c1)OCO2,5.535510452566029,,1,CHEMBL4483336,HsDHFR (H. sapiens),False,0,C(#Cc1cncnc1)Cc1cc2c(c(-c3ccncc3)c1)OCO2,test
CCc1nc(N)nc(N)c1Cc1cc(OC)c(OC)c(OC)c1,6.443697499232712,0.8638591554626421,7,CHEMBL419055,"PfDHFR-TS K1 (P. falciparum, resistant)",True,1,c1ccc(Cc2cncnc2)cc1,external
CCc1nc(N)nc(N)c1Cc1ccc(-c2ccc(C(=O)O)cc2)cc1.Cl,7.73367891942936,1.5060299018250305,2,CHEMBL5404134,"HsDHFR (H. sapiens); PfDHFR-TS K1 (P. falciparum, resistant)",True,1,c1ccc(-c2ccc(Cc3cncnc3)cc2)cc1,train
CCc1nc(N)nc(N)c1Cc1ccc(-c2ccc(C(=O)OC)cc2)cc1.Cl,7.6742179556001995,1.8391510500759034,2,CHEMBL5440218,"HsDHFR (H. sapiens); PfDHFR-TS K1 (P. falciparum, resistant)",True,1,c1ccc(-c2ccc(Cc3cncnc3)cc2)cc1,train
CCc1nc(N)nc(N)c1Cc1ccc(-c2cccc(C(=O)O)c2)cc1.Cl,8.18495038356484,1.9129382640998216,2,CHEMBL5417784,"HsDHFR (H. sapiens); PfDHFR-TS K1 (P. falciparum, resistant)",True,1,c1ccc(-c2ccc(Cc3cncnc3)cc2)cc1,train
CCc1nc(N)nc(N)c1Cc1ccc(-c2cccc(C(=O)OC)c2)cc1.Cl,8.19607848298162,1.8972007549811734,2,CHEMBL5406769,"HsDHFR (H. sapiens); PfDHFR-TS K1 (P. falciparum, resistant)",True,1,c1ccc(-c2ccc(Cc3cncnc3)cc2)cc1,train
CCc1nc(N)nc(N)c1Cc1ccc(OCc2ccccc2)c(OC)c1,6.119186407719209,1.1707286692338092,11,CHEMBL118602,"PfDHFR-TS K1 (P. falciparum, resistant)",True,1,c1ccc(COc2ccc(Cc3cncnc3)cc2)cc1,train
CCc1nc(N)nc(N)c1Cc1ccc(OCc2ccccc2)c(OCc2ccccc2)c1,6.688882157337494,1.0729762505375238,15,CHEMBL22137,"PfDHFR-TS K1 (P. falciparum, resistant)",True,1,c1ccc(COc2ccc(Cc3cncnc3)cc2OCc2ccccc2)cc1,train
CCc1nc(N)nc(N)c1Cc1cccc(-c2ccc(C(=O)O)cc2)c1.Cl.Cl,8.488168040901103,1.1746326634423616,2,CHEMBL5432011,"HsDHFR (H. sapiens); PfDHFR-TS K1 (P. falciparum, resistant)",True,1,c1ccc(-c2cccc(Cc3cncnc3)c2)cc1,train
CCc1nc(N)nc(N)c1Cc1cccc(-c2ccc(C(=O)OC)cc2)c1.Cl,8.691237732556854,1.2880971912653982,2,CHEMBL5421199,"HsDHFR (H. sapiens); PfDHFR-TS K1 (P. falciparum, resistant)",True,1,c1ccc(-c2cccc(Cc3cncnc3)c2)cc1,train
CCc1nc(N)nc(N)c1Cc1cccc(-c2cccc(C(=O)O)c2)c1.Cl,8.30162144089002,1.8903095807530592,2,CHEMBL5397904,"HsDHFR (H. sapiens); PfDHFR-TS K1 (P. falciparum, resistant)",True,1,c1ccc(-c2cccc(Cc3cncnc3)c2)cc1,train
CCc1nc(N)nc(N)c1Cc1cccc(-c2cccc(C(=O)OC)c2)c1.Cl,8.694989487667927,1.3898766689084763,2,CHEMBL5415214,"HsDHFR (H. sapiens); PfDHFR-TS K1 (P. falciparum, resistant)",True,1,c1ccc(-c2cccc(Cc3cncnc3)c2)cc1,train
CCc1nc(N)nc(N)c1N1CCN(c2ccc(C)cc2)CC1,5.7599502278873524,,1,CHEMBL6061610,HsDHFR (H. sapiens),False,0,c1ccc(N2CCN(c3cncnc3)CC2)cc1,train
CCc1nc(N)nc(N)c1N1CCN(c2ccc(C)cn2)CC1,6.100179497572904,,1,CHEMBL5877082,HsDHFR (H. sapiens),False,1,c1ccc(N2CCN(c3cncnc3)CC2)nc1,train
CCc1nc(N)nc(N)c1N1CCN(c2ccc(F)cc2)CC1,5.849857838151442,,1,CHEMBL6001741,HsDHFR (H. sapiens),False,0,c1ccc(N2CCN(c3cncnc3)CC2)cc1,train
CCc1nc(N)nc(N)c1N1CCN(c2ccc(F)cn2)CC1,6.530177984021837,,1,CHEMBL5751279,HsDHFR (H. sapiens),False,1,c1ccc(N2CCN(c3cncnc3)CC2)nc1,train
CCc1nc(N)nc(N)c1N1CCN(c2cccc(-c3ccccc3)c2)CC1,7.553396623470076,1.2083417128319744,2,CHEMBL4582435,"HsDHFR (H. sapiens); TgDHFR-TS (T. gondii, apicomplexan)",False,1,c1ccc(-c2cccc(N3CCN(c4cncnc4)CC3)c2)cc1,train
CCc1nc(N)nc(N)c1N1CCN(c2cccc(C)c2)CC1,6.379863945026242,,1,CHEMBL5936551,HsDHFR (H. sapiens),False,1,c1ccc(N2CCN(c3cncnc3)CC2)cc1,train
CCc1nc(N)nc(N)c1N1CCN(c2cccc(OC)c2)CC1,6.279840696594043,,1,CHEMBL5796794,HsDHFR (H. sapiens),False,1,c1ccc(N2CCN(c3cncnc3)CC2)cc1,train
CCc1nc(N)nc(N)c1N1CCN(c2ccccc2)CC1,5.869988050328096,,1,CHEMBL5883668,HsDHFR (H. sapiens),False,0,c1ccc(N2CCN(c3cncnc3)CC2)cc1,train
CCc1nc(N)nc(N)c1N1CCN(c2ccccn2)CC1,5.99012436628784,,1,CHEMBL5831279,HsDHFR (H. sapiens),False,0,c1ccc(N2CCN(c3cncnc3)CC2)nc1,train
CCc1nc(N)nc(N)c1N1CCN(c2ccncc2)CC1,4.519993057042849,,1,CHEMBL5779683,HsDHFR (H. sapiens),False,0,c1cc(N2CCN(c3cncnc3)CC2)ccn1,test
CCc1nc(N)nc(N)c1OCCCCOc1ccc(-c2ccc(C(=O)O)cc2)cc1.Cl,8.69620815799938,1.3061402108734095,2,CHEMBL5597152,"HsDHFR (H. sapiens); PfDHFR-TS K1 (P. falciparum, resistant)",True,1,c1ccc(-c2ccc(OCCCCOc3cncnc3)cc2)cc1,train
CCc1nc(N)nc(N)c1OCCCCOc1ccc(-c2ccccc2)cc1.Cl,8.732885381375622,1.2051097420161054,2,CHEMBL5597854,"HsDHFR (H. sapiens); PfDHFR-TS K1 (P. falciparum, resistant)",True,1,c1ccc(-c2ccc(OCCCCOc3cncnc3)cc2)cc1,train
CCc1nc(N)nc(N)c1OCCCCOc1cccc(-c2ccccc2)c1.Cl,8.807420380709978,1.1237901145348275,2,CHEMBL5597998,"HsDHFR (H. sapiens); PfDHFR-TS K1 (P. falciparum, resistant)",True,1,c1ccc(-c2cccc(OCCCCOc3cncnc3)c2)cc1,test
CCc1nc(N)nc(N)c1OCCCOc1ccc(-c2c(N)nc(N)nc2CC)cc1,7.7423214251308154,,1,CHEMBL4462726,HsDHFR (H. sapiens),False,1,c1ncc(OCCCOc2ccc(-c3cncnc3)cc2)cn1,train
CCc1nc(N)nc(N)c1OCCCOc1ccc(-c2c(N)nc(N)nc2CC)cc1.Cl.Cl,7.694648630553377,,1,CHEMBL4454693,HsDHFR (H. sapiens),False,1,c1ncc(OCCCOc2ccc(-c3cncnc3)cc2)cn1,train
CCc1nc(N)nc(N)c1OCCCOc1ccc(-c2ccc(C(=O)O)cc2)cc1.Cl,8.901001551201432,1.2655492634945582,2,CHEMBL5598041,"HsDHFR (H. sapiens); PfDHFR-TS K1 (P. falciparum, resistant)",True,1,c1ccc(-c2ccc(OCCCOc3cncnc3)cc2)cc1,train
CCc1nc(N)nc(N)c1OCCCOc1ccc(-c2ccccc2)cc1,8.726679322222555,1.2630474771676945,2,CHEMBL5596188,"HsDHFR (H. sapiens); PfDHFR-TS K1 (P. falciparum, resistant)",True,1,c1ccc(-c2ccc(OCCCOc3cncnc3)cc2)cc1,train
CCc1nc(N)nc(N)c1OCCCOc1cccc(-c2c(N)nc(N)nc2CC)c1,7.647817481888637,,1,CHEMBL4442735,HsDHFR (H. sapiens),False,1,c1cc(OCCCOc2cncnc2)cc(-c2cncnc2)c1,test
CCc1nc(N)nc(N)c1OCCCOc1cccc(-c2ccccc2)c1.Cl,8.621834116339471,0.8485488320024897,2,CHEMBL5598010,"HsDHFR (H. sapiens); PfDHFR-TS K1 (P. falciparum, resistant)",True,1,c1ccc(-c2cccc(OCCCOc3cncnc3)c2)cc1,test
CCc1nc(N)nc(N)c1OCCCOc1ccccc1CCC(=O)O,7.759201228882668,1.5677777537633966,5,CHEMBL3040038,"HsDHFR (H. sapiens); PfDHFR-TS K1 (P. falciparum, resistant)",True,1,c1ccc(OCCCOc2cncnc2)cc1,train
CCc1nc(N)nc(N)c1OCCCOc1ccccc1CCC(=O)O.Cl,8.337242168318426,,1,CHEMBL2387269,"PfDHFR-TS K1 (P. falciparum, resistant)",True,1,c1ccc(OCCCOc2cncnc2)cc1,train
CCc1ncc(-c2cccc(C3CCN(c4cnc(N)nc4N)CC3)c2)cn1,6.489454989793388,,1,CHEMBL5913893,HsDHFR (H. sapiens),False,1,c1cc(-c2cncnc2)cc(C2CCN(c3cncnc3)CC2)c1,train
CCc1ncc(-c2cccc(N3CCN(c4cnc(N)nc4N)CC3)c2)cn1,5.824914285798836,0.03527551003081846,2,CHEMBL5806112,HsDHFR (H. sapiens),False,0,c1cc(-c2cncnc2)cc(N2CCN(c3cncnc3)CC2)c1,train
CCc1nnc(NC(=O)CCc2ccc(S(=O)(=O)Nc3ccc(F)cc3)cc2)s1,6.700659450546418,2.1213203435596424,2,CHEMBL1939368,"PfDHFR-TS K1 (P. falciparum, resistant)",True,1,O=C(CCc1ccc(S(=O)(=O)Nc2ccccc2)cc1)Nc1nncs1,test
CCc1sc2nc(N)[nH]c(=O)c2c1Sc1cc(Cl)cc(Cl)c1,6.552841968657781,1.0409131647403864,3,CHEMBL560912,"HsDHFR (H. sapiens); TgDHFR-TS (T. gondii, apicomplexan)",False,1,O=c1[nH]cnc2scc(Sc3ccccc3)c12,train
CCc1sc2nc(N)[nH]c(=O)c2c1Sc1cc(OC)cc(OC)c1,6.267606240177031,1.01249419383156,3,CHEMBL563212,"HsDHFR (H. sapiens); TgDHFR-TS (T. gondii, apicomplexan)",False,1,O=c1[nH]cnc2scc(Sc3ccccc3)c12,train
CCc1sc2nc(N)[nH]c(=O)c2c1Sc1cc(OC)ccc1OC,6.96479633912994,1.257342807121613,2,CHEMBL564004,"HsDHFR (H. sapiens); TgDHFR-TS (T. gondii, apicomplexan)",False,1,O=c1[nH]cnc2scc(Sc3ccccc3)c12,train
CCc1sc2nc(N)[nH]c(=O)c2c1Sc1ccc(Br)cc1,7.235541649861172,1.1188177581297283,4,CHEMBL565179,"HsDHFR (H. sapiens); TgDHFR-TS (T. gondii, apicomplexan)",False,1,O=c1[nH]cnc2scc(Sc3ccccc3)c12,train
CCc1sc2nc(N)[nH]c(=O)c2c1Sc1ccc(C(=O)N[C@@H](CCC(=O)O)C(=O)O)cc1,8.199513552156626,0.8023012198377045,4,CHEMBL551049,"HsDHFR (H. sapiens); TgDHFR-TS (T. gondii, apicomplexan)",False,1,O=c1[nH]cnc2scc(Sc3ccccc3)c12,train
CCc1sc2nc(N)[nH]c(=O)c2c1Sc1ccc(Cl)c(Cl)c1,6.537602002101044,1.0861320035862623,3,CHEMBL556091,"HsDHFR (H. sapiens); TgDHFR-TS (T. gondii, apicomplexan)",False,1,O=c1[nH]cnc2scc(Sc3ccccc3)c12,train
CCc1sc2nc(N)[nH]c(=O)c2c1Sc1ccc(Cl)cc1,7.284318117920506,1.1830002453381354,4,CHEMBL564277,"HsDHFR (H. sapiens); TgDHFR-TS (T. gondii, apicomplexan)",False,1,O=c1[nH]cnc2scc(Sc3ccccc3)c12,train
CCc1sc2nc(N)[nH]c(=O)c2c1Sc1ccc(F)cc1,6.207608310501746,1.0328380724544304,3,CHEMBL538143,"HsDHFR (H. sapiens); TgDHFR-TS (T. gondii, apicomplexan)",False,1,O=c1[nH]cnc2scc(Sc3ccccc3)c12,train
CCc1sc2nc(N)[nH]c(=O)c2c1Sc1ccc([N+](=O)[O-])cc1,7.322753699705282,1.0586529126149622,4,CHEMBL564937,"HsDHFR (H. sapiens); TgDHFR-TS (T. gondii, apicomplexan)",False,1,O=c1[nH]cnc2scc(Sc3ccccc3)c12,train
CCc1sc2nc(N)[nH]c(=O)c2c1Sc1ccc2ccccc2c1,7.017164014389946,1.3210897360107423,4,CHEMBL550296,"HsDHFR (H. sapiens); TgDHFR-TS (T. gondii, apicomplexan)",False,1,O=c1[nH]cnc2scc(Sc3ccc4ccccc4c3)c12,train
CCc1sc2nc(N)[nH]c(=O)c2c1Sc1cccc(Cl)c1,6.522878745280337,1.1026580615387336,3,CHEMBL551985,"HsDHFR (H. sapiens); TgDHFR-TS (T. gondii, apicomplexan)",False,1,O=c1[nH]cnc2scc(Sc3ccccc3)c12,train
CCc1sc2nc(N)[nH]c(=O)c2c1Sc1ccccc1,6.533256356075647,1.259230019809155,4,CHEMBL550769,"HsDHFR (H. sapiens); TgDHFR-TS (T. gondii, apicomplexan)",False,1,O=c1[nH]cnc2scc(Sc3ccccc3)c12,train
CCc1sc2nc(N)[nH]c(=O)c2c1Sc1ccccc1Cl,6.221848749616356,1.0054349608863358,3,CHEMBL551768,"HsDHFR (H. sapiens); TgDHFR-TS (T. gondii, apicomplexan)",False,1,O=c1[nH]cnc2scc(Sc3ccccc3)c12,train
CCc1sc2nc(N)[nH]c(=O)c2c1Sc1ccncc1,6.455931955649724,1.0162606218048806,3,CHEMBL550842,"HsDHFR (H. sapiens); TgDHFR-TS (T. gondii, apicomplexan)",False,1,O=c1[nH]cnc2scc(Sc3ccncc3)c12,train
CCn1c(Sc2cccc(OC)c2)c(C)c2c(N)nc(N)nc21,6.291579099865287,,1,CHEMBL4227124,HsDHFR (H. sapiens),False,1,c1ccc(Sc2cc3cncnc3[nH]2)cc1,train
CCn1c2ccccc2c2cc(N(C)Cc3coc4nc(N)nc(N)c34)ccc21,4.609999985082743,0.021542795040950937,3,CHEMBL604709,"RnDHFR (R. norvegicus); TgDHFR-TS (T. gondii, apicomplexan)",False,0,c1ccc2c(c1)[nH]c1ccc(NCc3coc4ncncc34)cc12,train
CCn1c2ccccc2c2cc(NCc3coc4nc(N)nc(N)c34)ccc21,5.346787486224656,0.259099045869726,3,CHEMBL601520,"RnDHFR (R. norvegicus); TgDHFR-TS (T. gondii, apicomplexan)",False,0,c1ccc2c(c1)[nH]c1ccc(NCc3coc4ncncc34)cc12,train
CN(C)C(=O)CCC(NC(=O)c1ccc(N(C)Cc2cnc3nc(N)nc(N)c3n2)cc1)C(=O)O,11.4089353929735,,1,CHEMBL55590,MmDHFR (M. musculus),False,1,c1ccc(NCc2cnc3ncncc3n2)cc1,external
CN(C)C(=O)c1ccc(COc2ccc(N3C(N)=NC(N)=NC3(C)C)cc2Cl)cc1,7.010016541698601,,1,CHEMBL34043,GgDHFR (G. gallus),False,1,C1=NC=NCN1c1ccc(OCc2ccccc2)cc1,train
CN(C)C(=O)c1cccc(COc2ccc(N3C(N)=NC(N)=NC3(C)C)cc2Cl)c1,7.110026361596004,,1,CHEMBL6666,HsDHFR (H. sapiens),False,1,C1=NC=NCN1c1ccc(OCc2ccccc2)cc1,train
CN(C)c1ccc(Cc2cnc(N)nc2N)cc1,4.010000009312982,,1,CHEMBL19383,GgDHFR (G. gallus),False,0,c1ccc(Cc2cncnc2)cc1,external
CN(C)c1ncc(-c2cccc(N3CCN(c4cnc(N)nc4N)CC3)c2)cn1,5.940058111938045,,1,CHEMBL6049272,HsDHFR (H. sapiens),False,0,c1cc(-c2cncnc2)cc(N2CCN(c3cncnc3)CC2)c1,train
CN(C)c1ncc2nc(NC(=O)c3ccc(Cl)c([N+](=O)[O-])c3)sc2n1,3.260000003048627,,1,CHEMBL5424267,HsDHFR (H. sapiens),False,0,O=C(Nc1nc2cncnc2s1)c1ccccc1,train
CN(CC1CCc2nc(N)nc(N)c2C1)c1ccc(Cl)c(Cl)c1,7.573150894111913,0.11461621551328642,6,CHEMBL121433,"RnDHFR (R. norvegicus); TgDHFR-TS (T. gondii, apicomplexan)",False,1,c1ccc(NCC2CCc3ncncc3C2)cc1,train
CN(CC1CCc2nc(N)nc(N)c2C1)c1ccc(Cl)cc1,7.415751258238483,0.2649071771381583,6,CHEMBL123043,"RnDHFR (R. norvegicus); TgDHFR-TS (T. gondii, apicomplexan)",False,1,c1ccc(NCC2CCc3ncncc3C2)cc1,train
CN(CC1CCc2nc(N)nc(N)c2C1)c1cccc2ccccc12,7.4830871530233445,0.3302903275022095,6,CHEMBL121348,"RnDHFR (R. norvegicus); TgDHFR-TS (T. gondii, apicomplexan)",False,1,c1ccc2c(NCC3CCc4ncncc4C3)cccc2c1,train
CN(CC1CCc2nc(N)nc(N)c2N1)c1ccc(C(=O)N[C@@H](CCC(=O)O)C(=O)O)cc1,7.481486060122112,,1,CHEMBL2153709,HsDHFR (H. sapiens),False,1,c1ccc(NCC2CCc3ncncc3N2)cc1,train
CN(CC1CCc2nc(N)nc(N)c2N1C=O)c1ccc(C(=O)N[C@@H](CCC(=O)O)C(=O)O)cc1,7.494850021680094,,1,CHEMBL2153711,HsDHFR (H. sapiens),False,1,c1ccc(NCC2CCc3ncncc3N2)cc1,train
CN(CCc1ccccc1)c1cnc2nc(N)nc(N)c2c1,5.944999483565574,0.0998098877121883,6,CHEMBL34337,"RnDHFR (R. norvegicus); TgDHFR-TS (T. gondii, apicomplexan)",False,0,c1ccc(CCNc2cnc3ncncc3c2)cc1,train
CN(Cc1c[nH]c2nc(N)nc(N)c12)c1ccc(C(=O)N(C)C(CCC(=O)O)C(=O)O)cc1,7.022878745280337,0.28138607863743126,2,CHEMBL17287,"RnDHFR (R. norvegicus); TgDHFR-TS (T. gondii, apicomplexan)",False,1,c1ccc(NCc2c[nH]c3ncncc23)cc1,train
CN(Cc1c[nH]c2nc(N)nc(N)c12)c1ccc(Cl)c(Cl)c1,6.0,0.25144895881545276,9,CHEMBL278013,"RnDHFR (R. norvegicus); TgDHFR-TS (T. gondii, apicomplexan)",False,1,c1ccc(NCc2c[nH]c3ncncc23)cc1,train
CN(Cc1c[nH]c2nc(N)nc(N)c12)c1cccc2c1CCCC2,5.089999741487069,0.5614115978838939,3,CHEMBL589525,"RnDHFR (R. norvegicus); TgDHFR-TS (T. gondii, apicomplexan)",False,0,c1cc2c(c(NCc3c[nH]c4ncncc34)c1)CCCC2,train
CN(Cc1c[nH]c2nc(N)nc(N)c12)c1cccc2ccccc12,5.57309396885206,0.5335897475028522,6,CHEMBL278261,"RnDHFR (R. norvegicus); TgDHFR-TS (T. gondii, apicomplexan)",False,0,c1ccc2c(NCc3c[nH]c4ncncc34)cccc2c1,train
CN(Cc1ccc(C(=O)NC(=O)[C@H](N)CCC(=O)O)cc1)c1cnc2nc(N)nc(N)c2c1,6.187086643357144,,1,CHEMBL33815,HsDHFR (H. sapiens),False,1,c1ccc(CNc2cnc3ncncc3c2)cc1,train
CN(Cc1ccc(C(=O)NC(CCC(=O)O)C(=O)O)cc1)c1ccc2nc(N)nc(N)c2c1,8.337242168318426,0.648882869278845,3,CHEMBL305253,HsDHFR (H. sapiens); MmDHFR (M. musculus); RnDHFR (R. norvegicus),False,1,c1ccc(CNc2ccc3ncncc3c2)cc1,train
CN(Cc1ccc(C(=O)NC(CCC(=O)O)C(=O)O)cc1)c1ccc2nc(N)nc(O)c2c1,6.522878745280337,,1,CHEMBL74659,HsDHFR (H. sapiens),False,1,c1ccc(CNc2ccc3ncncc3c2)cc1,train
CN(Cc1ccc(C(=O)NC(CCC(=O)O)C(=O)O)cc1)c1cnc2nc(N)nc(O)c2c1,6.6020599913279625,,1,CHEMBL156551,HsDHFR (H. sapiens),False,1,c1ccc(CNc2cnc3ncncc3c2)cc1,train
CN(Cc1ccc2nc(N)nc(N)c2c1)c1ccc(C(=O)NC(CCC(=O)O)C(=O)O)cc1,8.275724130399212,0.6098083878610118,3,CHEMBL304397,HsDHFR (H. sapiens); MmDHFR (M. musculus); RnDHFR (R. norvegicus),False,1,c1ccc(NCc2ccc3ncncc3c2)cc1,train
CN(Cc1ccc2nc(N)nc(N)c2c1)c1ccccc1,7.161150909262744,0.46041167042804454,3,CHEMBL78578,"RnDHFR (R. norvegicus); TgDHFR-TS (T. gondii, apicomplexan)",False,1,c1ccc(NCc2ccc3ncncc3c2)cc1,train
CN(Cc1ccc2nc(N)nc(N)c2n1)c1c(Cl)cc(Cl)cc1Cl,7.320271989939506,0.05130106872039133,2,CHEMBL52930,"RnDHFR (R. norvegicus); TgDHFR-TS (T. gondii, apicomplexan)",False,1,c1ccc(NCc2ccc3ncncc3n2)cc1,train
CN(Cc1ccc2nc(N)nc(N)c2n1)c1c(Cl)cccc1Cl,7.420818753952375,0.11182756616244797,6,CHEMBL445359,"RnDHFR (R. norvegicus); TgDHFR-TS (T. gondii, apicomplexan)",False,1,c1ccc(NCc2ccc3ncncc3n2)cc1,train
CN(Cc1ccc2nc(N)nc(N)c2n1)c1cc(Cl)c(Cl)c(Cl)c1,7.240348575382286,0.19712650440589746,6,CHEMBL52698,"RnDHFR (R. norvegicus); TgDHFR-TS (T. gondii, apicomplexan)",False,1,c1ccc(NCc2ccc3ncncc3n2)cc1,train
CN(Cc1ccc2nc(N)nc(N)c2n1)c1cc(Cl)ccc1Cl,7.465027273152505,0.15014556993845077,6,CHEMBL55191,"RnDHFR (R. norvegicus); TgDHFR-TS (T. gondii, apicomplexan)",False,1,c1ccc(NCc2ccc3ncncc3n2)cc1,train
CN(Cc1ccc2nc(N)nc(N)c2n1)c1ccc(C(=O)C(F)(F)F)cc1,7.41604609499926,0.11144558188029048,2,CHEMBL55049,"RnDHFR (R. norvegicus); TgDHFR-TS (T. gondii, apicomplexan)",False,1,c1ccc(NCc2ccc3ncncc3n2)cc1,train
CN(Cc1ccc2nc(N)nc(N)c2n1)c1ccc(Cl)c(Cl)c1,7.568636235841012,0.2507362761884027,8,CHEMBL300603,"RnDHFR (R. norvegicus); TgDHFR-TS (T. gondii, apicomplexan)",False,1,c1ccc(NCc2ccc3ncncc3n2)cc1,train
CN(Cc1ccc2nc(N)nc(N)c2n1)c1ccc(Cl)cc1,7.740743030061056,0.11761407625550974,2,CHEMBL89528,"RnDHFR (R. norvegicus); TgDHFR-TS (T. gondii, apicomplexan)",False,1,c1ccc(NCc2ccc3ncncc3n2)cc1,train
CN(Cc1ccc2nc(N)nc(N)c2n1)c1ccc(Cl)cc1Cl,7.269025752398119,0.03522340954566868,6,CHEMBL54732,"RnDHFR (R. norvegicus); TgDHFR-TS (T. gondii, apicomplexan)",False,1,c1ccc(NCc2ccc3ncncc3n2)cc1,train
CN(Cc1ccc2nc(N)nc(N)c2n1)c1ccc2ccccc2c1,7.969273760456403,0.18995434354122337,6,CHEMBL55727,"RnDHFR (R. norvegicus); TgDHFR-TS (T. gondii, apicomplexan)",False,1,c1ccc2cc(NCc3ccc4ncncc4n3)ccc2c1,train
CN(Cc1ccc2nc(N)nc(N)c2n1)c1cccc(Cl)c1,7.436447600817596,0.303134760679338,4,CHEMBL54399,"RnDHFR (R. norvegicus); TgDHFR-TS (T. gondii, apicomplexan)",False,1,c1ccc(NCc2ccc3ncncc3n2)cc1,train
CN(Cc1ccc2nc(N)nc(N)c2n1)c1cccc2ccccc12,7.940702317388119,0.21473401693797708,6,CHEMBL54538,"RnDHFR (R. norvegicus); TgDHFR-TS (T. gondii, apicomplexan)",False,1,c1ccc2c(NCc3ccc4ncncc4n3)cccc2c1,train
CN(Cc1ccc2nc(N)nc(N)c2n1)c1ccccc1,7.847754736113256,0.5658812541895758,6,CHEMBL55063,"RnDHFR (R. norvegicus); TgDHFR-TS (T. gondii, apicomplexan)",False,1,c1ccc(NCc2ccc3ncncc3n2)cc1,train
CN(Cc1ccc2nc(N)nc(N)c2n1)c1ccccc1Cl,7.372363747448347,0.4946493648138697,6,CHEMBL53318,"RnDHFR (R. norvegicus); TgDHFR-TS (T. gondii, apicomplexan)",False,1,c1ccc(NCc2ccc3ncncc3n2)cc1,train
CN(Cc1ccc2nc(N)nc(O)c2c1)c1ccc(C(=O)NC(CCC(=O)O)C(=O)O)cc1,7.080921907623926,,1,CHEMBL343140,HsDHFR (H. sapiens),False,1,c1ccc(NCc2ccc3ncncc3c2)cc1,train
CN(Cc1ccc2nc(N)nc(O)c2c1)c1ccc(C(=O)N[C@@H](CCC(=O)O)C(=O)O)cc1,7.431798275933005,,1,CHEMBL347223,RnDHFR (R. norvegicus),False,1,c1ccc(NCc2ccc3ncncc3c2)cc1,train
CN(Cc1cccc2c1CCCC2)c1ccc2nc(N)nc(N)c2c1,7.723665891943903,0.36692221341345876,4,CHEMBL114354,"HsDHFR (H. sapiens); RnDHFR (R. norvegicus); TgDHFR-TS (T. gondii, apicomplexan)",False,1,c1cc2c(c(CNc3ccc4ncncc4c3)c1)CCCC2,train
CN(Cc1cccc2ccccc12)c1ccc2nc(N)nc(N)c2c1,7.723665891943903,0.532435279368734,4,CHEMBL367802,"RnDHFR (R. norvegicus); TgDHFR-TS (T. gondii, apicomplexan)",False,1,c1ccc2c(CNc3ccc4ncncc4c3)cccc2c1,train
CN(Cc1ccccc1)c1cnc2nc(N)nc(N)c2c1,7.154964010919428,0.4879610262102327,8,CHEMBL33038,"HsDHFR (H. sapiens); RnDHFR (R. norvegicus); TgDHFR-TS (T. gondii, apicomplexan)",False,1,c1ccc(CNc2cnc3ncncc3c2)cc1,train
CN(Cc1cnc2nc(N)nc(N)c2c1)c1cc(Cl)c(Cl)c(Cl)c1,6.568636235841012,,1,CHEMBL149099,RnDHFR (R. norvegicus),False,1,c1ccc(NCc2cnc3ncncc3c2)cc1,train
CN(Cc1cnc2nc(N)nc(N)c2c1)c1ccc(C(=O)NC(CCC(=O)O)C(=O)O)c2ccccc12,11.332547047110046,,1,CHEMBL136010,MmDHFR (M. musculus),False,1,c1ccc2c(NCc3cnc4ncncc4c3)cccc2c1,train
CN(Cc1cnc2nc(N)nc(N)c2c1)c1ccc(C(=O)NC(CCC(=O)O)C(=O)O)cc1,11.279014255846262,,1,CHEMBL262953,MmDHFR (M. musculus),False,1,c1ccc(NCc2cnc3ncncc3c2)cc1,train
CN(Cc1cnc2nc(N)nc(N)c2c1)c1ccc(Cl)c(Cl)c1,6.7447274948966935,,1,CHEMBL147828,RnDHFR (R. norvegicus),False,1,c1ccc(NCc2cnc3ncncc3c2)cc1,train
CN(Cc1cnc2nc(N)nc(N)c2c1)c1ccccc1,3.4034029043735394,,1,CHEMBL146622,RnDHFR (R. norvegicus),False,0,c1ccc(NCc2cnc3ncncc3c2)cc1,train
CN(Cc1cnc2nc(N)nc(N)c2n1)c1ccc(C(=O)N(CCC(=O)O)CC(=O)O)cc1,7.42021640338319,,1,CHEMBL164823,MmDHFR (M. musculus),False,1,c1ccc(NCc2cnc3ncncc3n2)cc1,external
CN(Cc1cnc2nc(N)nc(N)c2n1)c1ccc(C(=O)N2CCCCC2)cc1,4.52432881167557,,1,CHEMBL5197107,HsDHFR (H. sapiens),False,0,O=C(c1ccc(NCc2cnc3ncncc3n2)cc1)N1CCCCC1,train
CN(Cc1cnc2nc(N)nc(N)c2n1)c1ccc(C(=O)NC(C(=O)O)C(F)(F)CC(=O)O)cc1,8.872895201635192,,1,CHEMBL160699,HsDHFR (H. sapiens),False,1,c1ccc(NCc2cnc3ncncc3n2)cc1,external
CN(Cc1cnc2nc(N)nc(N)c2n1)c1ccc(C(=O)NC(C(=O)O)C(O)CC(=O)O)cc1,8.275724130399212,,1,CHEMBL307820,HsDHFR (H. sapiens),False,1,c1ccc(NCc2cnc3ncncc3n2)cc1,external
CN(Cc1cnc2nc(N)nc(N)c2n1)c1ccc(C(=O)NC(C/C=C/C(=O)O)C(=O)O)cc1,4.494850021680094,,1,CHEMBL164765,MmDHFR (M. musculus),False,0,c1ccc(NCc2cnc3ncncc3n2)cc1,external
CN(Cc1cnc2nc(N)nc(N)c2n1)c1ccc(C(=O)NC(CC(=O)O)C(=O)O)cc1,8.479520913307896,2.831206262022909,2,CHEMBL328499,MmDHFR (M. musculus),False,1,c1ccc(NCc2cnc3ncncc3n2)cc1,external
CN(Cc1cnc2nc(N)nc(N)c2n1)c1ccc(C(=O)NC(CC(C#N)C(=O)O)C(=O)O)cc1,7.2441251443275085,,1,CHEMBL65620,HsDHFR (H. sapiens),False,1,c1ccc(NCc2cnc3ncncc3n2)cc1,external
CN(Cc1cnc2nc(N)nc(N)c2n1)c1ccc(C(=O)NC(CC(F)(F)C(=O)O)C(=O)O)cc1,5.815308569182401,,1,CHEMBL423985,HsDHFR (H. sapiens),False,0,c1ccc(NCc2cnc3ncncc3n2)cc1,external
CN(Cc1cnc2nc(N)nc(N)c2n1)c1ccc(C(=O)NC(CC(F)(F)CN)C(=O)O)cc1,8.886056647693163,,1,CHEMBL83644,HsDHFR (H. sapiens),False,1,c1ccc(NCc2cnc3ncncc3n2)cc1,external
CN(Cc1cnc2nc(N)nc(N)c2n1)c1ccc(C(=O)NC(CC(F)C(=O)O)C(=O)O)cc1,8.869666231504993,,1,CHEMBL160505,HsDHFR (H. sapiens),False,1,c1ccc(NCc2cnc3ncncc3n2)cc1,external
CN(Cc1cnc2nc(N)nc(N)c2n1)c1ccc(C(=O)NC(CCC(=O)NC(CCCCN)C(=O)NC(CCCCN)C(=O)O)C(=O)O)cc1,7.0655015487564325,,1,CHEMBL344876,MmDHFR (M. musculus),False,1,c1ccc(NCc2cnc3ncncc3n2)cc1,external
CN(Cc1cnc2nc(N)nc(N)c2n1)c1ccc(C(=O)NC(CCC(=O)NC(CCCCN)C(=O)O)C(=O)O)cc1,7.060480747381382,,1,CHEMBL171937,MmDHFR (M. musculus),False,1,c1ccc(NCc2cnc3ncncc3n2)cc1,external
CN(Cc1cnc2nc(N)nc(N)c2n1)c1ccc(C(=O)NC(CCC(=O)NCC(=O)O)C(=O)O)cc1,11.537602002101044,,1,CHEMBL52715,MmDHFR (M. musculus),False,1,c1ccc(NCc2cnc3ncncc3n2)cc1,external
CN(Cc1cnc2nc(N)nc(N)c2n1)c1ccc(C(=O)NC(CCC(=O)NCCCCCCCCCCCCNC(=O)CCC(NC(=O)c2ccc(N(C)Cc3cnc4nc(N)nc(N)c4n3)cc2)C(=O)O)C(=O)O)cc1,8.709195816983971,2.8786765055442345,2,CHEMBL406356,MmDHFR (M. musculus),False,1,O=C(CCCNC(=O)c1ccc(NCc2cnc3ncncc3n2)cc1)NCCCCCCCCCCCCNC(=O)CCCNC(=O)c1ccc(NCc2cnc3ncncc3n2)cc1,test
CN(Cc1cnc2nc(N)nc(N)c2n1)c1ccc(C(=O)NC(CCC(=O)NCc2ccccc2)C(=O)O)cc1,11.443697499232712,,1,CHEMBL284360,MmDHFR (M. musculus),False,1,O=C(CCCNC(=O)c1ccc(NCc2cnc3ncncc3n2)cc1)NCc1ccccc1,train
CN(Cc1cnc2nc(N)nc(N)c2n1)c1ccc(C(=O)NC(CCC(=O)N[C@@H](CC(=O)O)C(=O)O)C(=O)O)cc1,11.55284196865778,,1,CHEMBL293546,MmDHFR (M. musculus),False,1,c1ccc(NCc2cnc3ncncc3n2)cc1,external
CN(Cc1cnc2nc(N)nc(N)c2n1)c1ccc(C(=O)NC(CCC(=O)N[C@@H](CCC(=O)O)C(=O)O)C(=O)O)cc1,11.431798275933005,,1,CHEMBL293147,MmDHFR (M. musculus),False,1,c1ccc(NCc2cnc3ncncc3n2)cc1,external
CN(Cc1cnc2nc(N)nc(N)c2n1)c1ccc(C(=O)NC(CCC(=O)Nc2ccc(O)c(O)c2)C(=O)O)cc1,7.508638306165727,,1,CHEMBL46656,MmDHFR (M. musculus),False,1,O=C(CCCNC(=O)c1ccc(NCc2cnc3ncncc3n2)cc1)Nc1ccccc1,train
CN(Cc1cnc2nc(N)nc(N)c2n1)c1ccc(C(=O)NC(CCC(=O)Nc2ccc3c(c2)OCO3)C(=O)O)cc1,7.376750709602099,,1,CHEMBL44693,MmDHFR (M. musculus),False,1,O=C(CCCNC(=O)c1ccc(NCc2cnc3ncncc3n2)cc1)Nc1ccc2c(c1)OCO2,train
CN(Cc1cnc2nc(N)nc(N)c2n1)c1ccc(C(=O)NC(CCC(=O)Nc2cccc(B(O)O)c2)C(=O)O)cc1,7.522878745280337,,1,CHEMBL157117,HsDHFR (H. sapiens),False,1,O=C(CCCNC(=O)c1ccc(NCc2cnc3ncncc3n2)cc1)Nc1ccccc1,train
CN(Cc1cnc2nc(N)nc(N)c2n1)c1ccc(C(=O)NC(CCC(=O)Nc2cccc(C(=O)O)c2)C(=O)O)cc1,7.455931955649724,,1,CHEMBL155023,HsDHFR (H. sapiens),False,1,O=C(CCCNC(=O)c1ccc(NCc2cnc3ncncc3n2)cc1)Nc1ccccc1,train
CN(Cc1cnc2nc(N)nc(N)c2n1)c1ccc(C(=O)NC(CCC(=O)O)C(=O)NCC(=O)O)cc1,6.681519274825483,,1,CHEMBL55030,MmDHFR (M. musculus),False,1,c1ccc(NCc2cnc3ncncc3n2)cc1,external
CN(Cc1cnc2nc(N)nc(N)c2n1)c1ccc(C(=O)NC(CCC(=O)O)C(=O)N[C@@H](CC(=O)O)C(=O)O)cc1,6.681102285372513,,1,CHEMBL55797,MmDHFR (M. musculus),False,1,c1ccc(NCc2cnc3ncncc3n2)cc1,external
CN(Cc1cnc2nc(N)nc(N)c2n1)c1ccc(C(=O)NC(CCC(=O)O)C(=O)N[C@@H](CCC(=O)O)C(=O)O)cc1,6.769295686387431,,1,CHEMBL298807,MmDHFR (M. musculus),False,1,c1ccc(NCc2cnc3ncncc3n2)cc1,external
CN(Cc1cnc2nc(N)nc(N)c2n1)c1ccc(C(=O)NC(CCC(=O)O)C(=O)O)c2ccccc12,11.442194744162851,0.22608360069302944,2,CHEMBL132431,MmDHFR (M. musculus); RnDHFR (R. norvegicus),False,1,c1ccc2c(NCc3cnc4ncncc4n3)cccc2c1,train
CN(Cc1cnc2nc(N)nc(N)c2n1)c1ccc(C(=O)NC(CCC(=O)O)C(=O)O)cc1,7.522878745280337,,1,CHEMBL426,HsDHFR (H. sapiens),False,1,c1ccc(NCc2cnc3ncncc3n2)cc1,external
CN(Cc1cnc2nc(N)nc(N)c2n1)c1ccc(C(=O)NC(CCC(=O)O)C(N)=O)cc1,6.337242168318426,,1,CHEMBL55872,MmDHFR (M. musculus),False,1,c1ccc(NCc2cnc3ncncc3n2)cc1,external
CN(Cc1cnc2nc(N)nc(N)c2n1)c1ccc(C(=O)NC(CCC(N)=O)C(=O)O)cc1,11.568636235841012,,1,CHEMBL440857,MmDHFR (M. musculus),False,1,c1ccc(NCc2cnc3ncncc3n2)cc1,external
CN(Cc1cnc2nc(N)nc(N)c2n1)c1ccc(C(=O)NC(CCCCCCC(=O)O)C(=O)O)cc1,7.638272163982407,,1,CHEMBL283062,MmDHFR (M. musculus),False,1,c1ccc(NCc2cnc3ncncc3n2)cc1,external
CN(Cc1cnc2nc(N)nc(N)c2n1)c1ccc(C(=O)NC(CCCCCCCC(=O)O)C(=O)O)cc1,7.494850021680094,,1,CHEMBL25923,MmDHFR (M. musculus),False,1,c1ccc(NCc2cnc3ncncc3n2)cc1,external
CN(Cc1cnc2nc(N)nc(N)c2n1)c1ccc(C(=O)NC(CCCCCCCCC(=O)O)C(=O)O)cc1,7.537602002101044,,1,CHEMBL28112,MmDHFR (M. musculus),False,1,c1ccc(NCc2cnc3ncncc3n2)cc1,external
CN(Cc1cnc2nc(N)nc(N)c2n1)c1ccc(C(=O)NC(CCCCCCCCCC(=O)O)C(=O)O)cc1,7.468521082957745,,1,CHEMBL27306,MmDHFR (M. musculus),False,1,c1ccc(NCc2cnc3ncncc3n2)cc1,external
CN(Cc1cnc2nc(N)nc(N)c2n1)c1ccc(C(=O)NC(CCCCCCCCCCC(=O)O)C(=O)O)cc1,7.585026652029182,,1,CHEMBL26326,MmDHFR (M. musculus),False,1,c1ccc(NCc2cnc3ncncc3n2)cc1,external
CN(Cc1cnc2nc(N)nc(N)c2n1)c1ccc(C(=O)NC(CCCCN)C(=O)O)cc1,7.036571645525154,0.21286035127455813,2,CHEMBL418165,GgDHFR (G. gallus); MmDHFR (M. musculus),False,1,c1ccc(NCc2cnc3ncncc3n2)cc1,external
CN(Cc1cnc2nc(N)nc(N)c2n1)c1ccc(C(=O)NC(CCCCNC(=O)CBr)C(=O)O)cc1,7.142667503568731,,1,CHEMBL286658,MmDHFR (M. musculus),False,1,c1ccc(NCc2cnc3ncncc3n2)cc1,external
CN(Cc1cnc2nc(N)nc(N)c2n1)c1ccc(C(=O)NC(CCCCNC(=O)CCl)C(=O)O)cc1,7.494850021680094,,1,CHEMBL287544,MmDHFR (M. musculus),False,1,c1ccc(NCc2cnc3ncncc3n2)cc1,external
CN(Cc1cnc2nc(N)nc(N)c2n1)c1ccc(C(=O)NC(CCCCNC(=O)OCc2ccccc2)C(=O)O)cc1,6.42021640338319,,1,CHEMBL142626,GgDHFR (G. gallus),False,1,O=C(NCCCCCNC(=O)c1ccc(NCc2cnc3ncncc3n2)cc1)OCc1ccccc1,train
CN(Cc1cnc2nc(N)nc(N)c2n1)c1ccc(C(=O)NC(CCCCNC(=O)OCc2ccccc2)C(=O)OC(C)(C)C)cc1,6.022276394711152,,1,CHEMBL342744,GgDHFR (G. gallus),False,1,O=C(NCCCCCNC(=O)c1ccc(NCc2cnc3ncncc3n2)cc1)OCc1ccccc1,train
CN(Cc1cnc2nc(N)nc(N)c2n1)c1ccc(C(=O)NC(CCCN)C(=O)O)cc1,6.795880017344075,1.1450866109903852,5,CHEMBL36083,GgDHFR (G. gallus); HsDHFR (H. sapiens); MmDHFR (M. musculus),False,1,c1ccc(NCc2cnc3ncncc3n2)cc1,external
CN(Cc1cnc2nc(N)nc(N)c2n1)c1ccc(C(=O)NC(CCCNC(=O)CBr)C(=O)O)cc1,7.337242168318426,,1,CHEMBL36393,MmDHFR (M. musculus),False,1,c1ccc(NCc2cnc3ncncc3n2)cc1,external
CN(Cc1cnc2nc(N)nc(N)c2n1)c1ccc(C(=O)NC(CCCNC(=O)CCl)C(=O)O)cc1,7.494850021680094,,1,CHEMBL35312,MmDHFR (M. musculus),False,1,c1ccc(NCc2cnc3ncncc3n2)cc1,external
CN(Cc1cnc2nc(N)nc(N)c2n1)c1ccc(C(=O)NC(CCCNC(=O)OCc2ccccc2)C(=O)O)cc1,6.481486060122112,,1,CHEMBL356340,GgDHFR (G. gallus),False,1,O=C(NCCCCNC(=O)c1ccc(NCc2cnc3ncncc3n2)cc1)OCc1ccccc1,train
CN(Cc1cnc2nc(N)nc(N)c2n1)c1ccc(C(=O)NC(CCCNC(=O)OCc2ccccc2)C(=O)OC(C)(C)C)cc1,5.508638306165727,,1,CHEMBL146440,GgDHFR (G. gallus),False,0,O=C(NCCCCNC(=O)c1ccc(NCc2cnc3ncncc3n2)cc1)OCc1ccccc1,train
CN(Cc1cnc2nc(N)nc(N)c2n1)c1ccc(C(=O)NC(CCCNC(=O)c2ccc(Cl)cc2)C(=O)O)cc1,11.27490547891853,,1,CHEMBL7624,MmDHFR (M. musculus),False,1,O=C(NCCCCNC(=O)c1ccc(NCc2cnc3ncncc3n2)cc1)c1ccccc1,train
CN(Cc1cnc2nc(N)nc(N)c2n1)c1ccc(C(=O)NC(CCCNCC(=O)O)C(=O)O)cc1,7.301029995663981,,1,CHEMBL32691,HsDHFR (H. sapiens),False,1,c1ccc(NCc2cnc3ncncc3n2)cc1,external
CN(Cc1cnc2nc(N)nc(N)c2n1)c1ccc(C(=O)NC(CCN)C(=O)O)cc1,6.920818753952375,,1,CHEMBL158970,MmDHFR (M. musculus),False,1,c1ccc(NCc2cnc3ncncc3n2)cc1,external
CN(Cc1cnc2nc(N)nc(N)c2n1)c1ccc(C(=O)NC(CCNC(=O)c2ccc(Cl)cc2)C(=O)O)cc1,11.192464971931146,,1,CHEMBL7737,MmDHFR (M. musculus),False,1,O=C(NCCCNC(=O)c1ccc(NCc2cnc3ncncc3n2)cc1)c1ccccc1,train
CN(Cc1cnc2nc(N)nc(N)c2n1)c1ccc(C(=O)NC(CCNC(N)=O)C(=O)O)cc1,11.397940008672037,,1,CHEMBL7684,MmDHFR (M. musculus),False,1,c1ccc(NCc2cnc3ncncc3n2)cc1,external
CN(Cc1cnc2nc(N)nc(N)c2n1)c1ccc(C(=O)NC(CN)C(=O)O)cc1,6.7447274948966935,,1,CHEMBL158478,MmDHFR (M. musculus),False,1,c1ccc(NCc2cnc3ncncc3n2)cc1,external
CN(Cc1cnc2nc(N)nc(N)c2n1)c1ccc(C(=O)NC(CNC(=O)NC(CCC(=O)O)C(=O)O)C(=O)O)cc1,11.326979092871104,,1,CHEMBL7382,MmDHFR (M. musculus),False,1,c1ccc(NCc2cnc3ncncc3n2)cc1,external
CN(Cc1cnc2nc(N)nc(N)c2n1)c1ccc(C(=O)NC(CNC(=O)c2ccc(Cl)cc2)C(=O)O)cc1,11.302770657240282,,1,CHEMBL267460,MmDHFR (M. musculus),False,1,O=C(NCCNC(=O)c1ccc(NCc2cnc3ncncc3n2)cc1)c1ccccc1,test
CN(Cc1cnc2nc(N)nc(N)c2n1)c1ccc(C(=O)NC(CNC(N)=O)C(=O)O)cc1,7.455931955649724,,1,CHEMBL414206,MmDHFR (M. musculus),False,1,c1ccc(NCc2cnc3ncncc3n2)cc1,external
CN(Cc1cnc2nc(N)nc(N)c2n1)c1ccc(C(=O)NC(Cc2c[nH]cn2)C(=O)O)cc1,5.886056647693163,,1,CHEMBL137366,MmDHFR (M. musculus),False,0,O=C(NCCc1c[nH]cn1)c1ccc(NCc2cnc3ncncc3n2)cc1,train
CN(Cc1cnc2nc(N)nc(N)c2n1)c1ccc(C(=O)NC(Cc2cn(CC(=O)O)cn2)C(=O)O)cc1,6.431798275933005,,1,CHEMBL136133,MmDHFR (M. musculus),False,1,O=C(NCCc1c[nH]cn1)c1ccc(NCc2cnc3ncncc3n2)cc1,train
CN(Cc1cnc2nc(N)nc(N)c2n1)c1ccc(C(=O)NCCCC(=O)NC(CCC(=O)O)C(=O)O)cc1,7.086186147616283,,1,CHEMBL56005,MmDHFR (M. musculus),False,1,c1ccc(NCc2cnc3ncncc3n2)cc1,external
CN(Cc1cnc2nc(N)nc(N)c2n1)c1ccc(C(=O)NCCCC(=O)NCCCC(=O)NC(CCC(=O)O)C(=O)O)cc1,7.045757490560675,,1,CHEMBL264245,MmDHFR (M. musculus),False,1,c1ccc(NCc2cnc3ncncc3n2)cc1,external
CN(Cc1cnc2nc(N)nc(N)c2n1)c1ccc(C(=O)NCCCC(=O)NCCCC(=O)NCCCC(=O)NC(CCC(=O)O)C(=O)O)cc1,6.508638306165727,,1,CHEMBL54833,MmDHFR (M. musculus),False,1,c1ccc(NCc2cnc3ncncc3n2)cc1,external
CN(Cc1cnc2nc(N)nc(N)c2n1)c1ccc(C(=O)NCCCC(=O)NCCCC(=O)NCCCC(=O)NCCCC(=O)NC(CCC(=O)O)C(=O)O)cc1,6.267606240177031,,1,CHEMBL55167,MmDHFR (M. musculus),False,1,c1ccc(NCc2cnc3ncncc3n2)cc1,external
CN(Cc1cnc2nc(N)nc(N)c2n1)c1ccc(C(=O)NCCCC(=O)NCCCC(=O)NCCCC(=O)NCCCC(=O)NCCCC(=O)NC(CCC(=O)O)C(=O)O)cc1,6.075720713938118,,1,CHEMBL435778,MmDHFR (M. musculus),False,1,c1ccc(NCc2cnc3ncncc3n2)cc1,external
CN(Cc1cnc2nc(N)nc(N)c2n1)c1ccc(C(=O)N[C@@H](CCC(=O)N2CCC[C@H]2C(=O)NO)C(=O)O)cc1,6.903437700822769,0.024580521064216015,2,CHEMBL388879,HsDHFR (H. sapiens),False,1,O=C(NCCCC(=O)N1CCCC1)c1ccc(NCc2cnc3ncncc3n2)cc1,test
CN(Cc1cnc2nc(N)nc(N)c2n1)c1ccc(C(=O)N[C@@H](CCC(=O)NO)C(=O)O)cc1,6.9622265193037345,0.2724842213487093,2,CHEMBL244883,HsDHFR (H. sapiens),False,1,c1ccc(NCc2cnc3ncncc3n2)cc1,external
CN(Cc1cnc2nc(N)nc(N)c2n1)c1ccc(C(=O)N[C@@H](CCC(=O)N[C@@H](CCCCN)C(=O)N[C@@H](CCCCN)C(=O)N[C@@H](CCCCN)C(=O)O)C(=O)O)cc1,6.853871964321762,,1,CHEMBL3143620,MmDHFR (M. musculus),False,1,c1ccc(NCc2cnc3ncncc3n2)cc1,external
CN(Cc1cnc2nc(N)nc(N)c2n1)c1ccc(C(=O)N[C@@H](CCC(=O)N[C@@H](Cc2ccccc2)C(=O)NO)C(=O)O)cc1,6.685805534974844,0.11843408361372808,2,CHEMBL396296,HsDHFR (H. sapiens),False,1,O=C(CCCNC(=O)c1ccc(NCc2cnc3ncncc3n2)cc1)NCCc1ccccc1,test
CN(Cc1cnc2nc(N)nc(N)c2n1)c1ccc(C(=O)N[C@@H](CCC(=O)O)C(=O)O)cc1,7.958607314841775,1.457201652831558,160,CHEMBL34259,"GgDHFR (G. gallus); HsDHFR (H. sapiens); MmDHFR (M. musculus); PfDHFR-TS K1 (P. falciparum, resistant); RnDHFR (R. norvegicus); TgDHFR-TS (T. gondii, apicomplexan)",True,1,c1ccc(NCc2cnc3ncncc3n2)cc1,external
CN(Cc1cnc2nc(N)nc(N)c2n1)c1ccc(C(=O)N[C@H](C[C@@H](F)C(=O)O)C(=O)O)cc1,9.075720713938118,,1,CHEMBL349572,HsDHFR (H. sapiens),False,1,c1ccc(NCc2cnc3ncncc3n2)cc1,external
CN(Cc1cnc2nc(N)nc(N)c2n1)c1ccc2c(c1)CN([C@@H](CCC(=O)O)C(=O)O)C2=O,8.67778070526608,,1,CHEMBL224946,HsDHFR (H. sapiens),False,1,O=C1NCc2cc(NCc3cnc4ncncc4n3)ccc21,train
CN(Cc1cnc2ncnc(N)c2n1)c1ccc(C(=O)NC(CCC(=O)O)C(=O)O)cc1,5.221848749616356,,1,CHEMBL74422,HsDHFR (H. sapiens),False,0,c1ccc(NCc2cnc3ncncc3n2)cc1,external
CN(Cc1coc2nc(N)nc(N)c12)c1cc(Cl)c(Cl)c(Cl)c1,4.566133710020813,0.10772569382882702,10,CHEMBL278110,"RnDHFR (R. norvegicus); TgDHFR-TS (T. gondii, apicomplexan)",False,0,c1ccc(NCc2coc3ncncc23)cc1,train
CN(Cc1coc2nc(N)nc(N)c12)c1ccc(C(=O)NC(CCC(=O)O)C(=O)O)cc1,6.366531544420413,0.9714019860602092,5,CHEMBL278515,"HsDHFR (H. sapiens); RnDHFR (R. norvegicus); TgDHFR-TS (T. gondii, apicomplexan)",False,1,c1ccc(NCc2coc3ncncc23)cc1,train
CN(Cc1coc2nc(N)nc(N)c12)c1ccc(C(=O)N[C@@H](CCC(=O)O)C(=O)O)cc1,6.657577319177793,0.9771212547196625,4,CHEMBL104829,"HsDHFR (H. sapiens); TgDHFR-TS (T. gondii, apicomplexan)",False,1,c1ccc(NCc2coc3ncncc23)cc1,train
CN(Cc1coc2nc(N)nc(N)c12)c1ccc2ccccc2c1,4.73280005677628,0.11008768496977803,10,CHEMBL22561,"RnDHFR (R. norvegicus); TgDHFR-TS (T. gondii, apicomplexan)",False,0,c1ccc2cc(NCc3coc4ncncc34)ccc2c1,train
CN(Cc1nc2cc(C(F)(F)F)ccc2nc1-c1ccccc1)c1ccc(Cl)cc1,5.301029995663981,,1,CHEMBL3121458,HsDHFR (H. sapiens),False,0,c1ccc(NCc2nc3ccccc3nc2-c2ccccc2)cc1,train
CN(Cc1nc2cc(C(F)(F)F)ccc2nc1-c1ccccc1)c1ccc(F)c(F)c1,5.3979400086720375,,1,CHEMBL3121462,HsDHFR (H. sapiens),False,0,c1ccc(NCc2nc3ccccc3nc2-c2ccccc2)cc1,train
CN(Cc1nc2cc(C(F)(F)F)ccc2nc1-c1ccccc1)c1ccc(F)cc1,5.301029995663981,,1,CHEMBL3121459,HsDHFR (H. sapiens),False,0,c1ccc(NCc2nc3ccccc3nc2-c2ccccc2)cc1,train
CN(Cc1nc2cc(C(F)(F)F)ccc2nc1-c1ccccc1)c1ccc(OC(F)(F)F)cc1,5.522878745280337,,1,CHEMBL3121461,HsDHFR (H. sapiens),False,0,c1ccc(NCc2nc3ccccc3nc2-c2ccccc2)cc1,train
CN(c1cc(F)c(F)c(F)c1)c1cnc2nc(N)nc(N)c2c1,6.595220142682366,0.3234145172221459,2,CHEMBL2382336,HsDHFR (H. sapiens); RnDHFR (R. norvegicus),False,1,c1ccc(Nc2cnc3ncncc3c2)cc1,train
CN(c1ccc([N+](=O)[O-])cc1)c1cnc2nc(N)nc(N)c2c1,6.341595623973489,0.1794997055059647,2,CHEMBL2382333,HsDHFR (H. sapiens); RnDHFR (R. norvegicus),False,1,c1ccc(Nc2cnc3ncncc3c2)cc1,train
CN(c1ccc2ccccc2c1)c1ccc2nc(N)nc(N)c2n1,7.9214984015837375,0.11719079214550801,2,CHEMBL139430,"RnDHFR (R. norvegicus); TgDHFR-TS (T. gondii, apicomplexan)",False,1,c1ccc2cc(Nc3ccc4ncncc4n3)ccc2c1,train
CN(c1ccc2nc(N)nc(N)c2n1)c1cccc2ccccc12,5.579633382694096,0.1388012746919071,2,CHEMBL334456,"RnDHFR (R. norvegicus); TgDHFR-TS (T. gondii, apicomplexan)",False,0,c1ccc2c(Nc3ccc4ncncc4n3)cccc2c1,train
CN(c1ccccc1)c1ccc2nc(N)nc(N)c2n1,8.657577319177793,1.5894383233592617,3,CHEMBL140940,"HsDHFR (H. sapiens); RnDHFR (R. norvegicus); TgDHFR-TS (T. gondii, apicomplexan)",False,1,c1ccc(Nc2ccc3ncncc3n2)cc1,train
CN(c1ccccc1)c1cnc2nc(N)nc(N)c2c1,7.082471949139942,0.22861214103520214,2,CHEMBL2382326,HsDHFR (H. sapiens); RnDHFR (R. norvegicus),False,1,c1ccc(Nc2cnc3ncncc3c2)cc1,train
CN(c1cnc2nc(N)nc(N)c2c1)c1cc(F)ccc1F,7.246072064152084,0.1289339977950077,2,CHEMBL2382335,HsDHFR (H. sapiens); RnDHFR (R. norvegicus),False,1,c1ccc(Nc2cnc3ncncc3c2)cc1,train
CN(c1cnc2nc(N)nc(N)c2c1)c1cccc2ccccc12,7.96479633912994,0.40590140202338054,2,CHEMBL2382334,HsDHFR (H. sapiens); RnDHFR (R. norvegicus),False,1,c1ccc2c(Nc3cnc4ncncc4c3)cccc2c1,train
CN1C(=O)C(=Cc2cn(CC(O)Cn3c4ccccc4c(=O)c4ccccc43)c3ccccc23)C(=O)N(C)C1=O,6.6777807052660805,,1,CHEMBL4544130,HsDHFR (H. sapiens),False,1,O=C1NC(=O)C(=Cc2cn(CCCn3c4ccccc4c(=O)c4ccccc43)c3ccccc23)C(=O)N1,test
CN1C(=O)C(=Cc2cn(CC(O)Cn3cc(C=C4C(=O)N(C)C(=O)N(C)C4=O)c4ccccc43)c3ccccc23)C(=O)N(C)C1=O,4.698970004336019,,1,CHEMBL3785302,HsDHFR (H. sapiens),False,0,O=C1NC(=O)C(=Cc2cn(CCCn3cc(C=C4C(=O)NC(=O)NC4=O)c4ccccc43)c3ccccc23)C(=O)N1,train
CN1CCCc2cc(Cc3cnc(N)nc3N)ccc21,4.050609993355088,,1,CHEMBL60582,RnDHFR (R. norvegicus),False,0,c1ncc(Cc2ccc3c(c2)CCCN3)cn1,train
CN1CCN(c2ncc3nc(NC(=O)c4ccc(Cl)c(Cl)c4)sc3n2)CC1,3.400000000603809,,1,CHEMBL5393901,HsDHFR (H. sapiens),False,0,O=C(Nc1nc2cnc(N3CCNCC3)nc2s1)c1ccccc1,train
CNC(=O)CCC(NC(=O)c1ccc(N(C)Cc2cnc3nc(N)nc(N)c3n2)cc1)C(=O)O,11.568636235841012,,1,CHEMBL56533,MmDHFR (M. musculus),False,1,c1ccc(NCc2cnc3ncncc3n2)cc1,external
CNC(=O)NCC(NC(=O)c1ccc(N(C)Cc2cnc3nc(N)nc(N)c3n2)cc1)C(=O)O,7.847711655616943,,1,CHEMBL7470,MmDHFR (M. musculus),False,1,c1ccc(NCc2cnc3ncncc3n2)cc1,external
CNc1ncc(-c2cccc(N3CCN(c4cnc(N)nc4N)CC3)c2)cn1,6.130181792020672,,1,CHEMBL6034917,HsDHFR (H. sapiens),False,1,c1cc(-c2cncnc2)cc(N2CCN(c3cncnc3)CC2)c1,train
CNc1ncc(Cc2cc(OC)c(OC)c(OC)c2)c(N)n1,4.648784731777237,1.2785300055580104,2,CHEMBL53193,"RnDHFR (R. norvegicus); TgDHFR-TS (T. gondii, apicomplexan)",False,0,c1ccc(Cc2cncnc2)cc1,external
COC(=O)C(C)(C)C1c2ccccc2C=NN1C(=O)/C=C/c1cc(Cc2cnc(N)nc2N)cc(OC)c1OC,3.8459847228669473,1.0692518988324464,2,CHEMBL565059,HsDHFR (H. sapiens); RnDHFR (R. norvegicus),False,0,O=C(/C=C/c1cccc(Cc2cncnc2)c1)N1Cc2ccccc2C=N1,train
COC(=O)C1CCN(C(=O)Cc2ccc(NCc3cnc4nc(N)nc(N)c4n3)cc2)CC1,4.455931955649724,,1,CHEMBL5183748,HsDHFR (H. sapiens),False,0,O=C(Cc1ccc(NCc2cnc3ncncc3n2)cc1)N1CCCCC1,train
COC(=O)C1CCN(C(=O)c2ccc(N(C)Cc3cnc4nc(N)nc(N)c4n3)cc2)CC1,5.226728668260934,1.230622259465438,2,CHEMBL1232702,HsDHFR (H. sapiens),False,0,O=C(c1ccc(NCc2cnc3ncncc3n2)cc1)N1CCCCC1,train
COC(=O)C1CCN(C(=O)c2ccc(N(CCCO)Cc3cnc4nc(N)nc(N)c4n3)cc2)CC1,4.823908740944319,,1,CHEMBL5171609,HsDHFR (H. sapiens),False,0,O=C(c1ccc(NCc2cnc3ncncc3n2)cc1)N1CCCCC1,train
COC(=O)C1CCN(C(=O)c2ccc(N(CCO)Cc3cnc4nc(N)nc(N)c4n3)cc2)CC1,4.966074169743823,0.5620621163268968,2,CHEMBL2178602,HsDHFR (H. sapiens),False,0,O=C(c1ccc(NCc2cnc3ncncc3n2)cc1)N1CCCCC1,train
COC(=O)C1CCN(C(=O)c2ccc(N(Cc3ccccc3)Cc3cnc4nc(N)nc(N)c4n3)cc2)CC1,4.136677139879544,,1,CHEMBL5184936,HsDHFR (H. sapiens),False,0,O=C(c1ccc(N(Cc2ccccc2)Cc2cnc3ncncc3n2)cc1)N1CCCCC1,test
COC(=O)C1CCN(C(=O)c2ccc(NCc3cnc4nc(N)nc(N)c4n3)cc2)CC1,4.646214911951032,0.5003276696842106,2,CHEMBL1232399,HsDHFR (H. sapiens),False,0,O=C(c1ccc(NCc2cnc3ncncc3n2)cc1)N1CCCCC1,train
COC(=O)C1CCN(C(=O)c2ccc(NCc3cnc4nc(N)nc(N)c4n3)cn2)CC1,4.221848749616356,,1,CHEMBL2178600,HsDHFR (H. sapiens),False,0,O=C(c1ccc(NCc2cnc3ncncc3n2)cn1)N1CCCCC1,test
COC(=O)C1CCN(C(=O)c2ccc(SCc3cnc4nc(N)nc(N)c4n3)nc2)CC1,4.050609993355088,,1,CHEMBL5182125,HsDHFR (H. sapiens),False,0,O=C(c1ccc(SCc2cnc3ncncc3n2)nc1)N1CCCCC1,test
COC(=O)C1CCN(C(=O)c2cccc(NCc3cnc4nc(N)nc(N)c4n3)c2)CC1,4.229147988357856,,1,CHEMBL5170968,HsDHFR (H. sapiens),False,0,O=C(c1cccc(NCc2cnc3ncncc3n2)c1)N1CCCCC1,train
COC(=O)CCCCCCOc1cc(Cc2cnc(N)nc2N)cc(OC)c1OC,3.9586073148417746,,1,CHEMBL13908,RnDHFR (R. norvegicus),False,0,c1ccc(Cc2cncnc2)cc1,external
COC(=O)CCCCCOc1cc(Cc2cnc(N)nc2N)cc(OC)c1OC,3.7447274948966935,,1,CHEMBL13796,RnDHFR (R. norvegicus),False,0,c1ccc(Cc2cncnc2)cc1,external
COC(=O)CCCCOc1cc(Cc2cnc(N)nc2N)cc(OC)c1OC,3.886056647693163,,1,CHEMBL13877,RnDHFR (R. norvegicus),False,0,c1ccc(Cc2cncnc2)cc1,external
COC(=O)CCCCOc1cc(NCc2ccc3nc(N)nc(N)c3c2)ccc1OC,7.457622518410322,0.6058973562153012,2,CHEMBL1165305,HsDHFR (H. sapiens),False,1,c1ccc(NCc2ccc3ncncc3c2)cc1,train
COC(=O)CCCc1nc(N)nc(N)c1-c1ccc(Cl)cc1,7.562249437179612,1.6930553703807885,9,CHEMBL22405,"PfDHFR-TS K1 (P. falciparum, resistant)",True,1,c1ccc(-c2cncnc2)cc1,train
COC(=O)CCCc1nc(N)nc(N)c1-c1cccc(Cl)c1,8.757139286759209,1.6080157560497599,8,CHEMBL21494,"PfDHFR-TS K1 (P. falciparum, resistant)",True,1,c1ccc(-c2cncnc2)cc1,train
COC(=O)CCCc1nc(N)nc(N)c1-c1ccccc1,8.259637310505756,1.424448366500103,9,CHEMBL21407,"PfDHFR-TS K1 (P. falciparum, resistant)",True,1,c1ccc(-c2cncnc2)cc1,train
COC(=O)Nc1nc2cc(-c3nnc(O)c4ccccc34)ccc2[nH]1,3.856985199745905,0.2541234176963633,3,CHEMBL1530518,"TgDHFR-TS (T. gondii, apicomplexan)",False,0,c1ccc2c(-c3ccc4[nH]cnc4c3)nncc2c1,test
COC(=O)[C@H](c1ccccc1)[C@@H]1CCCCN1,4.492144128304169,,1,CHEMBL1178933,HsDHFR (H. sapiens),False,0,c1ccc(C[C@@H]2CCCCN2)cc1,test
COC(=O)c1ccc(COc2cc(NCc3ccc4nc(N)nc(N)c4c3)ccc2OC)cc1,7.184394838132958,0.6030759269299201,2,CHEMBL1165306,HsDHFR (H. sapiens),False,1,c1ccc(COc2cccc(NCc3ccc4ncncc4c3)c2)cc1,test
COC(=O)c1ccc(N2C(N)=NC(N)=NC2(C)C)cc1,4.750000100140428,,1,CHEMBL6836,GgDHFR (G. gallus),False,0,C1=NC=NCN1c1ccccc1,external
COC(=O)c1ccc2c(c1)nc(-c1nccs1)n2-c1ccc2c(N)nc(N)nc2c1,7.274905478918531,,1,CHEMBL3681412,HsDHFR (H. sapiens),False,1,c1ccc2c(c1)nc(-c1nccs1)n2-c1ccc2cncnc2c1,train
COC(=O)c1sccc1-c1ccc(/C(C)=N/NC(N)=O)o1,4.815308569182402,0.25144774448246243,7,CHEMBL95725,"PfDHFR-TS K1 (P. falciparum, resistant)",True,0,c1coc(-c2ccsc2)c1,test
COCCN1CCC(C)c2cc(Cc3cnc(N)nc3N)cc(OC)c21,3.585026652029182,,1,CHEMBL58075,RnDHFR (R. norvegicus),False,0,c1ncc(Cc2ccc3c(c2)CCCN3)cn1,train
COCCOc1c(Cc2cnc(N)nc2N)ccc(OC)c1OC,3.639999991045884,,1,CHEMBL300156,GgDHFR (G. gallus),False,0,c1ccc(Cc2cncnc2)cc1,external
COCCOc1c(OC)cc(Cc2cnc(N)nc2N)cc1OC,3.639999991045884,0.0,2,CHEMBL32039,GgDHFR (G. gallus),False,0,c1ccc(Cc2cncnc2)cc1,external
COCCOc1cc(Cc2cnc(N)nc2N)cc2c1NCCC2,3.769551078621726,,1,CHEMBL61260,RnDHFR (R. norvegicus),False,0,c1ncc(Cc2ccc3c(c2)CCCN3)cn1,train
COCCOc1cc(Cc2cnc(N)nc2N)cc2cccnc12,5.004364805402449,,1,CHEMBL57900,RnDHFR (R. norvegicus),False,0,c1cnc2ccc(Cc3cncnc3)cc2c1,train
COCCOc1ccc(Cc2cnc(N)nc2N)cc1,4.259999979340046,,1,CHEMBL418584,GgDHFR (G. gallus),False,0,c1ccc(Cc2cncnc2)cc1,external
COCCOc1ccc(Cc2cnc(N)nc2N)cc1OC,4.190000019529944,,1,CHEMBL56757,GgDHFR (G. gallus),False,0,c1ccc(Cc2cncnc2)cc1,external
COCCOc1ccc(Cc2cnc(N)nc2N)cc1OCCOC,3.9099999896965425,,1,CHEMBL31402,GgDHFR (G. gallus),False,0,c1ccc(Cc2cncnc2)cc1,external
COCCOc1cccc(Cc2cnc(N)nc2N)c1,4.830000113973616,,1,CHEMBL31351,GgDHFR (G. gallus),False,0,c1ccc(Cc2cncnc2)cc1,external
COC[C@@H](C)Oc1cccc2nc(N)nc(N)c12,4.6020599913279625,,1,CHEMBL4090641,HsDHFR (H. sapiens),False,0,c1ccc2ncncc2c1,train
COC[C@H](C)Oc1cccc2nc(N)nc(N)c12,5.853871964321762,,1,CHEMBL4084161,HsDHFR (H. sapiens),False,0,c1ccc2ncncc2c1,train
COCc1c(CNc2cc(OC)c(OC)c(OC)c2)cnc2nc(N)nc(N)c12,5.886056647693163,,1,CHEMBL151673,HsDHFR (H. sapiens),False,0,c1ccc(NCc2cnc3ncncc3c2)cc1,train
COCc1c(CNc2cc(OC)ccc2OC)cnc2nc(N)nc(N)c12,4.508638306165727,,1,CHEMBL150835,HsDHFR (H. sapiens),False,0,c1ccc(NCc2cnc3ncncc3c2)cc1,train
COCc1c(CNc2ccc(Cl)cc2)cnc2nc(N)nc(N)c12,5.585026652029182,,1,CHEMBL345757,HsDHFR (H. sapiens),False,0,c1ccc(NCc2cnc3ncncc3c2)cc1,train
COCc1c(CNc2ccc(OC)c(OC)c2)cnc2nc(N)nc(N)c12,5.214670164989233,,1,CHEMBL151129,HsDHFR (H. sapiens),False,0,c1ccc(NCc2cnc3ncncc3c2)cc1,train
COCc1cc(N(C)CC2CCc3nc(N)nc(N)c3C2)cc(COC)c1COC,6.134649227859077,0.40064482967381027,4,CHEMBL178684,"RnDHFR (R. norvegicus); TgDHFR-TS (T. gondii, apicomplexan)",False,1,c1ccc(NCC2CCc3ncncc3C2)cc1,train
COCc1cccc(Cc2cnc(N)nc2N)c1,4.3700000191416315,,1,CHEMBL31462,GgDHFR (G. gallus),False,0,c1ccc(Cc2cncnc2)cc1,external
COCc1ccccc1Cc1cnc(N)nc1N,4.399999967876858,,1,CHEMBL135987,GgDHFR (G. gallus),False,0,c1ccc(Cc2cncnc2)cc1,external
COc1c(C(C)(C)C)cc(Cc2cnc(N)nc2N)cc1C(C)(C)C,5.872605156301395,1.78229683631243,4,CHEMBL24374,"HsDHFR (H. sapiens); PbDHFR-TS (P. berghei, rodent malaria); RnDHFR (R. norvegicus)",False,0,c1ccc(Cc2cncnc2)cc1,external
COc1c(C(C)C)cc(Cc2cnc(N)nc2N)cc1C(C)C,6.262164405837785,1.9461102548549594,2,CHEMBL280374,"PbDHFR-TS (P. berghei, rodent malaria); RnDHFR (R. norvegicus)",False,1,c1ccc(Cc2cncnc2)cc1,external
COc1c(C)cc(Cc2cnc(N)nc2N)cc1C,6.431798275933005,1.7916807524304335,3,CHEMBL287553,"HsDHFR (H. sapiens); PbDHFR-TS (P. berghei, rodent malaria); RnDHFR (R. norvegicus)",False,1,c1ccc(Cc2cncnc2)cc1,external
COc1c(C)cc(Cc2cnc(N)nc2N)cc1C(C)(C)C,5.49978296126034,2.28215363860504,2,CHEMBL24155,"PbDHFR-TS (P. berghei, rodent malaria); RnDHFR (R. norvegicus)",False,0,c1ccc(Cc2cncnc2)cc1,external
COc1c(Cl)c(-n2ccc3c4c(N)nc(N)nc4nc(=O)c-3c2)c(Cl)c(OC)c1OC,5.969651079823194,0.4686405570665336,2,CHEMBL431740,"RnDHFR (R. norvegicus); TgDHFR-TS (T. gondii, apicomplexan)",False,0,O=c1nc2ncncc2c2ccn(-c3ccccc3)cc1-2,train
COc1c(I)cc(Cc2cnc(N)nc2N)cc1I,6.152259161754901,1.9182097817458048,2,CHEMBL120366,"PbDHFR-TS (P. berghei, rodent malaria); RnDHFR (R. norvegicus)",False,1,c1ccc(Cc2cncnc2)cc1,external
COc1cc(-c2c(C(C)C)cccc2C(C)C)cc(C(C)C#Cc2c(C)nc(N)nc2N)c1,5.142667503568731,0.0,3,CHEMBL457726,HsDHFR (H. sapiens),False,0,C(#Cc1cncnc1)Cc1cccc(-c2ccccc2)c1,train
COc1cc(-c2c(C(C)C)cccc2C(C)C)ccc1C(C)C#Cc1c(C)nc(N)nc1N,5.376750709602099,,1,CHEMBL3644519,HsDHFR (H. sapiens),False,0,C(#Cc1cncnc1)Cc1ccc(-c2ccccc2)cc1,train
COc1cc(-c2c(C)cccc2C)cc(C(C)C#Cc2c(C)nc(N)nc2N)c1,5.903089986991944,0.0,3,CHEMBL457725,HsDHFR (H. sapiens),False,0,C(#Cc1cncnc1)Cc1cccc(-c2ccccc2)c1,train
COc1cc(-c2c(C)cccc2C)ccc1C(C)C#Cc1c(C)nc(N)nc1N,5.4723700991286615,,1,CHEMBL3644518,HsDHFR (H. sapiens),False,0,C(#Cc1cncnc1)Cc1ccc(-c2ccccc2)cc1,train
COc1cc(-c2cc(C)cc(C)c2)cc(C(C)C#Cc2c(C)nc(N)nc2N)c1,6.1249387366083,0.0,2,CHEMBL575217,HsDHFR (H. sapiens),False,1,C(#Cc1cncnc1)Cc1cccc(-c2ccccc2)c1,train
COc1cc(-c2cc3nc(N)nc(N)c3cc2C)cc(OC)c1OC,7.326979092871104,,1,CHEMBL3681413,HsDHFR (H. sapiens),False,1,c1ccc(-c2ccc3cncnc3c2)cc1,train
COc1cc(-c2ccc(C(C)(C)C)cc2)cc(C(C)C#Cc2c(C)nc(N)nc2N)c1,6.6777807052660805,,1,CHEMBL578424,HsDHFR (H. sapiens),False,1,C(#Cc1cncnc1)Cc1cccc(-c2ccccc2)c1,train
COc1cc(-c2ccc(C)cc2)cc(C(C)C#Cc2c(C)nc(N)nc2N)c1,5.85078088734462,0.0017846341248383742,3,CHEMBL584391,HsDHFR (H. sapiens),False,0,C(#Cc1cncnc1)Cc1cccc(-c2ccccc2)c1,train
COc1cc(-c2ccccc2)cc(C(C)C#Cc2c(C)nc(N)nc2N)c1,5.769551078621726,0.0,3,CHEMBL520358,HsDHFR (H. sapiens),False,0,C(#Cc1cncnc1)Cc1cccc(-c2ccccc2)c1,train
COc1cc(-c2ccccc2)cc(C(O)C#Cc2c(C)nc(N)nc2N)c1,5.638272163982407,,1,CHEMBL574559,HsDHFR (H. sapiens),False,0,C(#Cc1cncnc1)Cc1cccc(-c2ccccc2)c1,train
COc1cc(-c2ccccc2)cc([C@@H](C)C#Cc2c(C)nc(N)nc2N)c1,5.866461091629782,0.0,3,CHEMBL459177,HsDHFR (H. sapiens),False,0,C(#Cc1cncnc1)Cc1cccc(-c2ccccc2)c1,train
COc1cc(-c2ccccc2)cc([C@H](C)C#Cc2c(C)nc(N)nc2N)c1,5.860120913598763,0.0,3,CHEMBL459178,HsDHFR (H. sapiens),False,0,C(#Cc1cncnc1)Cc1cccc(-c2ccccc2)c1,train
COc1cc(-c2ccccc2)ccc1C(C)C#Cc1c(C)nc(N)nc1N,6.158116369287344,0.43897855589721724,2,CHEMBL1270837,HsDHFR (H. sapiens),False,1,C(#Cc1cncnc1)Cc1ccc(-c2ccccc2)cc1,train
COc1cc(-c2ccccc2)ccc1NCc1cnc2nc(N)nc(N)c2c1C,7.167491087293763,,1,CHEMBL147504,HsDHFR (H. sapiens),False,1,c1ccc(-c2ccc(NCc3cnc4ncncc4c3)cc2)cc1,test
COc1cc(-c2ccccc2C)cc(C(C)C#Cc2c(C)nc(N)nc2N)c1,5.866461091629782,0.0,3,CHEMBL485569,HsDHFR (H. sapiens),False,0,C(#Cc1cncnc1)Cc1cccc(-c2ccccc2)c1,train
COc1cc(-c2ccccc2C)ccc1C(C)C#Cc1c(C)nc(N)nc1N,5.557520230935552,,1,CHEMBL3644517,HsDHFR (H. sapiens),False,0,C(#Cc1cncnc1)Cc1ccc(-c2ccccc2)cc1,train
COc1cc(-c2ccncc2)cc(C(C)C#Cc2c(C)nc(N)nc2N)c1,5.823908740944319,0.0,2,CHEMBL2335418,HsDHFR (H. sapiens),False,0,C(#Cc1cncnc1)Cc1cccc(-c2ccncc2)c1,train
COc1cc(-c2cnc(N)nc2N)ccc1C,4.645891560852599,,1,CHEMBL5569327,HsDHFR (H. sapiens),False,0,c1ccc(-c2cncnc2)cc1,train
COc1cc(-c2nc3[nH]c(N)nc(N)c-3n2)c([N+](=O)[O-])cc1OC,4.68837535480105,0.12206835766480303,2,CHEMBL101378,"RnDHFR (R. norvegicus); TgDHFR-TS (T. gondii, apicomplexan)",False,0,c1ccc(-c2nc3cnc[nH]c-3n2)cc1,test
COc1cc(-c2nc3c(=O)[nH]c(N)nc3n2-c2ccccc2)cc(OC)c1OC,4.306360973838451,,1,CHEMBL5291343,HsDHFR (H. sapiens),False,0,O=c1[nH]cnc2c1nc(-c1ccccc1)n2-c1ccccc1,train
COc1cc(-c2nc3c(N)nc(N)nc3[nH]2)cc(OC)c1O,5.407654284591201,0.6839819164891834,4,CHEMBL105020,"RnDHFR (R. norvegicus); TgDHFR-TS (T. gondii, apicomplexan)",False,0,c1ccc(-c2nc3cncnc3[nH]2)cc1,train
COc1cc(-c2nc3c(N)nc(N)nc3[nH]2)cc(OC)c1OC,5.27378858402234,0.42230510786546693,6,CHEMBL431257,"RnDHFR (R. norvegicus); TgDHFR-TS (T. gondii, apicomplexan)",False,0,c1ccc(-c2nc3cncnc3[nH]2)cc1,train
COc1cc(-c2sc3nc(N)nc(N)c3c2C)cc(OC)c1OC,5.7447274948966935,,1,CHEMBL326200,RnDHFR (R. norvegicus),False,0,c1ccc(-c2cc3cncnc3s2)cc1,train
COc1cc(-n2ccc3c4c(N)nc(N)nc4nc(=O)c-3c2)cc(OC)c1OC,6.842401851407577,0.5150491855158891,10,CHEMBL57682,"RnDHFR (R. norvegicus); TgDHFR-TS (T. gondii, apicomplexan)",False,1,O=c1nc2ncncc2c2ccn(-c3ccccc3)cc1-2,train
COc1cc(-n2cccc2)c(OC)cc1NCc1cnc2nc(N)nc(N)c2c1C,7.0598791120522595,0.5962422639511147,2,CHEMBL435479,"RnDHFR (R. norvegicus); TgDHFR-TS (T. gondii, apicomplexan)",False,1,c1ccn(-c2ccc(NCc3cnc4ncncc4c3)cc2)c1,train
COc1cc(/C=C/c2ccc3nc(N)nc(N)c3n2)cc(OC)c1OC,5.3979400086720375,,1,CHEMBL4087099,HsDHFR (H. sapiens),False,0,C(=C/c1ccc2ncncc2n1)\c1ccccc1,train
COc1cc(/C=C/c2cnc3nc(N)nc(N)c3c2)cc(OC)c1OC,5.371641127011257,0.6819773903190505,2,CHEMBL145169,"RnDHFR (R. norvegicus); TgDHFR-TS (T. gondii, apicomplexan)",False,0,C(=C/c1cnc2ncncc2c1)\c1ccccc1,train
COc1cc(/C=C2\C(=O)Nc3ccccc32)cc(OC)c1O,6.301029995663981,,1,CHEMBL2163553,HsDHFR (H. sapiens),False,1,O=C1Nc2ccccc2/C1=C/c1ccccc1,test
COc1cc(/C=C2\CCCc3c2nc(C)nc3-c2cc(OC)c(OC)c(OC)c2)cc(OC)c1OC,6.301029995663981,,1,CHEMBL3115731,HsDHFR (H. sapiens),False,1,C(=C1\CCCc2c1ncnc2-c1ccccc1)\c1ccccc1,train
COc1cc(/C=C2\CCCc3c2nc(N)nc3-c2cc(OC)c(OC)c(OC)c2)cc(OC)c1OC,4.853871964321762,,1,CHEMBL1807581,HsDHFR (H. sapiens),False,0,C(=C1\CCCc2c1ncnc2-c1ccccc1)\c1ccccc1,train
COc1cc(/C=C2\N=C(c3ccccc3)N(c3ccc(C(=O)O)cc3)C2=O)ccc1OC(=O)c1ccccc1,6.552841968657781,,1,CHEMBL5286217,HsDHFR (H. sapiens),False,1,O=C(Oc1ccc(/C=C2\N=C(c3ccccc3)N(c3ccccc3)C2=O)cc1)c1ccccc1,train
COc1cc(/C=C2\N=C(c3ccccc3)N(c3ccc(S(N)(=O)=O)cc3)C2=O)ccc1OC(=O)c1ccccc1,6.552841968657781,,1,CHEMBL5276096,HsDHFR (H. sapiens),False,1,O=C(Oc1ccc(/C=C2\N=C(c3ccccc3)N(c3ccccc3)C2=O)cc1)c1ccccc1,train
COc1cc(C(=O)OCc2ccc3nc(N)nc(N)c3c2)cc(OC)c1OC,7.4430283238465815,0.200815961550139,2,CHEMBL78022,"RnDHFR (R. norvegicus); TgDHFR-TS (T. gondii, apicomplexan)",False,1,O=C(OCc1ccc2ncncc2c1)c1ccccc1,train
COc1cc(C(C#Cc2c(C)nc(N)nc2N)C(C)C)cc(OC)c1OC,6.537602002101044,,1,CHEMBL582843,HsDHFR (H. sapiens),False,1,C(#Cc1cncnc1)Cc1ccccc1,train
COc1cc(C(C#Cc2c(C)nc(N)nc2N)OC)cc(OC)c1OC,5.913640169325252,0.19976154259940504,3,CHEMBL220937,"HsDHFR (H. sapiens); TgDHFR-TS (T. gondii, apicomplexan)",False,0,C(#Cc1cncnc1)Cc1ccccc1,train
COc1cc(C(C#Cc2cnc(N)nc2N)OC)cc(OC)c1OC,5.935542010773082,0.5350698041972551,3,CHEMBL220936,"HsDHFR (H. sapiens); TgDHFR-TS (T. gondii, apicomplexan)",False,0,C(#Cc1cncnc1)Cc1ccccc1,train
COc1cc(C(C)(C)C#Cc2c(C)nc(N)nc2N)cc(OC)c1OC,6.537602002101044,,1,CHEMBL1230365,HsDHFR (H. sapiens),False,1,C(#Cc1cncnc1)Cc1ccccc1,train
COc1cc(C(C)C#Cc2c(C)nc(N)nc2N)c(OC)cc1-c1ccccc1,6.503070351926786,,1,CHEMBL1270734,HsDHFR (H. sapiens),False,1,C(#Cc1cncnc1)Cc1ccc(-c2ccccc2)cc1,train
COc1cc(C(C)C#Cc2c(C)nc(N)nc2N)cc(N2CCOCC2)c1,6.3979400086720375,0.0,2,CHEMBL2335416,HsDHFR (H. sapiens),False,1,C(#Cc1cncnc1)Cc1cccc(N2CCOCC2)c1,train
COc1cc(C(C)C#Cc2c(C)nc(N)nc2N)cc(OC)c1OC,5.860120913598763,0.6123941836570125,3,CHEMBL222461,"HsDHFR (H. sapiens); TgDHFR-TS (T. gondii, apicomplexan)",False,0,C(#Cc1cncnc1)Cc1ccccc1,train
COc1cc(C(C)C#Cc2c(C)nc(N)nc2N)ccc1-c1c(C(C)C)cccc1C(C)C,5.376750709602099,0.0,2,CHEMBL458829,HsDHFR (H. sapiens),False,0,C(#Cc1cncnc1)Cc1ccc(-c2ccccc2)cc1,train
COc1cc(C(C)C#Cc2c(C)nc(N)nc2N)ccc1-c1c(C)cccc1C,5.4723700991286615,0.0,2,CHEMBL458817,HsDHFR (H. sapiens),False,0,C(#Cc1cncnc1)Cc1ccc(-c2ccccc2)cc1,train
COc1cc(C(C)C#Cc2c(C)nc(N)nc2N)ccc1-c1ccccc1,5.847711655616944,0.0,3,CHEMBL457905,HsDHFR (H. sapiens),False,0,C(#Cc1cncnc1)Cc1ccc(-c2ccccc2)cc1,train
COc1cc(C(C)C#Cc2c(C)nc(N)nc2N)ccc1-c1ccccc1C,5.557520230935552,0.0,2,CHEMBL457906,HsDHFR (H. sapiens),False,0,C(#Cc1cncnc1)Cc1ccc(-c2ccccc2)cc1,train
COc1cc(C(C)C#Cc2cnc(N)nc2N)cc(OC)c1OC,5.835647144215563,0.18879864067545976,3,CHEMBL219889,"HsDHFR (H. sapiens); TgDHFR-TS (T. gondii, apicomplexan)",False,0,C(#Cc1cncnc1)Cc1ccccc1,train
COc1cc(C(C)C)c(Oc2cnc(N)nc2N)cc1-c1ccc(C(C)C)cc1,5.536107011014092,,1,CHEMBL5562750,HsDHFR (H. sapiens),False,0,c1ccc(-c2cccc(Oc3cncnc3)c2)cc1,test
COc1cc(C(C)C)c(Oc2cnc(N)nc2N)cc1I,3.7547341605425384,,1,CHEMBL526307,HsDHFR (H. sapiens),False,0,c1ccc(Oc2cncnc2)cc1,test
COc1cc(C(C)Nc2cnc3nc(N)nc(N)c3c2)cc(OC)c1OC,6.304198984384435,0.45232352138630016,6,CHEMBL32583,"RnDHFR (R. norvegicus); TgDHFR-TS (T. gondii, apicomplexan)",False,1,c1ccc(CNc2cnc3ncncc3c2)cc1,train
COc1cc(C(O)C#Cc2c(C)nc(N)nc2N)cc(OC)c1OC,5.243363891754152,0.11685874524624579,3,CHEMBL221172,"HsDHFR (H. sapiens); TgDHFR-TS (T. gondii, apicomplexan)",False,0,C(#Cc1cncnc1)Cc1ccccc1,train
COc1cc(C(O)C#Cc2cnc(N)nc2N)cc(OC)c1OC,4.844663962534939,0.05630146245635118,3,CHEMBL384443,"HsDHFR (H. sapiens); TgDHFR-TS (T. gondii, apicomplexan)",False,0,C(#Cc1cncnc1)Cc1ccccc1,train
COc1cc(C)c2cc(Cc3cnc(N)nc3N)cc(C)c2n1,4.9761679026992205,1.0869073987776026,2,CHEMBL60486,HsDHFR (H. sapiens); RnDHFR (R. norvegicus),False,0,c1cnc2ccc(Cc3cncnc3)cc2c1,train
COc1cc(C)c2ccc(Cc3cnc(N)nc3N)cc2n1,5.934833115752497,0.8316221045724969,2,CHEMBL294377,HsDHFR (H. sapiens); RnDHFR (R. norvegicus),False,0,c1cnc2cc(Cc3cncnc3)ccc2c1,test
COc1cc(C)nc2c(OC)cc(Cc3cnc(N)nc3N)cc12,5.2887050800742585,1.384375296840097,2,CHEMBL56719,HsDHFR (H. sapiens); RnDHFR (R. norvegicus),False,0,c1cnc2ccc(Cc3cncnc3)cc2c1,train
COc1cc(CC#Cc2c(C)nc(N)nc2N)cc(-c2c(C)cccc2C)c1,5.801342913045577,,1,CHEMBL572717,HsDHFR (H. sapiens),False,0,C(#Cc1cncnc1)Cc1cccc(-c2ccccc2)c1,train
COc1cc(CC#Cc2c(C)nc(N)nc2N)cc(OC)c1OC,6.3979400086720375,0.1976978269493343,3,CHEMBL220159,"HsDHFR (H. sapiens); TgDHFR-TS (T. gondii, apicomplexan)",False,1,C(#Cc1cncnc1)Cc1ccccc1,train
COc1cc(CC#Cc2cnc(N)nc2N)cc(OC)c1OC,5.835647144215563,0.6767162215693152,3,CHEMBL219624,"HsDHFR (H. sapiens); TgDHFR-TS (T. gondii, apicomplexan)",False,0,C(#Cc1cncnc1)Cc1ccccc1,train
COc1cc(CC2CCc3nc(N)nc(N)c32)cc(OC)c1OC,4.419465807264412,0.36531243211698167,2,CHEMBL441668,"RnDHFR (R. norvegicus); TgDHFR-TS (T. gondii, apicomplexan)",False,0,c1ccc(CC2CCc3ncncc32)cc1,test
COc1cc(CC2CCc3nc(N)nc(N)c3C2)cc(OC)c1OC,7.520002580835792,0.1411189654908379,2,CHEMBL7063,"RnDHFR (R. norvegicus); TgDHFR-TS (T. gondii, apicomplexan)",False,1,c1ccc(CC2CCc3ncncc3C2)cc1,train
COc1cc(CC2CN=C(N)N=C2N)cc(OC)c1OC,4.648784731777237,1.2785300055580104,2,CHEMBL331292,"RnDHFR (R. norvegicus); TgDHFR-TS (T. gondii, apicomplexan)",False,0,C1=NC=NCC1Cc1ccccc1,test
COc1cc(CCC2CCc3nc(N)nc(N)c32)cc(OC)c1OC,6.073150894111913,0.31010723645188887,2,CHEMBL172353,"RnDHFR (R. norvegicus); TgDHFR-TS (T. gondii, apicomplexan)",False,1,c1ccc(CCC2CCc3ncncc32)cc1,train
COc1cc(CCC2CNc3nc(N)nc(N)c3C2)cc(OC)c1OC,5.818203316563681,0.4646713643287144,10,CHEMBL423558,"RnDHFR (R. norvegicus); TgDHFR-TS (T. gondii, apicomplexan)",False,0,c1ccc(CCC2CNc3ncncc3C2)cc1,train
COc1cc(CCCC2CCc3nc(N)nc(N)c32)cc(OC)c1OC,6.755724641749778,0.1388012746919071,2,CHEMBL176332,"RnDHFR (R. norvegicus); TgDHFR-TS (T. gondii, apicomplexan)",False,1,c1ccc(CCCC2CCc3ncncc32)cc1,train
COc1cc(CCCNc2ccc3nc(N)nc(N)c3c2Cl)cc(OC)c1OC,4.7875591816844665,0.09378043656436218,2,CHEMBL141469,"RnDHFR (R. norvegicus); TgDHFR-TS (T. gondii, apicomplexan)",False,0,c1ccc(CCCNc2ccc3ncncc3c2)cc1,train
COc1cc(CCCc2c[nH]c3nc(N)nc(N)c23)cc(OC)c1OC,5.653581429532805,0.3863663710535562,4,CHEMBL597583,"RnDHFR (R. norvegicus); TgDHFR-TS (T. gondii, apicomplexan)",False,0,c1ccc(CCCc2c[nH]c3ncncc23)cc1,train
COc1cc(CCNc2ccc3nc(N)nc(N)c3c2Cl)cc(OC)c1OC,5.426316446103106,0.22445012570768264,2,CHEMBL141417,"RnDHFR (R. norvegicus); TgDHFR-TS (T. gondii, apicomplexan)",False,0,c1ccc(CCNc2ccc3ncncc3c2)cc1,train
COc1cc(CCc2ccc3nc(N)nc(N)c3n2)cc(OC)c1OC,6.537602002101044,,1,CHEMBL4071461,HsDHFR (H. sapiens),False,1,c1ccc(CCc2ccc3ncncc3n2)cc1,train
COc1cc(CCc2cccc3nc(N)nc(N)c23)cc(OC)c1OC,6.587092277507398,1.293708708876764,4,CHEMBL441298,"HsDHFR (H. sapiens); RnDHFR (R. norvegicus); TgDHFR-TS (T. gondii, apicomplexan)",False,1,c1ccc(CCc2cccc3ncncc23)cc1,train
COc1cc(CCc2cnc(N)nc2N)cc(OC)c1OC,4.044793462458058,,1,CHEMBL374256,"TgDHFR-TS (T. gondii, apicomplexan)",False,0,c1ccc(CCc2cncnc2)cc1,train
COc1cc(CCc2cnc3nc(N)nc(N)c3c2)cc(OC)c1OC,6.321034481308486,0.41401297829044365,6,CHEMBL142624,"RnDHFR (R. norvegicus); TgDHFR-TS (T. gondii, apicomplexan)",False,1,c1ccc(CCc2cnc3ncncc3c2)cc1,train
COc1cc(CCc2cnc3nc(N)nc(N)c3c2C)cc(OC)c1,6.004364805402449,,1,CHEMBL151543,HsDHFR (H. sapiens),False,1,c1ccc(CCc2cnc3ncncc3c2)cc1,train
COc1cc(CCc2sc3nc(N)nc(N)c3c2C)cc(OC)c1OC,4.6020599913279625,,1,CHEMBL322861,RnDHFR (R. norvegicus),False,0,c1ccc(CCc2cc3cncnc3s2)cc1,train
COc1cc(CN(C)CC2CCc3nc(N)nc(N)c3C2)cc(OC)c1OC,6.134649227859077,0.49050135211690643,2,CHEMBL122704,"RnDHFR (R. norvegicus); TgDHFR-TS (T. gondii, apicomplexan)",False,1,c1ccc(CNCC2CCc3ncncc3C2)cc1,train
COc1cc(CN(C)c2ccc3nc(N)nc(N)c3c2)cc(OC)c1,8.05908521681132,0.10909573893573923,8,CHEMBL113816,"HsDHFR (H. sapiens); RnDHFR (R. norvegicus); TgDHFR-TS (T. gondii, apicomplexan)",False,1,c1ccc(CNc2ccc3ncncc3c2)cc1,train
COc1cc(CN(C)c2ccc3nc(N)nc(N)c3c2Cl)cc(OC)c1OC,7.608048210363632,0.26563428887678725,2,CHEMBL138265,"RnDHFR (R. norvegicus); TgDHFR-TS (T. gondii, apicomplexan)",False,1,c1ccc(CNc2ccc3ncncc3c2)cc1,train
COc1cc(CN(C)c2cnc3nc(N)nc(N)c3c2)cc(OC)c1,7.325683066300843,0.8086791474341394,10,CHEMBL36245,"HsDHFR (H. sapiens); RnDHFR (R. norvegicus); TgDHFR-TS (T. gondii, apicomplexan)",False,1,c1ccc(CNc2cnc3ncncc3c2)cc1,train
COc1cc(CN(C)c2cnc3nc(N)nc(N)c3c2)cc(OC)c1OC,7.667942380648341,0.2038680820042398,6,CHEMBL32190,"RnDHFR (R. norvegicus); TgDHFR-TS (T. gondii, apicomplexan)",False,1,c1ccc(CNc2cnc3ncncc3c2)cc1,train
COc1cc(CN2CCc3c(oc4nc(N)nc(N)c34)C2)cc(OC)c1,4.642065152999546,,1,CHEMBL284960,RnDHFR (R. norvegicus),False,0,c1ccc(CN2CCc3c(oc4ncncc34)C2)cc1,train
COc1cc(CN2CCc3nc(N)nc(N)c3C2)cc(OC)c1OC,6.178273661756906,0.7363758295534484,2,CHEMBL6899,"RnDHFR (R. norvegicus); TgDHFR-TS (T. gondii, apicomplexan)",False,1,c1ccc(CN2CCc3ncncc3C2)cc1,train
COc1cc(CN2CCc3nc4nc(N)nc(N)c4cc3C2)cc(OC)c1,5.113106777509403,0.6442159380330317,2,CHEMBL357973,"HsDHFR (H. sapiens); TgDHFR-TS (T. gondii, apicomplexan)",False,0,c1ccc(CN2CCc3nc4ncncc4cc3C2)cc1,train
COc1cc(CNCC2CCc3nc(N)nc(N)c3C2)cc(OC)c1OC,4.896196279044043,,1,CHEMBL420332,RnDHFR (R. norvegicus),False,0,c1ccc(CNCC2CCc3ncncc3C2)cc1,train
COc1cc(CNc2ccc3nc(N)nc(N)c3c2)cc(OC)c1,6.075720713938118,0.7868165406776515,8,CHEMBL116815,"HsDHFR (H. sapiens); RnDHFR (R. norvegicus); TgDHFR-TS (T. gondii, apicomplexan)",False,1,c1ccc(CNc2ccc3ncncc3c2)cc1,train
COc1cc(CNc2ccc3nc(N)nc(N)c3c2)cc(OC)c1OC,6.045779206370579,0.8292641708253007,8,CHEMBL113999,"HsDHFR (H. sapiens); RnDHFR (R. norvegicus); TgDHFR-TS (T. gondii, apicomplexan)",False,1,c1ccc(CNc2ccc3ncncc3c2)cc1,train
COc1cc(CNc2ccc3nc(N)nc(N)c3c2Cl)cc(OC)c1OC,8.18837535480105,0.04733852892647574,2,CHEMBL137942,"RnDHFR (R. norvegicus); TgDHFR-TS (T. gondii, apicomplexan)",False,1,c1ccc(CNc2ccc3ncncc3c2)cc1,train
COc1cc(CNc2ccc3nc(N)nc(N)c3n2)cc(OC)c1OC,6.081837942146624,0.3223925775995643,2,CHEMBL141808,"RnDHFR (R. norvegicus); TgDHFR-TS (T. gondii, apicomplexan)",False,1,c1ccc(CNc2ccc3ncncc3n2)cc1,test
COc1cc(CNc2cnc3nc(N)nc(N)c3c2)cc(OC)c1,5.468521082957745,0.7524609978399253,7,CHEMBL32266,"HsDHFR (H. sapiens); RnDHFR (R. norvegicus); TgDHFR-TS (T. gondii, apicomplexan)",False,0,c1ccc(CNc2cnc3ncncc3c2)cc1,train
COc1cc(CNc2cnc3nc(N)nc(N)c3c2)cc(OC)c1OC,5.684028134228857,0.903149682370088,10,CHEMBL33208,"HsDHFR (H. sapiens); RnDHFR (R. norvegicus); TgDHFR-TS (T. gondii, apicomplexan)",False,0,c1ccc(CNc2cnc3ncncc3c2)cc1,train
COc1cc(COc2c(OC)cc(Cc3cnc(N)nc3N)cc2OC)cc(OC)c1OC,4.823908740944319,,1,CHEMBL174091,RnDHFR (R. norvegicus),False,0,c1ccc(COc2ccc(Cc3cncnc3)cc2)cc1,train
COc1cc(COc2cc(Cc3cnc(N)nc3N)ccc2OCc2ccccc2)cc(OC)c1OC,6.522149199327397,1.3073880186846372,4,CHEMBL280410,"PfDHFR-TS K1 (P. falciparum, resistant)",True,1,c1ccc(COc2ccc(Cc3cncnc3)cc2OCc2ccccc2)cc1,train
COc1cc(COc2ccc(Cc3cnc(N)nc3N)cc2)cc(OC)c1OC,6.823908740944319,1.5688027625667003,15,CHEMBL416376,"PfDHFR-TS K1 (P. falciparum, resistant)",True,1,c1ccc(COc2ccc(Cc3cncnc3)cc2)cc1,train
COc1cc(COc2cnc(N)nc2N)ccc1OCCCNS(=O)(=O)c1ccc(C)cc1,5.3441895055047475,,1,CHEMBL367220,RnDHFR (R. norvegicus),False,0,O=S(=O)(NCCCOc1ccc(COc2cncnc2)cc1)c1ccccc1,train
COc1cc(COc2cnc(N)nc2N)ccc1OCCCc1ccccc1,4.233959139618611,,1,CHEMBL368065,RnDHFR (R. norvegicus),False,0,c1ccc(CCCOc2ccc(COc3cncnc3)cc2)cc1,test
COc1cc(C[C@H]2NCCc3cc(O)c(O)cc32)cc(OC)c1OC,8.585026652029182,,1,CHEMBL1788319,HsDHFR (H. sapiens),False,1,c1ccc(C[C@H]2NCCc3ccccc32)cc1,test
COc1cc(Cc2c(C)nc(N)nc2N)cc(OC)c1O,6.318758762624412,0.0,2,CHEMBL339058,"PbDHFR-TS (P. berghei, rodent malaria)",False,1,c1ccc(Cc2cncnc2)cc1,external
COc1cc(Cc2c(C)nc(N)nc2N)cc(OC)c1OC,6.119186407719209,0.9241002085809589,11,CHEMBL325533,"PbDHFR-TS (P. berghei, rodent malaria); PfDHFR-TS K1 (P. falciparum, resistant)",True,1,c1ccc(Cc2cncnc2)cc1,external
COc1cc(Cc2c(C)nc(N)nc2N)ccc1OCc1ccccc1,6.7447274948966935,1.1975591448824277,11,CHEMBL120123,"PfDHFR-TS K1 (P. falciparum, resistant)",True,1,c1ccc(COc2ccc(Cc3cncnc3)cc2)cc1,train
COc1cc(Cc2c(N)nc(N)nc2SC)cc(OC)c1OC,4.698970004336019,,1,CHEMBL150538,"PbDHFR-TS (P. berghei, rodent malaria)",False,0,c1ccc(Cc2cncnc2)cc1,external
COc1cc(Cc2ccc(N)cc2N)cc(OC)c1OCCCNc1ccc(S(=O)(=O)c2ccc(N)cc2)cc1,4.619788758288394,,1,CHEMBL368735,RnDHFR (R. norvegicus),False,0,O=S(=O)(c1ccccc1)c1ccc(NCCCOc2ccc(Cc3ccccc3)cc2)cc1,test
COc1cc(Cc2cnc(N)nc2N)c2c(c1OC)OC(C1CC1)C=C2,6.110698297493689,1.1467398686198083,3,CHEMBL134561,HsDHFR (H. sapiens),False,1,C1=CC(C2CC2)Oc2cccc(Cc3cncnc3)c21,test
COc1cc(Cc2cnc(N)nc2N)cc(/C=C/C(=O)N2N=Cc3ccccc3C2C2CCCC2)c1OC,4.6020599913279625,,1,CHEMBL561644,RnDHFR (R. norvegicus),False,0,O=C(/C=C/c1cccc(Cc2cncnc2)c1)N1N=Cc2ccccc2C1C1CCCC1,test
COc1cc(Cc2cnc(N)nc2N)cc(/C=C/C(=O)N2N=Cc3ccccc3C2C2CCCCC2)c1OC,4.6020599913279625,,1,CHEMBL551038,RnDHFR (R. norvegicus),False,0,O=C(/C=C/c1cccc(Cc2cncnc2)c1)N1N=Cc2ccccc2C1C1CCCCC1,test
COc1cc(Cc2cnc(N)nc2N)cc(/C=C/C(=O)N2N=Cc3ccccc3C2CCCO)c1OC,4.6020599913279625,,1,CHEMBL549882,RnDHFR (R. norvegicus),False,0,O=C(/C=C/c1cccc(Cc2cncnc2)c1)N1Cc2ccccc2C=N1,train
COc1cc(Cc2cnc(N)nc2N)cc(/C=C/C(=O)N2N=Cc3ccccc3C2c2ccc(C)cc2)c1OC,4.6020599913279625,,1,CHEMBL550083,RnDHFR (R. norvegicus),False,0,O=C(/C=C/c1cccc(Cc2cncnc2)c1)N1N=Cc2ccccc2C1c1ccccc1,train
COc1cc(Cc2cnc(N)nc2N)cc(/C=C/C(=O)N2N=Cc3ccccc3C2c2ccccc2)c1OC,4.6020599913279625,,1,CHEMBL565020,RnDHFR (R. norvegicus),False,0,O=C(/C=C/c1cccc(Cc2cncnc2)c1)N1N=Cc2ccccc2C1c1ccccc1,train
COc1cc(Cc2cnc(N)nc2N)cc(C#CCCC(=O)O)c1Br,7.012284095745368,1.147810580796607,2,CHEMBL191071,"RnDHFR (R. norvegicus); TgDHFR-TS (T. gondii, apicomplexan)",False,1,c1ccc(Cc2cncnc2)cc1,external
COc1cc(Cc2cnc(N)nc2N)cc(C#CCCCC(=O)O)c1OC,6.384775539310863,1.251401562715169,4,CHEMBL300419,"RnDHFR (R. norvegicus); TgDHFR-TS (T. gondii, apicomplexan)",False,1,c1ccc(Cc2cncnc2)cc1,external
COc1cc(Cc2cnc(N)nc2N)cc(C#Cc2ccc(C(=O)O)cc2)c1OC,5.216134018725965,1.64135986495361,2,CHEMBL52415,"RnDHFR (R. norvegicus); TgDHFR-TS (T. gondii, apicomplexan)",False,0,C(#Cc1cccc(Cc2cncnc2)c1)c1ccccc1,train
COc1cc(Cc2cnc(N)nc2N)cc(CC(C)O)c1O,4.443697499232713,,1,CHEMBL303075,RnDHFR (R. norvegicus),False,0,c1ccc(Cc2cncnc2)cc1,external
COc1cc(Cc2cnc(N)nc2N)cc(OC)c1,4.082878738132296,0.0524973717679966,2,CHEMBL287241,GgDHFR (G. gallus); RnDHFR (R. norvegicus),False,0,c1ccc(Cc2cncnc2)cc1,external
COc1cc(Cc2cnc(N)nc2N)cc(OC)c1-n1cccc1,6.327902142064282,,1,CHEMBL48963,"TgDHFR-TS (T. gondii, apicomplexan)",False,1,c1ccn(-c2ccc(Cc3cncnc3)cc2)c1,train
COc1cc(Cc2cnc(N)nc2N)cc(OC)c1Br,7.769551078621726,1.880470354212486,3,CHEMBL31891,"GgDHFR (G. gallus); RnDHFR (R. norvegicus); TgDHFR-TS (T. gondii, apicomplexan)",False,1,c1ccc(Cc2cncnc2)cc1,external
COc1cc(Cc2cnc(N)nc2N)cc(OC)c1C,3.920818753952375,,1,CHEMBL263732,RnDHFR (R. norvegicus),False,0,c1ccc(Cc2cncnc2)cc1,external
COc1cc(Cc2cnc(N)nc2N)cc(OC)c1N,3.2839966563652006,,1,CHEMBL122351,RnDHFR (R. norvegicus),False,0,c1ccc(Cc2cncnc2)cc1,external
COc1cc(Cc2cnc(N)nc2N)cc(OC)c1N(C)C,4.149999990420336,,1,CHEMBL293299,GgDHFR (G. gallus),False,0,c1ccc(Cc2cncnc2)cc1,external
COc1cc(Cc2cnc(N)nc2N)cc(OC)c1O,4.036212172654444,1.3620033748212599,5,CHEMBL1181,"PbDHFR-TS (P. berghei, rodent malaria); RnDHFR (R. norvegicus)",False,0,c1ccc(Cc2cncnc2)cc1,external
COc1cc(Cc2cnc(N)nc2N)cc(OC)c1OC,4.719649306953994,1.5844214185011556,159,CHEMBL22,"GgDHFR (G. gallus); HsDHFR (H. sapiens); MmDHFR (M. musculus); PbDHFR-TS (P. berghei, rodent malaria); PfDHFR-TS K1 (P. falciparum, resistant); RnDHFR (R. norvegicus); TgDHFR-TS (T. gondii, apicomplexan)",True,0,c1ccc(Cc2cncnc2)cc1,external
COc1cc(Cc2cnc(N)nc2N)cc(OC)c1OC(=O)CNC(CC(C)C)C(=O)O,4.959397659885927,,1,CHEMBL4752301,HsDHFR (H. sapiens),False,0,c1ccc(Cc2cncnc2)cc1,external
COc1cc(Cc2cnc(N)nc2N)cc(OC)c1OC(=O)CNC(CCC(=O)O)C(=O)O,5.787812395596042,,1,CHEMBL4745475,HsDHFR (H. sapiens),False,0,c1ccc(Cc2cncnc2)cc1,external
COc1cc(Cc2cnc(N)nc2N)cc(OC)c1OC(=O)CNC(Cc1cc2ccccc2[nH]1)C(=O)O,5.73754891026957,,1,CHEMBL4761589,HsDHFR (H. sapiens),False,0,O=C(CNCCc1cc2ccccc2[nH]1)Oc1ccc(Cc2cncnc2)cc1,test
COc1cc(Cc2cnc(N)nc2N)cc(OC)c1OC(=O)CNC(Cc1ccccc1)C(=O)O,4.911509529817604,,1,CHEMBL4779765,HsDHFR (H. sapiens),False,0,O=C(CNCCc1ccccc1)Oc1ccc(Cc2cncnc2)cc1,test
COc1cc(Cc2cnc(N)nc2N)cc(OC)c1OCCCC(=O)O,3.426935982160881,0.04100649896213307,2,CHEMBL320596,GgDHFR (G. gallus); RnDHFR (R. norvegicus),False,0,c1ccc(Cc2cncnc2)cc1,external
COc1cc(Cc2cnc(N)nc2N)cc(OC)c1OCCCCC(=O)O,3.1938200260161125,,1,CHEMBL321942,RnDHFR (R. norvegicus),False,0,c1ccc(Cc2cncnc2)cc1,external
COc1cc(Cc2cnc(N)nc2N)cc(OC)c1OCCCCCC(=O)O,3.5257935171106993,0.00412210985372089,2,CHEMBL105006,RnDHFR (R. norvegicus),False,0,c1ccc(Cc2cncnc2)cc1,external
COc1cc(Cc2cnc(N)nc2N)cc(OC)c1OCCCCCCN,3.2518119729937993,,1,CHEMBL369057,RnDHFR (R. norvegicus),False,0,c1ccc(Cc2cncnc2)cc1,external
COc1cc(Cc2cnc(N)nc2N)cc(OC)c1OCCCCN1C(=O)c2ccccc2C1=O,4.267606240177032,,1,CHEMBL172808,RnDHFR (R. norvegicus),False,0,O=C1c2ccccc2C(=O)N1CCCCOc1ccc(Cc2cncnc2)cc1,train
COc1cc(Cc2cnc(N)nc2N)cc(OC)c1OCCCCl,3.6020599913279625,,1,CHEMBL176489,RnDHFR (R. norvegicus),False,0,c1ccc(Cc2cncnc2)cc1,external
COc1cc(Cc2cnc(N)nc2N)cc(OC)c1OCCCN1C(=O)c2ccccc2C1=O,4.161150909262744,,1,CHEMBL366869,RnDHFR (R. norvegicus),False,0,O=C1c2ccccc2C(=O)N1CCCOc1ccc(Cc2cncnc2)cc1,test
COc1cc(Cc2cnc(N)nc2N)cc(OC)c1OCCCl,3.221848749616356,,1,CHEMBL367218,RnDHFR (R. norvegicus),False,0,c1ccc(Cc2cncnc2)cc1,external
COc1cc(Cc2cnc(N)nc2N)cc(OC)c1OCCNc1ccc(C(=O)NC(C(=O)O)C(C)C)cc1,7.3979400086720375,,1,CHEMBL4759800,HsDHFR (H. sapiens),False,1,c1ccc(NCCOc2ccc(Cc3cncnc3)cc2)cc1,train
COc1cc(Cc2cnc(N)nc2N)cc(OC)c1OCCNc1ccc(C(=O)NC(CCC(=O)O)C(=O)O)cc1,8.0,,1,CHEMBL4748139,HsDHFR (H. sapiens),False,1,c1ccc(NCCOc2ccc(Cc3cncnc3)cc2)cc1,train
COc1cc(Cc2cnc(N)nc2N)cc(OC)c1OCCNc1ccc(C(=O)NC(Cc2cc3ccccc3[nH]2)C(=O)O)cc1,7.522878745280337,,1,CHEMBL4757974,HsDHFR (H. sapiens),False,1,O=C(NCCc1cc2ccccc2[nH]1)c1ccc(NCCOc2ccc(Cc3cncnc3)cc2)cc1,test
COc1cc(Cc2cnc(N)nc2N)cc(OC)c1OCCNc1ccc(C(=O)NC(Cc2ccccc2)C(=O)O)cc1,7.045757490560675,,1,CHEMBL4783671,HsDHFR (H. sapiens),False,1,O=C(NCCc1ccccc1)c1ccc(NCCOc2ccc(Cc3cncnc3)cc2)cc1,test
COc1cc(Cc2cnc(N)nc2N)cc(OC)c1OCc1ccccc1,7.1432711096171175,1.7958485365466161,5,CHEMBL279509,"PfDHFR-TS K1 (P. falciparum, resistant); RnDHFR (R. norvegicus)",True,1,c1ccc(COc2ccc(Cc3cncnc3)cc2)cc1,train
COc1cc(Cc2cnc(N)nc2N)cc(OC)c1Oc1ccc([N+](=O)[O-])cc1,4.301029995663981,,1,CHEMBL367061,RnDHFR (R. norvegicus),False,0,c1ccc(Oc2ccc(Cc3cncnc3)cc2)cc1,test
COc1cc(Cc2cnc(N)nc2N)cc(OC)c1SC,4.28999998644378,,1,CHEMBL56318,GgDHFR (G. gallus),False,0,c1ccc(Cc2cncnc2)cc1,external
COc1cc(Cc2cnc(N)nc2N)cc(OCC(=O)O)c1OC,4.154901959985743,,1,CHEMBL14201,RnDHFR (R. norvegicus),False,0,c1ccc(Cc2cncnc2)cc1,external
COc1cc(Cc2cnc(N)nc2N)cc(OCCC(=O)O)c1OC,4.130768280269024,,1,CHEMBL13820,RnDHFR (R. norvegicus),False,0,c1ccc(Cc2cncnc2)cc1,external
COc1cc(Cc2cnc(N)nc2N)cc(OCCCC(=O)O)c1OC,4.835402792455774,0.2514831960451347,2,CHEMBL418347,GgDHFR (G. gallus); RnDHFR (R. norvegicus),False,0,c1ccc(Cc2cncnc2)cc1,external
COc1cc(Cc2cnc(N)nc2N)cc(OCCCCC(=O)O)c1OC,4.568636235841013,,1,CHEMBL13673,RnDHFR (R. norvegicus),False,0,c1ccc(Cc2cncnc2)cc1,external
COc1cc(Cc2cnc(N)nc2N)cc(OCCCCCC(=O)O)c1OC,4.455931955649724,,1,CHEMBL14001,RnDHFR (R. norvegicus),False,0,c1ccc(Cc2cncnc2)cc1,external
COc1cc(Cc2cnc(N)nc2N)cc(OCCCCCCC(=O)O)c1OC,4.251811972993799,,1,CHEMBL274430,RnDHFR (R. norvegicus),False,0,c1ccc(Cc2cncnc2)cc1,external
COc1cc(Cc2cnc(N)nc2N)cc2c(C)cc(C)nc12,4.366531544420414,,1,CHEMBL57377,RnDHFR (R. norvegicus),False,0,c1cnc2ccc(Cc3cncnc3)cc2c1,train
COc1cc(Cc2cnc(N)nc2N)cc2c(C)ccnc12,4.698970004336019,0.0,2,CHEMBL294638,RnDHFR (R. norvegicus),False,0,c1cnc2ccc(Cc3cncnc3)cc2c1,train
COc1cc(Cc2cnc(N)nc2N)cc2c(N(C)C)cc(C)nc12,5.5043869621537524,1.9084599922850845,2,CHEMBL58366,HsDHFR (H. sapiens); RnDHFR (R. norvegicus),False,0,c1cnc2ccc(Cc3cncnc3)cc2c1,train
COc1cc(Cc2cnc(N)nc2N)cc2c1N(C)C(C)(C)C=C2C,3.4685210829577446,,1,CHEMBL300385,RnDHFR (R. norvegicus),False,0,C1=Cc2cc(Cc3cncnc3)ccc2NC1,train
COc1cc(Cc2cnc(N)nc2N)cc2c1N(C)CCC2C,3.6020599913279625,0.0,2,CHEMBL59491,RnDHFR (R. norvegicus),False,0,c1ncc(Cc2ccc3c(c2)CCCN3)cn1,train
COc1cc(Cc2cnc(N)nc2N)cc2c1N(CCO)CCC2C,3.8477116556169433,,1,CHEMBL58074,RnDHFR (R. norvegicus),False,0,c1ncc(Cc2ccc3c(c2)CCCN3)cn1,train
COc1cc(Cc2cnc(N)nc2N)cc2c1N(CCOC(C)=O)C(C)(C)C=C2C,3.785156151952302,,1,CHEMBL61305,RnDHFR (R. norvegicus),False,0,C1=Cc2cc(Cc3cncnc3)ccc2NC1,train
COc1cc(Cc2cnc(N)nc2N)cc2c1N(CCOC(C)=O)CCC2C,3.721246399047171,,1,CHEMBL292839,RnDHFR (R. norvegicus),False,0,c1ncc(Cc2ccc3c(c2)CCCN3)cn1,train
COc1cc(Cc2cnc(N)nc2N)cc2c1NC(C)(C)C=C2C,4.70446769648675,1.6710191199463102,2,CHEMBL418492,GgDHFR (G. gallus); RnDHFR (R. norvegicus),False,0,C1=Cc2cc(Cc3cncnc3)ccc2NC1,train
COc1cc(Cc2cnc(N)nc2N)cc2c1NC(C)(C)CC2C,3.366531544420414,,1,CHEMBL60647,RnDHFR (R. norvegicus),False,0,c1ncc(Cc2ccc3c(c2)CCCN3)cn1,train
COc1cc(Cc2cnc(N)nc2N)cc2c1NC(C)(CF)C(F)=C2C,3.632644078973981,,1,CHEMBL418293,RnDHFR (R. norvegicus),False,0,C1=Cc2cc(Cc3cncnc3)ccc2NC1,train
COc1cc(Cc2cnc(N)nc2N)cc2c1NC(C)(CF)C=C2CF,3.638272163982407,,1,CHEMBL58149,RnDHFR (R. norvegicus),False,0,C1=Cc2cc(Cc3cncnc3)ccc2NC1,train
COc1cc(Cc2cnc(N)nc2N)cc2c1NCC(CO)C2,4.1938200260161125,,1,CHEMBL293977,RnDHFR (R. norvegicus),False,0,c1ncc(Cc2ccc3c(c2)CCCN3)cn1,train
COc1cc(Cc2cnc(N)nc2N)cc2c1NCC(COC(C)=O)C2,4.214670164989233,,1,CHEMBL57807,RnDHFR (R. norvegicus),False,0,c1ncc(Cc2ccc3c(c2)CCCN3)cn1,train
COc1cc(Cc2cnc(N)nc2N)cc2c1NCCC2,4.119186407719209,,1,CHEMBL301628,RnDHFR (R. norvegicus),False,0,c1ncc(Cc2ccc3c(c2)CCCN3)cn1,train
COc1cc(Cc2cnc(N)nc2N)cc2c1NCCC2C,4.481486060122113,0.0,2,CHEMBL58038,RnDHFR (R. norvegicus),False,0,c1ncc(Cc2ccc3c(c2)CCCN3)cn1,train
COc1cc(Cc2cnc(N)nc2N)cc2c1OCCN2,6.468521082957745,,1,CHEMBL2012911,HsDHFR (H. sapiens),False,1,c1ncc(Cc2ccc3c(c2)NCCO3)cn1,test
COc1cc(Cc2cnc(N)nc2N)cc2cccnc12,4.920818753952375,,1,CHEMBL293325,RnDHFR (R. norvegicus),False,0,c1cnc2ccc(Cc3cncnc3)cc2c1,train
COc1cc(Cc2cnc(N)nc2N)ccc1N,3.327902142064283,,1,CHEMBL122468,RnDHFR (R. norvegicus),False,0,c1ccc(Cc2cncnc2)cc1,external
COc1cc(Cc2cnc(N)nc2N)ccc1O,4.455931955649724,0.08425384396214884,3,CHEMBL59369,GgDHFR (G. gallus); RnDHFR (R. norvegicus),False,0,c1ccc(Cc2cncnc2)cc1,external
COc1cc(Cc2cnc(N)nc2N)ccc1OCCCCN1C(=O)c2ccccc2C1=O,5.741362717275924,,1,CHEMBL426584,RnDHFR (R. norvegicus),False,0,O=C1c2ccccc2C(=O)N1CCCCOc1ccc(Cc2cncnc2)cc1,train
COc1cc(Cc2cnc(N)nc2N)ccc1OCCCOCCCOc1ccccc1,6.59285355605669,1.3202176654635782,4,CHEMBL118652,"PfDHFR-TS K1 (P. falciparum, resistant)",True,1,c1ccc(OCCCOCCCOc2ccc(Cc3cncnc3)cc2)cc1,train
COc1cc(Cc2cnc(N)nc2N)ccc1OCCCOc1ccccc1,7.010430993059304,1.1003265838593708,4,CHEMBL115483,"PfDHFR-TS K1 (P. falciparum, resistant)",True,1,c1ccc(OCCCOc2ccc(Cc3cncnc3)cc2)cc1,train
COc1cc(Cc2cnc(N)nc2N)ccc1OCCCc1ccccc1,7.354577730650908,1.427874304851278,8,CHEMBL22327,"PfDHFR-TS K1 (P. falciparum, resistant)",True,1,c1ccc(CCCOc2ccc(Cc3cncnc3)cc2)cc1,train
COc1cc(Cc2cnc(N)nc2N)ccc1OCCNc1ccc(S(=O)(=O)c2ccc(N)cc2)cc1,5.140861702705469,,1,CHEMBL425506,RnDHFR (R. norvegicus),False,0,O=S(=O)(c1ccccc1)c1ccc(NCCOc2ccc(Cc3cncnc3)cc2)cc1,test
COc1cc(Cc2cnc(N)nc2N)ccc1OCc1cc(OC)c(OC)c(OC)c1,6.906578314837764,1.6421067824059934,15,CHEMBL22811,"PfDHFR-TS K1 (P. falciparum, resistant)",True,1,c1ccc(COc2ccc(Cc3cncnc3)cc2)cc1,train
COc1cc(Cc2cnc(N)nc2N)ccc1OCc1ccccc1,6.154901959985743,1.434367944906008,13,CHEMBL22146,"GgDHFR (G. gallus); PfDHFR-TS K1 (P. falciparum, resistant)",True,1,c1ccc(COc2ccc(Cc3cncnc3)cc2)cc1,train
COc1cc(Cc2cnc(N)nc2N)ccc1OS(C)(=O)=O,4.589999963296594,,1,CHEMBL57383,GgDHFR (G. gallus),False,0,c1ccc(Cc2cncnc2)cc1,external
COc1cc(Cc2cnc3nc(N)nc(N)c3c2C)cc(OC)c1,8.823908740944319,,1,CHEMBL38053,HsDHFR (H. sapiens),False,1,c1ccc(Cc2cnc3ncncc3c2)cc1,train
COc1cc(Cc2sc3nc(N)nc(N)c3c2C)cc(OC)c1OC,4.292429823902063,,1,CHEMBL322315,RnDHFR (R. norvegicus),False,0,c1ccc(Cc2cc3cncnc3s2)cc1,train
COc1cc(Cl)c(C)cc1NCc1cnc2nc(N)nc(N)c2c1C,8.0,,1,CHEMBL345258,HsDHFR (H. sapiens),False,1,c1ccc(NCc2cnc3ncncc3c2)cc1,train
COc1cc(Cn2ccc3c4c(N)nc(N)nc4ccc32)cc(OC)c1OC,8.221848749616356,,1,CHEMBL353621,HsDHFR (H. sapiens),False,1,c1ccc(Cn2ccc3c4cncnc4ccc32)cc1,train
COc1cc(N(C)CC2CCc3nc(N)nc(N)c3C2)cc(OC)c1OC,7.7875591816844665,0.4206109502733107,6,CHEMBL123122,"RnDHFR (R. norvegicus); TgDHFR-TS (T. gondii, apicomplexan)",False,1,c1ccc(NCC2CCc3ncncc3C2)cc1,train
COc1cc(N(C)Cc2c(Br)sc3nc(N)nc(N)c23)cc(OC)c1OC,4.224519123850912,0.4643186199627909,2,CHEMBL122214,"RnDHFR (R. norvegicus); TgDHFR-TS (T. gondii, apicomplexan)",False,0,c1ccc(NCc2csc3ncncc23)cc1,train
COc1cc(N(C)Cc2c[nH]c3nc(N)nc(O)c23)cc(OC)c1OC,4.3892928810788305,0.06011170587679712,2,CHEMBL293415,"RnDHFR (R. norvegicus); TgDHFR-TS (T. gondii, apicomplexan)",False,0,c1ccc(NCc2c[nH]c3ncncc23)cc1,train
COc1cc(N(C)Cc2ccc3nc(N)nc(N)c3c2Cl)cc(OC)c1OC,8.057319389984244,0.15761735791510917,4,CHEMBL328897,"RnDHFR (R. norvegicus); TgDHFR-TS (T. gondii, apicomplexan)",False,1,c1ccc(NCc2ccc3ncncc3c2)cc1,train
COc1cc(N(C)Cc2ccc3nc(N)nc(N)c3n2)cc(OC)c1OC,7.470786987771497,0.44184825299455305,8,CHEMBL52688,"RnDHFR (R. norvegicus); TgDHFR-TS (T. gondii, apicomplexan)",False,1,c1ccc(NCc2ccc3ncncc3n2)cc1,train
COc1cc(N(C)Cc2cccc3nc(N)nc(N)c23)cc(OC)c1OC,5.792764025185349,2.1454183938676095,2,CHEMBL162270,HsDHFR (H. sapiens); RnDHFR (R. norvegicus),False,0,c1ccc(NCc2cccc3ncncc23)cc1,train
COc1cc(N(C)Cc2cnc3nc(N)nc(N)c3c2)cc(OC)c1OC,6.552841968657781,0.798011729208528,7,CHEMBL142741,"RnDHFR (R. norvegicus); TgDHFR-TS (T. gondii, apicomplexan)",False,1,c1ccc(NCc2cnc3ncncc3c2)cc1,train
COc1cc(N(C)Cc2cnc3nc(N)nc(N)c3c2C)cc(OC)c1OC,8.142004504439075,0.5233658826370834,17,CHEMBL50514,"RnDHFR (R. norvegicus); TgDHFR-TS (T. gondii, apicomplexan)",False,1,c1ccc(NCc2cnc3ncncc3c2)cc1,train
COc1cc(N(C)Cc2nc3cc(C(F)(F)F)ccc3nc2-c2ccccc2)cc(OC)c1OC,5.301029995663981,,1,CHEMBL3121464,HsDHFR (H. sapiens),False,0,c1ccc(NCc2nc3ccccc3nc2-c2ccccc2)cc1,train
COc1cc(N(C)c2ccc3nc(N)nc(N)c3n2)cc(OC)c1OC,8.275492341826107,0.22104997189337075,2,CHEMBL139485,"RnDHFR (R. norvegicus); TgDHFR-TS (T. gondii, apicomplexan)",False,1,c1ccc(Nc2ccc3ncncc3n2)cc1,train
COc1cc(N(C)c2cnc3nc(N)nc(N)c3c2)cc(OC)c1OC,8.252366627806094,0.12003214050628516,2,CHEMBL2382330,HsDHFR (H. sapiens); RnDHFR (R. norvegicus),False,1,c1ccc(Nc2cnc3ncncc3c2)cc1,train
COc1cc(N(C=O)Cc2cnc3nc(N)nc(N)c3c2)cc(OC)c1OC,5.5447036440133335,0.4534917435349298,6,CHEMBL342555,"RnDHFR (R. norvegicus); TgDHFR-TS (T. gondii, apicomplexan)",False,0,c1ccc(NCc2cnc3ncncc3c2)cc1,train
COc1cc(N(C=O)Cc2cnc3nc(N)nc(N)c3c2C)cc(OC)c1OC,7.4225294776348365,0.5079128255473505,6,CHEMBL115788,"RnDHFR (R. norvegicus); TgDHFR-TS (T. gondii, apicomplexan)",False,1,c1ccc(NCc2cnc3ncncc3c2)cc1,train
COc1cc(N(Cc2cnc3nc(N)nc(N)c3c2C)C(C)C)cc(OC)c1OC,7.965443574306439,0.2283801754768153,6,CHEMBL53693,"RnDHFR (R. norvegicus); TgDHFR-TS (T. gondii, apicomplexan)",False,1,c1ccc(NCc2cnc3ncncc3c2)cc1,train
COc1cc(N2C=C3C(=O)N=c4nc(N)nc(N)c4=C3CC2)cc(OC)c1OC,6.285285367809106,0.47305923147559203,2,CHEMBL293512,"RnDHFR (R. norvegicus); TgDHFR-TS (T. gondii, apicomplexan)",False,1,O=C1N=c2ncncc2=C2CCN(c3ccccc3)C=C12,test
COc1cc(N2C=Cc3c(cnc4nc(N)nc(N)c34)C2)cc(OC)c1OC,6.2235499893680135,0.12052813874221652,4,CHEMBL368645,"RnDHFR (R. norvegicus); TgDHFR-TS (T. gondii, apicomplexan)",False,1,C1=CN(c2ccccc2)Cc2cnc3ncncc3c21,train
COc1cc(N2C=Cc3c(cnc4nc(N)nc(N)c34)C2)cc(OC)c1OC.O=C(O)C(F)(F)F,6.223544274891745,0.1475843110957314,2,CHEMBL58597,"RnDHFR (R. norvegicus); TgDHFR-TS (T. gondii, apicomplexan)",False,1,C1=CN(c2ccccc2)Cc2cnc3ncncc3c21,train
COc1cc(N2CCC3c4c(N)nc(N)nc4NCC3C2)cc(OC)c1OC,6.66674100972256,0.14146965124345043,6,CHEMBL299927,"RnDHFR (R. norvegicus); TgDHFR-TS (T. gondii, apicomplexan)",False,1,c1ccc(N2CCC3c4cncnc4NCC3C2)cc1,test
COc1cc(NCC2CCc3nc(N)nc(N)c3C2)cc(OC)c1OC,6.902604121139038,0.381232279805979,12,CHEMBL7488,"RnDHFR (R. norvegicus); TgDHFR-TS (T. gondii, apicomplexan)",False,1,c1ccc(NCC2CCc3ncncc3C2)cc1,train
COc1cc(NCC2CNc3nc(N)nc(N)c3C2C)cc(OC)c1OC,5.431798275933005,,1,CHEMBL421053,RnDHFR (R. norvegicus),False,0,c1ccc(NCC2CNc3ncncc3C2)cc1,train
COc1cc(NCc2c(Br)sc3nc(N)nc(N)c23)cc(OC)c1OC,4.619036080789735,0.21286035127455813,2,CHEMBL331682,"RnDHFR (R. norvegicus); TgDHFR-TS (T. gondii, apicomplexan)",False,0,c1ccc(NCc2csc3ncncc23)cc1,train
COc1cc(NCc2c[nH]c3nc(N)nc(N)c23)cc(OC)c1OC,4.669999880470749,0.460826099541029,6,CHEMBL69681,"RnDHFR (R. norvegicus); TgDHFR-TS (T. gondii, apicomplexan)",False,0,c1ccc(NCc2c[nH]c3ncncc23)cc1,train
COc1cc(NCc2c[nH]c3nc(N)nc(O)c23)cc(OC)c1,5.1419983281826,0.6265366640992552,2,CHEMBL64785,"RnDHFR (R. norvegicus); TgDHFR-TS (T. gondii, apicomplexan)",False,0,c1ccc(NCc2c[nH]c3ncncc23)cc1,train
COc1cc(NCc2c[nH]c3nc(N)nc(O)c23)cc(OC)c1OC,4.844547185311929,0.2644153204419764,2,CHEMBL64729,"RnDHFR (R. norvegicus); TgDHFR-TS (T. gondii, apicomplexan)",False,0,c1ccc(NCc2c[nH]c3ncncc23)cc1,train
COc1cc(NCc2ccc3nc(N)nc(N)c3c2C)cc(OC)c1OC,8.194669918455059,0.9512913837793766,88,CHEMBL119,"HsDHFR (H. sapiens); MmDHFR (M. musculus); RnDHFR (R. norvegicus); TgDHFR-TS (T. gondii, apicomplexan)",False,1,c1ccc(NCc2ccc3ncncc3c2)cc1,train
COc1cc(NCc2ccc3nc(N)nc(N)c3c2Cl)cc(OC)c1OC,8.256572322361528,0.03166689323873344,4,CHEMBL88555,"RnDHFR (R. norvegicus); TgDHFR-TS (T. gondii, apicomplexan)",False,1,c1ccc(NCc2ccc3ncncc3c2)cc1,train
COc1cc(NCc2ccc3nc(N)nc(N)c3n2)cc(OC)c1OC,6.892588933609642,0.37432227540078866,8,CHEMBL55179,"RnDHFR (R. norvegicus); TgDHFR-TS (T. gondii, apicomplexan)",False,1,c1ccc(NCc2ccc3ncncc3n2)cc1,train
COc1cc(NCc2cccc3nc(N)nc(N)c23)cc(OC)c1OC,6.508638306165727,,1,CHEMBL165955,HsDHFR (H. sapiens),False,1,c1ccc(NCc2cccc3ncncc23)cc1,train
COc1cc(NCc2cnc3nc(N)nc(N)c3c2)cc(OC)c1OC,5.90638069008426,0.49481182909135635,10,CHEMBL23288,"HsDHFR (H. sapiens); RnDHFR (R. norvegicus); TgDHFR-TS (T. gondii, apicomplexan)",False,0,c1ccc(NCc2cnc3ncncc3c2)cc1,train
COc1cc(NCc2cnc3nc(N)nc(N)c3c2C)c(-n2cccc2)cc1OC,5.83889035263304,0.5415849588384651,2,CHEMBL356722,"RnDHFR (R. norvegicus); TgDHFR-TS (T. gondii, apicomplexan)",False,0,c1ccc(-n2cccc2)c(NCc2cnc3ncncc3c2)c1,test
COc1cc(NCc2cnc3nc(N)nc(N)c3c2C)c(O)cc1-n1cccc1,7.059888553441898,0.486976422303377,4,CHEMBL179131,"RnDHFR (R. norvegicus); TgDHFR-TS (T. gondii, apicomplexan)",False,1,c1ccn(-c2ccc(NCc3cnc4ncncc4c3)cc2)c1,train
COc1cc(NCc2cnc3nc(N)nc(N)c3c2C)cc(C(F)(F)F)c1,7.769551078621726,0.2903827483402437,3,CHEMBL23963,"HsDHFR (H. sapiens); RnDHFR (R. norvegicus); TgDHFR-TS (T. gondii, apicomplexan)",False,1,c1ccc(NCc2cnc3ncncc3c2)cc1,train
COc1cc(NCc2cnc3nc(N)nc(N)c3c2C)cc(OC)c1,7.823908740944319,0.4776038308846991,9,CHEMBL23569,"HsDHFR (H. sapiens); RnDHFR (R. norvegicus); TgDHFR-TS (T. gondii, apicomplexan)",False,1,c1ccc(NCc2cnc3ncncc3c2)cc1,train
COc1cc(NCc2cnc3nc(N)nc(N)c3c2C)cc(OC)c1OC,8.327902142064282,0.9010323619256714,19,CHEMBL23532,"HsDHFR (H. sapiens); RnDHFR (R. norvegicus); TgDHFR-TS (T. gondii, apicomplexan)",False,1,c1ccc(NCc2cnc3ncncc3c2)cc1,train
COc1cc(NCc2cnc3nc(N)nc(N)c3n2)cc(C(F)(F)F)c1,5.885928196201129,0.2328952310111021,2,CHEMBL23466,"RnDHFR (R. norvegicus); TgDHFR-TS (T. gondii, apicomplexan)",False,0,c1ccc(NCc2cnc3ncncc3n2)cc1,external
COc1cc(NCc2cnc3nc(N)nc(N)c3n2)cc(OC)c1,6.507062321345803,0.6385810538236745,2,CHEMBL23919,"RnDHFR (R. norvegicus); TgDHFR-TS (T. gondii, apicomplexan)",False,1,c1ccc(NCc2cnc3ncncc3n2)cc1,external
COc1cc(NCc2cnc3nc(N)nc(N)c3n2)cc(OC)c1OC,5.860623199523586,0.19710856151391415,2,CHEMBL23459,"RnDHFR (R. norvegicus); TgDHFR-TS (T. gondii, apicomplexan)",False,0,c1ccc(NCc2cnc3ncncc3n2)cc1,external
COc1cc(NCc2coc3nc(N)nc(N)c23)cc(OC)c1OC,5.3979400086720375,,1,CHEMBL16950,"TgDHFR-TS (T. gondii, apicomplexan)",False,0,c1ccc(NCc2coc3ncncc23)cc1,train
COc1cc(NCc2nc3[nH]c(N)nc(N)c-3n2)cc(OC)c1OC,4.468521082957745,0.0,2,CHEMBL102444,"RnDHFR (R. norvegicus); TgDHFR-TS (T. gondii, apicomplexan)",False,0,c1ccc(NCc2nc3cnc[nH]c-3n2)cc1,test
COc1cc(NNCc2cnc3nc(N)nc(N)c3c2C)c(-n2cccc2)cc1OC,5.838865020265955,0.4421969550598465,4,CHEMBL178512,"RnDHFR (R. norvegicus); TgDHFR-TS (T. gondii, apicomplexan)",False,0,c1ccc(-n2cccc2)c(NNCc2cnc3ncncc3c2)c1,test
COc1cc(Nc2ccc3nc(N)nc(N)c3n2)cc(OC)c1OC,5.557344499085627,0.06842458066982791,6,CHEMBL138452,"RnDHFR (R. norvegicus); TgDHFR-TS (T. gondii, apicomplexan)",False,0,c1ccc(Nc2ccc3ncncc3n2)cc1,train
COc1cc(Nc2cnc3nc(N)nc(N)c3c2)cc(OC)c1OC,5.403437700822769,0.007774910801316571,2,CHEMBL2382318,HsDHFR (H. sapiens); RnDHFR (R. norvegicus),False,0,c1ccc(Nc2cnc3ncncc3c2)cc1,train
COc1cc(Nc2nc3cc(N)cc(N)c3nc2-c2ccccc2)cc(OC)c1,6.221848749616356,,1,CHEMBL464844,HsDHFR (H. sapiens),False,1,c1ccc(Nc2nc3ccccc3nc2-c2ccccc2)cc1,train
COc1cc(Nc2nc3cc(N)cc(N)c3nc2-c2ccccc2)cc(OC)c1OC,7.0,,1,CHEMBL464504,HsDHFR (H. sapiens),False,1,c1ccc(Nc2nc3ccccc3nc2-c2ccccc2)cc1,train
COc1cc(OC)c(-c2nc3c(N)nc(N)nc3[nH]2)c(OC)c1,5.902860023061334,0.19167142073180726,6,CHEMBL103474,"RnDHFR (R. norvegicus); TgDHFR-TS (T. gondii, apicomplexan)",False,0,c1ccc(-c2nc3cncnc3[nH]2)cc1,train
COc1cc(OC)c(-c2nc3c(N)nc(N)nc3[nH]2)cc1OC,5.487451159103291,0.3666186783079656,6,CHEMBL105523,"RnDHFR (R. norvegicus); TgDHFR-TS (T. gondii, apicomplexan)",False,0,c1ccc(-c2nc3cncnc3[nH]2)cc1,train
COc1cc(OC)c(CN(C)c2ccc3nc(N)nc(N)c3c2)c(OC)c1,5.333138183186001,0.795762318733932,4,CHEMBL178119,"RnDHFR (R. norvegicus); TgDHFR-TS (T. gondii, apicomplexan)",False,0,c1ccc(CNc2ccc3ncncc3c2)cc1,train
COc1cc(OC)c(CNc2ccc3nc(N)nc(N)c3c2)c(OC)c1,5.333125268759015,0.8387214418139227,4,CHEMBL114058,"HsDHFR (H. sapiens); RnDHFR (R. norvegicus); TgDHFR-TS (T. gondii, apicomplexan)",False,0,c1ccc(CNc2ccc3ncncc3c2)cc1,train
COc1cc(OC)c(CNc2cnc3nc(N)nc(N)c3c2)c(OC)c1,6.279545458967391,0.48362281220792724,6,CHEMBL32754,"RnDHFR (R. norvegicus); TgDHFR-TS (T. gondii, apicomplexan)",False,1,c1ccc(CNc2cnc3ncncc3c2)cc1,train
COc1cc(OC)c(OC)cc1CNc1ccc2nc(N)nc(N)c2c1,6.060739102249396,0.542895770280639,8,CHEMBL114833,"HsDHFR (H. sapiens); RnDHFR (R. norvegicus); TgDHFR-TS (T. gondii, apicomplexan)",False,1,c1ccc(CNc2ccc3ncncc3c2)cc1,train
COc1cc(OC)c(OC)cc1CNc1cnc2nc(N)nc(N)c2c1,6.138878559247385,0.19719999036334693,6,CHEMBL284849,"RnDHFR (R. norvegicus); TgDHFR-TS (T. gondii, apicomplexan)",False,1,c1ccc(CNc2cnc3ncncc3c2)cc1,train
COc1cc(OC)cc(-c2nc3c(N)nc(N)nc3[nH]2)c1,5.005000094801849,0.5654054806807304,6,CHEMBL105323,"RnDHFR (R. norvegicus); TgDHFR-TS (T. gondii, apicomplexan)",False,0,c1ccc(-c2nc3cncnc3[nH]2)cc1,train
COc1cc(OC)cc(C(=O)NCCc2ccc(CNc3ccc4nc(N)nc(N)c4c3)cc2)c1,7.493494967595128,,1,CHEMBL4209975,"PfDHFR-TS K1 (P. falciparum, resistant)",True,1,O=C(NCCc1ccc(CNc2ccc3ncncc3c2)cc1)c1ccccc1,train
COc1cc(OC)cc(C(=O)OCc2ccc3nc(N)nc(N)c3c2)c1,6.6399203482970215,0.2601988802010339,2,CHEMBL420393,"RnDHFR (R. norvegicus); TgDHFR-TS (T. gondii, apicomplexan)",False,1,O=C(OCc1ccc2ncncc2c1)c1ccccc1,train
COc1cc(OC)cc(N(C)Cc2c[nH]c3nc(N)nc(O)c23)c1,4.7186157284917405,0.93074341615843,2,CHEMBL61415,"RnDHFR (R. norvegicus); TgDHFR-TS (T. gondii, apicomplexan)",False,0,c1ccc(NCc2c[nH]c3ncncc23)cc1,train
COc1cc(OC)cc(N(C)Cc2cnc3nc(N)nc(N)c3c2C)c1,7.236572006437063,0.6055953614544936,9,CHEMBL22623,"HsDHFR (H. sapiens); RnDHFR (R. norvegicus); TgDHFR-TS (T. gondii, apicomplexan)",False,1,c1ccc(NCc2cnc3ncncc3c2)cc1,train
COc1cc(OC)cc(N2C3CCC2CC(c2cnc(N)nc2N)C3)c1,7.075720713938118,,1,CHEMBL30938,RnDHFR (R. norvegicus),False,1,c1ccc(N2C3CCC2CC(c2cncnc2)C3)cc1,test
COc1cc(Oc2ccc(CNCc3cnc4nc(N)nc(N)c4n3)cc2)cc(OC)c1OC,4.0,,1,CHEMBL5180685,HsDHFR (H. sapiens),False,0,c1ccc(Oc2ccc(CNCc3cnc4ncncc4n3)cc2)cc1,train
COc1cc(SCc2cnc3nc(N)nc(N)c3c2C)cc(OC)c1OC,5.920818753952375,,1,CHEMBL148938,HsDHFR (H. sapiens),False,0,c1ccc(SCc2cnc3ncncc3c2)cc1,train
COc1cc(Sc2[nH]c3nc(N)nc(N)c3c2C)cc(OC)c1OC,5.386370388594934,1.0992759741236966,2,CHEMBL597771,"RnDHFR (R. norvegicus); TgDHFR-TS (T. gondii, apicomplexan)",False,0,c1ccc(Sc2cc3cncnc3[nH]2)cc1,train
COc1cc(Sc2cccc3nc(N)nc(N)c23)cc(OC)c1OC,5.356547323513812,,1,CHEMBL120924,HsDHFR (H. sapiens),False,0,c1ccc(Sc2cccc3ncncc23)cc1,train
COc1cc([C@@H](C)C#Cc2c(C)nc(N)nc2N)cc(OC)c1OC,5.860120913598763,1.7284429750216483,3,CHEMBL223301,"HsDHFR (H. sapiens); TgDHFR-TS (T. gondii, apicomplexan)",False,0,C(#Cc1cncnc1)Cc1ccccc1,train
COc1cc([C@H](C)C#Cc2c(C)nc(N)nc2N)cc(OC)c1OC,7.886056647693163,,1,CHEMBL223569,"TgDHFR-TS (T. gondii, apicomplexan)",False,1,C(#Cc1cncnc1)Cc1ccccc1,train
COc1cc2c(c3c1OCO3)C(C)N(Cc1cnc(N)nc1N)CC2,7.619788758288394,1.1166430504468248,3,CHEMBL77608,HsDHFR (H. sapiens),False,1,c1ncc(CN2CCc3ccc4c(c3C2)OCO4)cn1,train
COc1cc2c(c3c1OCO3)[C@@H](C)N(Cc1cnc(N)nc1N)CC2,8.008773924307505,1.389431120581611,3,CHEMBL310468,HsDHFR (H. sapiens),False,1,c1ncc(CN2CCc3ccc4c(c3C2)OCO4)cn1,train
COc1cc2c(c3c1OCO3)[C@H](C)N(Cc1cnc(N)nc1N)CC2,7.537602002101044,0.7674427673176513,3,CHEMBL420755,HsDHFR (H. sapiens),False,1,c1ncc(CN2CCc3ccc4c(c3C2)OCO4)cn1,train
COc1cc2c(cc1CO)nc(-c1nccs1)n2-c1cc2nc(N)nc(N)c2cc1C,6.769551078621726,,1,CHEMBL3681408,HsDHFR (H. sapiens),False,1,c1ccc2c(c1)nc(-c1nccs1)n2-c1ccc2cncnc2c1,train
COc1cc2c(cc1CO)nc(-c1nccs1)n2-c1cc2nc(N)nc(N)c2cc1Cl,6.494850021680094,,1,CHEMBL3681407,HsDHFR (H. sapiens),False,1,c1ccc2c(c1)nc(-c1nccs1)n2-c1ccc2cncnc2c1,train
COc1cc2c(cc1CO)nc(-c1nccs1)n2-c1ccc2c(N)nc(N)nc2c1,6.068542129310995,,1,CHEMBL3681414,HsDHFR (H. sapiens),False,1,c1ccc2c(c1)nc(-c1nccs1)n2-c1ccc2cncnc2c1,train
COc1cc2c(cc1OC)C(C)N(Cc1cnc(N)nc1N)CC2,7.275724130399211,0.6606926127100834,3,CHEMBL74781,HsDHFR (H. sapiens),False,1,c1ccc2c(c1)CCN(Cc1cncnc1)C2,train
COc1cc2c(cc1OC)C(c1ccc(Cl)cc1Cl)CN(Cc1cnc(N)nc1N)C2,7.508638306165727,1.2336922848695273,3,CHEMBL305656,HsDHFR (H. sapiens),False,1,c1ccc(C2CN(Cc3cncnc3)Cc3ccccc32)cc1,train
COc1cc2c(cc1OC)C(c1cnc(N)nc1N)CC2,3.3872161432802645,,1,CHEMBL346871,RnDHFR (R. norvegicus),False,0,c1ccc2c(c1)CCC2c1cncnc1,test
COc1cc2c(cc1OC)CN(Cc1cnc(N)nc1N)CC2,6.6777807052660805,1.4397368064180271,4,CHEMBL77582,HsDHFR (H. sapiens),False,1,c1ccc2c(c1)CCN(Cc1cncnc1)C2,train
COc1cc2c(cc1OC)CN(Cc1cnc3nc(N)nc(N)c3c1C)CC2,6.922348685543868,0.039803916080307734,6,CHEMBL147886,"RnDHFR (R. norvegicus); TgDHFR-TS (T. gondii, apicomplexan)",False,1,c1ccc2c(c1)CCN(Cc1cnc3ncncc3c1)C2,test
COc1cc2c(cc1OC)N(Cc1cnc3nc(N)nc(N)c3c1C)CC2,6.974047483366585,0.3678096433928485,6,CHEMBL423560,"RnDHFR (R. norvegicus); TgDHFR-TS (T. gondii, apicomplexan)",False,1,c1ccc2c(c1)CCN2Cc1cnc2ncncc2c1,train
COc1cc2nc(-c3ccccn3)n(-c3ccc4c(N)nc(N)nc4c3)c2cc1OC,6.075204004202088,,1,CHEMBL3127910,HsDHFR (H. sapiens),False,1,c1ccc(-c2nc3ccccc3n2-c2ccc3cncnc3c2)nc1,train
COc1cc2nc(-c3ccco3)n(-c3cc4nc(N)nc(N)c4cc3Cl)c2cc1OC,6.214670164989233,,1,CHEMBL3127909,HsDHFR (H. sapiens),False,1,c1coc(-c2nc3ccccc3n2-c2ccc3cncnc3c2)c1,train
COc1cc2nc(-c3nccs3)n(-c3cc4nc(N)nc(N)c4cc3C)c2cc1OC,6.769551078621726,,1,CHEMBL3128017,HsDHFR (H. sapiens),False,1,c1ccc2c(c1)nc(-c1nccs1)n2-c1ccc2cncnc2c1,train
COc1cc2nc(-c3nccs3)n(-c3cc4nc(N)nc(N)c4cc3Cl)c2cc1OC,6.494850021680094,,1,CHEMBL3128018,HsDHFR (H. sapiens),False,1,c1ccc2c(c1)nc(-c1nccs1)n2-c1ccc2cncnc2c1,train
COc1cc2nc(-c3nccs3)n(-c3ccc4c(N)nc(N)nc4c3)c2cc1OC,6.068542129310995,,1,CHEMBL3128016,HsDHFR (H. sapiens),False,1,c1ccc2c(c1)nc(-c1nccs1)n2-c1ccc2cncnc2c1,train
COc1cc2oc3ccccc3c2cc1N(C)Cc1coc2nc(N)nc(N)c12,3.512348445202337,0.14938975984014263,2,CHEMBL596969,"RnDHFR (R. norvegicus); TgDHFR-TS (T. gondii, apicomplexan)",False,0,c1ccc2c(c1)oc1ccc(NCc3coc4ncncc34)cc12,test
COc1ccc(-c2c(CN3CCOCC3)nc3scc(C(=O)NN)n23)cc1,6.232844133917819,,1,CHEMBL5173449,HsDHFR (H. sapiens),False,1,c1ccc(-c2c(CN3CCOCC3)nc3sccn23)cc1,train
COc1ccc(-c2cc(OC)cc(C(C)C#Cc3c(C)nc(N)nc3N)c2)cc1,6.7447274948966935,,1,CHEMBL572485,HsDHFR (H. sapiens),False,1,C(#Cc1cncnc1)Cc1cccc(-c2ccccc2)c1,train
COc1ccc(-c2cc3nc(N)nc(N)c3cc2C)cc1OC,7.913640169325252,,1,CHEMBL1818114,HsDHFR (H. sapiens),False,1,c1ccc(-c2ccc3cncnc3c2)cc1,train
COc1ccc(-c2ccccc2)cc1C(C)C#Cc1c(C)nc(N)nc1N,7.013228265733755,,1,CHEMBL3234115,HsDHFR (H. sapiens),False,1,C(#Cc1cncnc1)Cc1cccc(-c2ccccc2)c1,train
COc1ccc(-c2ccccc2)cc1NCc1cnc2nc(N)nc(N)c2c1C,6.762019205403788,0.5734238345297453,2,CHEMBL357629,"RnDHFR (R. norvegicus); TgDHFR-TS (T. gondii, apicomplexan)",False,1,c1ccc(-c2cccc(NCc3cnc4ncncc4c3)c2)cc1,test
COc1ccc(-c2ccccc2)cc1NNCc1cnc2nc(N)nc(N)c2c1C,6.76176388821864,0.46806548551045624,4,CHEMBL178888,"RnDHFR (R. norvegicus); TgDHFR-TS (T. gondii, apicomplexan)",False,1,c1ccc(-c2cccc(NNCc3cnc4ncncc4c3)c2)cc1,test
COc1ccc(-c2nc(Nc3ccc(F)cc3)nc(Nc3ccc4c(c3)nc(C)n4Cc3ccccc3)n2)cc1,6.494850021680094,,1,CHEMBL3746201,HsDHFR (H. sapiens),False,1,c1ccc(Cn2cnc3cc(Nc4nc(Nc5ccccc5)nc(-c5ccccc5)n4)ccc32)cc1,train
COc1ccc(-c2nc3[nH]c(N)nc(N)c-3n2)c2ccccc12,4.886056647693163,0.0,2,CHEMBL106383,"RnDHFR (R. norvegicus); TgDHFR-TS (T. gondii, apicomplexan)",False,0,c1ccc2c(-c3nc4cnc[nH]c-4n3)cccc2c1,test
COc1ccc(-c2nc3c(N)nc(N)nc3[nH]2)c(OC)c1,5.832879009516087,0.23405381650139973,6,CHEMBL421594,"RnDHFR (R. norvegicus); TgDHFR-TS (T. gondii, apicomplexan)",False,0,c1ccc(-c2nc3cncnc3[nH]2)cc1,train
COc1ccc(-c2nc3c(N)nc(N)nc3[nH]2)c(OC)c1OC,5.585899240425559,0.1708735613024417,6,CHEMBL105759,"RnDHFR (R. norvegicus); TgDHFR-TS (T. gondii, apicomplexan)",False,0,c1ccc(-c2nc3cncnc3[nH]2)cc1,train
COc1ccc(-c2nc3c(N)nc(N)nc3[nH]2)c([N+](=O)[O-])c1OC,4.774690718274137,,1,CHEMBL590502,"TgDHFR-TS (T. gondii, apicomplexan)",False,0,c1ccc(-c2nc3cncnc3[nH]2)cc1,train
COc1ccc(-c2nc3c(N)nc(N)nc3[nH]2)cc1OC,4.564604983374835,0.310820751680653,6,CHEMBL102518,"RnDHFR (R. norvegicus); TgDHFR-TS (T. gondii, apicomplexan)",False,0,c1ccc(-c2nc3cncnc3[nH]2)cc1,train
COc1ccc(-c2nc3c(N)nc(N)nc3nc2C(C)C)cc1,6.417822962311591,,1,CHEMBL531405,HsDHFR (H. sapiens),False,1,c1ccc(-c2cnc3ncncc3n2)cc1,train
COc1ccc(-c2nc3cc(C)c(C)cc3n2-c2ccc3c(N)nc(N)nc3c2)cc1,5.63846102873072,,1,CHEMBL3127915,HsDHFR (H. sapiens),False,0,c1ccc(-c2nc3ccccc3n2-c2ccc3cncnc3c2)cc1,test
COc1ccc(/C=C/COc2ccccc2C(=O)O)cc1Cc1cnc(N)nc1N,5.3979400086720375,0.28866924782337006,2,CHEMBL34641,"RnDHFR (R. norvegicus); TgDHFR-TS (T. gondii, apicomplexan)",False,0,C(=C/c1cccc(Cc2cncnc2)c1)\COc1ccccc1,test
COc1ccc(/C=C/c2ccc3nc(N)nc(N)c3n2)cc1,5.362510270487489,,1,CHEMBL4097295,HsDHFR (H. sapiens),False,0,C(=C/c1ccc2ncncc2n1)\c1ccccc1,train
COc1ccc(/C=C/c2cnc3nc(N)nc(N)c3c2)cc1,5.376013366819096,0.4906650105640206,6,CHEMBL145005,"RnDHFR (R. norvegicus); TgDHFR-TS (T. gondii, apicomplexan)",False,0,C(=C/c1cnc2ncncc2c1)\c1ccccc1,train
COc1ccc(/C=C/c2cnc3nc(N)nc(N)c3c2)cc1OC,5.765835641303674,0.09646899225434327,6,CHEMBL141708,"RnDHFR (R. norvegicus); TgDHFR-TS (T. gondii, apicomplexan)",False,0,C(=C/c1cnc2ncncc2c1)\c1ccccc1,train
COc1ccc(/C=C2\CCCc3c2nc(C)nc3-c2ccc(OC)c(OC)c2)cc1OC,7.0,,1,CHEMBL3115730,HsDHFR (H. sapiens),False,1,C(=C1\CCCc2c1ncnc2-c1ccccc1)\c1ccccc1,train
COc1ccc(/C=C2\CCCc3c2nc(N)nc3-c2ccc(OC)c(OC)c2)cc1OC,4.853871964321762,,1,CHEMBL1807580,HsDHFR (H. sapiens),False,0,C(=C1\CCCc2c1ncnc2-c1ccccc1)\c1ccccc1,train
COc1ccc(C#CCCC(=O)O)c(Cc2cnc3nc(N)nc(N)c3c2C)c1,7.82342672689301,0.7973186389772672,2,CHEMBL370239,"RnDHFR (R. norvegicus); TgDHFR-TS (T. gondii, apicomplexan)",False,1,c1ccc(Cc2cnc3ncncc3c2)cc1,train
COc1ccc(C#CCCC(=O)O)cc1Cc1cnc(N)nc1N,5.349485002168009,1.045755824640624,4,CHEMBL34823,"HsDHFR (H. sapiens); RnDHFR (R. norvegicus); TgDHFR-TS (T. gondii, apicomplexan)",False,0,c1ccc(Cc2cncnc2)cc1,external
COc1ccc(C#CCCC(=O)O)cc1Cc1cnc2nc(N)nc(N)c2c1C,9.41604609499926,0.11144558188029048,2,CHEMBL190650,"RnDHFR (R. norvegicus); TgDHFR-TS (T. gondii, apicomplexan)",False,1,c1ccc(Cc2cnc3ncncc3c2)cc1,train
COc1ccc(C#CCCCC(=O)O)c(Cc2cnc3nc(N)nc(N)c3c2C)c1,7.928180382362728,0.4361316172881893,2,CHEMBL187595,"RnDHFR (R. norvegicus); TgDHFR-TS (T. gondii, apicomplexan)",False,1,c1ccc(Cc2cnc3ncncc3c2)cc1,train
COc1ccc(C#CCCCC(=O)O)cc1Cc1cnc(N)nc1N,6.576213670428944,1.0607498893644542,4,CHEMBL37334,"RnDHFR (R. norvegicus); TgDHFR-TS (T. gondii, apicomplexan)",False,1,c1ccc(Cc2cncnc2)cc1,external
COc1ccc(C#CCCCC(=O)O)cc1Cc1cnc2nc(N)nc(N)c2c1C,8.305328344373962,0.08655439556632695,2,CHEMBL425893,"RnDHFR (R. norvegicus); TgDHFR-TS (T. gondii, apicomplexan)",False,1,c1ccc(Cc2cnc3ncncc3c2)cc1,train
COc1ccc(C#CCCCCC(=O)O)cc1Cc1cnc(N)nc1N,5.872363747448347,1.796480800238932,2,CHEMBL33922,"RnDHFR (R. norvegicus); TgDHFR-TS (T. gondii, apicomplexan)",False,0,c1ccc(Cc2cncnc2)cc1,external
COc1ccc(C#CCCCCC(=O)O)cc1Cc1cnc2nc(N)nc(N)c2c1C,8.446395015176066,0.0685257273628731,2,CHEMBL192835,"RnDHFR (R. norvegicus); TgDHFR-TS (T. gondii, apicomplexan)",False,1,c1ccc(Cc2cnc3ncncc3c2)cc1,train
COc1ccc(C#CCOc2cccc(C(=O)O)c2)cc1Cc1cnc(N)nc1N,5.324875990832918,0.5438686029912277,4,CHEMBL35080,"RnDHFR (R. norvegicus); TgDHFR-TS (T. gondii, apicomplexan)",False,0,C(#Cc1cccc(Cc2cncnc2)c1)COc1ccccc1,train
COc1ccc(C#CCOc2ccccc2C(=O)O)cc1Cc1cnc(N)nc1N,5.7543191530828635,0.6312873042661911,4,CHEMBL35437,"RnDHFR (R. norvegicus); TgDHFR-TS (T. gondii, apicomplexan)",False,0,C(#Cc1cccc(Cc2cncnc2)c1)COc1ccccc1,train
COc1ccc(C#Cc2ccc(C(=O)O)cc2)cc1Cc1cnc(N)nc1N,5.777353615287014,0.7980914470296167,4,CHEMBL34293,"RnDHFR (R. norvegicus); TgDHFR-TS (T. gondii, apicomplexan)",False,0,C(#Cc1cccc(Cc2cncnc2)c1)c1ccccc1,train
COc1ccc(C#Cc2cccc(C(=O)O)c2)cc1Cc1cnc(N)nc1N,7.22336197693145,1.4655146310934863,2,CHEMBL35020,"RnDHFR (R. norvegicus); TgDHFR-TS (T. gondii, apicomplexan)",False,1,C(#Cc1cccc(Cc2cncnc2)c1)c1ccccc1,train
COc1ccc(C#Cc2cccc(C(=O)O)c2)cc1Cc1cnc2nc(N)nc(N)c2c1OC,8.301029995663981,,1,CHEMBL5561721,"TgDHFR-TS (T. gondii, apicomplexan)",False,1,C(#Cc1cccc(Cc2cnc3ncncc3c2)c1)c1ccccc1,test
COc1ccc(C#Cc2ccccc2C(=O)O)cc1Cc1cnc(N)nc1N,5.161653195187567,0.7913842983100646,2,CHEMBL34378,"RnDHFR (R. norvegicus); TgDHFR-TS (T. gondii, apicomplexan)",False,0,C(#Cc1cccc(Cc2cncnc2)c1)c1ccccc1,train
COc1ccc(C(=O)NCCc2ccc(CNc3ccc4nc(N)nc(N)c4c3)cc2)cc1,6.803547458296611,,1,CHEMBL4214368,"PfDHFR-TS K1 (P. falciparum, resistant)",True,1,O=C(NCCc1ccc(CNc2ccc3ncncc3c2)cc1)c1ccccc1,train
COc1ccc(C(=O)NCCc2ccc(CNc3ccc4nc(N)nc(N)c4c3)cc2)cc1OC,7.213958789757446,,1,CHEMBL4210479,"PfDHFR-TS K1 (P. falciparum, resistant)",True,1,O=C(NCCc1ccc(CNc2ccc3ncncc3c2)cc1)c1ccccc1,train
COc1ccc(C(=O)OCc2ccc3nc(N)nc(N)c3c2)c(OC)c1OC,6.5774509799928715,0.3909183049624374,2,CHEMBL309792,"RnDHFR (R. norvegicus); TgDHFR-TS (T. gondii, apicomplexan)",False,1,O=C(OCc1ccc2ncncc2c1)c1ccccc1,train
COc1ccc(C(=O)OCc2ccc3nc(N)nc(N)c3c2)cc1OC,7.069531689649953,0.15687075525148192,2,CHEMBL310807,"RnDHFR (R. norvegicus); TgDHFR-TS (T. gondii, apicomplexan)",False,1,O=C(OCc1ccc2ncncc2c1)c1ccccc1,train
COc1ccc(C(F)(F)F)cc1N(C)Cc1cnc2nc(N)nc(N)c2c1C,7.42021640338319,0.45838450491143884,3,CHEMBL23076,"HsDHFR (H. sapiens); RnDHFR (R. norvegicus); TgDHFR-TS (T. gondii, apicomplexan)",False,1,c1ccc(NCc2cnc3ncncc3c2)cc1,train
COc1ccc(C(F)(F)F)cc1NCc1cnc2nc(N)nc(N)c2c1C,7.698970004336019,0.5144675335134153,3,CHEMBL281648,"HsDHFR (H. sapiens); RnDHFR (R. norvegicus); TgDHFR-TS (T. gondii, apicomplexan)",False,1,c1ccc(NCc2cnc3ncncc3c2)cc1,train
COc1ccc(C(F)(F)F)cc1NCc1cnc2nc(N)nc(N)c2n1,4.8262374200006555,0.20994949940298935,2,CHEMBL23495,"RnDHFR (R. norvegicus); TgDHFR-TS (T. gondii, apicomplexan)",False,0,c1ccc(NCc2cnc3ncncc3n2)cc1,external
COc1ccc(C)c(NCc2cnc3nc(N)nc(N)c3c2C)c1,6.823908740944319,0.47017294150922534,3,CHEMBL23713,"HsDHFR (H. sapiens); RnDHFR (R. norvegicus); TgDHFR-TS (T. gondii, apicomplexan)",False,1,c1ccc(NCc2cnc3ncncc3c2)cc1,train
COc1ccc(C)c(NCc2cnc3nc(N)nc(N)c3n2)c1,6.356547323513812,,1,CHEMBL23560,"TgDHFR-TS (T. gondii, apicomplexan)",False,1,c1ccc(NCc2cnc3ncncc3n2)cc1,external
COc1ccc(C)cc1NCc1cnc2nc(N)nc(N)c2c1C,6.795880017344075,0.6860577964857121,3,CHEMBL279705,"HsDHFR (H. sapiens); RnDHFR (R. norvegicus); TgDHFR-TS (T. gondii, apicomplexan)",False,1,c1ccc(NCc2cnc3ncncc3c2)cc1,train
COc1ccc(CC2CCc3nc(N)nc(N)c3C2)cc1,7.2072696352457495,0.1325971733164529,2,CHEMBL7452,"RnDHFR (R. norvegicus); TgDHFR-TS (T. gondii, apicomplexan)",False,1,c1ccc(CC2CCc3ncncc3C2)cc1,train
COc1ccc(CC2CCc3nc(N)nc(N)c3C2)cc1OC,7.419465807264412,0.30943891720403327,2,CHEMBL267616,"RnDHFR (R. norvegicus); TgDHFR-TS (T. gondii, apicomplexan)",False,1,c1ccc(CC2CCc3ncncc3C2)cc1,train
COc1ccc(CCC2CNc3nc(N)nc(N)c3C2)cc1OC,5.818194010053928,0.19857439996860038,2,CHEMBL145691,"RnDHFR (R. norvegicus); TgDHFR-TS (T. gondii, apicomplexan)",False,0,c1ccc(CCC2CNc3ncncc3C2)cc1,train
COc1ccc(CCCCC(=O)O)cc1Cc1cnc(N)nc1N,6.365711014058578,1.2315834263633456,2,CHEMBL285279,"RnDHFR (R. norvegicus); TgDHFR-TS (T. gondii, apicomplexan)",False,1,c1ccc(Cc2cncnc2)cc1,external
COc1ccc(CCCCCC(=O)O)cc1Cc1cnc(N)nc1N,6.731468428609191,1.9010598131631957,2,CHEMBL33921,"RnDHFR (R. norvegicus); TgDHFR-TS (T. gondii, apicomplexan)",False,1,c1ccc(Cc2cncnc2)cc1,external
COc1ccc(CCCCCCC(=O)O)cc1Cc1cnc(N)nc1N,6.4300604567993815,1.261877866059652,4,CHEMBL288350,"RnDHFR (R. norvegicus); TgDHFR-TS (T. gondii, apicomplexan)",False,1,c1ccc(Cc2cncnc2)cc1,external
COc1ccc(CCCCCCC(=O)O)cc1Cc1cnc2nc(N)nc(N)c2c1OC,8.522878745280337,,1,CHEMBL5561705,"TgDHFR-TS (T. gondii, apicomplexan)",False,1,c1ccc(Cc2cnc3ncncc3c2)cc1,train
COc1ccc(CCCOc2cccc(C(=O)O)c2)cc1Cc1cnc(N)nc1N,6.037860356969059,0.9049840354001625,2,CHEMBL284839,"RnDHFR (R. norvegicus); TgDHFR-TS (T. gondii, apicomplexan)",False,1,c1ccc(OCCCc2cccc(Cc3cncnc3)c2)cc1,train
COc1ccc(CCCOc2ccccc2C(=O)O)cc1Cc1cnc(N)nc1N,5.375400821304444,1.0936690900896056,2,CHEMBL289908,"RnDHFR (R. norvegicus); TgDHFR-TS (T. gondii, apicomplexan)",False,0,c1ccc(OCCCc2cccc(Cc3cncnc3)c2)cc1,train
COc1ccc(CCCc2nc(N)nc(N)c2-c2cccc(Cl)c2)cc1,8.221848749616356,1.482430437211562,13,CHEMBL278813,"PfDHFR-TS K1 (P. falciparum, resistant)",True,1,c1ccc(CCCc2ncncc2-c2ccccc2)cc1,train
COc1ccc(CCc2ccc(C(=O)O)cc2)cc1Cc1cnc(N)nc1N,5.354982694318741,0.6631615748878904,2,CHEMBL38158,"RnDHFR (R. norvegicus); TgDHFR-TS (T. gondii, apicomplexan)",False,0,c1ccc(CCc2cccc(Cc3cncnc3)c2)cc1,test
COc1ccc(CCc2ccc3nc(N)nc(N)c3n2)cc1,6.1487416512809245,,1,CHEMBL4090780,HsDHFR (H. sapiens),False,1,c1ccc(CCc2ccc3ncncc3n2)cc1,train
COc1ccc(CCc2cnc(N)nc2N)cc1OC,3.5012760292520957,,1,CHEMBL177819,RnDHFR (R. norvegicus),False,0,c1ccc(CCc2cncnc2)cc1,train
COc1ccc(CCc2cnc3nc(N)nc(N)c3c2)cc1,6.593517265572993,0.009326156279182627,6,CHEMBL145528,"RnDHFR (R. norvegicus); TgDHFR-TS (T. gondii, apicomplexan)",False,1,c1ccc(CCc2cnc3ncncc3c2)cc1,train
COc1ccc(CCc2cnc3nc(N)nc(N)c3c2)cc1OC,6.456834324292846,0.2652607119981191,6,CHEMBL145068,"RnDHFR (R. norvegicus); TgDHFR-TS (T. gondii, apicomplexan)",False,1,c1ccc(CCc2cnc3ncncc3c2)cc1,train
COc1ccc(CN(C)c2ccc3nc(N)nc(N)c3c2)c(OC)c1,7.387733468696958,0.3672380712878696,8,CHEMBL115804,"HsDHFR (H. sapiens); RnDHFR (R. norvegicus); TgDHFR-TS (T. gondii, apicomplexan)",False,1,c1ccc(CNc2ccc3ncncc3c2)cc1,train
COc1ccc(CN(C)c2ccc3nc(N)nc(N)c3c2)c(OC)c1OC,7.7453987388344485,0.3880414607876775,8,CHEMBL117750,"HsDHFR (H. sapiens); RnDHFR (R. norvegicus); TgDHFR-TS (T. gondii, apicomplexan)",False,1,c1ccc(CNc2ccc3ncncc3c2)cc1,train
COc1ccc(CN(C)c2cnc3nc(N)nc(N)c3c2)c(OC)c1OC,7.554025093134827,0.4545388936906991,8,CHEMBL35222,"HsDHFR (H. sapiens); RnDHFR (R. norvegicus); TgDHFR-TS (T. gondii, apicomplexan)",False,1,c1ccc(CNc2cnc3ncncc3c2)cc1,train
COc1ccc(CN2CCc3nc4nc(N)nc(N)c4cc3C2)cc1,5.053119118971029,0.6851622640600876,2,CHEMBL146925,"HsDHFR (H. sapiens); TgDHFR-TS (T. gondii, apicomplexan)",False,0,c1ccc(CN2CCc3nc4ncncc4cc3C2)cc1,train
COc1ccc(CNC(=O)c2ccc(CNCc3cnc4nc(N)nc(N)c4n3)cc2)cc1,4.0,,1,CHEMBL5208403,HsDHFR (H. sapiens),False,0,O=C(NCc1ccccc1)c1ccc(CNCc2cnc3ncncc3n2)cc1,train
COc1ccc(CNC(=O)c2ccc(CNCc3cnc4nc(N)nc(N)c4n3)cc2)cc1OC,4.0,,1,CHEMBL5173732,HsDHFR (H. sapiens),False,0,O=C(NCc1ccccc1)c1ccc(CNCc2cnc3ncncc3n2)cc1,train
COc1ccc(CNc2ccc3nc(N)nc(N)c3c2)c(OC)c1,6.014362075630947,0.7306440952707024,8,CHEMBL116200,"HsDHFR (H. sapiens); RnDHFR (R. norvegicus); TgDHFR-TS (T. gondii, apicomplexan)",False,1,c1ccc(CNc2ccc3ncncc3c2)cc1,train
COc1ccc(CNc2ccc3nc(N)nc(N)c3c2)c(OC)c1OC,5.98880753021716,0.7198532038007264,8,CHEMBL116637,"HsDHFR (H. sapiens); RnDHFR (R. norvegicus); TgDHFR-TS (T. gondii, apicomplexan)",False,0,c1ccc(CNc2ccc3ncncc3c2)cc1,train
COc1ccc(CNc2cnc(N)nc2N)cc1,3.8350526273781584,,1,CHEMBL369237,RnDHFR (R. norvegicus),False,0,c1ccc(CNc2cncnc2)cc1,train
COc1ccc(CNc2cnc(N)nc2N)cc1OC,3.704872914747809,,1,CHEMBL177511,RnDHFR (R. norvegicus),False,0,c1ccc(CNc2cncnc2)cc1,train
COc1ccc(CNc2cnc3nc(N)nc(N)c3c2)c(OC)c1OC,5.83169009354628,0.49159613686806586,6,CHEMBL35569,"RnDHFR (R. norvegicus); TgDHFR-TS (T. gondii, apicomplexan)",False,0,c1ccc(CNc2cnc3ncncc3c2)cc1,train
COc1ccc(CNc2cnc3nc(N)nc(N)c3c2)c2ccccc12,6.393368259575912,0.029500639249913696,6,CHEMBL32220,"RnDHFR (R. norvegicus); TgDHFR-TS (T. gondii, apicomplexan)",False,1,c1ccc2c(CNc3cnc4ncncc4c3)cccc2c1,train
COc1ccc(CNc2cnc3nc(N)nc(N)c3c2)cc1OC,5.980339270098677,0.1712977385530392,6,CHEMBL32769,"RnDHFR (R. norvegicus); TgDHFR-TS (T. gondii, apicomplexan)",False,0,c1ccc(CNc2cnc3ncncc3c2)cc1,train
COc1ccc(CO)cc1-c1cc2nc(N)nc(N)c2cc1C,7.560667306169737,,1,CHEMBL3681399,HsDHFR (H. sapiens),False,1,c1ccc(-c2ccc3cncnc3c2)cc1,train
COc1ccc(COc2cnc(N)nc2N)cc1,4.001304841688344,,1,CHEMBL174679,RnDHFR (R. norvegicus),False,0,c1ccc(COc2cncnc2)cc1,train
COc1ccc(Cc2cnc(N)nc2N)cc1,5.045491501256165,1.4298533268559175,6,CHEMBL19023,"GgDHFR (G. gallus); PfDHFR-TS K1 (P. falciparum, resistant); RnDHFR (R. norvegicus)",True,0,c1ccc(Cc2cncnc2)cc1,external
COc1ccc(Cc2cnc(N)nc2N)cc1C(F)(F)F,4.989999996723885,,1,CHEMBL277391,GgDHFR (G. gallus),False,0,c1ccc(Cc2cncnc2)cc1,external
COc1ccc(Cc2cnc(N)nc2N)cc1O,3.8500000137195762,,1,CHEMBL301089,GgDHFR (G. gallus),False,0,c1ccc(Cc2cncnc2)cc1,external
COc1ccc(Cc2cnc(N)nc2N)cc1OC,4.858299443002609,1.4133384992336842,11,CHEMBL19633,"GgDHFR (G. gallus); HsDHFR (H. sapiens); PbDHFR-TS (P. berghei, rodent malaria); PfDHFR-TS K1 (P. falciparum, resistant); RnDHFR (R. norvegicus)",True,0,c1ccc(Cc2cncnc2)cc1,external
COc1ccc(Cc2cnc(N)nc2N)cc1OCCCCN1C(=O)c2ccccc2C1=O,5.7537476877006775,,1,CHEMBL369645,RnDHFR (R. norvegicus),False,0,O=C1c2ccccc2C(=O)N1CCCCOc1cccc(Cc2cncnc2)c1,test
COc1ccc(Cc2cnc(N)nc2N)cc1OCc1ccccc1,6.073936329995873,1.107876632100415,12,CHEMBL291931,"GgDHFR (G. gallus); PfDHFR-TS K1 (P. falciparum, resistant)",True,1,c1ccc(COc2cccc(Cc3cncnc3)c2)cc1,train
COc1ccc(Cc2cnc(N)nc2N)cc1OS(C)(=O)=O,4.530000033355806,,1,CHEMBL300114,GgDHFR (G. gallus),False,0,c1ccc(Cc2cncnc2)cc1,external
COc1ccc(I)c(Cc2cnc3nc(N)nc(N)c3c2C)c1,8.317256007554551,0.11410440864687571,2,CHEMBL190026,"RnDHFR (R. norvegicus); TgDHFR-TS (T. gondii, apicomplexan)",False,1,c1ccc(Cc2cnc3ncncc3c2)cc1,train
COc1ccc(I)cc1Cc1cnc2nc(N)nc(N)c2c1C,8.344123069472122,0.060942809423818085,2,CHEMBL187570,"RnDHFR (R. norvegicus); TgDHFR-TS (T. gondii, apicomplexan)",False,1,c1ccc(Cc2cnc3ncncc3c2)cc1,train
COc1ccc(N(C)Cc2ccc3nc(N)nc(N)c3n2)c(OC)c1,7.824875990832918,0.03176349751332262,6,CHEMBL299174,"RnDHFR (R. norvegicus); TgDHFR-TS (T. gondii, apicomplexan)",False,1,c1ccc(NCc2ccc3ncncc3n2)cc1,train
COc1ccc(N(C)Cc2ccc3nc(N)nc(N)c3n2)cc1,7.770303756120384,0.02801739041772014,6,CHEMBL415962,"RnDHFR (R. norvegicus); TgDHFR-TS (T. gondii, apicomplexan)",False,1,c1ccc(NCc2ccc3ncncc3n2)cc1,train
COc1ccc(N(C)Cc2ccc3nc(N)nc(N)c3n2)cc1OC,8.008884741988375,0.7326513982826699,6,CHEMBL57624,"RnDHFR (R. norvegicus); TgDHFR-TS (T. gondii, apicomplexan)",False,1,c1ccc(NCc2ccc3ncncc3n2)cc1,train
COc1ccc(N(C)Cc2cnc3nc(N)nc(N)c3c2C)c(OC)c1,6.956998147190809,0.46668553576539074,8,CHEMBL23705,"RnDHFR (R. norvegicus); TgDHFR-TS (T. gondii, apicomplexan)",False,1,c1ccc(NCc2cnc3ncncc3c2)cc1,train
COc1ccc(N(C)Cc2cnc3nc(N)nc(N)c3c2C)cc1,8.011366893786354,0.13732486741397065,6,CHEMBL264386,"RnDHFR (R. norvegicus); TgDHFR-TS (T. gondii, apicomplexan)",False,1,c1ccc(NCc2cnc3ncncc3c2)cc1,train
COc1ccc(N(C)Cc2cnc3nc(N)nc(N)c3c2C)cc1OC,7.537602002101044,0.4194896106849177,10,CHEMBL279680,"RnDHFR (R. norvegicus); TgDHFR-TS (T. gondii, apicomplexan)",False,1,c1ccc(NCc2cnc3ncncc3c2)cc1,train
COc1ccc(N(C)Cc2nc3cc(C(F)(F)F)ccc3nc2-c2ccccc2)cc1,5.522878745280337,,1,CHEMBL3121460,HsDHFR (H. sapiens),False,0,c1ccc(NCc2nc3ccccc3nc2-c2ccccc2)cc1,train
COc1ccc(N(C)Cc2nc3cc(C(F)(F)F)ccc3nc2-c2ccccc2)cc1OC,5.096910013008056,,1,CHEMBL3121463,HsDHFR (H. sapiens),False,0,c1ccc(NCc2nc3ccccc3nc2-c2ccccc2)cc1,train
COc1ccc(N(C)c2ccc3nc(N)nc(N)c3n2)cc1,8.116496318025098,0.07211749430983398,2,CHEMBL141160,"RnDHFR (R. norvegicus); TgDHFR-TS (T. gondii, apicomplexan)",False,1,c1ccc(Nc2ccc3ncncc3n2)cc1,train
COc1ccc(N(C)c2ccc3nc(N)nc(N)c3n2)cc1OC,9.226728668260934,0.24212939964145905,2,CHEMBL337603,"RnDHFR (R. norvegicus); TgDHFR-TS (T. gondii, apicomplexan)",False,1,c1ccc(Nc2ccc3ncncc3n2)cc1,train
COc1ccc(N(C)c2cnc3nc(N)nc(N)c3c2)cc1,8.074983371155115,0.2180216924861718,2,CHEMBL2382327,HsDHFR (H. sapiens); RnDHFR (R. norvegicus),False,1,c1ccc(Nc2cnc3ncncc3c2)cc1,train
COc1ccc(N2C(N)=NC(N)=NC2(C)C)cc1,6.480001470881152,,1,CHEMBL266573,GgDHFR (G. gallus),False,1,C1=NC=NCN1c1ccccc1,external
COc1ccc(N2C(N)=NC(N)=NC2(C)C)cc1OC,6.009998764965339,,1,CHEMBL33696,GgDHFR (G. gallus),False,1,C1=NC=NCN1c1ccccc1,external
COc1ccc(N2CCN(C(=S)SCc3ccc4nc(N)nc(N)c4c3)CC2)cc1,5.2247537402597635,,1,CHEMBL2387104,HsDHFR (H. sapiens),False,0,S=C(SCc1ccc2ncncc2c1)N1CCN(c2ccccc2)CC1,train
COc1ccc(N2CCN(c3cnc(N)nc3N)CC2)cc1,6.089909454405932,,1,CHEMBL5941843,HsDHFR (H. sapiens),False,1,c1ccc(N2CCN(c3cncnc3)CC2)cc1,train
COc1ccc(NCc2c[nH]c3nc(N)nc(N)c23)cc1,4.710349844126601,0.538079551581572,10,CHEMBL68673,"RnDHFR (R. norvegicus); TgDHFR-TS (T. gondii, apicomplexan)",False,0,c1ccc(NCc2c[nH]c3ncncc23)cc1,train
COc1ccc(NCc2c[nH]c3nc(N)nc(N)c23)cc1OC,4.652999807607149,0.7540436606972727,10,CHEMBL68439,"RnDHFR (R. norvegicus); TgDHFR-TS (T. gondii, apicomplexan)",False,0,c1ccc(NCc2c[nH]c3ncncc23)cc1,train
COc1ccc(NCc2c[nH]c3nc(N)nc(O)c23)c(OC)c1,4.9723108343125,0.24951085417731184,2,CHEMBL294131,"RnDHFR (R. norvegicus); TgDHFR-TS (T. gondii, apicomplexan)",False,0,c1ccc(NCc2c[nH]c3ncncc23)cc1,train
COc1ccc(NCc2ccc3nc(N)nc(N)c3c2)cc1OC,7.498075938982851,0.6081713047489083,2,CHEMBL1163286,HsDHFR (H. sapiens),False,1,c1ccc(NCc2ccc3ncncc3c2)cc1,train
COc1ccc(NCc2ccc3nc(N)nc(N)c3c2)cc1OCCCC(=O)O,6.875294659200473,0.604542354016873,2,CHEMBL1164279,HsDHFR (H. sapiens),False,1,c1ccc(NCc2ccc3ncncc3c2)cc1,train
COc1ccc(NCc2ccc3nc(N)nc(N)c3n2)c(OC)c1,6.6743881381026515,0.19665716865206906,6,CHEMBL296382,"RnDHFR (R. norvegicus); TgDHFR-TS (T. gondii, apicomplexan)",False,1,c1ccc(NCc2ccc3ncncc3n2)cc1,train
COc1ccc(NCc2ccc3nc(N)nc(N)c3n2)cc1,7.202141690028288,0.07171282166679012,6,CHEMBL52777,"RnDHFR (R. norvegicus); TgDHFR-TS (T. gondii, apicomplexan)",False,1,c1ccc(NCc2ccc3ncncc3n2)cc1,train
COc1ccc(NCc2ccc3nc(N)nc(N)c3n2)cc1OC,7.1337910607090205,0.09642713534054889,6,CHEMBL55928,"RnDHFR (R. norvegicus); TgDHFR-TS (T. gondii, apicomplexan)",False,1,c1ccc(NCc2ccc3ncncc3n2)cc1,train
COc1ccc(NCc2cnc3nc(N)nc(N)c3c2)cc1OC,6.251811972993799,,1,CHEMBL149301,RnDHFR (R. norvegicus),False,1,c1ccc(NCc2cnc3ncncc3c2)cc1,train
COc1ccc(NCc2cnc3nc(N)nc(N)c3c2C)c(C)c1,7.840134752834888,0.42784591914984016,2,CHEMBL23382,"RnDHFR (R. norvegicus); TgDHFR-TS (T. gondii, apicomplexan)",False,1,c1ccc(NCc2cnc3ncncc3c2)cc1,train
COc1ccc(NCc2cnc3nc(N)nc(N)c3c2C)c(OC)c1,7.231310858584897,0.4537289197114873,8,CHEMBL279983,"RnDHFR (R. norvegicus); TgDHFR-TS (T. gondii, apicomplexan)",False,1,c1ccc(NCc2cnc3ncncc3c2)cc1,train
COc1ccc(NCc2cnc3nc(N)nc(N)c3c2C)c2ccccc12,7.452939202079719,0.20302208776669559,6,CHEMBL53903,"RnDHFR (R. norvegicus); TgDHFR-TS (T. gondii, apicomplexan)",False,1,c1ccc2c(NCc3cnc4ncncc4c3)cccc2c1,train
COc1ccc(NCc2cnc3nc(N)nc(N)c3c2C)cc1,7.587911039956907,0.3647106546548679,6,CHEMBL312348,"RnDHFR (R. norvegicus); TgDHFR-TS (T. gondii, apicomplexan)",False,1,c1ccc(NCc2cnc3ncncc3c2)cc1,train
COc1ccc(NCc2cnc3nc(N)nc(N)c3c2C)cc1F,7.853871964321762,,1,CHEMBL356620,HsDHFR (H. sapiens),False,1,c1ccc(NCc2cnc3ncncc3c2)cc1,train
COc1ccc(NCc2cnc3nc(N)nc(N)c3c2C)cc1OC,8.119015009513246,0.3322318725843208,11,CHEMBL283518,"HsDHFR (H. sapiens); RnDHFR (R. norvegicus); TgDHFR-TS (T. gondii, apicomplexan)",False,1,c1ccc(NCc2cnc3ncncc3c2)cc1,train
COc1ccc(Nc2ccc3nc(N)nc(C)c3n2)cc1,6.621602099051863,,1,CHEMBL6029951,HsDHFR (H. sapiens),False,1,c1ccc(Nc2ccc3ncncc3n2)cc1,train
COc1ccc(Nc2ccc3nc(N)nc(N)c3n2)cc1,5.552800092280319,0.0809218019907503,7,CHEMBL141218,"HsDHFR (H. sapiens); RnDHFR (R. norvegicus); TgDHFR-TS (T. gondii, apicomplexan)",False,0,c1ccc(Nc2ccc3ncncc3n2)cc1,train
COc1ccc(Nc2ccc3nc(N)nc(N)c3n2)cc1OC,6.062998973375709,0.11424945570156954,6,CHEMBL141585,"RnDHFR (R. norvegicus); TgDHFR-TS (T. gondii, apicomplexan)",False,1,c1ccc(Nc2ccc3ncncc3n2)cc1,train
COc1ccc(Nc2cnc3nc(N)nc(N)c3c2)cc1,5.437707135543525,0.016611373317858495,3,CHEMBL2382315,HsDHFR (H. sapiens); RnDHFR (R. norvegicus),False,0,c1ccc(Nc2cnc3ncncc3c2)cc1,train
COc1ccc(Nc2nc3cc(N)cc(N)c3nc2-c2ccccc2)cc1,5.7447274948966935,,1,CHEMBL518405,HsDHFR (H. sapiens),False,0,c1ccc(Nc2nc3ccccc3nc2-c2ccccc2)cc1,train
COc1ccc(OC)c(-c2cc3nc(N)nc(N)c3cc2C)c1,7.560667306169737,,1,CHEMBL1818115,HsDHFR (H. sapiens),False,1,c1ccc(-c2ccc3cncnc3c2)cc1,train
COc1ccc(OC)c(-c2ccc3c(N)nc(N)nc3c2)c1,6.462180904926726,,1,CHEMBL3681398,HsDHFR (H. sapiens),False,1,c1ccc(-c2ccc3cncnc3c2)cc1,train
COc1ccc(OC)c(-c2nc3c(N)nc(N)nc3[nH]2)c1,5.614775445655363,0.17112224002651896,6,CHEMBL106070,"RnDHFR (R. norvegicus); TgDHFR-TS (T. gondii, apicomplexan)",False,0,c1ccc(-c2nc3cncnc3[nH]2)cc1,train
COc1ccc(OC)c(-c2sc3nc(N)nc(N)c3c2C)c1,6.2783685062706525,0.21698246112827904,2,CHEMBL323960,HsDHFR (H. sapiens); RnDHFR (R. norvegicus),False,1,c1ccc(-c2cc3cncnc3s2)cc1,train
COc1ccc(OC)c(C#Cc2cccc3nc(N)nc(N)c23)c1,6.853871964321762,,1,CHEMBL162312,HsDHFR (H. sapiens),False,1,C(#Cc1cccc2ncncc12)c1ccccc1,train
COc1ccc(OC)c(C(=O)OCc2ccc3nc(N)nc(N)c3c2)c1,6.517164014389946,0.19857439996860038,2,CHEMBL79216,"RnDHFR (R. norvegicus); TgDHFR-TS (T. gondii, apicomplexan)",False,1,O=C(OCc1ccc2ncncc2c1)c1ccccc1,train
COc1ccc(OC)c(C(C#Cc2c(C)nc(N)nc2N)OC)c1,7.221848749616356,,1,CHEMBL584390,HsDHFR (H. sapiens),False,1,C(#Cc1cncnc1)Cc1ccccc1,train
COc1ccc(OC)c(C(C)C#Cc2c(C)nc(N)nc2N)c1,6.3979400086720375,,1,CHEMBL574329,HsDHFR (H. sapiens),False,1,C(#Cc1cncnc1)Cc1ccccc1,train
COc1ccc(OC)c(C(O)C#Cc2c(C)nc(N)nc2N)c1,5.920818753952375,,1,CHEMBL573880,HsDHFR (H. sapiens),False,0,C(#Cc1cncnc1)Cc1ccccc1,train
COc1ccc(OC)c(CC#Cc2c(C)nc(N)nc2N)c1,5.886056647693163,0.0,2,CHEMBL485960,HsDHFR (H. sapiens),False,0,C(#Cc1cncnc1)Cc1ccccc1,train
COc1ccc(OC)c(CC#Cc2cnc(N)nc2N)c1,5.494850021680094,0.0,2,CHEMBL521055,HsDHFR (H. sapiens),False,0,C(#Cc1cncnc1)Cc1ccccc1,train
COc1ccc(OC)c(CC2CCc3nc(N)nc(N)c3C2)c1,7.573150894111913,0.14796889796276,2,CHEMBL7375,"RnDHFR (R. norvegicus); TgDHFR-TS (T. gondii, apicomplexan)",False,1,c1ccc(CC2CCc3ncncc3C2)cc1,train
COc1ccc(OC)c(CCCNc2ccc3nc(N)nc(N)c3c2Cl)c1,5.860623199523586,0.19710856151391415,2,CHEMBL138625,"RnDHFR (R. norvegicus); TgDHFR-TS (T. gondii, apicomplexan)",False,0,c1ccc(CCCNc2ccc3ncncc3c2)cc1,train
COc1ccc(OC)c(CCCc2c[nH]c3nc(N)nc(N)c23)c1,4.9299998354858525,0.2675954573058409,3,CHEMBL608428,"RnDHFR (R. norvegicus); TgDHFR-TS (T. gondii, apicomplexan)",False,0,c1ccc(CCCc2c[nH]c3ncncc23)cc1,train
COc1ccc(OC)c(CCCc2csc3nc(N)nc(N)c23)c1,4.585026652029182,,1,CHEMBL104379,RnDHFR (R. norvegicus),False,0,c1ccc(CCCc2csc3ncncc23)cc1,test
COc1ccc(OC)c(CCNc2ccc3nc(N)nc(N)c3c2Cl)c1,5.841072755334265,0.230929831834133,2,CHEMBL141903,"RnDHFR (R. norvegicus); TgDHFR-TS (T. gondii, apicomplexan)",False,0,c1ccc(CCNc2ccc3ncncc3c2)cc1,train
COc1ccc(OC)c(CCc2cccc3nc(N)nc(N)c23)c1,6.3872161432802645,1.5412695571847521,4,CHEMBL349149,"HsDHFR (H. sapiens); RnDHFR (R. norvegicus); TgDHFR-TS (T. gondii, apicomplexan)",False,1,c1ccc(CCc2cccc3ncncc23)cc1,train
COc1ccc(OC)c(CCc2cnc3nc(N)nc(N)c3c2C)c1,6.113509274827518,1.2094571205466653,5,CHEMBL284544,"HsDHFR (H. sapiens); RnDHFR (R. norvegicus); TgDHFR-TS (T. gondii, apicomplexan)",False,1,c1ccc(CCc2cnc3ncncc3c2)cc1,train
COc1ccc(OC)c(CCc2cnc3nc(N)nc(N)c3n2)c1,4.951059127643066,0.4476652196755759,2,CHEMBL287511,"RnDHFR (R. norvegicus); TgDHFR-TS (T. gondii, apicomplexan)",False,0,c1ccc(CCc2cnc3ncncc3n2)cc1,train
COc1ccc(OC)c(CCc2csc3nc(N)nc(N)c23)c1,5.508638306165727,,1,CHEMBL107023,RnDHFR (R. norvegicus),False,0,c1ccc(CCc2csc3ncncc23)cc1,test
COc1ccc(OC)c(CCc2sc3nc(N)nc(N)c3c2C)c1,5.229147988357855,,1,CHEMBL322585,RnDHFR (R. norvegicus),False,0,c1ccc(CCc2cc3cncnc3s2)cc1,train
COc1ccc(OC)c(CN(C)c2ccc3nc(N)nc(N)c3c2)c1,7.585026652029182,0.2710353496398966,10,CHEMBL325434,"HsDHFR (H. sapiens); RnDHFR (R. norvegicus); TgDHFR-TS (T. gondii, apicomplexan)",False,1,c1ccc(CNc2ccc3ncncc3c2)cc1,train
COc1ccc(OC)c(CN(C)c2cnc3nc(N)nc(N)c3c2)c1,7.552841968657781,0.9810368268554275,15,CHEMBL32113,"HsDHFR (H. sapiens); RnDHFR (R. norvegicus); TgDHFR-TS (T. gondii, apicomplexan)",False,1,c1ccc(CNc2cnc3ncncc3c2)cc1,train
COc1ccc(OC)c(CN2CCc3nc(N)nc(N)c3C2)c1,6.18837535480105,0.47305923147559203,2,CHEMBL7139,"RnDHFR (R. norvegicus); TgDHFR-TS (T. gondii, apicomplexan)",False,1,c1ccc(CN2CCc3ncncc3C2)cc1,train
COc1ccc(OC)c(CNc2ccc3nc(N)nc(N)c3c2)c1,5.9588028353560665,0.795211985878643,10,CHEMBL116816,"HsDHFR (H. sapiens); RnDHFR (R. norvegicus); TgDHFR-TS (T. gondii, apicomplexan)",False,0,c1ccc(CNc2ccc3ncncc3c2)cc1,train
COc1ccc(OC)c(CNc2ccc3nc(N)nc(N)c3c2Cl)c1,7.880475453429904,0.8381817379238146,4,CHEMBL138060,"HsDHFR (H. sapiens); PfDHFR-TS K1 (P. falciparum, resistant); RnDHFR (R. norvegicus); TgDHFR-TS (T. gondii, apicomplexan)",True,1,c1ccc(CNc2ccc3ncncc3c2)cc1,train
COc1ccc(OC)c(CNc2cnc3nc(N)nc(N)c3c2)c1,6.455931955649724,0.6622232845335303,13,CHEMBL32708,"HsDHFR (H. sapiens); RnDHFR (R. norvegicus); TgDHFR-TS (T. gondii, apicomplexan)",False,1,c1ccc(CNc2cnc3ncncc3c2)cc1,train
COc1ccc(OC)c(Cc2cnc3nc(N)nc(N)c3c2C)c1,8.366531544420413,0.5537949115545714,67,CHEMBL7492,"HsDHFR (H. sapiens); RnDHFR (R. norvegicus); TgDHFR-TS (T. gondii, apicomplexan)",False,1,c1ccc(Cc2cnc3ncncc3c2)cc1,train
COc1ccc(OC)c(Cc2sc3nc(N)nc(N)c3c2C)c1,6.3979400086720375,0.5288401564787227,3,CHEMBL104787,"HsDHFR (H. sapiens); RnDHFR (R. norvegicus); TgDHFR-TS (T. gondii, apicomplexan)",False,1,c1ccc(Cc2cc3cncnc3s2)cc1,train
COc1ccc(OC)c(N(C)CC2CCc3nc(N)nc(N)c3C2)c1,7.20446769648675,0.6785697653677297,6,CHEMBL121868,"RnDHFR (R. norvegicus); TgDHFR-TS (T. gondii, apicomplexan)",False,1,c1ccc(NCC2CCc3ncncc3C2)cc1,train
COc1ccc(OC)c(N(C)Cc2c[nH]c3nc(N)nc(N)c23)c1,5.468521082957745,0.0008539686933537853,3,CHEMBL17453,"TgDHFR-TS (T. gondii, apicomplexan)",False,0,c1ccc(NCc2c[nH]c3ncncc23)cc1,train
COc1ccc(OC)c(N(C)Cc2c[nH]c3nc(N)nc(O)c23)c1,4.619487374144313,0.5199715388580253,2,CHEMBL61927,"RnDHFR (R. norvegicus); TgDHFR-TS (T. gondii, apicomplexan)",False,0,c1ccc(NCc2c[nH]c3ncncc23)cc1,train
COc1ccc(OC)c(N(C)Cc2ccc3nc(N)nc(N)c3n2)c1,7.301029995663981,0.36557678402861876,6,CHEMBL301105,"RnDHFR (R. norvegicus); TgDHFR-TS (T. gondii, apicomplexan)",False,1,c1ccc(NCc2ccc3ncncc3n2)cc1,train
COc1ccc(OC)c(N(C)Cc2cccc3nc(N)nc(N)c23)c1,5.33889035263304,1.7863916346202815,2,CHEMBL434097,HsDHFR (H. sapiens); RnDHFR (R. norvegicus),False,0,c1ccc(NCc2cccc3ncncc23)cc1,train
COc1ccc(OC)c(N(C)Cc2cnc3nc(N)nc(N)c3c2C)c1,6.955919547590469,0.6052998388039482,10,CHEMBL281803,"RnDHFR (R. norvegicus); TgDHFR-TS (T. gondii, apicomplexan)",False,1,c1ccc(NCc2cnc3ncncc3c2)cc1,train
COc1ccc(OC)c(N(C)Cc2cnc3nc(N)nc(N)c3n2)c1,6.502841423665181,0.24740150463179772,2,CHEMBL22543,"RnDHFR (R. norvegicus); TgDHFR-TS (T. gondii, apicomplexan)",False,1,c1ccc(NCc2cnc3ncncc3n2)cc1,external
COc1ccc(OC)c(N(C)c2ccc3nc(N)nc(N)c3n2)c1,7.881983426441182,0.6997066020646587,2,CHEMBL141698,"RnDHFR (R. norvegicus); TgDHFR-TS (T. gondii, apicomplexan)",False,1,c1ccc(Nc2ccc3ncncc3n2)cc1,train
COc1ccc(OC)c(N(C)c2cnc3nc(N)nc(N)c3c2)c1,8.379850208998644,0.07346566079763935,2,CHEMBL2382329,HsDHFR (H. sapiens); RnDHFR (R. norvegicus),False,1,c1ccc(Nc2cnc3ncncc3c2)cc1,train
COc1ccc(OC)c(NCC2CCc3nc(N)nc(N)c3C2)c1,6.497054702308571,0.26250991111086747,8,CHEMBL7263,"RnDHFR (R. norvegicus); TgDHFR-TS (T. gondii, apicomplexan)",False,1,c1ccc(NCC2CCc3ncncc3C2)cc1,train
COc1ccc(OC)c(NCc2c(Br)sc3nc(N)nc(N)c23)c1,4.481486060122113,,1,CHEMBL122259,RnDHFR (R. norvegicus),False,0,c1ccc(NCc2csc3ncncc23)cc1,train
COc1ccc(OC)c(NCc2c[nH]c3nc(N)nc(N)c23)c1,5.769551078621726,1.018177096640973,13,CHEMBL17323,"RnDHFR (R. norvegicus); TgDHFR-TS (T. gondii, apicomplexan)",False,0,c1ccc(NCc2c[nH]c3ncncc23)cc1,train
COc1ccc(OC)c(NCc2c[nH]c3nc(N)nc(O)c23)c1,4.992739730621038,0.9402223345123866,2,CHEMBL302633,"RnDHFR (R. norvegicus); TgDHFR-TS (T. gondii, apicomplexan)",False,0,c1ccc(NCc2c[nH]c3ncncc23)cc1,train
COc1ccc(OC)c(NCc2ccc3nc(N)nc(N)c3c2)c1,6.595557066320094,0.36531243211698167,2,CHEMBL23454,"RnDHFR (R. norvegicus); TgDHFR-TS (T. gondii, apicomplexan)",False,1,c1ccc(NCc2ccc3ncncc3c2)cc1,train
COc1ccc(OC)c(NCc2ccc3nc(N)nc(N)c3c2Cl)c1,7.439713034397075,0.09603149113159666,4,CHEMBL88430,"RnDHFR (R. norvegicus); TgDHFR-TS (T. gondii, apicomplexan)",False,1,c1ccc(NCc2ccc3ncncc3c2)cc1,train
COc1ccc(OC)c(NCc2ccc3nc(N)nc(N)c3n2)c1,6.552841968657781,0.2552644955601804,9,CHEMBL52947,"RnDHFR (R. norvegicus); TgDHFR-TS (T. gondii, apicomplexan)",False,1,c1ccc(NCc2ccc3ncncc3n2)cc1,train
COc1ccc(OC)c(NCc2cccc3nc(N)nc(N)c23)c1,7.090228032229065,0.5533224094336973,2,CHEMBL350730,HsDHFR (H. sapiens),False,1,c1ccc(NCc2cccc3ncncc23)cc1,train
COc1ccc(OC)c(NCc2cnc3nc(N)nc(N)c3c2)c1,5.801029995663981,0.7071067811865476,2,CHEMBL424135,RnDHFR (R. norvegicus),False,0,c1ccc(NCc2cnc3ncncc3c2)cc1,train
COc1ccc(OC)c(NCc2cnc3nc(N)nc(N)c3c2C)c1,7.795880017344075,0.6427062159680921,11,CHEMBL23021,"HsDHFR (H. sapiens); RnDHFR (R. norvegicus); TgDHFR-TS (T. gondii, apicomplexan)",False,1,c1ccc(NCc2cnc3ncncc3c2)cc1,train
COc1ccc(OC)c(NCc2cnc3nc(N)nc(N)c3n2)c1,4.9006577134614275,0.36839301040813144,2,CHEMBL23402,"RnDHFR (R. norvegicus); TgDHFR-TS (T. gondii, apicomplexan)",False,0,c1ccc(NCc2cnc3ncncc3n2)cc1,external
COc1ccc(OC)c(NCc2nc3c(N)nc(N)nc3[nH]2)c1,4.309803919971486,0.13151928403838054,3,CHEMBL102432,"RnDHFR (R. norvegicus); TgDHFR-TS (T. gondii, apicomplexan)",False,0,c1ccc(NCc2nc3cncnc3[nH]2)cc1,test
COc1ccc(OC)c(Nc2ccc3nc(N)nc(N)c3n2)c1,5.79033877224224,0.37950963941869453,6,CHEMBL141260,"RnDHFR (R. norvegicus); TgDHFR-TS (T. gondii, apicomplexan)",False,0,c1ccc(Nc2ccc3ncncc3n2)cc1,train
COc1ccc(OC)c(Nc2cnc3nc(N)nc(N)c3c2)c1,5.884775539310863,0.16295199502370317,2,CHEMBL2382317,HsDHFR (H. sapiens); RnDHFR (R. norvegicus),False,0,c1ccc(Nc2cnc3ncncc3c2)cc1,train
COc1ccc(OC)c(SCc2cnc3nc(N)nc(N)c3c2C)c1,5.6020599913279625,,1,CHEMBL150247,HsDHFR (H. sapiens),False,0,c1ccc(SCc2cnc3ncncc3c2)cc1,train
COc1ccc(OC)c(Sc2[nH]c3nc(N)nc(N)c3c2C(C)C)c1,5.076151989632917,1.0998621359334242,2,CHEMBL516128,"RnDHFR (R. norvegicus); TgDHFR-TS (T. gondii, apicomplexan)",False,0,c1ccc(Sc2cc3cncnc3[nH]2)cc1,train
COc1ccc(OC)c(Sc2[nH]c3nc(N)nc(N)c3c2C)c1,5.107905397309519,1.060604172484078,7,CHEMBL331986,"RnDHFR (R. norvegicus); TgDHFR-TS (T. gondii, apicomplexan)",False,0,c1ccc(Sc2cc3cncnc3[nH]2)cc1,train
COc1ccc(OC)c(Sc2c(C)[nH]c3nc(N)[nH]c(=O)c23)c1,5.954694646085796,1.8344009157024335,2,CHEMBL492837,"HsDHFR (H. sapiens); TgDHFR-TS (T. gondii, apicomplexan)",False,0,O=c1[nH]cnc2[nH]cc(Sc3ccccc3)c12,train
COc1ccc(OC)c(Sc2c(C)[nH]c3nc(N)nc(N)c23)c1,4.060240371186557,0.0003399432747932756,2,CHEMBL597382,"TgDHFR-TS (T. gondii, apicomplexan)",False,0,c1ccc(Sc2c[nH]c3ncncc23)cc1,train
COc1ccc(OC)c(Sc2oc3nc(N)nc(N)c3c2C)c1,4.395178162335398,0.028978103226060953,2,CHEMBL596681,"RnDHFR (R. norvegicus); TgDHFR-TS (T. gondii, apicomplexan)",False,0,c1ccc(Sc2cc3cncnc3o2)cc1,train
COc1ccc(OCCCC(=O)O)c(Cc2cnc3nc(N)nc(N)c3c2C)c1,8.339615385830657,0.4223644661568581,2,CHEMBL190486,"RnDHFR (R. norvegicus); TgDHFR-TS (T. gondii, apicomplexan)",False,1,c1ccc(Cc2cnc3ncncc3c2)cc1,train
COc1ccc(OCCCC(=O)O)cc1Cc1cnc(N)nc1N,6.164877073462938,0.6743182998958039,4,CHEMBL37696,"RnDHFR (R. norvegicus); TgDHFR-TS (T. gondii, apicomplexan)",False,1,c1ccc(Cc2cncnc2)cc1,external
COc1ccc(OCCCC(=O)O)cc1Cc1cnc2nc(N)nc(N)c2c1C,8.689411859112482,0.04502083812754491,2,CHEMBL189952,"RnDHFR (R. norvegicus); TgDHFR-TS (T. gondii, apicomplexan)",False,1,c1ccc(Cc2cnc3ncncc3c2)cc1,train
COc1ccc(OCCCCC(=O)O)cc1Cc1cnc(N)nc1N,5.337242168318426,0.8427713924175985,7,CHEMBL37520,"HsDHFR (H. sapiens); RnDHFR (R. norvegicus); TgDHFR-TS (T. gondii, apicomplexan)",False,0,c1ccc(Cc2cncnc2)cc1,external
COc1ccc(OCCCCC(=O)O)cc1Cc1cnc2nc(N)nc(N)c2c1C,8.6479247415801,0.013650806150516465,2,CHEMBL190199,"RnDHFR (R. norvegicus); TgDHFR-TS (T. gondii, apicomplexan)",False,1,c1ccc(Cc2cnc3ncncc3c2)cc1,train
COc1ccc(OCCCCCC(=O)O)cc1Cc1cnc(N)nc1N,5.544154920623069,1.0954552588246058,2,CHEMBL285448,"RnDHFR (R. norvegicus); TgDHFR-TS (T. gondii, apicomplexan)",False,0,c1ccc(Cc2cncnc2)cc1,external
COc1ccc(OCCCCCC(=O)O)cc1Cc1cnc2nc(N)nc(N)c2c1C,8.698970004336019,0.0,2,CHEMBL188540,"RnDHFR (R. norvegicus); TgDHFR-TS (T. gondii, apicomplexan)",False,1,c1ccc(Cc2cnc3ncncc3c2)cc1,train
COc1ccc(OCCCCCCC(=O)O)cc1Cc1cnc(N)nc1N,6.7447274948966935,1.0530342025615138,3,CHEMBL36310,"RnDHFR (R. norvegicus); TgDHFR-TS (T. gondii, apicomplexan)",False,1,c1ccc(Cc2cncnc2)cc1,external
COc1ccc(OCCCCCCCC(=O)O)cc1Cc1cnc(N)nc1N,5.682258126592544,1.0768378877125877,2,CHEMBL289904,"RnDHFR (R. norvegicus); TgDHFR-TS (T. gondii, apicomplexan)",False,0,c1ccc(Cc2cncnc2)cc1,external
COc1ccc(OCCCCCCCCC(=O)O)cc1Cc1cnc(N)nc1N,5.643675149186394,1.0222733177880758,2,CHEMBL38332,"RnDHFR (R. norvegicus); TgDHFR-TS (T. gondii, apicomplexan)",False,0,c1ccc(Cc2cncnc2)cc1,external
COc1ccc(OCc2ccc(C(=O)O)cc2)cc1Cc1cnc(N)nc1N,5.18837535480105,0.5895839167115943,4,CHEMBL290806,"RnDHFR (R. norvegicus); TgDHFR-TS (T. gondii, apicomplexan)",False,0,c1ccc(COc2cccc(Cc3cncnc3)c2)cc1,train
COc1ccc(OCc2cccc(C(=O)O)c2)cc1Cc1cnc(N)nc1N,5.471547574331764,0.866373171047704,4,CHEMBL288647,"RnDHFR (R. norvegicus); TgDHFR-TS (T. gondii, apicomplexan)",False,0,c1ccc(COc2cccc(Cc3cncnc3)c2)cc1,train
COc1ccc(OCc2ccccc2)c(Cc2cnc3nc(N)nc(N)c3c2C)c1,7.2827155479829,0.7257241522985657,2,CHEMBL190340,"RnDHFR (R. norvegicus); TgDHFR-TS (T. gondii, apicomplexan)",False,1,c1ccc(COc2ccccc2Cc2cnc3ncncc3c2)cc1,test
COc1ccc(Oc2ccc(CN(C)Cc3cnc4nc(N)nc(N)c4n3)cc2)cc1,4.0,,1,CHEMBL5184646,HsDHFR (H. sapiens),False,0,c1ccc(Oc2ccc(CNCc3cnc4ncncc4n3)cc2)cc1,train
COc1ccc(Oc2ccc(CN(Cc3ccccc3)Cc3cnc4nc(N)nc(N)c4n3)cc2)cc1,4.0,,1,CHEMBL5193762,HsDHFR (H. sapiens),False,0,c1ccc(CN(Cc2ccc(Oc3ccccc3)cc2)Cc2cnc3ncncc3n2)cc1,test
COc1ccc(Oc2ccc(CNCc3cnc4nc(N)nc(N)c4n3)cc2)cc1,4.0,,1,CHEMBL5205037,HsDHFR (H. sapiens),False,0,c1ccc(Oc2ccc(CNCc3cnc4ncncc4n3)cc2)cc1,train
COc1ccc(S(=O)(=O)c2ccc3nc(N)nc(N)c3n2)cc1,5.849485002168009,0.21286035127455813,2,CHEMBL342654,"RnDHFR (R. norvegicus); TgDHFR-TS (T. gondii, apicomplexan)",False,0,O=S(=O)(c1ccccc1)c1ccc2ncncc2n1,train
COc1ccc(S(=O)(=O)c2ccc3nc(N)nc(N)c3n2)cc1OC,6.041194737125066,0.02025520205128183,2,CHEMBL140597,"RnDHFR (R. norvegicus); TgDHFR-TS (T. gondii, apicomplexan)",False,1,O=S(=O)(c1ccccc1)c1ccc2ncncc2n1,train
COc1ccc(SCc2c[nH]c3nc(N)nc(N)c23)cc1OC,5.182499951407351,0.4259546393845699,10,CHEMBL17431,"RnDHFR (R. norvegicus); TgDHFR-TS (T. gondii, apicomplexan)",False,0,c1ccc(SCc2c[nH]c3ncncc23)cc1,train
COc1ccc(SCc2cnc3nc(N)nc(N)c3c2C)cc1,6.742328053455809,0.5292355109766405,4,CHEMBL23911,"RnDHFR (R. norvegicus); TgDHFR-TS (T. gondii, apicomplexan)",False,1,c1ccc(SCc2cnc3ncncc3c2)cc1,train
COc1ccc(SCc2cnc3nc(N)nc(N)c3c2C)cc1OC,6.7447274948966935,0.5939321228513681,3,CHEMBL23244,"HsDHFR (H. sapiens); RnDHFR (R. norvegicus); TgDHFR-TS (T. gondii, apicomplexan)",False,1,c1ccc(SCc2cnc3ncncc3c2)cc1,train
COc1ccc(SCc2cnc3nc(N)nc(N)c3n2)cc1,4.922635896279922,0.09724688517733072,2,CHEMBL23146,"RnDHFR (R. norvegicus); TgDHFR-TS (T. gondii, apicomplexan)",False,0,c1ccc(SCc2cnc3ncncc3n2)cc1,train
COc1ccc(SCc2cnc3nc(N)nc(N)c3n2)cc1OC,4.5373026950364945,0.1374747388357476,2,CHEMBL23286,"RnDHFR (R. norvegicus); TgDHFR-TS (T. gondii, apicomplexan)",False,0,c1ccc(SCc2cnc3ncncc3n2)cc1,train
COc1ccc(Sc2[nH]c3nc(N)nc(N)c3c2C(C)C)cc1,5.721246399047171,0.8730394056230175,3,CHEMBL478404,"HsDHFR (H. sapiens); RnDHFR (R. norvegicus); TgDHFR-TS (T. gondii, apicomplexan)",False,0,c1ccc(Sc2cc3cncnc3[nH]2)cc1,train
COc1ccc(Sc2[nH]c3nc(N)nc(N)c3c2C(C)C)cc1OC,5.337242168318426,0.5234975794156259,3,CHEMBL477566,"HsDHFR (H. sapiens); RnDHFR (R. norvegicus); TgDHFR-TS (T. gondii, apicomplexan)",False,0,c1ccc(Sc2cc3cncnc3[nH]2)cc1,train
COc1ccc(Sc2[nH]c3nc(N)nc(N)c3c2C)cc1,5.570124247569637,0.5965412013078576,6,CHEMBL123892,"HsDHFR (H. sapiens); RnDHFR (R. norvegicus); TgDHFR-TS (T. gondii, apicomplexan)",False,0,c1ccc(Sc2cc3cncnc3[nH]2)cc1,train
COc1ccc(Sc2c(C)[nH]c3nc(N)nc(O)c23)cc1OC,4.698970004336019,,1,CHEMBL140323,"TgDHFR-TS (T. gondii, apicomplexan)",False,0,c1ccc(Sc2c[nH]c3ncncc23)cc1,train
COc1ccc(Sc2c(C)c3c(N)nc(N)nc3n2C)cc1,5.862645888629267,,1,CHEMBL4226465,HsDHFR (H. sapiens),False,0,c1ccc(Sc2cc3cncnc3[nH]2)cc1,train
COc1ccc(Sc2c(C)c3c(N)nc(N)nc3n2C)cc1OC,5.958607314841775,0.0,2,CHEMBL5863845,HsDHFR (H. sapiens),False,0,c1ccc(Sc2cc3cncnc3[nH]2)cc1,train
COc1ccc(Sc2ccc3nc(N)nc(N)c3n2)cc1,7.235892066312307,0.12150099352619387,6,CHEMBL137844,"RnDHFR (R. norvegicus); TgDHFR-TS (T. gondii, apicomplexan)",False,1,c1ccc(Sc2ccc3ncncc3n2)cc1,train
COc1ccc(Sc2ccc3nc(N)nc(N)c3n2)cc1OC,7.732986946971932,0.012903116784385995,6,CHEMBL137981,"RnDHFR (R. norvegicus); TgDHFR-TS (T. gondii, apicomplexan)",False,1,c1ccc(Sc2ccc3ncncc3n2)cc1,train
COc1ccc(Sc2cccc3nc(N)nc(N)c23)cc1,5.455931955649724,,1,CHEMBL330868,HsDHFR (H. sapiens),False,0,c1ccc(Sc2cccc3ncncc23)cc1,train
COc1ccc(Sc2cccc3nc(N)nc(N)c23)cc1OC,5.3872161432802645,,1,CHEMBL122647,HsDHFR (H. sapiens),False,0,c1ccc(Sc2cccc3ncncc23)cc1,train
COc1ccc(Sc2oc3nc(N)nc(N)c3c2C)cc1,4.1834749402625135,0.03512116045004671,2,CHEMBL597885,"RnDHFR (R. norvegicus); TgDHFR-TS (T. gondii, apicomplexan)",False,0,c1ccc(Sc2cc3cncnc3o2)cc1,train
COc1ccc(Sc2oc3nc(N)nc(N)c3c2C)cc1OC,4.231517613867878,0.0777702102444856,2,CHEMBL598293,"RnDHFR (R. norvegicus); TgDHFR-TS (T. gondii, apicomplexan)",False,0,c1ccc(Sc2cc3cncnc3o2)cc1,train
COc1ccc(Sc2sc3nc(N)nc(N)c3c2C)cc1,5.932004576539187,0.11486764284493432,2,CHEMBL5815851,HsDHFR (H. sapiens),False,0,c1ccc(Sc2cc3cncnc3s2)cc1,train
COc1ccc(Sc2sc3nc(N)nc(N)c3c2C)cc1OC,5.601054758470825,0.5079572115156761,4,CHEMBL5774604,HsDHFR (H. sapiens),False,0,c1ccc(Sc2cc3cncnc3s2)cc1,train
COc1ccc2c(CNc3cnc4nc(N)nc(N)c4c3)cccc2c1,6.290269963606965,0.20015125875126105,2,CHEMBL33357,"RnDHFR (R. norvegicus); TgDHFR-TS (T. gondii, apicomplexan)",False,1,c1ccc2c(CNc3cnc4ncncc4c3)cccc2c1,train
COc1ccc2c(c1)CCN2Cc1cnc2nc(N)nc(N)c2c1C,7.006838111474617,0.3355745400358291,2,CHEMBL146438,"RnDHFR (R. norvegicus); TgDHFR-TS (T. gondii, apicomplexan)",False,1,c1ccc2c(c1)CCN2Cc1cnc2ncncc2c1,train
COc1ccc2c(c1)CN(Cc1cnc(N)nc1N)CC2c1cccc([N+](=O)[O-])c1,7.251811972993799,2.211306526330203,3,CHEMBL78104,HsDHFR (H. sapiens),False,1,c1ccc(C2CN(Cc3cncnc3)Cc3ccccc32)cc1,train
COc1ccc2c(ccn2Cc2cnc3nc(N)nc(N)c3c2C)c1,6.72050287583943,0.430183606180755,6,CHEMBL358297,"RnDHFR (R. norvegicus); TgDHFR-TS (T. gondii, apicomplexan)",False,1,c1ccc2c(c1)ccn2Cc1cnc2ncncc2c1,test
COc1ccc2nc(-c3ccco3)n(-c3ccc4c(N)nc(N)nc4c3)c2n1,6.098541678603888,,1,CHEMBL3686068,HsDHFR (H. sapiens),False,1,c1coc(-c2nc3cccnc3n2-c2ccc3cncnc3c2)c1,test
COc1ccc2nc(SCCC(C)(F)F)n(-c3ccc4c(N)nc(N)nc4c3)c2c1,6.232102383981909,,1,CHEMBL3681406,HsDHFR (H. sapiens),False,1,c1ccc2c(c1)ncn2-c1ccc2cncnc2c1,train
COc1cccc(/C=C/c2ccc3nc(N)nc(N)c3n2)c1,5.384049948343598,,1,CHEMBL4094791,HsDHFR (H. sapiens),False,0,C(=C/c1ccc2ncncc2n1)\c1ccccc1,train
COc1cccc(C(=O)NCCc2ccc(CNc3ccc4nc(N)nc(N)c4c3)cc2)c1,7.402304814074488,,1,CHEMBL4218177,"PfDHFR-TS K1 (P. falciparum, resistant)",True,1,O=C(NCCc1ccc(CNc2ccc3ncncc3c2)cc1)c1ccccc1,train
COc1cccc(C)c1NCc1cnc2nc(N)nc(N)c2c1C,6.747425010840047,0.3571949751862432,2,CHEMBL281131,"RnDHFR (R. norvegicus); TgDHFR-TS (T. gondii, apicomplexan)",False,1,c1ccc(NCc2cnc3ncncc3c2)cc1,train
COc1cccc(C)c1NCc1cnc2nc(N)nc(N)c2n1,5.488476707962247,0.34556529527932006,2,CHEMBL23657,"RnDHFR (R. norvegicus); TgDHFR-TS (T. gondii, apicomplexan)",False,0,c1ccc(NCc2cnc3ncncc3n2)cc1,external
COc1cccc(CC2CCc3nc(N)nc(N)c3C2)c1,7.318194010053928,0.5085323812179472,2,CHEMBL268355,"RnDHFR (R. norvegicus); TgDHFR-TS (T. gondii, apicomplexan)",False,1,c1ccc(CC2CCc3ncncc3C2)cc1,train
COc1cccc(CCc2ccc3nc(N)nc(N)c3n2)c1,6.346787486224656,,1,CHEMBL4062835,HsDHFR (H. sapiens),False,1,c1ccc(CCc2ccc3ncncc3n2)cc1,train
COc1cccc(Cc2cnc(N)nc2N)c1,6.0,1.3037331687666813,5,CHEMBL18967,GgDHFR (G. gallus); HsDHFR (H. sapiens),False,1,c1ccc(Cc2cncnc2)cc1,external
COc1cccc(N(C)Cc2ccc3nc(N)nc(N)c3n2)c1,7.6399203482970215,0.20154918594408455,6,CHEMBL54792,"RnDHFR (R. norvegicus); TgDHFR-TS (T. gondii, apicomplexan)",False,1,c1ccc(NCc2ccc3ncncc3n2)cc1,train
COc1cccc(N(C)Cc2cnc3nc(N)nc(N)c3c2C)c1,7.972693472721556,0.3223925775995643,2,CHEMBL79922,"RnDHFR (R. norvegicus); TgDHFR-TS (T. gondii, apicomplexan)",False,1,c1ccc(NCc2cnc3ncncc3c2)cc1,train
COc1cccc(N2C(N)=NC(N)=NC2(C)C)c1,6.40999458034867,,1,CHEMBL266319,GgDHFR (G. gallus),False,1,C1=NC=NCN1c1ccccc1,external
COc1cccc(N2CCN(c3cnc(N)nc3N)CC2)c1,5.567030709125595,0.984685213702621,3,CHEMBL4546142,"HsDHFR (H. sapiens); TgDHFR-TS (T. gondii, apicomplexan)",False,0,c1ccc(N2CCN(c3cncnc3)CC2)cc1,train
COc1cccc(NCc2ccc3nc(N)nc(N)c3n2)c1,6.8494958598015,0.164876954654324,6,CHEMBL52836,"RnDHFR (R. norvegicus); TgDHFR-TS (T. gondii, apicomplexan)",False,1,c1ccc(NCc2ccc3ncncc3n2)cc1,train
COc1cccc(NCc2cnc3nc(N)nc(N)c3c2)c1,6.102372908709558,,1,CHEMBL356279,RnDHFR (R. norvegicus),False,1,c1ccc(NCc2cnc3ncncc3c2)cc1,train
COc1cccc(NCc2cnc3nc(N)nc(N)c3c2C)c1,7.6135678820923935,0.7314318175661564,2,CHEMBL80070,"RnDHFR (R. norvegicus); TgDHFR-TS (T. gondii, apicomplexan)",False,1,c1ccc(NCc2cnc3ncncc3c2)cc1,train
COc1cccc(OCc2cccc(N3C(N)=NC(N)=NC3(C)C)c2)c1,7.289967300934246,,1,CHEMBL418741,GgDHFR (G. gallus),False,1,C1=NC=NCN1c1cccc(COc2ccccc2)c1,train
COc1cccc(SCc2cnc3nc(N)nc(N)c3c2C)c1,6.301029995663981,0.4044524660689901,3,CHEMBL277217,"HsDHFR (H. sapiens); RnDHFR (R. norvegicus); TgDHFR-TS (T. gondii, apicomplexan)",False,1,c1ccc(SCc2cnc3ncncc3c2)cc1,train
COc1cccc(SCc2cnc3nc(N)nc(N)c3n2)c1,5.454694646085796,0.48250897931675724,2,CHEMBL23380,"RnDHFR (R. norvegicus); TgDHFR-TS (T. gondii, apicomplexan)",False,0,c1ccc(SCc2cnc3ncncc3n2)cc1,train
COc1cccc(Sc2[nH]c3nc(N)nc(N)c3c2C)c1,5.686132779630847,0.26538715492396264,7,CHEMBL123984,"HsDHFR (H. sapiens); RnDHFR (R. norvegicus); TgDHFR-TS (T. gondii, apicomplexan)",False,0,c1ccc(Sc2cc3cncnc3[nH]2)cc1,train
COc1cccc(Sc2c(C)c3c(N)nc(N)nc3n2C(C)C)c1,6.237321436272564,,1,CHEMBL4227384,HsDHFR (H. sapiens),False,1,c1ccc(Sc2cc3cncnc3[nH]2)cc1,train
COc1cccc(Sc2c(C)c3c(N)nc(N)nc3n2C)c1,5.721246399047171,0.11522315282732698,3,CHEMBL4227977,HsDHFR (H. sapiens),False,0,c1ccc(Sc2cc3cncnc3[nH]2)cc1,train
COc1cccc(Sc2cccc3nc(N)nc(N)c23)c1,5.886056647693163,,1,CHEMBL118490,HsDHFR (H. sapiens),False,0,c1ccc(Sc2cccc3ncncc23)cc1,train
COc1cccc(Sc2oc3nc(N)nc(N)c3c2C)c1,4.314034974675462,0.03415656649021192,2,CHEMBL598292,"RnDHFR (R. norvegicus); TgDHFR-TS (T. gondii, apicomplexan)",False,0,c1ccc(Sc2cc3cncnc3o2)cc1,train
COc1cccc(Sc2sc3nc(N)nc(N)c3c2C)c1,6.013228265733755,0.17721701769862666,3,CHEMBL5767398,HsDHFR (H. sapiens),False,1,c1ccc(Sc2cc3cncnc3s2)cc1,train
COc1cccc2c1CCN2Cc1cnc2nc(N)nc(N)c2c1C,7.0713337517843655,0.34991180600030436,2,CHEMBL359454,"RnDHFR (R. norvegicus); TgDHFR-TS (T. gondii, apicomplexan)",False,1,c1ccc2c(c1)CCN2Cc1cnc2ncncc2c1,train
COc1ccccc1-c1ccc2c(N)nc(N)nc2c1,5.943857737940948,0.0,2,CHEMBL1818113,HsDHFR (H. sapiens),False,0,c1ccc(-c2ccc3cncnc3c2)cc1,train
COc1ccccc1/C(C)=C/c1coc2nc(N)nc(N)c12,5.337242168318426,0.7354695739053301,7,CHEMBL610181,"HsDHFR (H. sapiens); MmDHFR (M. musculus); RnDHFR (R. norvegicus); TgDHFR-TS (T. gondii, apicomplexan)",False,0,C(=C/c1coc2ncncc12)\c1ccccc1,test
COc1ccccc1/C(C)=C\c1coc2nc(N)nc(N)c12,5.721246399047171,0.7307639491835406,7,CHEMBL606039,"HsDHFR (H. sapiens); MmDHFR (M. musculus); RnDHFR (R. norvegicus); TgDHFR-TS (T. gondii, apicomplexan)",False,0,C(=C\c1coc2ncncc12)\c1ccccc1,test
COc1ccccc1/C=C/c1ccc2nc(N)nc(N)c2n1,5.442492798094342,,1,CHEMBL4074287,HsDHFR (H. sapiens),False,0,C(=C/c1ccc2ncncc2n1)\c1ccccc1,train
COc1ccccc1C(=Cc1coc2nc(=N)[nH]c(N)c12)C(C)C,5.3829996588791005,0.7723068338150899,7,CHEMBL594810,"HsDHFR (H. sapiens); MmDHFR (M. musculus); RnDHFR (R. norvegicus); TgDHFR-TS (T. gondii, apicomplexan)",False,0,N=c1nc2occ(C=Cc3ccccc3)c2c[nH]1,train
COc1ccccc1C(=Cc1coc2nc(=N)[nH]c(N)c12)C1CC1,5.337242168318426,0.7435986103472052,7,CHEMBL594320,"HsDHFR (H. sapiens); MmDHFR (M. musculus); RnDHFR (R. norvegicus); TgDHFR-TS (T. gondii, apicomplexan)",False,0,N=c1nc2occ(C=C(c3ccccc3)C3CC3)c2c[nH]1,test
COc1ccccc1C(=Cc1coc2nc(=N)[nH]c(N)c12)CC(C)C,4.603800652904264,0.6935996467759451,7,CHEMBL593154,"HsDHFR (H. sapiens); MmDHFR (M. musculus); RnDHFR (R. norvegicus); TgDHFR-TS (T. gondii, apicomplexan)",False,0,N=c1nc2occ(C=Cc3ccccc3)c2c[nH]1,train
COc1ccccc1C(Cc1coc2nc(N)nc(N)c12)C(C)C,5.494850021680094,0.780324263365373,7,CHEMBL595757,"HsDHFR (H. sapiens); MmDHFR (M. musculus); RnDHFR (R. norvegicus); TgDHFR-TS (T. gondii, apicomplexan)",False,0,c1ccc(CCc2coc3ncncc23)cc1,train
COc1ccccc1C(Cc1coc2nc(N)nc(N)c12)C1CC1,5.431798275933005,0.7556268438154656,7,CHEMBL603198,"HsDHFR (H. sapiens); MmDHFR (M. musculus); RnDHFR (R. norvegicus); TgDHFR-TS (T. gondii, apicomplexan)",False,0,c1ccc(C(Cc2coc3ncncc23)C2CC2)cc1,test
COc1ccccc1C(Cc1coc2nc(N)nc(N)c12)CC(C)C,4.653647025549361,0.7142066550654874,7,CHEMBL606362,"HsDHFR (H. sapiens); MmDHFR (M. musculus); RnDHFR (R. norvegicus); TgDHFR-TS (T. gondii, apicomplexan)",False,0,c1ccc(CCc2coc3ncncc23)cc1,train
COc1ccccc1CC1CCc2nc(N)nc(N)c2C1,7.387345359137068,0.6597682522600717,2,CHEMBL268870,"RnDHFR (R. norvegicus); TgDHFR-TS (T. gondii, apicomplexan)",False,1,c1ccc(CC2CCc3ncncc3C2)cc1,train
COc1ccccc1CCc1ccc2nc(N)nc(N)c2n1,5.777283528852417,,1,CHEMBL4098497,HsDHFR (H. sapiens),False,0,c1ccc(CCc2ccc3ncncc3n2)cc1,train
COc1ccccc1Cc1cnc(N)nc1N,4.539999925177879,,1,CHEMBL342714,GgDHFR (G. gallus),False,0,c1ccc(Cc2cncnc2)cc1,external
COc1ccccc1N(C)Cc1ccc2nc(N)nc(N)c2n1,7.252922702990778,0.3638082561945765,6,CHEMBL53974,"RnDHFR (R. norvegicus); TgDHFR-TS (T. gondii, apicomplexan)",False,1,c1ccc(NCc2ccc3ncncc3n2)cc1,train
COc1ccccc1N(C)c1cnc2nc(N)nc(N)c2c1,7.736830361305078,0.1655218223480824,2,CHEMBL2382328,HsDHFR (H. sapiens); RnDHFR (R. norvegicus),False,1,c1ccc(Nc2cnc3ncncc3c2)cc1,train
COc1ccccc1NCc1ccc2nc(N)nc(N)c2n1,6.648792489328648,0.2979822943325838,6,CHEMBL54523,"RnDHFR (R. norvegicus); TgDHFR-TS (T. gondii, apicomplexan)",False,1,c1ccc(NCc2ccc3ncncc3n2)cc1,train
COc1ccccc1NCc1cnc2nc(N)nc(N)c2c1C,7.367346935159676,0.5370639914752438,10,CHEMBL84457,"RnDHFR (R. norvegicus); TgDHFR-TS (T. gondii, apicomplexan)",False,1,c1ccc(NCc2cnc3ncncc3c2)cc1,train
COc1ccccc1Nc1ccc2nc(N)nc(N)c2n1,6.461117707182299,0.1357179478731296,6,CHEMBL140705,"RnDHFR (R. norvegicus); TgDHFR-TS (T. gondii, apicomplexan)",False,1,c1ccc(Nc2ccc3ncncc3n2)cc1,train
COc1ccccc1Nc1cnc2nc(N)nc(N)c2c1,6.360623199523586,0.3414431854255992,2,CHEMBL2382316,HsDHFR (H. sapiens); RnDHFR (R. norvegicus),False,1,c1ccc(Nc2cnc3ncncc3c2)cc1,train
COc1ccccc1S(=O)(=O)c1ccc2nc(N)nc(N)c2n1,6.265889937228154,0.45125395671928425,6,CHEMBL337746,"RnDHFR (R. norvegicus); TgDHFR-TS (T. gondii, apicomplexan)",False,1,O=S(=O)(c1ccccc1)c1ccc2ncncc2n1,train
COc1ccccc1Sc1[nH]c2nc(N)nc(N)c2c1C,5.990001269951939,0.23254436487884397,7,CHEMBL331314,"HsDHFR (H. sapiens); RnDHFR (R. norvegicus); TgDHFR-TS (T. gondii, apicomplexan)",False,0,c1ccc(Sc2cc3cncnc3[nH]2)cc1,train
COc1ccccc1Sc1c(C)c2c(N)nc(N)nc2n1C,5.853871964321762,0.0,3,CHEMBL4227112,HsDHFR (H. sapiens),False,0,c1ccc(Sc2cc3cncnc3[nH]2)cc1,train
COc1ccccc1Sc1ccc2nc(N)nc(N)c2n1,6.937431526599373,0.3277809811123354,6,CHEMBL142081,"RnDHFR (R. norvegicus); TgDHFR-TS (T. gondii, apicomplexan)",False,1,c1ccc(Sc2ccc3ncncc3n2)cc1,train
COc1ccccc1Sc1cccc2nc(N)nc(N)c12,6.3979400086720375,,1,CHEMBL121303,HsDHFR (H. sapiens),False,1,c1ccc(Sc2cccc3ncncc23)cc1,train
COc1ccccc1Sc1oc2nc(N)nc(N)c2c1C,4.304751469534425,0.07046497423327286,2,CHEMBL598090,"RnDHFR (R. norvegicus); TgDHFR-TS (T. gondii, apicomplexan)",False,0,c1ccc(Sc2cc3cncnc3o2)cc1,train
COc1ccccc1Sc1sc2nc(N)nc(N)c2c1C,6.204815410317575,,1,CHEMBL5812290,HsDHFR (H. sapiens),False,1,c1ccc(Sc2cc3cncnc3s2)cc1,train
COc1cnc(Cl)cc1-c1cc2nc(N)nc(N)c2cc1C,7.280668713016273,,1,CHEMBL3686069,HsDHFR (H. sapiens),False,1,c1cc(-c2ccc3cncnc3c2)ccn1,train
COc1nc(CO)ncc1-c1cc2nc(N)nc(N)c2cc1C,7.262012673666569,,1,CHEMBL3681411,HsDHFR (H. sapiens),False,1,c1ncc(-c2ccc3cncnc3c2)cn1,test
COc1nc(N)nc(Nc2ccccc2)c1/N=C/c1ccc(C(F)(F)F)cc1,4.190171038932114,,1,CHEMBL5288242,HsDHFR (H. sapiens),False,0,C(=N/c1cncnc1Nc1ccccc1)\c1ccccc1,train
COc1nc(N)nc(Nc2ccccc2)c1/N=C/c1ccc(C)cc1,4.180587688790675,,1,CHEMBL5282483,HsDHFR (H. sapiens),False,0,C(=N/c1cncnc1Nc1ccccc1)\c1ccccc1,train
COc1nc(N)nc(Nc2ccccc2)c1/N=C/c1ccccc1,4.16742722515382,,1,CHEMBL5285331,HsDHFR (H. sapiens),False,0,C(=N/c1cncnc1Nc1ccccc1)\c1ccccc1,train
COc1nc(N)nc(Nc2ccccc2)c1/N=C/c1ccccc1O,4.276626432981016,,1,CHEMBL5283807,HsDHFR (H. sapiens),False,0,C(=N/c1cncnc1Nc1ccccc1)\c1ccccc1,train
COc1nc(N)nc(Nc2ccccc2)c1/N=C/c1ccncc1,4.2003149090909,,1,CHEMBL5273429,HsDHFR (H. sapiens),False,0,C(=N/c1cncnc1Nc1ccccc1)\c1ccncc1,test
COc1ncc(-c2cccc(N3CCN(c4cnc(N)nc4N)CC3)c2)cn1,6.275727222585569,1.4892317944696265,6,CHEMBL4468777,"HsDHFR (H. sapiens); PfDHFR-TS K1 (P. falciparum, resistant); TgDHFR-TS (T. gondii, apicomplexan)",True,1,c1cc(-c2cncnc2)cc(N2CCN(c3cncnc3)CC2)c1,train
COc1ncccc1-c1cccc(N2CCN(c3cnc(N)nc3N)CC2)c1,5.99012436628784,,1,CHEMBL5830010,HsDHFR (H. sapiens),False,0,c1cncc(-c2cccc(N3CCN(c4cncnc4)CC3)c2)c1,train
CS(=O)(=O)Oc1ccc(Cc2cnc(N)nc2N)cc1,4.3100000171743025,,1,CHEMBL298955,GgDHFR (G. gallus),False,0,c1ccc(Cc2cncnc2)cc1,external
CS(=O)(=O)Oc1cccc(Cc2cnc(N)nc2N)c1,4.330000038335378,,1,CHEMBL434787,GgDHFR (G. gallus),False,0,c1ccc(Cc2cncnc2)cc1,external
CS(=O)(=O)Oc1ccccc1Cc1cnc(N)nc1N,4.639999934172963,,1,CHEMBL336725,GgDHFR (G. gallus),False,0,c1ccc(Cc2cncnc2)cc1,external
CS(=O)(=O)c1ccc(-c2ccc3c(N)nc(N)nc3c2)cc1,6.596879478824182,,1,CHEMBL1818111,HsDHFR (H. sapiens),False,1,c1ccc(-c2ccc3cncnc3c2)cc1,train
CSc1c2n(c3cc(Cl)ccc13)CCN(Cc1cnc(N)nc1N)C2,7.508638306165727,1.7333956554043095,3,CHEMBL74592,HsDHFR (H. sapiens),False,1,c1ccc2c(c1)cc1n2CCN(Cc2cncnc2)C1,test
CSc1cc(Cc2cnc(N)nc2N)cc2c1NC(C)(C)C=C2C,3.928117992693875,,1,CHEMBL300545,RnDHFR (R. norvegicus),False,0,C1=Cc2cc(Cc3cncnc3)ccc2NC1,train
CSc1nc2ccc(N(C/C=C/c3ccccc3)C/C=C/c3ccccc3)cc2c(=O)n1Cc1ccccc1,6.096910013008056,,1,CHEMBL1090563,HsDHFR (H. sapiens),False,1,O=c1c2cc(N(C/C=C/c3ccccc3)C/C=C/c3ccccc3)ccc2ncn1Cc1ccccc1,train
CSc1nc2ccc(NC(=O)/C=C/c3ccccc3)cc2c(=O)n1Cc1ccccc1,6.0,,1,CHEMBL1093244,HsDHFR (H. sapiens),False,1,O=C(/C=C/c1ccccc1)Nc1ccc2ncn(Cc3ccccc3)c(=O)c2c1,train
CSc1nc2ccc(NC/C=C/c3ccccc3)cc2c(=O)n1Cc1ccccc1,5.698970004336019,,1,CHEMBL1090897,HsDHFR (H. sapiens),False,0,O=c1c2cc(NC/C=C/c3ccccc3)ccc2ncn1Cc1ccccc1,train
C[C@H](Cc1cnc2nc(N)nc(N)c2n1)c1ccc(C(=O)N[C@@H](CCC(=O)O)C(=O)O)cc1,11.435787440594758,0.08931224939112758,2,CHEMBL2051987,MmDHFR (M. musculus),False,1,c1ccc(CCc2cnc3ncncc3n2)cc1,train
C[C@H](NC(=O)CNC(=O)c1cccc2c(=O)c3ccccc3[nH]c12)C(=O)O,6.173925197299173,,1,CHEMBL4581410,HsDHFR (H. sapiens),False,1,O=c1c2ccccc2[nH]c2ccccc12,test
C[C@H](Oc1cccc2nc(N)nc(N)c12)c1cccc(Cl)c1,7.6020599913279625,,1,CHEMBL253976,HsDHFR (H. sapiens),False,1,c1ccc(COc2cccc3ncncc23)cc1,train
C[C@](CCC(=O)O)(NC(=O)c1ccc(CCC2CNc3nc(N)nc(N)c3C2)cc1)C(=O)O,9.537602002101044,,1,CHEMBL354249,HsDHFR (H. sapiens),False,1,c1ccc(CCC2CNc3ncncc3C2)cc1,train
C[C@](CCC(=O)O)(NC(=O)c1ccc(CCC2CNc3nc(N)nc(N)c3C2)o1)C(=O)O,8.005682847330363,,1,CHEMBL167304,HsDHFR (H. sapiens),False,1,c1coc(CCC2CNc3ncncc3C2)c1,test
C[C@](CCC(=O)O)(NC(=O)c1ccc(CCC2CNc3nc(N)nc(N)c3C2)s1)C(=O)O,9.161150909262744,,1,CHEMBL168069,HsDHFR (H. sapiens),False,1,c1csc(CCC2CNc3ncncc3C2)c1,test
Cc1[nH]c(N)cc2nc3ccccc3c1-2,5.638272163982407,,1,CHEMBL365481,"PfDHFR-TS K1 (P. falciparum, resistant)",True,0,c1ccc2c3c[nH]ccc-3nc2c1,test
Cc1[nH]c2nc(N)[nH]c(=O)c2c1Sc1ccc(C(=O)N[C@@H](CCC(=O)O)C(=O)O)c(Cl)c1,4.958607314841775,,1,CHEMBL224868,HsDHFR (H. sapiens),False,0,O=c1[nH]cnc2[nH]cc(Sc3ccccc3)c12,train
Cc1[nH]c2nc(N)[nH]c(=O)c2c1Sc1ccc(C(=O)N[C@@H](CCC(=O)O)C(=O)O)c(F)c1,5.6777807052660805,,1,CHEMBL388340,HsDHFR (H. sapiens),False,0,O=c1[nH]cnc2[nH]cc(Sc3ccccc3)c12,train
Cc1[nH]c2nc(N)[nH]c(=O)c2c1Sc1ccc(C(=O)N[C@@H](CCC(=O)O)C(=O)O)cc1,5.6777807052660805,0.5821164356395074,7,CHEMBL225180,"HsDHFR (H. sapiens); TgDHFR-TS (T. gondii, apicomplexan)",False,0,O=c1[nH]cnc2[nH]cc(Sc3ccccc3)c12,train
Cc1[nH]c2nc(N)[nH]c(=O)c2c1Sc1ccc(Cl)c(Cl)c1,4.931814138253839,,1,CHEMBL400485,"TgDHFR-TS (T. gondii, apicomplexan)",False,0,O=c1[nH]cnc2[nH]cc(Sc3ccccc3)c12,train
Cc1[nH]c2nc(N)[nH]c(=O)c2c1Sc1ccc([N+](=O)[O-])cc1,3.6126101736612704,,1,CHEMBL400364,"TgDHFR-TS (T. gondii, apicomplexan)",False,0,O=c1[nH]cnc2[nH]cc(Sc3ccccc3)c12,train
Cc1[nH]c2nc(N)nc(N)c2c1Sc1ccc(Cl)cc1,4.463786457013899,0.040571853832321,4,CHEMBL600413,"RnDHFR (R. norvegicus); TgDHFR-TS (T. gondii, apicomplexan)",False,0,c1ccc(Sc2c[nH]c3ncncc23)cc1,train
Cc1[nH]c2nc(N)nc(N)c2c1Sc1ccc(Cl)cc1Cl,4.505337396443931,0.05162439866066835,4,CHEMBL610498,"RnDHFR (R. norvegicus); TgDHFR-TS (T. gondii, apicomplexan)",False,0,c1ccc(Sc2c[nH]c3ncncc23)cc1,train
Cc1[nH]c2nc(N)nc(N)c2c1Sc1ccc2c(c1)CCCC2,4.509319183474501,0.0007862093950123368,4,CHEMBL605782,"RnDHFR (R. norvegicus); TgDHFR-TS (T. gondii, apicomplexan)",False,0,c1ncc2c(Sc3ccc4c(c3)CCCC4)c[nH]c2n1,test
Cc1[nH]c2nc(N)nc(N)c2c1Sc1cccc(Cl)c1,4.152319399749216,0.046017110617223,4,CHEMBL608865,"RnDHFR (R. norvegicus); TgDHFR-TS (T. gondii, apicomplexan)",False,0,c1ccc(Sc2c[nH]c3ncncc23)cc1,train
Cc1[nH]c2nc(N)nc(N)c2c1Sc1cccc2c1CCCC2,4.562921059306589,0.1899294552273035,4,CHEMBL600412,"RnDHFR (R. norvegicus); TgDHFR-TS (T. gondii, apicomplexan)",False,0,c1cc2c(c(Sc3c[nH]c4ncncc34)c1)CCCC2,test
Cc1[nH]c2nc(N)nc(N)c2c1Sc1ccccc1,4.090757494878906,0.0010712473173762574,2,CHEMBL608143,"TgDHFR-TS (T. gondii, apicomplexan)",False,0,c1ccc(Sc2c[nH]c3ncncc23)cc1,train
Cc1[nH]c2nc(N)nc(O)c2c1Sc1ccc(Cl)cc1,5.058851599531174,0.6360944606977136,2,CHEMBL142176,"RnDHFR (R. norvegicus); TgDHFR-TS (T. gondii, apicomplexan)",False,0,c1ccc(Sc2c[nH]c3ncncc23)cc1,train
Cc1[nH]cnc1CN1CCN(C(=O)NC(CC(C)C)C(=O)O)C(Cc2ccccc2)C1=O,7.3872161432802645,,1,CHEMBL5793770,HsDHFR (H. sapiens),False,1,O=C1C(Cc2ccccc2)NCCN1Cc1c[nH]cn1,test
Cc1c(-c2ccc(-c3ccccc3F)cc2)nc2ccc(F)cc2c1C(=O)O,8.744727494896694,,1,CHEMBL38434,HsDHFR (H. sapiens),False,1,c1ccc(-c2ccc(-c3ccc4ccccc4n3)cc2)cc1,test
Cc1c(-c2ccc(Cl)c(Cl)c2)sc2nc(N)nc(N)c12,5.337242168318426,,1,CHEMBL107167,RnDHFR (R. norvegicus),False,0,c1ccc(-c2cc3cncnc3s2)cc1,train
Cc1c(-c2ccccc2)sc2nc(N)nc(N)c12,4.2441251443275085,,1,CHEMBL104555,RnDHFR (R. norvegicus),False,0,c1ccc(-c2cc3cncnc3s2)cc1,train
Cc1c(C(=O)Nc2c(F)c(F)c(-c3ccccc3)c(F)c2F)c(O)nn1C,7.3872161432802645,,1,CHEMBL4088968,HsDHFR (H. sapiens),False,1,O=C(Nc1ccc(-c2ccccc2)cc1)c1cn[nH]c1,test
Cc1c(C(=O)OC(C)(C)C)nc(-c2cccs2)n1-c1ccc2c(N)nc(N)nc2c1,5.718285029972704,,1,CHEMBL3686070,HsDHFR (H. sapiens),False,0,c1csc(-c2nccn2-c2ccc3cncnc3c2)c1,test
Cc1c(C)c(-n2cccc2)c(C)c(C)c1NCc1cnc2nc(N)nc(N)c2c1C,6.947244907615013,0.251297022912312,2,CHEMBL144563,"RnDHFR (R. norvegicus); TgDHFR-TS (T. gondii, apicomplexan)",False,1,c1ccn(-c2ccc(NCc3cnc4ncncc4c3)cc2)c1,train
Cc1c(C)c(-n2cccc2)c(C)c(C)c1NNCc1cnc2nc(N)nc(N)c2c1C,6.9474749500317445,0.20506714945351023,4,CHEMBL180476,"RnDHFR (R. norvegicus); TgDHFR-TS (T. gondii, apicomplexan)",False,1,c1ccn(-c2ccc(NNCc3cnc4ncncc4c3)cc2)c1,test
Cc1c(CCc2ccc(C(=O)NC(CCC(=O)O)C(=O)O)cc2)cnc2nc(N)nc(N)c12,10.54821356447571,,1,CHEMBL69016,MmDHFR (M. musculus),False,1,c1ccc(CCc2cnc3ncncc3c2)cc1,train
Cc1c(CCc2cccc3ccccc23)cnc2nc(N)nc(N)c12,7.227346441767088,0.5058362043451139,2,CHEMBL23374,"RnDHFR (R. norvegicus); TgDHFR-TS (T. gondii, apicomplexan)",False,1,c1ccc2c(CCc3cnc4ncncc4c3)cccc2c1,test
Cc1c(CN(C)c2cc(Cl)c(Cl)c(Cl)c2)cnc2nc(N)nc(N)c12,7.429584199644134,0.012134950399641332,4,CHEMBL82924,"RnDHFR (R. norvegicus); TgDHFR-TS (T. gondii, apicomplexan)",False,1,c1ccc(NCc2cnc3ncncc3c2)cc1,train
Cc1c(CN(C)c2ccc(Br)cc2)cnc2nc(N)nc(N)c12,7.483469153730914,0.04332991991747285,6,CHEMBL79347,"RnDHFR (R. norvegicus); TgDHFR-TS (T. gondii, apicomplexan)",False,1,c1ccc(NCc2cnc3ncncc3c2)cc1,train
Cc1c(CN(C)c2ccc(C(=O)NC(CCC(=O)O)C(=O)O)c3ccccc23)cnc2nc(N)nc(N)c12,11.315154638355587,,1,CHEMBL337051,MmDHFR (M. musculus),False,1,c1ccc2c(NCc3cnc4ncncc4c3)cccc2c1,train
Cc1c(CN(C)c2ccc(C(=O)NC(CCC(=O)O)C(=O)O)cc2)cnc2nc(N)nc(N)c12,11.67366413907125,,1,CHEMBL12094,MmDHFR (M. musculus),False,1,c1ccc(NCc2cnc3ncncc3c2)cc1,train
Cc1c(CN(C)c2ccc(Cl)c(Cl)c2)cnc2nc(N)nc(N)c12,7.472693472721556,0.1011325521558281,10,CHEMBL82975,"RnDHFR (R. norvegicus); TgDHFR-TS (T. gondii, apicomplexan)",False,1,c1ccc(NCc2cnc3ncncc3c2)cc1,train
Cc1c(CN(C)c2ccc(Cl)cc2)cnc2nc(N)nc(N)c12,7.926316446103106,0.7270773465655995,10,CHEMBL310880,"RnDHFR (R. norvegicus); TgDHFR-TS (T. gondii, apicomplexan)",False,1,c1ccc(NCc2cnc3ncncc3c2)cc1,train
Cc1c(CN(C)c2cccc3c2CCCC3)cnc2nc(N)nc(N)c12,6.853871964321762,0.8264031227035574,3,CHEMBL23220,"HsDHFR (H. sapiens); RnDHFR (R. norvegicus); TgDHFR-TS (T. gondii, apicomplexan)",False,1,c1cc2c(c(NCc3cnc4ncncc4c3)c1)CCCC2,train
Cc1c(CN(C)c2ccccc2)cnc2nc(N)nc(N)c12,7.972693472721556,0.26333201447180427,4,CHEMBL179319,"RnDHFR (R. norvegicus); TgDHFR-TS (T. gondii, apicomplexan)",False,1,c1ccc(NCc2cnc3ncncc3c2)cc1,train
Cc1c(CN(C)c2ccccc2Cl)cnc2nc(N)nc(N)c12,7.372363747448347,0.526601861777522,2,CHEMBL309966,"RnDHFR (R. norvegicus); TgDHFR-TS (T. gondii, apicomplexan)",False,1,c1ccc(NCc2cnc3ncncc3c2)cc1,train
Cc1c(CN(C=O)c2cc(Cl)c(Cl)c(Cl)c2)cnc2nc(N)nc(N)c12,6.6020599913279625,0.8123655668344916,7,CHEMBL334271,"HsDHFR (H. sapiens); RnDHFR (R. norvegicus); TgDHFR-TS (T. gondii, apicomplexan)",False,1,c1ccc(NCc2cnc3ncncc3c2)cc1,train
Cc1c(CN(C=O)c2ccc(Cl)c(Cl)c2)cnc2nc(N)nc(N)c12,6.967458986906529,0.12433772608723306,6,CHEMBL116614,"RnDHFR (R. norvegicus); TgDHFR-TS (T. gondii, apicomplexan)",False,1,c1ccc(NCc2cnc3ncncc3c2)cc1,train
Cc1c(CNC2CCCc3ccccc32)cnc2nc(N)nc(N)c12,5.468521082957745,,1,CHEMBL148591,HsDHFR (H. sapiens),False,0,c1ccc2c(c1)CCCC2NCc1cnc2ncncc2c1,test
Cc1c(CNC2c3ccccc3-c3ccccc32)cnc2nc(N)nc(N)c12,5.275724130399211,,1,CHEMBL151611,HsDHFR (H. sapiens),False,0,c1ccc2c(c1)-c1ccccc1C2NCc1cnc2ncncc2c1,test
Cc1c(CNc2cc(Br)ccc2Br)cnc2nc(N)nc(N)c12,8.337242168318426,,1,CHEMBL147131,HsDHFR (H. sapiens),False,1,c1ccc(NCc2cnc3ncncc3c2)cc1,train
Cc1c(CNc2cc(C(F)(F)F)ccc2Br)cnc2nc(N)nc(N)c12,8.494850021680094,,1,CHEMBL151674,HsDHFR (H. sapiens),False,1,c1ccc(NCc2cnc3ncncc3c2)cc1,train
Cc1c(CNc2cc(C(F)(F)F)ccc2F)cnc2nc(N)nc(N)c12,8.387216143280265,,1,CHEMBL358884,HsDHFR (H. sapiens),False,1,c1ccc(NCc2cnc3ncncc3c2)cc1,train
Cc1c(CNc2cc(Cl)c(Cl)c(Cl)c2)cnc2nc(N)nc(N)c12,7.701415775463648,0.2347628778716562,8,CHEMBL420224,"RnDHFR (R. norvegicus); TgDHFR-TS (T. gondii, apicomplexan)",False,1,c1ccc(NCc2cnc3ncncc3c2)cc1,train
Cc1c(CNc2cc(Cl)ccc2Cl)cnc2nc(N)nc(N)c12,8.096910013008056,,1,CHEMBL147257,HsDHFR (H. sapiens),False,1,c1ccc(NCc2cnc3ncncc3c2)cc1,train
Cc1c(CNc2cc(F)ccc2F)cnc2nc(N)nc(N)c12,7.161150909262744,,1,CHEMBL151109,HsDHFR (H. sapiens),False,1,c1ccc(NCc2cnc3ncncc3c2)cc1,train
Cc1c(CNc2ccc(Br)cc2)cnc2nc(N)nc(N)c12,7.739725483875986,0.3095273623225828,6,CHEMBL80065,"RnDHFR (R. norvegicus); TgDHFR-TS (T. gondii, apicomplexan)",False,1,c1ccc(NCc2cnc3ncncc3c2)cc1,train
Cc1c(CNc2ccc(C(=O)NC(CCC(=O)O)C(=O)O)c3ccccc23)cnc2nc(N)nc(N)c12,11.29413628771608,,1,CHEMBL341401,MmDHFR (M. musculus),False,1,c1ccc2c(NCc3cnc4ncncc4c3)cccc2c1,train
Cc1c(CNc2ccc(C(=O)NC(CCC(=O)O)C(=O)O)cc2)cnc2nc(N)nc(N)c12,11.53313237964589,,1,CHEMBL428862,MmDHFR (M. musculus),False,1,c1ccc(NCc2cnc3ncncc3c2)cc1,train
Cc1c(CNc2ccc(C(=O)N[C@@H](CC(=O)O)C(=O)O)cc2)ccc2ncnc(N)c12,9.397940008672037,,1,CHEMBL461523,RnDHFR (R. norvegicus),False,1,c1ccc(NCc2ccc3ncncc3c2)cc1,train
Cc1c(CNc2ccc(C(=O)N[C@@H](CCC(=O)O)C(=O)O)cc2)ccc2nc(N)nc(N)c12,8.161150909262744,,1,CHEMBL3244833,RnDHFR (R. norvegicus),False,1,c1ccc(NCc2ccc3ncncc3c2)cc1,train
Cc1c(CNc2ccc(Cl)c(Cl)c2)cnc2nc(N)nc(N)c12,7.552841968657781,0.32642443423703266,9,CHEMBL81820,"HsDHFR (H. sapiens); RnDHFR (R. norvegicus); TgDHFR-TS (T. gondii, apicomplexan)",False,1,c1ccc(NCc2cnc3ncncc3c2)cc1,train
Cc1c(CNc2ccc(Cl)c3ccccc23)cnc2nc(N)nc(N)c12,8.698970004336019,,1,CHEMBL150317,HsDHFR (H. sapiens),False,1,c1ccc2c(NCc3cnc4ncncc4c3)cccc2c1,train
Cc1c(CNc2ccc(Cl)cc2)cnc2nc(N)nc(N)c12,7.494850021680094,0.22397383848728677,9,CHEMBL23416,"HsDHFR (H. sapiens); RnDHFR (R. norvegicus); TgDHFR-TS (T. gondii, apicomplexan)",False,1,c1ccc(NCc2cnc3ncncc3c2)cc1,train
Cc1c(CNc2ccc(OC(F)F)cc2)cnc2nc(N)nc(N)c12,7.698970004336019,,1,CHEMBL345708,HsDHFR (H. sapiens),False,1,c1ccc(NCc2cnc3ncncc3c2)cc1,train
Cc1c(CNc2ccc3c(c2)Cc2ccccc2-3)cnc2nc(N)nc(N)c12,8.173925197299173,,1,CHEMBL150082,HsDHFR (H. sapiens),False,1,c1ccc2c(c1)Cc1cc(NCc3cnc4ncncc4c3)ccc1-2,test
Cc1c(CNc2ccc3c4c(cccc24)-c2ccccc2-3)cnc2nc(N)nc(N)c12,8.207608310501746,,1,CHEMBL151451,HsDHFR (H. sapiens),False,1,c1ccc2c(c1)-c1cccc3c(NCc4cnc5ncncc5c4)ccc-2c13,test
Cc1c(CNc2ccc3ccc4cccc5ccc2c3c45)cnc2nc(N)nc(N)c12,8.42021640338319,,1,CHEMBL359144,HsDHFR (H. sapiens),False,1,c1cc2ccc3ccc(NCc4cnc5ncncc5c4)c4ccc(c1)c2c34,test
Cc1c(CNc2ccc3ccccc3c2)cnc2nc(N)nc(N)c12,8.0,,1,CHEMBL151367,HsDHFR (H. sapiens),False,1,c1ccc2cc(NCc3cnc4ncncc4c3)ccc2c1,train
Cc1c(CNc2ccc3ncccc3c2)cnc2nc(N)nc(N)c12,8.148741651280925,,1,CHEMBL147469,HsDHFR (H. sapiens),False,1,c1cnc2ccc(NCc3cnc4ncncc4c3)cc2c1,test
Cc1c(CNc2cccc(Cl)c2)cnc2nc(N)nc(N)c12,7.769551078621726,0.264921624706472,7,CHEMBL80066,"HsDHFR (H. sapiens); RnDHFR (R. norvegicus); TgDHFR-TS (T. gondii, apicomplexan)",False,1,c1ccc(NCc2cnc3ncncc3c2)cc1,train
Cc1c(CNc2cccc3c2CCCC3)cnc2nc(N)nc(N)c12,6.886056647693163,0.4150628083622199,3,CHEMBL282948,"HsDHFR (H. sapiens); RnDHFR (R. norvegicus); TgDHFR-TS (T. gondii, apicomplexan)",False,1,c1cc2c(c(NCc3cnc4ncncc4c3)c1)CCCC2,train
Cc1c(CNc2cccc3ccccc23)cnc2nc(N)nc(N)c12,7.528708288941061,0.516256909787109,9,CHEMBL23867,"HsDHFR (H. sapiens); RnDHFR (R. norvegicus); TgDHFR-TS (T. gondii, apicomplexan)",False,1,c1ccc2c(NCc3cnc4ncncc4c3)cccc2c1,train
Cc1c(CNc2cccc3cnccc23)cnc2nc(N)nc(N)c12,8.397940008672037,,1,CHEMBL346666,HsDHFR (H. sapiens),False,1,c1cc(NCc2cnc3ncncc3c2)c2ccncc2c1,test
Cc1c(CNc2cccc3ncccc23)cnc2nc(N)nc(N)c12,8.366531544420413,,1,CHEMBL151958,HsDHFR (H. sapiens),False,1,c1cc(NCc2cnc3ncncc3c2)c2cccnc2c1,test
Cc1c(CNc2ccccc2)cnc2nc(N)nc(N)c12,7.269551078621726,0.7071067811865476,2,CHEMBL79123,"RnDHFR (R. norvegicus); TgDHFR-TS (T. gondii, apicomplexan)",False,1,c1ccc(NCc2cnc3ncncc3c2)cc1,train
Cc1c(CNc2ccccc2Cl)cnc2nc(N)nc(N)c12,7.055517327849831,0.6043371166057956,7,CHEMBL81119,"HsDHFR (H. sapiens); RnDHFR (R. norvegicus); TgDHFR-TS (T. gondii, apicomplexan)",False,1,c1ccc(NCc2cnc3ncncc3c2)cc1,train
Cc1c(CNc2ccccc2OC(F)F)cnc2nc(N)nc(N)c12,6.557520230935552,,1,CHEMBL347088,HsDHFR (H. sapiens),False,1,c1ccc(NCc2cnc3ncncc3c2)cc1,train
Cc1c(CNc2cnc3ccccc3c2)cnc2nc(N)nc(N)c12,7.920818753952375,,1,CHEMBL149101,HsDHFR (H. sapiens),False,1,c1ccc2ncc(NCc3cnc4ncncc4c3)cc2c1,test
Cc1c(CO)cnc2nc(N)nc(N)c12,5.2827155479829,0.30000344974944937,2,CHEMBL311432,"RnDHFR (R. norvegicus); TgDHFR-TS (T. gondii, apicomplexan)",False,0,c1cnc2ncncc2c1,test
Cc1c(COC(=O)c2ccccc2)cnc2nc(N)nc(N)c12,6.638272163982407,0.35422737389127895,3,CHEMBL79182,"RnDHFR (R. norvegicus); TgDHFR-TS (T. gondii, apicomplexan)",False,1,O=C(OCc1cnc2ncncc2c1)c1ccccc1,train
Cc1c(CSc2ccc(Cl)cc2)cnc2nc(N)nc(N)c12,6.431798275933005,0.4252184017985056,3,CHEMBL22677,"HsDHFR (H. sapiens); RnDHFR (R. norvegicus); TgDHFR-TS (T. gondii, apicomplexan)",False,1,c1ccc(SCc2cnc3ncncc3c2)cc1,train
Cc1c(CSc2cccc(Cl)c2)cnc2nc(N)nc(N)c12,6.721246399047171,0.3345531351743886,3,CHEMBL24007,"HsDHFR (H. sapiens); RnDHFR (R. norvegicus); TgDHFR-TS (T. gondii, apicomplexan)",False,1,c1ccc(SCc2cnc3ncncc3c2)cc1,train
Cc1c(CSc2cccc3ccccc23)cnc2nc(N)nc(N)c12,6.356547323513812,0.7030290959546042,3,CHEMBL23584,"HsDHFR (H. sapiens); RnDHFR (R. norvegicus); TgDHFR-TS (T. gondii, apicomplexan)",False,1,c1ccc2c(SCc3cnc4ncncc4c3)cccc2c1,test
Cc1c(CSc2ccccc2)cnc2nc(N)nc(N)c12,6.917526313689079,0.7792242754963815,2,CHEMBL291239,"RnDHFR (R. norvegicus); TgDHFR-TS (T. gondii, apicomplexan)",False,1,c1ccc(SCc2cnc3ncncc3c2)cc1,train
Cc1c(Cc2ccccc2)sc2nc(N)nc(N)c12,4.853871964321762,,1,CHEMBL320811,RnDHFR (R. norvegicus),False,0,c1ccc(Cc2cc3cncnc3s2)cc1,train
Cc1c(Cc2ccccc2Br)cnc2nc(N)nc(N)c12,8.119186407719209,,1,CHEMBL526013,HsDHFR (H. sapiens),False,1,c1ccc(Cc2cnc3ncncc3c2)cc1,train
Cc1c(Cl)cccc1NCc1cnc2nc(N)nc(N)c2c1C,8.2839966563652,,1,CHEMBL147124,HsDHFR (H. sapiens),False,1,c1ccc(NCc2cnc3ncncc3c2)cc1,train
Cc1c(N(C)Cc2ccc(C(=O)NC(CCC(=O)O)C(=O)O)cc2)ccc2nc(N)nc(O)c12,5.494850021680094,,1,CHEMBL80135,HsDHFR (H. sapiens),False,0,c1ccc(CNc2ccc3ncncc3c2)cc1,train
Cc1c(NC(=O)Cc2ccc(Cl)c(Cl)c2)ccc2nc(N)nc(N)c12,7.770062314092066,,1,CHEMBL6812,RnDHFR (R. norvegicus),False,1,O=C(Cc1ccccc1)Nc1ccc2ncncc2c1,train
Cc1c(NC(=O)Cc2ccc(Cl)cc2)ccc2nc(N)nc(N)c12,7.4800408192479315,,1,CHEMBL6949,RnDHFR (R. norvegicus),False,1,O=C(Cc1ccccc1)Nc1ccc2ncncc2c1,train
Cc1c(NC(=O)Cc2ccc3ccccc3c2)ccc2nc(N)nc(N)c12,8.379968104873702,,1,CHEMBL7049,RnDHFR (R. norvegicus),False,1,O=C(Cc1ccc2ccccc2c1)Nc1ccc2ncncc2c1,train
Cc1c(NC(=O)Cc2cccc(Br)c2)ccc2nc(N)nc(N)c12,7.470056598341331,,1,CHEMBL269235,RnDHFR (R. norvegicus),False,1,O=C(Cc1ccccc1)Nc1ccc2ncncc2c1,train
Cc1c(NCc2ccc(C(=O)NC(CCC(=O)O)C(=O)O)cc2)ccc2nc(N)nc(N)c12,8.387216143280265,,1,CHEMBL36866,HsDHFR (H. sapiens),False,1,c1ccc(CNc2ccc3ncncc3c2)cc1,train
Cc1c(NCc2ccc(C(=O)NC(CCC(=O)O)C(=O)O)cc2)ccc2nc(N)nc(O)c12,6.337242168318426,,1,CHEMBL35936,HsDHFR (H. sapiens),False,1,c1ccc(CNc2ccc3ncncc3c2)cc1,train
Cc1c(NCc2ccc(C(=O)N[C@@H](CCC(=O)O)C(=O)O)cc2)ccc2nc(N)nc(N)c12,8.2518119729938,,1,CHEMBL3244859,RnDHFR (R. norvegicus),False,1,c1ccc(CNc2ccc3ncncc3c2)cc1,train
Cc1c(NCc2ccc(C(=O)N[C@@H](CCC(=O)O)C(=O)O)cc2)ccc2nc(N)nc(O)c12,6.4089353929735005,,1,CHEMBL3244863,RnDHFR (R. norvegicus),False,1,c1ccc(CNc2ccc3ncncc3c2)cc1,train
Cc1c(Sc2c(Cl)cccc2Cl)oc2nc(N)nc(N)c12,4.717548663735398,0.17548812636350034,2,CHEMBL596680,"RnDHFR (R. norvegicus); TgDHFR-TS (T. gondii, apicomplexan)",False,0,c1ccc(Sc2cc3cncnc3o2)cc1,train
Cc1c(Sc2c(F)c(F)c(C(F)(F)F)c(F)c2F)oc2nc(N)nc(N)c12,4.247534969466405,0.22668184976073796,2,CHEMBL604722,"RnDHFR (R. norvegicus); TgDHFR-TS (T. gondii, apicomplexan)",False,0,c1ccc(Sc2cc3cncnc3o2)cc1,train
Cc1c(Sc2cc(Cl)c(Cl)cc2Cl)[nH]c2nc(N)nc(N)c12,6.098271442175793,0.8137281556399852,2,CHEMBL597770,"RnDHFR (R. norvegicus); TgDHFR-TS (T. gondii, apicomplexan)",False,1,c1ccc(Sc2cc3cncnc3[nH]2)cc1,train
Cc1c(Sc2ccc(C(=O)N[C@@H](CCC(=O)O)C(=O)O)cc2)[nH]c2nc(N)[nH]c(=O)c12,5.550637409205253,0.15123587104212463,2,CHEMBL224974,"TgDHFR-TS (T. gondii, apicomplexan)",False,0,O=c1[nH]cnc2[nH]c(Sc3ccccc3)cc12,test
Cc1c(Sc2ccc(C(=O)N[C@@H](CCC(=O)O)C(=O)O)cc2)[nH]c2nc(N)nc(N)c12,6.6777807052660805,0.5071848410675636,6,CHEMBL389643,"HsDHFR (H. sapiens); TgDHFR-TS (T. gondii, apicomplexan)",False,1,c1ccc(Sc2cc3cncnc3[nH]2)cc1,train
Cc1c(Sc2ccc(C(=O)N[C@@H](CCC(=O)O)C(=O)O)cc2)oc2nc(N)nc(N)c12,4.920818753952375,0.4662136978196218,5,CHEMBL596672,"HsDHFR (H. sapiens); RnDHFR (R. norvegicus); TgDHFR-TS (T. gondii, apicomplexan)",False,0,c1ccc(Sc2cc3cncnc3o2)cc1,train
Cc1c(Sc2ccc(Cl)cc2)[nH]c2nc(N)nc(N)c12,4.885197470079312,0.17998326480676063,6,CHEMBL420172,"RnDHFR (R. norvegicus); TgDHFR-TS (T. gondii, apicomplexan)",False,0,c1ccc(Sc2cc3cncnc3[nH]2)cc1,train
Cc1c(Sc2ccc(Cl)cc2Cl)[nH]c2nc(N)nc(N)c12,4.328788659588897,0.4274485980774571,4,CHEMBL331456,"RnDHFR (R. norvegicus); TgDHFR-TS (T. gondii, apicomplexan)",False,0,c1ccc(Sc2cc3cncnc3[nH]2)cc1,train
Cc1c(Sc2ccc(F)c(F)c2)[nH]c2nc(N)nc(N)c12,5.634886568372423,,1,CHEMBL4226849,HsDHFR (H. sapiens),False,0,c1ccc(Sc2cc3cncnc3[nH]2)cc1,train
Cc1c(Sc2ccc(F)c(F)c2)n(C)c2nc(N)nc(N)c12,5.717377887121938,,1,CHEMBL4225535,HsDHFR (H. sapiens),False,0,c1ccc(Sc2cc3cncnc3[nH]2)cc1,train
Cc1c(Sc2ccc(OC(F)(F)F)cc2)[nH]c2nc(N)nc(N)c12,6.090979145788844,,1,CHEMBL4226262,HsDHFR (H. sapiens),False,1,c1ccc(Sc2cc3cncnc3[nH]2)cc1,train
Cc1c(Sc2ccc(OC(F)(F)F)cc2)n(C)c2nc(N)nc(N)c12,5.9582126810282485,,1,CHEMBL4225860,HsDHFR (H. sapiens),False,0,c1ccc(Sc2cc3cncnc3[nH]2)cc1,train
Cc1c(Sc2ccc3ccccc3c2)[nH]c2nc(N)nc(N)c12,5.384647843193715,0.9162425629364721,4,CHEMBL227065,"HsDHFR (H. sapiens); RnDHFR (R. norvegicus); TgDHFR-TS (T. gondii, apicomplexan)",False,0,c1ccc2cc(Sc3cc4cncnc4[nH]3)ccc2c1,train
Cc1c(Sc2ccc3ccccc3c2)n(C)c2nc(N)nc(N)c12,6.013228265733755,,1,CHEMBL4227373,HsDHFR (H. sapiens),False,1,c1ccc2cc(Sc3cc4cncnc4[nH]3)ccc2c1,train
Cc1c(Sc2cccc(Cl)c2)[nH]c2nc(N)nc(N)c12,4.740061075252516,0.45905011354235875,6,CHEMBL334198,"RnDHFR (R. norvegicus); TgDHFR-TS (T. gondii, apicomplexan)",False,0,c1ccc(Sc2cc3cncnc3[nH]2)cc1,train
Cc1c(Sc2cccc3c2CCCC3)[nH]c2nc(N)nc(N)c12,6.067981908637112,0.841718954696603,4,CHEMBL609914,"RnDHFR (R. norvegicus); TgDHFR-TS (T. gondii, apicomplexan)",False,1,c1cc2c(c(Sc3cc4cncnc4[nH]3)c1)CCCC2,test
Cc1c(Sc2cccc3ccccc23)[nH]c2nc(N)nc(N)c12,5.915066425063284,0.7332325949960984,3,CHEMBL122998,"HsDHFR (H. sapiens); RnDHFR (R. norvegicus); TgDHFR-TS (T. gondii, apicomplexan)",False,0,c1ccc2c(Sc3cc4cncnc4[nH]3)cccc2c1,train
Cc1c(Sc2cccc3ccccc23)n(C)c2nc(N)nc(N)c12,5.957030926606819,,1,CHEMBL4229284,HsDHFR (H. sapiens),False,0,c1ccc2c(Sc3cc4cncnc4[nH]3)cccc2c1,train
Cc1cc(Br)cc(C)c1NCc1cnc2nc(N)nc(N)c2c1C,5.721246399047171,,1,CHEMBL147006,HsDHFR (H. sapiens),False,0,c1ccc(NCc2cnc3ncncc3c2)cc1,train
Cc1cc(Br)ccc1NCc1cnc2nc(N)nc(N)c2c1C,8.229147988357855,,1,CHEMBL148877,HsDHFR (H. sapiens),False,1,c1ccc(NCc2cnc3ncncc3c2)cc1,train
Cc1cc(C)c(NCc2cnc3nc(N)nc(N)c3c2C)c(Cl)c1,6.070581074285707,,1,CHEMBL147458,HsDHFR (H. sapiens),False,1,c1ccc(NCc2cnc3ncncc3c2)cc1,train
Cc1cc(C)cc(Cc2cnc(N)nc2N)c1,4.609999985082743,,1,CHEMBL56602,GgDHFR (G. gallus),False,0,c1ccc(Cc2cncnc2)cc1,external
Cc1cc(C)cc(Sc2[nH]c3nc(N)nc(N)c3c2C)c1,5.680895189463092,0.7943761772462685,2,CHEMBL596742,"RnDHFR (R. norvegicus); TgDHFR-TS (T. gondii, apicomplexan)",False,0,c1ccc(Sc2cc3cncnc3[nH]2)cc1,train
Cc1cc(Cc2cnc(N)nc2N)cc(C(C)(C)C)c1N,3.431798275933005,,1,CHEMBL120920,RnDHFR (R. norvegicus),False,0,c1ccc(Cc2cncnc2)cc1,external
Cc1cc(Cc2cnc(N)nc2N)cc(C(C)(C)C)c1O,3.920818753952375,,1,CHEMBL23384,RnDHFR (R. norvegicus),False,0,c1ccc(Cc2cncnc2)cc1,external
Cc1cc(Cc2cnc(N)nc2N)cc(C(C)C)c1N,6.958607314841775,,1,CHEMBL118237,RnDHFR (R. norvegicus),False,1,c1ccc(Cc2cncnc2)cc1,external
Cc1cc(Cc2cnc(N)nc2N)cc(C)c1N,3.42021640338319,,1,CHEMBL118597,RnDHFR (R. norvegicus),False,0,c1ccc(Cc2cncnc2)cc1,external
Cc1cc(Cc2cnc(N)nc2N)cc(C)c1O,4.1487416512809245,,1,CHEMBL417833,RnDHFR (R. norvegicus),False,0,c1ccc(Cc2cncnc2)cc1,external
Cc1cc(Cc2cnc(N)nc2N)cc(Cl)c1N,3.795880017344075,,1,CHEMBL116828,RnDHFR (R. norvegicus),False,0,c1ccc(Cc2cncnc2)cc1,external
Cc1cc(Cc2cnc(N)nc2N)cc2c1OC(C)(C)C2,5.576522337490088,1.6188842930288405,2,CHEMBL291540,HsDHFR (H. sapiens); RnDHFR (R. norvegicus),False,0,c1ncc(Cc2ccc3c(c2)CCO3)cn1,train
Cc1cc(Cl)cc2c1C(=O)/C(=C1\Sc3cc(Cl)cc(C)c3C1=O)S2,4.221848749616356,,1,CHEMBL45343,GgDHFR (G. gallus),False,0,O=C1/C(=C2\Sc3ccccc3C2=O)Sc2ccccc21,test
Cc1cc(Cl)ccc1NCc1ccc2nc(N)nc(N)c2c1,7.5598791120522595,0.11086451723543286,2,CHEMBL23227,"RnDHFR (R. norvegicus); TgDHFR-TS (T. gondii, apicomplexan)",False,1,c1ccc(NCc2ccc3ncncc3c2)cc1,train
Cc1cc(Cl)ccc1NCc1cnc2nc(N)nc(N)c2c1C,8.55284196865778,,1,CHEMBL150470,HsDHFR (H. sapiens),False,1,c1ccc(NCc2cnc3ncncc3c2)cc1,train
Cc1cc(N(C)C)nc2c(C)cc(Cc3cnc(N)nc3N)cc12,3.5528419686577806,,1,CHEMBL57318,RnDHFR (R. norvegicus),False,0,c1cnc2ccc(Cc3cncnc3)cc2c1,train
Cc1cc(N2CCOCC2)nc2c(C)cc(Cc3cnc(N)nc3N)cc12,3.3872161432802645,,1,CHEMBL412659,RnDHFR (R. norvegicus),False,0,c1ncc(Cc2ccc3nc(N4CCOCC4)ccc3c2)cn1,test
Cc1cc(N2CCOCC2)nc2cc(Cc3cnc(N)nc3N)ccc12,5.498269733945246,0.9933290632887714,2,CHEMBL56325,HsDHFR (H. sapiens); RnDHFR (R. norvegicus),False,0,c1ncc(Cc2ccc3ccc(N4CCOCC4)nc3c2)cn1,test
Cc1cc(NCc2cnc3nc(N)nc(N)c3c2C)c(Cl)cc1F,7.481486060122112,,1,CHEMBL146968,HsDHFR (H. sapiens),False,1,c1ccc(NCc2cnc3ncncc3c2)cc1,train
Cc1cc(NCc2cnc3nc(N)nc(N)c3c2C)ccc1Br,8.214670164989233,,1,CHEMBL150382,HsDHFR (H. sapiens),False,1,c1ccc(NCc2cnc3ncncc3c2)cc1,train
Cc1cc(O)c(C(C)C)cc1C1(c2cc(C(C)C)c(O)cc2C)OC(=O)c2ccc3ccccc3c21,4.886056647693163,,1,CHEMBL414689,HsDHFR (H. sapiens),False,0,O=C1OC(c2ccccc2)(c2ccccc2)c2c1ccc1ccccc21,train
Cc1cc2c(N)nc(N)nc2cc1-c1c[nH]c2ccccc12,7.296708621881338,,1,CHEMBL3686071,HsDHFR (H. sapiens),False,1,c1ccc2c(-c3ccc4cncnc4c3)c[nH]c2c1,test
Cc1cc2c(N)nc(N)nc2cc1-c1cc(CO)ncc1Cl,7.251811972993799,,1,CHEMBL3681410,HsDHFR (H. sapiens),False,1,c1cc(-c2ccc3cncnc3c2)ccn1,train
Cc1cc2c(N)nc(N)nc2cc1-c1ccc(N)cc1,6.860120913598763,0.0,2,CHEMBL1818110,HsDHFR (H. sapiens),False,1,c1ccc(-c2ccc3cncnc3c2)cc1,train
Cc1cc2c(N)nc(N)nc2cc1-c1ccc(S(C)(=O)=O)cc1,7.355561410532161,,1,CHEMBL1818112,HsDHFR (H. sapiens),False,1,c1ccc(-c2ccc3cncnc3c2)cc1,train
Cc1cc2c(N)nc(N)nc2cc1-c1cccc2[nH]ccc12,6.610833915635467,,1,CHEMBL3681400,HsDHFR (H. sapiens),False,1,c1cc(-c2ccc3cncnc3c2)c2cc[nH]c2c1,train
Cc1cc2c(N)nc(N)nc2cc1-c1ccccc1,6.889410289700751,,1,CHEMBL1818108,HsDHFR (H. sapiens),False,1,c1ccc(-c2ccc3cncnc3c2)cc1,train
Cc1cc2c(N)nc(N)nc2cc1-c1ccccc1C(C)C,7.679853713888946,,1,CHEMBL1818106,HsDHFR (H. sapiens),False,1,c1ccc(-c2ccc3cncnc3c2)cc1,train
Cc1cc2c(N)nc(N)nc2cc1-c1cnc2[nH]ccc2c1,6.628932137728263,,1,CHEMBL3681409,HsDHFR (H. sapiens),False,1,c1ncc2ccc(-c3cnc4[nH]ccc4c3)cc2n1,test
Cc1cc2c3c(N)nc(N)nc3ccc2n1C,7.060480747381382,,1,CHEMBL353929,HsDHFR (H. sapiens),False,1,c1ncc2c(ccc3[nH]ccc32)n1,train
Cc1cc2c3c(N)nc(N)nc3ccc2n1C(C)C,8.193820026016112,,1,CHEMBL173617,HsDHFR (H. sapiens),False,1,c1ncc2c(ccc3[nH]ccc32)n1,train
Cc1cc2nc(-c3ccc4c(N)nc(N)nc4c3)n(CCCO)c2cc1C,6.580044251510242,,1,CHEMBL3681405,HsDHFR (H. sapiens),False,1,c1ccc2[nH]c(-c3ccc4cncnc4c3)nc2c1,test
Cc1cc2nc(-c3ccccn3)n(-c3ccc4c(N)nc(N)nc4c3)c2cc1C,6.242603971206975,0.0,2,CHEMBL3127912,HsDHFR (H. sapiens),False,1,c1ccc(-c2nc3ccccc3n2-c2ccc3cncnc3c2)nc1,train
Cc1cc2nc(-c3cccnc3)n(-c3ccc4c(N)nc(N)nc4c3)c2cc1C,5.80576325127617,,1,CHEMBL3127913,HsDHFR (H. sapiens),False,0,c1cncc(-c2nc3ccccc3n2-c2ccc3cncnc3c2)c1,test
Cc1cc2nc(-c3ccco3)n(-c3ccc4c(N)nc(N)nc4c3)c2cc1C,6.0254883072626715,0.0,2,CHEMBL3128023,HsDHFR (H. sapiens),False,1,c1coc(-c2nc3ccccc3n2-c2ccc3cncnc3c2)c1,train
Cc1cc2nc(-c3cccs3)n(-c3ccc4c(N)nc(N)nc4c3)c2cc1C,5.988852639224202,0.0,2,CHEMBL3128025,HsDHFR (H. sapiens),False,0,c1csc(-c2nc3ccccc3n2-c2ccc3cncnc3c2)c1,train
Cc1cc2nc(-c3ccncc3)n(-c3ccc4c(N)nc(N)nc4c3)c2cc1C,6.359518563029578,,1,CHEMBL3127914,HsDHFR (H. sapiens),False,1,c1ccc2c(c1)nc(-c1ccncc1)n2-c1ccc2cncnc2c1,test
Cc1cc2nc(-c3ccoc3)n(-c3ccc4c(N)nc(N)nc4c3)c2cc1C,6.140861702705469,,1,CHEMBL3128024,HsDHFR (H. sapiens),False,1,c1ccc2c(c1)nc(-c1ccoc1)n2-c1ccc2cncnc2c1,test
Cc1cc2nc(-c3ccsc3)n(-c3ccc4c(N)nc(N)nc4c3)c2cc1C,6.178486471595226,0.0,2,CHEMBL3128026,HsDHFR (H. sapiens),False,1,c1ccc2c(c1)nc(-c1ccsc1)n2-c1ccc2cncnc2c1,test
Cc1cc2nc(-c3cncn3C)n(-c3ccc4c(N)nc(N)nc4c3)c2cc1C,5.534319788401723,,1,CHEMBL3128027,HsDHFR (H. sapiens),False,0,c1ccc2c(c1)nc(-c1cnc[nH]1)n2-c1ccc2cncnc2c1,test
Cc1cc2nc(-c3cscn3)n(-c3ccc4c(N)nc(N)nc4c3)c2cc1C,5.9582126810282485,,1,CHEMBL3128022,HsDHFR (H. sapiens),False,0,c1ccc2c(c1)nc(-c1cscn1)n2-c1ccc2cncnc2c1,test
Cc1cc2nc(-c3nccs3)n(-c3cc4nc(N)nc(N)c4cc3C)c2cc1C,8.537602002101044,0.0,2,CHEMBL3128013,HsDHFR (H. sapiens),False,1,c1ccc2c(c1)nc(-c1nccs1)n2-c1ccc2cncnc2c1,train
Cc1cc2nc(-c3nccs3)n(-c3cc4nc(N)nc(N)c4cc3Cl)c2cc1C,8.119186407719209,0.03675936040164103,3,CHEMBL3128014,HsDHFR (H. sapiens),False,1,c1ccc2c(c1)nc(-c1nccs1)n2-c1ccc2cncnc2c1,train
Cc1cc2nc(-c3nccs3)n(-c3ccc4c(N)nc(N)nc4c3)c2cc1C,7.030352720286773,0.00164661291656361,2,CHEMBL3128021,HsDHFR (H. sapiens),False,1,c1ccc2c(c1)nc(-c1nccs1)n2-c1ccc2cncnc2c1,train
Cc1cc2nc(C3CC3)n(-c3ccc4c(N)nc(N)nc4c3)c2cc1C,5.93404701968613,0.0,2,CHEMBL3127916,HsDHFR (H. sapiens),False,0,c1ccc2c(c1)nc(C1CC1)n2-c1ccc2cncnc2c1,test
Cc1cc2nc(C3CCCO3)n(-c3ccc4c(N)nc(N)nc4c3)c2cc1C,6.125518182300533,,1,CHEMBL3127919,HsDHFR (H. sapiens),False,1,c1ccc2c(c1)nc(C1CCCO1)n2-c1ccc2cncnc2c1,test
Cc1cc2nc(N)[nH]c(=O)c2n1Cc1ccc(C(=O)N[C@@H](CCC(=O)O)C(=O)O)cc1,6.920818753952375,,1,CHEMBL252132,HsDHFR (H. sapiens),False,1,O=c1[nH]cnc2ccn(Cc3ccccc3)c12,train
Cc1cc2nc(N)[nH]c(=O)c2n1Cc1ccc([N+](=O)[O-])cc1,4.481486060122113,,1,CHEMBL401073,HsDHFR (H. sapiens),False,0,O=c1[nH]cnc2ccn(Cc3ccccc3)c12,train
Cc1cc2nc(N3CCOCC3)n(-c3ccc4c(N)nc(N)nc4c3)c2cc1C,5.9641701747471725,0.0,2,CHEMBL3127917,HsDHFR (H. sapiens),False,0,c1ccc2c(c1)nc(N1CCOCC1)n2-c1ccc2cncnc2c1,test
Cc1cc2nc3c(=O)[nH]c(=O)nc-3n(C[C@H](O)[C@H](O)[C@H](O)COP(=O)(O)O)c2cc1C,3.4881166390211256,,1,CHEMBL1201794,HsDHFR (H. sapiens),False,0,O=c1nc2[nH]c3ccccc3nc-2c(=O)[nH]1,test
Cc1cc2nc3n(c2cc1C)C(C)(C)NC(N)=N3,6.7447274948966935,,1,CHEMBL185800,"PfDHFR-TS K1 (P. falciparum, resistant)",True,1,C1=Nc2nc3ccccc3n2CN1,test
Cc1cc2ncn(-c3ccc4c(N)nc(N)nc4c3)c2cc1C,5.793984123236656,,1,CHEMBL3128020,HsDHFR (H. sapiens),False,0,c1ccc2c(c1)ncn2-c1ccc2cncnc2c1,train
Cc1ccc(-c2c(CN3CCCCC3)nc3scc(C(=O)O)n23)cc1,6.042392712939905,,1,CHEMBL5194543,HsDHFR (H. sapiens),False,1,c1ccc(-c2c(CN3CCCCC3)nc3sccn23)cc1,test
Cc1ccc(-c2c(CN3CCOCC3)nc3scc(C(=O)NN)n23)cc1,6.910094888560602,,1,CHEMBL5170804,HsDHFR (H. sapiens),False,1,c1ccc(-c2c(CN3CCOCC3)nc3sccn23)cc1,train
Cc1ccc(-c2nc3c(=O)[nH]c(N)nc3n2-c2ccccc2)cc1,4.554863031286696,,1,CHEMBL5289931,HsDHFR (H. sapiens),False,0,O=c1[nH]cnc2c1nc(-c1ccccc1)n2-c1ccccc1,train
Cc1ccc(/C=C/c2ccc3nc(N)nc(N)c3n2)cc1,5.496209316942819,,1,CHEMBL4093938,HsDHFR (H. sapiens),False,0,C(=C/c1ccc2ncncc2n1)\c1ccccc1,train
Cc1ccc(C(=O)N2CCC3(CC2)N=C(N)N=C(N)N3c2cccc(Cl)c2)cc1,6.1938200260161125,,1,CHEMBL4167391,HsDHFR (H. sapiens),False,1,O=C(c1ccccc1)N1CCC2(CC1)N=CN=CN2c1ccccc1,test
Cc1ccc(C)c(NCc2cnc3nc(N)nc(N)c3c2C)c1,7.2441251443275085,0.4424727254576649,3,CHEMBL23383,"HsDHFR (H. sapiens); RnDHFR (R. norvegicus); TgDHFR-TS (T. gondii, apicomplexan)",False,1,c1ccc(NCc2cnc3ncncc3c2)cc1,train
Cc1ccc(CCc2ccc3nc(N)nc(N)c3n2)cc1,5.5934598195660445,,1,CHEMBL4079226,HsDHFR (H. sapiens),False,0,c1ccc(CCc2ccc3ncncc3n2)cc1,train
Cc1ccc(Cc2cnc(N)nc2N)cc1,4.559999953221535,,1,CHEMBL416177,GgDHFR (G. gallus),False,0,c1ccc(Cc2cncnc2)cc1,external
Cc1ccc(Cl)c(NCc2cnc3nc(N)nc(N)c3c2C)c1,7.356547323513812,,1,CHEMBL149273,HsDHFR (H. sapiens),False,1,c1ccc(NCc2cnc3ncncc3c2)cc1,train
Cc1ccc(Cl)cc1Cc1cnc2nc(N)nc(N)c2c1C,8.55284196865778,,1,CHEMBL34775,RnDHFR (R. norvegicus),False,1,c1ccc(Cc2cnc3ncncc3c2)cc1,train
Cc1ccc(Cl)cc1NCc1cnc2nc(N)nc(N)c2c1C,8.214670164989233,,1,CHEMBL147256,HsDHFR (H. sapiens),False,1,c1ccc(NCc2cnc3ncncc3c2)cc1,train
Cc1ccc(F)c(NCc2cnc3nc(N)nc(N)c3c2C)c1,6.6020599913279625,,1,CHEMBL348209,HsDHFR (H. sapiens),False,1,c1ccc(NCc2cnc3ncncc3c2)cc1,train
Cc1ccc(F)cc1NCc1cnc2nc(N)nc(N)c2c1C,7.721246399047171,,1,CHEMBL347061,HsDHFR (H. sapiens),False,1,c1ccc(NCc2cnc3ncncc3c2)cc1,train
Cc1ccc(N(C)Cc2nc3cc(C(F)(F)F)ccc3nc2-c2ccccc2)cc1,4.958607314841775,,1,CHEMBL3121466,HsDHFR (H. sapiens),False,0,c1ccc(NCc2nc3ccccc3nc2-c2ccccc2)cc1,train
Cc1ccc(N(C)c2cnc3nc(N)nc(N)c3c2)cc1,7.523845995168937,0.04100649896213307,2,CHEMBL2382331,HsDHFR (H. sapiens); RnDHFR (R. norvegicus),False,1,c1ccc(Nc2cnc3ncncc3c2)cc1,train
Cc1ccc(N2C(N)=NC(N)=NC2(C)C)cc1,7.917371899978425,1.4421620230722934,4,CHEMBL7004,"GgDHFR (G. gallus); PfDHFR-TS K1 (P. falciparum, resistant)",True,1,C1=NC=NCN1c1ccccc1,external
Cc1ccc(N2C(N)=NC(N)=NC2C(C)C)cc1,6.306465336533989,0.6658374729887032,2,CHEMBL90358,"PfDHFR-TS K1 (P. falciparum, resistant)",True,1,C1=NC=NCN1c1ccccc1,external
Cc1ccc(N2C(N)=NC(N)=NC2C)cc1,7.185550217789697,0.6402455162896735,2,CHEMBL92182,"PfDHFR-TS K1 (P. falciparum, resistant)",True,1,C1=NC=NCN1c1ccccc1,external
Cc1ccc(N2C(N)=NC(N)=NC2c2ccccc2)cc1,7.441530176724622,0.950321954168356,2,CHEMBL91345,"PfDHFR-TS K1 (P. falciparum, resistant)",True,1,C1=NC=NC(c2ccccc2)N1c1ccccc1,train
Cc1ccc(N2CCN(c3cnc(N)nc3N)CC2)cc1,5.580044251510242,0.6995193879939111,3,CHEMBL4525462,"HsDHFR (H. sapiens); TgDHFR-TS (T. gondii, apicomplexan)",False,0,c1ccc(N2CCN(c3cncnc3)CC2)cc1,train
Cc1ccc(NCc2cnc3nc(N)nc(N)c3c2C)cc1Br,8.431798275933005,,1,CHEMBL148814,HsDHFR (H. sapiens),False,1,c1ccc(NCc2cnc3ncncc3c2)cc1,train
Cc1ccc(NCc2cnc3nc(N)nc(N)c3c2C)cc1Cl,8.173925197299173,,1,CHEMBL347974,HsDHFR (H. sapiens),False,1,c1ccc(NCc2cnc3ncncc3c2)cc1,train
Cc1ccc(Nc2ccc3nc(N)nc(C)c3n2)cc1,6.7594507517174005,,1,CHEMBL5784601,HsDHFR (H. sapiens),False,1,c1ccc(Nc2ccc3ncncc3n2)cc1,train
Cc1ccc(Nc2ccc3nc(N)nc(N)c3n2)cc1,5.58070527824654,,1,CHEMBL4462778,HsDHFR (H. sapiens),False,0,c1ccc(Nc2ccc3ncncc3n2)cc1,train
Cc1ccc(Nc2cnc3nc(N)nc(N)c3c2)cc1,5.6777807052660805,0.16156610150878298,3,CHEMBL2382319,HsDHFR (H. sapiens); RnDHFR (R. norvegicus),False,0,c1ccc(Nc2cnc3ncncc3c2)cc1,train
Cc1ccc(S(=O)(=O)N2c3c(N)nc(N)nc3CCC2CN(C)c2ccc(C(=O)N[C@@H](CCC(=O)O)C(=O)O)cc2)cc1,5.97061622231479,,1,CHEMBL2153710,HsDHFR (H. sapiens),False,0,O=S(=O)(c1ccccc1)N1c2cncnc2CCC1CNc1ccccc1,test
Cc1ccc(S(=O)(=O)NCCCCOc2ccc(Cc3cnc(N)nc3N)cc2)cc1,5.763462738511306,,1,CHEMBL175017,RnDHFR (R. norvegicus),False,0,O=S(=O)(NCCCCOc1ccc(Cc2cncnc2)cc1)c1ccccc1,test
Cc1ccc(S(=O)(=O)NCCCOc2ccc(COc3cnc(N)nc3N)cc2)cc1,5.353988590408761,,1,CHEMBL368759,RnDHFR (R. norvegicus),False,0,O=S(=O)(NCCCOc1ccc(COc2cncnc2)cc1)c1ccccc1,train
Cc1ccc(SCc2cnc3nc(N)nc(N)c3c2C)cc1,6.772577569995745,0.6668689749241153,2,CHEMBL24344,"RnDHFR (R. norvegicus); TgDHFR-TS (T. gondii, apicomplexan)",False,1,c1ccc(SCc2cnc3ncncc3c2)cc1,train
Cc1ccc(SCc2cnc3nc(N)nc(N)c3n2)cc1,4.70446769648675,0.16891514497590107,2,CHEMBL23425,"RnDHFR (R. norvegicus); TgDHFR-TS (T. gondii, apicomplexan)",False,0,c1ccc(SCc2cnc3ncncc3n2)cc1,train
Cc1ccc(Sc2cccc3nc(N)nc(N)c23)cc1,6.026872146400301,0.0,2,CHEMBL83547,HsDHFR (H. sapiens),False,1,c1ccc(Sc2cccc3ncncc23)cc1,train
Cc1ccc2c(c1)c(=O)n(Cc1ccccc1)c(=S)n2C(O)/C=C/c1ccccc1,5.522878745280337,,1,CHEMBL1093475,HsDHFR (H. sapiens),False,0,O=c1c2ccccc2n(C/C=C/c2ccccc2)c(=S)n1Cc1ccccc1,test
Cc1ccc2c(c1)nc(-c1cccs1)n2-c1ccc2c(N)nc(N)nc2c1,6.503070351926786,,1,CHEMBL3686067,HsDHFR (H. sapiens),False,1,c1csc(-c2nc3ccccc3n2-c2ccc3cncnc3c2)c1,train
Cc1ccc2nc(N)nc(N)c2c1,5.660000322371772,,1,CHEMBL268456,RnDHFR (R. norvegicus),False,0,c1ccc2ncncc2c1,train
Cc1ccc2nc(SC/C=C/c3ccccc3)n(Cc3ccccc3)c(=O)c2c1,6.0,,1,CHEMBL1091244,HsDHFR (H. sapiens),False,1,O=c1c2ccccc2nc(SC/C=C/c2ccccc2)n1Cc1ccccc1,train
Cc1cccc(-c2nc3c(N)nc(N)nc3nc2N)c1,7.7447274948966935,,1,CHEMBL48189,"TgDHFR-TS (T. gondii, apicomplexan)",False,1,c1ccc(-c2cnc3ncncc3n2)cc1,train
Cc1cccc(C(C)C)c1Sc1oc2nc(N)nc(N)c2c1C,4.7024393559295286,0.12451532338594933,2,CHEMBL611984,"RnDHFR (R. norvegicus); TgDHFR-TS (T. gondii, apicomplexan)",False,0,c1ccc(Sc2cc3cncnc3o2)cc1,train
Cc1cccc(C)c1Sc1[nH]c2nc(N)nc(N)c2c1C,7.35137368713554,1.3296512460990029,2,CHEMBL596741,"RnDHFR (R. norvegicus); TgDHFR-TS (T. gondii, apicomplexan)",False,1,c1ccc(Sc2cc3cncnc3[nH]2)cc1,train
Cc1cccc(C)c1Sc1[nH]c2nc(N)nc(N)c2c1C(C)C,5.67630851494269,1.197231101244816,2,CHEMBL478192,"RnDHFR (R. norvegicus); TgDHFR-TS (T. gondii, apicomplexan)",False,0,c1ccc(Sc2cc3cncnc3[nH]2)cc1,train
Cc1cccc(C)c1Sc1oc2nc(N)nc(N)c2c1C,4.206638851240966,0.7055439657363776,2,CHEMBL609896,"RnDHFR (R. norvegicus); TgDHFR-TS (T. gondii, apicomplexan)",False,0,c1ccc(Sc2cc3cncnc3o2)cc1,train
Cc1cccc(CC2CCc3nc(N)nc(N)c3C2)c1,7.2011524070372435,0.34301055886986476,2,CHEMBL7779,"RnDHFR (R. norvegicus); TgDHFR-TS (T. gondii, apicomplexan)",False,1,c1ccc(CC2CCc3ncncc3C2)cc1,train
Cc1cccc(Cc2cnc(N)nc2N)c1,4.719999935717911,,1,CHEMBL19406,GgDHFR (G. gallus),False,0,c1ccc(Cc2cncnc2)cc1,external
Cc1cccc(N2C(N)=NC(N)=NC2(C)C)c1,7.079981083971085,,1,CHEMBL7070,GgDHFR (G. gallus),False,1,C1=NC=NCN1c1ccccc1,external
Cc1cccc(N2CCN(c3cnc(N)nc3N)CC2)c1,5.223298816011589,1.09787331598034,3,CHEMBL4549054,"HsDHFR (H. sapiens); TgDHFR-TS (T. gondii, apicomplexan)",False,0,c1ccc(N2CCN(c3cncnc3)CC2)cc1,train
Cc1cccc(Nc2ccccc2C(=O)O)c1C,4.142667503568732,,1,CHEMBL686,HsDHFR (H. sapiens),False,0,c1ccc(Nc2ccccc2)cc1,train
Cc1cccc(OCCOc2cccc(N3C(N)=NC(N)=NC3(C)C)c2)c1,7.019996628416253,,1,CHEMBL286618,GgDHFR (G. gallus),False,1,C1=NC=NCN1c1cccc(OCCOc2ccccc2)c1,train
Cc1cccc(OCc2cccc(N3C(N)=NC(N)=NC3(C)C)c2)c1,7.140021558357979,,1,CHEMBL20480,GgDHFR (G. gallus),False,1,C1=NC=NCN1c1cccc(COc2ccccc2)c1,train
Cc1cccc(Oc2ccc(-c3nc(N)nc(N)n3)cc2)c1C,4.376750709602099,,1,CHEMBL3752202,HsDHFR (H. sapiens),False,0,c1ccc(Oc2ccc(-c3ncncn3)cc2)cc1,test
Cc1cccc(SCc2ccc(N3C(N)=NC(N)=NC3(C)C)cc2)c1,7.400007822415902,,1,CHEMBL283916,GgDHFR (G. gallus),False,1,C1=NC=NCN1c1ccc(CSc2ccccc2)cc1,train
Cc1cccc(SCc2cccc(N3C(N)=NC(N)=NC3(C)C)c2)c1,7.700057099977233,,1,CHEMBL286571,GgDHFR (G. gallus),False,1,C1=NC=NCN1c1cccc(CSc2ccccc2)c1,train
Cc1cccc(SCc2cnc3nc(N)nc(N)c3c2C)c1,6.481486060122112,0.5646975261462794,3,CHEMBL23272,"HsDHFR (H. sapiens); RnDHFR (R. norvegicus); TgDHFR-TS (T. gondii, apicomplexan)",False,1,c1ccc(SCc2cnc3ncncc3c2)cc1,train
Cc1cccc(SCc2cnc3nc(N)nc(N)c3n2)c1,5.40816582131999,0.4759700833471605,2,CHEMBL286820,"RnDHFR (R. norvegicus); TgDHFR-TS (T. gondii, apicomplexan)",False,0,c1ccc(SCc2cnc3ncncc3n2)cc1,train
Cc1cccc2nc(N)nc(N)c12,6.090000275786018,,1,CHEMBL7077,RnDHFR (R. norvegicus),False,1,c1ccc2ncncc2c1,train
Cc1ccccc1-c1cc2nc(N)nc(N)c2cc1C,7.0195421077239,,1,CHEMBL1818116,HsDHFR (H. sapiens),False,1,c1ccc(-c2ccc3cncnc3c2)cc1,train
Cc1ccccc1CC1CCc2nc(N)nc(N)c2C1,7.298439739412091,0.4805956237614729,2,CHEMBL7542,"RnDHFR (R. norvegicus); TgDHFR-TS (T. gondii, apicomplexan)",False,1,c1ccc(CC2CCc3ncncc3C2)cc1,train
Cc1ccccc1Cc1cnc(N)nc1N,4.530000033355806,,1,CHEMBL135984,GgDHFR (G. gallus),False,0,c1ccc(Cc2cncnc2)cc1,external
Cc1ccccc1SCc1ccc(N2C(N)=NC(N)=NC2(C)C)cc1,7.36997914888659,,1,CHEMBL30475,GgDHFR (G. gallus),False,1,C1=NC=NCN1c1ccc(CSc2ccccc2)cc1,train
Cc1ccnc2c(N)cc(Cc3cnc(N)nc3N)cc12,4.494850021680094,,1,CHEMBL58744,RnDHFR (R. norvegicus),False,0,c1cnc2ccc(Cc3cncnc3)cc2c1,train
Cc1ccnc2c([N+](=O)[O-])cc(Cc3cnc(N)nc3N)cc12,5.2441251443275085,,1,CHEMBL58455,RnDHFR (R. norvegicus),False,0,c1cnc2ccc(Cc3cncnc3)cc2c1,train
Cc1ccnc2ccc(Cc3cnc(N)nc3N)c(N)c12,4.823908740944319,,1,CHEMBL441616,RnDHFR (R. norvegicus),False,0,c1cnc2ccc(Cc3cncnc3)cc2c1,train
Cc1ccnc2ccc(Cc3cnc(N)nc3N)cc12,4.657577319177793,,1,CHEMBL59283,RnDHFR (R. norvegicus),False,0,c1cnc2ccc(Cc3cncnc3)cc2c1,train
Cc1cn(C2CC(O)C(OP(=O)(O)O)O2)c(=O)[nH]c1=O,4.722392297436963,1.1967696547670281,2,CHEMBL293258,"RnDHFR (R. norvegicus); TgDHFR-TS (T. gondii, apicomplexan)",False,0,O=c1ccn(C2CCCO2)c(=O)[nH]1,test
Cc1cn(CC[C@H]2C[C@H](O)[C@@H](COP(=O)(O)O)O2)c(=O)[nH]c1=O,4.722392297436963,1.1967696547670281,2,CHEMBL3142796,"RnDHFR (R. norvegicus); TgDHFR-TS (T. gondii, apicomplexan)",False,0,O=c1ccn(CC[C@H]2CCCO2)c(=O)[nH]1,test
Cc1cn([C@@H]2O[C@H](COP(=O)(O)O)[C@@H](O)[C@H]2O)c(=O)[nH]c1=O,4.468521082957745,1.4142135623730951,2,CHEMBL1230421,"HsDHFR (H. sapiens); TgDHFR-TS (T. gondii, apicomplexan)",False,0,O=c1ccn([C@H]2CCCO2)c(=O)[nH]1,train
Cc1cn([C@H]2CC3OP(=O)(O)OCC3O2)c(=O)[nH]c1=O,7.036212172654444,,1,CHEMBL5788763,HsDHFR (H. sapiens),False,1,O=c1ccn([C@H]2CC3O[PH](=O)OCC3O2)c(=O)[nH]1,test
Cc1cn([C@H]2C[C@H](O)[C@@H](COP(=O)(O)O)O2)c(=O)[nH]c1=O,4.492144128304169,,1,CHEMBL394429,HsDHFR (H. sapiens),False,0,O=c1ccn([C@H]2CCCO2)c(=O)[nH]1,train
Cc1nc(=O)c2cc(CN(C)c3ccc(C(=O)N[C@@H](CCC(=O)O)C(=O)O)s3)ccc2[nH]1,5.842014827271541,1.0653774223054226,8,CHEMBL225071,"HsDHFR (H. sapiens); TgDHFR-TS (T. gondii, apicomplexan)",False,0,O=c1nc[nH]c2ccc(CNc3cccs3)cc12,test
Cc1nc(N)nc(N)c1-c1ccc(Cl)c(Cl)c1,9.920818753952375,,1,CHEMBL264373,RnDHFR (R. norvegicus),False,1,c1ccc(-c2cncnc2)cc1,train
Cc1nc(N)nc(N)c1-c1ccc(Cl)cc1,6.984221243610959,1.9237766157006742,5,CHEMBL21357,"PfDHFR-TS K1 (P. falciparum, resistant)",True,1,c1ccc(-c2cncnc2)cc1,train
Cc1nc(N)nc(N)c1-c1cccc(Cl)c1,8.187086643357144,1.0896444651843997,9,CHEMBL22039,"PfDHFR-TS K1 (P. falciparum, resistant)",True,1,c1ccc(-c2cncnc2)cc1,train
Cc1nc(N)nc(N)c1-c1cccc2ccccc12,4.251811972993799,,1,CHEMBL422095,HsDHFR (H. sapiens),False,0,c1ccc2c(-c3cncnc3)cccc2c1,test
Cc1nc(N)nc(N)c1-c1ccccc1,7.435333935747911,1.378628097801178,5,CHEMBL21408,"PfDHFR-TS K1 (P. falciparum, resistant)",True,1,c1ccc(-c2cncnc2)cc1,train
Cc1nc(N)nc(N)c1C(=O)N1CCN(c2cccc(-c3cccc(C#N)c3)c2)CC1,5.522878745280337,,1,CHEMBL3940818,"TgDHFR-TS (T. gondii, apicomplexan)",False,0,O=C(c1cncnc1)N1CCN(c2cccc(-c3ccccc3)c2)CC1,train
Cc1nc(N)nc(N)c1C(=O)N1CCN(c2cccc(-c3ccccc3)c2)CC1,5.619788758288394,,1,CHEMBL3958219,"TgDHFR-TS (T. gondii, apicomplexan)",False,0,O=C(c1cncnc1)N1CCN(c2cccc(-c3ccccc3)c2)CC1,train
Cc1nc(N)nc(N)c1CCCc1ccccc1,6.086186147616283,,1,CHEMBL175747,RnDHFR (R. norvegicus),False,1,c1ccc(CCCc2cncnc2)cc1,train
Cc1nc(N)nc(N)c1CCc1ccccc1,4.892790030352131,,1,CHEMBL176882,RnDHFR (R. norvegicus),False,0,c1ccc(CCc2cncnc2)cc1,train
Cc1nc(N)nc(N)c1CN1CCN(c2cc(Cl)ccc2-c2ccccn2)CC1,6.054789490599543,0.5331709373523892,2,CHEMBL3912823,"HsDHFR (H. sapiens); TgDHFR-TS (T. gondii, apicomplexan)",False,1,c1ccc(-c2ccccc2N2CCN(Cc3cncnc3)CC2)nc1,test
Cc1nc(N)nc(N)c1CN1CCN(c2cccc(-c3cccc(C#N)c3)c2)CC1,6.367591088495232,0.4686405570665336,2,CHEMBL3901807,"HsDHFR (H. sapiens); TgDHFR-TS (T. gondii, apicomplexan)",False,1,c1ccc(-c2cccc(N3CCN(Cc4cncnc4)CC3)c2)cc1,train
Cc1nc(N)nc(N)c1CN1CCN(c2cccc(-c3ccccc3)c2)CC1,5.958607314841775,0.0,2,CHEMBL3921798,"HsDHFR (H. sapiens); TgDHFR-TS (T. gondii, apicomplexan)",False,0,c1ccc(-c2cccc(N3CCN(Cc4cncnc4)CC3)c2)cc1,train
Cc1nc(N)nc(N)c1Cc1ccc(OCc2ccccc2)c(OCc2ccccc2)c1,6.757955760630449,1.0144155771233823,15,CHEMBL279948,"PfDHFR-TS K1 (P. falciparum, resistant)",True,1,c1ccc(COc2ccc(Cc3cncnc3)cc2OCc2ccccc2)cc1,train
Cc1nc(N)nc(N)c1Cc1ccccc1,5.4736607226101555,,1,CHEMBL174633,RnDHFR (R. norvegicus),False,0,c1ccc(Cc2cncnc2)cc1,external
Cc1nc(N)nc(N)c1N1CCN(c2cccc(-c3ccccc3)c2)CC1,7.330968071301892,0.998033728551976,2,CHEMBL4459877,"HsDHFR (H. sapiens); TgDHFR-TS (T. gondii, apicomplexan)",False,1,c1ccc(-c2cccc(N3CCN(c4cncnc4)CC3)c2)cc1,train
Cc1nc(N)nc(N)c1N1CCN(c2cccc(Cl)c2)CC1,6.619788758288394,,1,CHEMBL5857341,HsDHFR (H. sapiens),False,1,c1ccc(N2CCN(c3cncnc3)CC2)cc1,train
Cc1nc(N)nc(N)c1N1CCN(c2ccccc2)CC1,5.649945906420969,,1,CHEMBL5777305,HsDHFR (H. sapiens),False,0,c1ccc(N2CCN(c3cncnc3)CC2)cc1,train
Cc1nc(N)nc(N)c1OCCCOc1cc(Cl)c(Cl)cc1Cl,6.9812787824698095,0.48240841961280084,2,CHEMBL3819601,"HsDHFR (H. sapiens); PfDHFR-TS K1 (P. falciparum, resistant)",True,1,c1ccc(OCCCOc2cncnc2)cc1,train
Cc1nc(N)nc(N)c1OCc1ccc(Cl)c(Cl)c1,5.339134521996131,,1,CHEMBL175577,RnDHFR (R. norvegicus),False,0,c1ccc(COc2cncnc2)cc1,train
Cc1nc(N)nc2[nH]cc(CCc3ccc(C(=O)N[C@@H](CCC(=O)O)C(=O)O)cc3)c12,5.920818753952375,0.10166633581773762,3,CHEMBL439973,"HsDHFR (H. sapiens); TgDHFR-TS (T. gondii, apicomplexan)",False,0,c1ccc(CCc2c[nH]c3ncncc23)cc1,test
Cc1nc(N)nc2ccc(N(C)c3ccc(OC(F)(F)F)cc3)nc12,7.886056647693163,,1,CHEMBL6044677,HsDHFR (H. sapiens),False,1,c1ccc(Nc2ccc3ncncc3n2)cc1,train
Cc1nc(N)nc2ccc(N(C)c3ccccc3)nc12,7.017728766960431,,1,CHEMBL5889333,HsDHFR (H. sapiens),False,1,c1ccc(Nc2ccc3ncncc3n2)cc1,train
Cc1nc(N)nc2ccc(N(c3ccccc3)C(C)C)nc12,6.6968039425795105,,1,CHEMBL6044548,HsDHFR (H. sapiens),False,1,c1ccc(Nc2ccc3ncncc3n2)cc1,train
Cc1nc(N)nc2ccc(Nc3cc(F)c(F)c(F)c3)nc12,6.578695380194719,0.732866161944815,2,CHEMBL5943772,HsDHFR (H. sapiens),False,1,c1ccc(Nc2ccc3ncncc3n2)cc1,train
Cc1nc(N)nc2ccc(Nc3ccc(F)c(F)c3)nc12,6.809668301829708,,1,CHEMBL5970779,HsDHFR (H. sapiens),False,1,c1ccc(Nc2ccc3ncncc3n2)cc1,train
Cc1nc(N)nc2ccc(Nc3ccc(O)cc3)nc12,6.823908740944319,,1,CHEMBL5837385,HsDHFR (H. sapiens),False,1,c1ccc(Nc2ccc3ncncc3n2)cc1,train
Cc1nc(N)nc2ccc(Nc3ccc(OC(F)(F)F)cc3)nc12,6.7121982700697735,,1,CHEMBL5797185,HsDHFR (H. sapiens),False,1,c1ccc(Nc2ccc3ncncc3n2)cc1,train
Cc1nc(N)nc2ccc(Nc3ccccc3)nc12,6.913640169325252,,1,CHEMBL5833360,HsDHFR (H. sapiens),False,1,c1ccc(Nc2ccc3ncncc3n2)cc1,train
Cc1nc2cc(Nc3nc(Nc4ccc(F)cc4)nc(-c4ccc(Cl)cc4)n3)ccc2n1Cc1ccccc1,4.372634143407267,,1,CHEMBL3746597,HsDHFR (H. sapiens),False,0,c1ccc(Cn2cnc3cc(Nc4nc(Nc5ccccc5)nc(-c5ccccc5)n4)ccc32)cc1,train
Cc1nc2cc(Nc3nc(Nc4ccc(F)cc4)nc(-c4cccs4)n3)ccc2n1Cc1ccccc1,6.142667503568731,,1,CHEMBL3746824,HsDHFR (H. sapiens),False,1,c1ccc(Cn2cnc3cc(Nc4nc(Nc5ccccc5)nc(-c5cccs5)n4)ccc32)cc1,test
Cc1nc2cc(Nc3nc(Nc4ccc(F)cc4)nc(N4CCCC4)n3)ccc2n1Cc1ccccc1,6.958607314841775,,1,CHEMBL3746911,HsDHFR (H. sapiens),False,1,c1ccc(Cn2cnc3cc(Nc4nc(Nc5ccccc5)nc(N5CCCC5)n4)ccc32)cc1,test
Cc1nc2cc(Nc3nc(Nc4ccc(F)cc4)nc(N4CCN(C)CC4)n3)ccc2n1Cc1ccccc1,6.508638306165727,,1,CHEMBL3747446,HsDHFR (H. sapiens),False,1,c1ccc(Cn2cnc3cc(Nc4nc(Nc5ccccc5)nc(N5CCNCC5)n4)ccc32)cc1,test
Cc1nc2ccc(Nc3nc(Cl)nc(Nc4ccc(F)cc4)n3)cc2n1Cc1ccccc1,6.508638306165727,,1,CHEMBL3746172,HsDHFR (H. sapiens),False,1,c1ccc(Cn2cnc3ccc(Nc4ncnc(Nc5ccccc5)n4)cc32)cc1,test
Cc1nc2ccc(Nc3nc(NCCN4CCOCC4)nc(Nc4ccc(F)cc4)n3)cc2n1Cc1ccccc1,8.698970004336019,,1,CHEMBL3747216,HsDHFR (H. sapiens),False,1,c1ccc(Cn2cnc3ccc(Nc4nc(NCCN5CCOCC5)nc(Nc5ccccc5)n4)cc32)cc1,test
Cc1nc2ccc3ccc(CNc4ccc5c(c4)CN([C@@H](CCC(=O)O)C(=O)O)C5=O)cc3c2c(=O)[nH]1,6.858688943560969,1.004017089312494,2,CHEMBL169896,"TgDHFR-TS (T. gondii, apicomplexan)",False,1,O=C1NCc2cc(NCc3ccc4ccc5nc[nH]c(=O)c5c4c3)ccc21,test
Cc1nc2nc(N)nc(N)c2c(C)c1CNc1ccc(C(=O)NC(CCC(=O)O)C(=O)O)cc1,11.69680394257951,,1,CHEMBL283138,MmDHFR (M. musculus),False,1,c1ccc(NCc2cnc3ncncc3c2)cc1,train
Cc1nc2sc3cccc(CNc4ccc(C(=O)N[C@@H](CCC(=O)O)C(=O)O)cc4)c3c2c(=O)[nH]1,5.811711521471744,0.05962387007415119,2,CHEMBL1818548,"TgDHFR-TS (T. gondii, apicomplexan)",False,0,O=c1[nH]cnc2sc3cccc(CNc4ccccc4)c3c12,train
Cc1nc2sc3cccc(CNc4ccc5c(c4)CN([C@@H](CCC(=O)O)C(=O)O)C5=O)c3c2c(=O)[nH]1,5.588262885414849,0.2212743727606341,2,CHEMBL1818549,"TgDHFR-TS (T. gondii, apicomplexan)",False,0,O=C1NCc2cc(NCc3cccc4sc5nc[nH]c(=O)c5c34)ccc21,train
Cc1ncc(-c2cccc(C3CCN(c4cnc(N)nc4N)CC3)c2)cn1,6.429457060118103,,1,CHEMBL5806347,HsDHFR (H. sapiens),False,1,c1cc(-c2cncnc2)cc(C2CCN(c3cncnc3)CC2)c1,train
Cc1ncc(-c2cccc(N3CCN(c4cnc(N)nc4N)CC3)c2)cn1,6.064683943350193,1.1826637940015383,4,CHEMBL4543226,"HsDHFR (H. sapiens); TgDHFR-TS (T. gondii, apicomplexan)",False,1,c1cc(-c2cncnc2)cc(N2CCN(c3cncnc3)CC2)c1,train
Cc1sc2nc(N)[nH]c(=O)c2c1Sc1cc(Cl)cc(Cl)c1,5.638272163982407,1.027981509909922,3,CHEMBL492839,"HsDHFR (H. sapiens); TgDHFR-TS (T. gondii, apicomplexan)",False,0,O=c1[nH]cnc2scc(Sc3ccccc3)c12,train
Cc1sc2nc(N)[nH]c(=O)c2c1Sc1ccc(C(=O)N(CCC(=O)O)C(=O)O)cc1,7.698970004336019,0.329192671677323,3,CHEMBL522363,"HsDHFR (H. sapiens); TgDHFR-TS (T. gondii, apicomplexan)",False,1,O=c1[nH]cnc2scc(Sc3ccccc3)c12,train
Cc1sc2nc(N)[nH]c(=O)c2c1Sc1ccc(C(=O)N[C@@H](CCC(=O)O)C(=O)O)cc1,7.443697499232712,,1,CHEMBL562369,"TgDHFR-TS (T. gondii, apicomplexan)",False,1,O=c1[nH]cnc2scc(Sc3ccccc3)c12,train
Cc1sc2nc(N)[nH]c(=O)c2c1Sc1ccc(Cl)c(Cl)c1,5.920818753952375,1.064495709076455,3,CHEMBL492838,"HsDHFR (H. sapiens); TgDHFR-TS (T. gondii, apicomplexan)",False,0,O=c1[nH]cnc2scc(Sc3ccccc3)c12,train
Cc1sc2nc(N)[nH]c(=O)c2c1Sc1ccc(Cl)cc1,5.823908740944319,1.0484639682463668,3,CHEMBL522517,"HsDHFR (H. sapiens); TgDHFR-TS (T. gondii, apicomplexan)",False,0,O=c1[nH]cnc2scc(Sc3ccccc3)c12,train
Cc1sc2nc(N)[nH]c(=O)c2c1Sc1ccc(F)cc1,5.585026652029182,1.0591170165887236,3,CHEMBL449543,"HsDHFR (H. sapiens); TgDHFR-TS (T. gondii, apicomplexan)",False,0,O=c1[nH]cnc2scc(Sc3ccccc3)c12,train
Cc1sc2nc(N)[nH]c(=O)c2c1Sc1ccc([N+](=O)[O-])cc1,6.251811972993799,0.6929525549157578,3,CHEMBL492836,"HsDHFR (H. sapiens); TgDHFR-TS (T. gondii, apicomplexan)",False,1,O=c1[nH]cnc2scc(Sc3ccccc3)c12,train
Cc1sc2nc(N)[nH]c(=O)c2c1Sc1ccc2ccccc2c1,5.920818753952375,0.9588824820803825,3,CHEMBL495124,"HsDHFR (H. sapiens); TgDHFR-TS (T. gondii, apicomplexan)",False,0,O=c1[nH]cnc2scc(Sc3ccc4ccccc4c3)c12,train
Cc1sc2nc(N)[nH]c(=O)c2c1Sc1ccccc1,5.455931955649724,0.9742382235563781,3,CHEMBL494067,"HsDHFR (H. sapiens); TgDHFR-TS (T. gondii, apicomplexan)",False,0,O=c1[nH]cnc2scc(Sc3ccccc3)c12,train
Cc1sc2nc(N)[nH]c(=O)c2c1Sc1ccncc1,5.853871964321762,1.012766677030699,3,CHEMBL495125,"HsDHFR (H. sapiens); TgDHFR-TS (T. gondii, apicomplexan)",False,0,O=c1[nH]cnc2scc(Sc3ccncc3)c12,train
Cl.NC1=NC(C2CC2)N(OCc2ccccc2)C(N)=N1,6.261219441515631,,1,CHEMBL1824772,HsDHFR (H. sapiens),False,1,C1=NC=NC(C2CC2)N1OCc1ccccc1,test
Cl.NC1=NC2(CCC2)N(OCc2ccccc2)C(N)=N1,6.872895201635192,,1,CHEMBL1824773,HsDHFR (H. sapiens),False,1,C1=NC=NC2(CCC2)N1OCc1ccccc1,test
Cl.NC1=NC2(CCCC2)N(OCCCCOc2cccc(C(=O)/C=C/c3ccccc3)c2)C(N)=N1,8.585026652029182,,1,CHEMBL4091106,HsDHFR (H. sapiens),False,1,O=C(/C=C/c1ccccc1)c1cccc(OCCCCON2C=NC=NC23CCCC3)c1,test
Cl.NC1=NC2(CCCC2)N(OCCCOc2cccc(C(=O)/C=C/c3ccccc3)c2)C(N)=N1,8.214670164989233,,1,CHEMBL4070144,HsDHFR (H. sapiens),False,1,O=C(/C=C/c1ccccc1)c1cccc(OCCCON2C=NC=NC23CCCC3)c1,test
Cl.NC1=NC2(CCCC2)N(OCCCOc2ccccc2)C(N)=N1,7.701146923590294,,1,CHEMBL1800937,HsDHFR (H. sapiens),False,1,C1=NC=NC2(CCCC2)N1OCCCOc1ccccc1,test
Cl.NC1=NC2(CCCC2)N(OCCOc2cccc(C(=O)/C=C/c3ccccc3)c2)C(N)=N1,7.882728704344236,,1,CHEMBL4083419,HsDHFR (H. sapiens),False,1,O=C(/C=C/c1ccccc1)c1cccc(OCCON2C=NC=NC23CCCC3)c1,test
Cl.NC1=NC2(CCCCC2)N(OCCCOc2ccc(Cl)cc2)C(N)=N1,7.309449538489641,,1,CHEMBL1800948,HsDHFR (H. sapiens),False,1,C1=NC=NC2(CCCCC2)N1OCCCOc1ccccc1,test
Cl.NC1=NC2(CCCCC2)N(c2ccc(OCc3cn(CCCCOc4ccc5ccc(=O)oc5c4)nn3)cc2)C(N)=N1,4.814741234703415,,1,CHEMBL4160822,HsDHFR (H. sapiens),False,0,O=c1ccc2ccc(OCCCCn3cc(COc4ccc(N5C=NC=NC56CCCCC6)cc4)nn3)cc2o1,test
Cl.NC1=NC2(CCCCC2)N(c2ccc(OCc3cn(CCCOc4ccc5ccc(=O)oc5c4)nn3)cc2)C(N)=N1,4.921180816901152,,1,CHEMBL4174883,HsDHFR (H. sapiens),False,0,O=c1ccc2ccc(OCCCn3cc(COc4ccc(N5C=NC=NC56CCCCC6)cc4)nn3)cc2o1,test
Cl.NC1=NC2(CCCCC2)N(c2ccc(OCc3cn(CCCc4ccccc4)nn3)cc2)C(N)=N1,5.435333935747911,,1,CHEMBL4160241,HsDHFR (H. sapiens),False,0,C1=NC=NC2(CCCCC2)N1c1ccc(OCc2cn(CCCc3ccccc3)nn2)cc1,test
Cl.NC1=NC2(CCCCCC2)N(OCc2ccccc2)C(N)=N1,5.273272790973428,,1,CHEMBL1824776,HsDHFR (H. sapiens),False,0,C1=NC=NC2(CCCCCC2)N1OCc1ccccc1,test
Cl.NC1=NC2(CCSCC2)N(OCCCOc2ccc(Br)cc2)C(N)=N1,8.189767482004916,,1,CHEMBL3952384,HsDHFR (H. sapiens),False,1,C1=NC=NC2(CCSCC2)N1OCCCOc1ccccc1,train
Cl.NC1=NC2(CCSCC2)N(OCCCOc2ccc(Cl)cc2)C(N)=N1,7.738023808602187,,1,CHEMBL3946546,HsDHFR (H. sapiens),False,1,C1=NC=NC2(CCSCC2)N1OCCCOc1ccccc1,train
Cl.NC1=NC2(CCSCC2)N(OCCCOc2ccc(Cl)cc2Cl)C(N)=N1,8.38933983691012,,1,CHEMBL3943671,HsDHFR (H. sapiens),False,1,C1=NC=NC2(CCSCC2)N1OCCCOc1ccccc1,train
Cl.Nc1nc(N)c(-c2cccc(Cl)c2)c(CCCCCOc2ccccc2)n1,7.734946211495985,,1,CHEMBL4437388,HsDHFR (H. sapiens),False,1,c1ccc(OCCCCCc2ncncc2-c2ccccc2)cc1,train
Cl.Nc1nc(N)c(-c2cccc(Cl)c2)c(CCCCOc2cccc(OCC(=O)O)c2)n1,7.872571222148401,,1,CHEMBL4447272,HsDHFR (H. sapiens),False,1,c1ccc(OCCCCc2ncncc2-c2ccccc2)cc1,train
Cl.Nc1nc(N)c(-c2cccc(Cl)c2)c(CCCCOc2cccc(OCCCC(=O)O)c2)n1,7.663140179083191,,1,CHEMBL4462327,HsDHFR (H. sapiens),False,1,c1ccc(OCCCCc2ncncc2-c2ccccc2)cc1,train
Cl.Nc1nc(N)c(-c2cccc(Cl)c2)c(CCCCOc2ccccc2)n1,7.893809102736585,,1,CHEMBL4558959,HsDHFR (H. sapiens),False,1,c1ccc(OCCCCc2ncncc2-c2ccccc2)cc1,train
Cl.Nc1nc(N)c(-c2cccc(Cl)c2)c(CCCOc2cccc(OCC(=O)O)c2)n1,7.866780543267506,,1,CHEMBL4590684,HsDHFR (H. sapiens),False,1,c1ccc(OCCCc2ncncc2-c2ccccc2)cc1,train
Cl.Nc1nc(N)c(-c2cccc(Cl)c2)c(CCCOc2cccc(OCCCC(=O)O)c2)n1,7.708853238268114,,1,CHEMBL4461699,HsDHFR (H. sapiens),False,1,c1ccc(OCCCc2ncncc2-c2ccccc2)cc1,train
Cl.Nc1nc(N)c(-c2cccc(Cl)c2)c(CCCOc2ccccc2)n1,8.059483515067432,,1,CHEMBL4565928,HsDHFR (H. sapiens),False,1,c1ccc(OCCCc2ncncc2-c2ccccc2)cc1,train
Cl.Nc1nc(N)c(-c2cccc(Cl)c2)c(CCc2ccccc2OCc2ccccc2)n1,7.842845560093719,,1,CHEMBL4459902,HsDHFR (H. sapiens),False,1,c1ccc(COc2ccccc2CCc2ncncc2-c2ccccc2)cc1,train
Cl.Nc1nc(N)c(-c2cccc(Cl)c2)c(COc2cccc(OCC(=O)O)c2)n1,7.280751601552054,,1,CHEMBL4566524,HsDHFR (H. sapiens),False,1,c1ccc(OCc2ncncc2-c2ccccc2)cc1,train
Cl.Nc1nc(N)c(-c2cccc(Cl)c2)c(COc2cccc(OCCCC(=O)O)c2)n1,7.129830278863559,,1,CHEMBL4468791,HsDHFR (H. sapiens),False,1,c1ccc(OCc2ncncc2-c2ccccc2)cc1,train
Cl.Nc1nc(N)c(-c2ccccc2)c(CCCCCOc2ccccc2)n1,7.4829361265173455,,1,CHEMBL4467953,HsDHFR (H. sapiens),False,1,c1ccc(OCCCCCc2ncncc2-c2ccccc2)cc1,train
Cl.Nc1nc(N)c(-c2ccccc2)c(CCCCOc2cccc(OCC(=O)O)c2)n1,7.3375254962496905,,1,CHEMBL4588852,HsDHFR (H. sapiens),False,1,c1ccc(OCCCCc2ncncc2-c2ccccc2)cc1,train
Cl.Nc1nc(N)c(-c2ccccc2)c(CCCCOc2cccc(OCCCC(=O)O)c2)n1,7.4579218536643745,,1,CHEMBL4546946,HsDHFR (H. sapiens),False,1,c1ccc(OCCCCc2ncncc2-c2ccccc2)cc1,train
Cl.Nc1nc(N)c(-c2ccccc2)c(CCCCOc2ccccc2)n1,7.312738653756494,,1,CHEMBL4526752,HsDHFR (H. sapiens),False,1,c1ccc(OCCCCc2ncncc2-c2ccccc2)cc1,train
Cl.Nc1nc(N)c(-c2ccccc2)c(CCCOc2cccc(OCC(=O)O)c2)n1,7.738975166007602,,1,CHEMBL4452609,HsDHFR (H. sapiens),False,1,c1ccc(OCCCc2ncncc2-c2ccccc2)cc1,train
Cl.Nc1nc(N)c(-c2ccccc2)c(CCCOc2cccc(OCCCC(=O)O)c2)n1,7.536853863273651,,1,CHEMBL4586252,HsDHFR (H. sapiens),False,1,c1ccc(OCCCc2ncncc2-c2ccccc2)cc1,train
Cl.Nc1nc(N)c(-c2ccccc2)c(CCCOc2ccccc2)n1,7.903089986991944,,1,CHEMBL4553483,HsDHFR (H. sapiens),False,1,c1ccc(OCCCc2ncncc2-c2ccccc2)cc1,train
Cl.Nc1nc(N)c(-c2ccccc2)c(CCc2ccccc2OCCCc2ccccc2)n1,7.56431486205837,,1,CHEMBL4557136,HsDHFR (H. sapiens),False,1,c1ccc(CCCOc2ccccc2CCc2ncncc2-c2ccccc2)cc1,test
Cl.Nc1nc(N)c(-c2ccccc2)c(CCc2ccccc2OCc2ccccc2)n1,7.656197666838345,,1,CHEMBL4515405,HsDHFR (H. sapiens),False,1,c1ccc(COc2ccccc2CCc2ncncc2-c2ccccc2)cc1,train
Cl.Nc1nc(N)c(-c2ccccc2)c(COc2cccc(OCC(=O)O)c2)n1,6.293384617431524,,1,CHEMBL4459356,HsDHFR (H. sapiens),False,1,c1ccc(OCc2ncncc2-c2ccccc2)cc1,train
Cl.Nc1nc(N)c(-c2ccccc2)c(COc2cccc(OCCCC(=O)O)c2)n1,6.25527684806984,,1,CHEMBL4441455,HsDHFR (H. sapiens),False,1,c1ccc(OCc2ncncc2-c2ccccc2)cc1,train
Cn1cc(-c2c(N)nc(N)nc2C2CC2)c2ccccc21,5.945042068488103,0.5546547003441239,2,CHEMBL3980903,"HsDHFR (H. sapiens); TgDHFR-TS (T. gondii, apicomplexan)",False,0,c1ccc2c(-c3cncnc3C3CC3)c[nH]c2c1,train
Cn1cc(C[C@H](N)C(=O)O)c2ccccc21,3.0915149811213505,,1,CHEMBL504816,HsDHFR (H. sapiens),False,0,c1ccc2[nH]ccc2c1,train
Cn1ccc2c3c(N)nc(N)nc3ccc21,6.638272163982407,,1,CHEMBL174414,HsDHFR (H. sapiens),False,1,c1ncc2c(ccc3[nH]ccc32)n1,train
Cn1nc(O)c(C(=O)Nc2c(F)c(F)c(-c3ccccc3)c(F)c2F)n1,7.346787486224656,,1,CHEMBL4062046,HsDHFR (H. sapiens),False,1,O=C(Nc1ccc(-c2ccccc2)cc1)c1cn[nH]n1,train
Cn1nc(O)c(C(=O)Nc2c(F)cc(-c3ccccc3)cc2F)n1,6.069050968832477,,1,CHEMBL4061824,HsDHFR (H. sapiens),False,1,O=C(Nc1ccc(-c2ccccc2)cc1)c1cn[nH]n1,train
Cn1nc(O)c(C(=O)Nc2ccc(-c3ccccc3)cc2F)n1,5.221848749616356,,1,CHEMBL4089886,HsDHFR (H. sapiens),False,0,O=C(Nc1ccc(-c2ccccc2)cc1)c1cn[nH]n1,train
Cn1nnc(O)c1C(=O)Nc1c(F)c(F)c(-c2ccccc2)c(F)c1F,7.7447274948966935,,1,CHEMBL4098306,HsDHFR (H. sapiens),False,1,O=C(Nc1ccc(-c2ccccc2)cc1)c1cnn[nH]1,test
N#CCN(Cc1ccc2nc(N)nc(O)c2c1)c1ccc(C(=O)NC(CCC(=O)O)C(=O)O)cc1,6.337242168318426,,1,CHEMBL34918,HsDHFR (H. sapiens),False,1,c1ccc(NCc2ccc3ncncc3c2)cc1,train
N#Cc1cc(F)cc(OCc2cccc3nc(N)nc(N)c23)c1,4.2839966563652006,,1,CHEMBL4077061,HsDHFR (H. sapiens),False,0,c1ccc(OCc2cccc3ncncc23)cc1,train
N#Cc1ccc(Cn2ccc3c4c(N)nc(N)nc4ccc32)cc1,8.397940008672037,0.25554289106559774,3,CHEMBL526243,HsDHFR (H. sapiens); MmDHFR (M. musculus); RnDHFR (R. norvegicus),False,1,c1ccc(Cn2ccc3c4cncnc4ccc32)cc1,train
N#Cc1ccc(Sc2cccc3nc(N)nc(N)c23)cc1,4.481486060122113,,1,CHEMBL120783,HsDHFR (H. sapiens),False,0,c1ccc(Sc2cccc3ncncc23)cc1,train
N#Cc1ccc2nc(N)nc(N)c2c1,4.920000156997057,,1,CHEMBL7246,RnDHFR (R. norvegicus),False,0,c1ccc2ncncc2c1,train
N#Cc1cccc(-c2cccc(N3CCN(c4cnc(N)nc4N)CC3)c2)c1,6.51999305704285,,1,CHEMBL5985430,HsDHFR (H. sapiens),False,1,c1ccc(-c2cccc(N3CCN(c4cncnc4)CC3)c2)cc1,train
N/C(=N/O)c1ccc(Oc2c(Cl)cncc2Cl)cc1,4.627087997029894,0.5400140199072074,7,CHEMBL365894,"PfDHFR-TS K1 (P. falciparum, resistant)",True,0,c1ccc(Oc2ccncc2)cc1,train
N/C(=N/O)c1ccc(Oc2cc(Cl)cc(Cl)c2)c([N+](=O)[O-])c1,5.008773924307505,0.5484002243912484,7,CHEMBL186838,"PfDHFR-TS K1 (P. falciparum, resistant)",True,0,c1ccc(Oc2ccccc2)cc1,test
N/C(=N\O)c1ccc(CNC(=O)c2ccc(Cl)cc2)cc1,4.2441251443275085,0.6347032773736333,7,CHEMBL95274,"PfDHFR-TS K1 (P. falciparum, resistant)",True,0,O=C(NCc1ccccc1)c1ccccc1,test
N/C(=N\O)c1cccc(CS(=O)(=O)c2ccc(Cl)cc2)c1,4.42021640338319,0.7488101107939895,7,CHEMBL95609,"PfDHFR-TS K1 (P. falciparum, resistant)",True,0,O=S(=O)(Cc1ccccc1)c1ccccc1,test
N/N=C(\S)Nc1ccc(OCc2ccccc2)cc1,4.863279432843593,0.46825677022946927,7,CHEMBL95783,"PfDHFR-TS K1 (P. falciparum, resistant)",True,0,c1ccc(COc2ccccc2)cc1,test
N=C(N)NC(=N)NCCc1ccccc1,3.853871964321762,,1,CHEMBL170988,HsDHFR (H. sapiens),False,0,c1ccccc1,train
N=C(S)N/N=C/c1ccc(Oc2ncc(C(F)(F)F)cc2Cl)cc1,5.045757490560675,0.3581430707718102,7,CHEMBL94470,"PfDHFR-TS K1 (P. falciparum, resistant)",True,0,c1ccc(Oc2ccccn2)cc1,test
NC(=O)C1CCCN1C(=O)Cc1ccc(N(CCCO)Cc2cnc3nc(N)nc(N)c3n2)cc1,4.0,,1,CHEMBL5200612,HsDHFR (H. sapiens),False,0,O=C(Cc1ccc(NCc2cnc3ncncc3n2)cc1)N1CCCC1,test
NC(=O)C1CCN(C(=O)Cc2ccc(N(CCCO)Cc3cnc4nc(N)nc(N)c4n3)cc2)CC1,4.447331783887806,,1,CHEMBL5188304,HsDHFR (H. sapiens),False,0,O=C(Cc1ccc(NCc2cnc3ncncc3n2)cc1)N1CCCCC1,train
NC(=O)C1CCN(C(=O)c2ccc(NCc3cnc4nc(N)nc(N)c4n3)cc2)CC1,4.499360358646998,0.4416217233355461,2,CHEMBL2178599,HsDHFR (H. sapiens),False,0,O=C(c1ccc(NCc2cnc3ncncc3n2)cc1)N1CCCCC1,train
NC(=O)COc1cccc(Cc2cnc(N)nc2N)c1,4.2699999970646445,,1,CHEMBL31055,GgDHFR (G. gallus),False,0,c1ccc(Cc2cncnc2)cc1,external
NC(=O)COc1ccccc1Cc1cnc(N)nc1N,4.469999943783888,,1,CHEMBL136925,GgDHFR (G. gallus),False,0,c1ccc(Cc2cncnc2)cc1,external
NC(=O)c1ccc[n+]([C@H]2O[C@@H](COP(=O)([O-])OP(=O)(O)OC[C@H]3O[C@@H](n4cnc5c(N)ncnc54)[C@H](OP(=O)(O)O)[C@@H]3O)[C@H](O)[C@@H]2O)c1,8.083267069914655,0.3459662368661255,2,CHEMBL2364573,"PfDHFR-TS K1 (P. falciparum, resistant)",True,1,O=[PH](OC[C@H]1CC[C@@H]([n+]2ccccc2)O1)O[PH](=O)OC[C@@H]1CC[C@H](n2cnc3cncnc32)O1,test
NC(=S)N/N=C/c1ccccc1,4.528708288941061,0.233848751887235,7,CHEMBL243185,"PfDHFR-TS K1 (P. falciparum, resistant)",True,0,c1ccccc1,train
NC1=NC(c2ccc(Oc3ccccc3)cc2)N(c2ccc(Cl)cc2)C(N)=N1,6.838631997765026,1.3621926198298397,11,CHEMBL161034,"PfDHFR-TS K1 (P. falciparum, resistant)",True,1,C1=NC=NC(c2ccc(Oc3ccccc3)cc2)N1c1ccccc1,train
NC1=NC(c2ccc(Oc3ccccc3)cc2)N(c2cccc(Cl)c2)C(N)=N1,8.397940008672037,1.6970784315079708,11,CHEMBL161451,"PfDHFR-TS K1 (P. falciparum, resistant)",True,1,C1=NC=NC(c2ccc(Oc3ccccc3)cc2)N1c1ccccc1,train
NC1=NC(c2cccc(OCCCOc3cc(Cl)c(Cl)cc3Cl)c2)N(c2cccc(Cl)c2)C(N)=N1,6.431798275933005,1.6337543048694507,11,CHEMBL159052,"PfDHFR-TS K1 (P. falciparum, resistant)",True,1,C1=NC=NC(c2cccc(OCCCOc3ccccc3)c2)N1c1ccccc1,test
NC1=NC(c2cccc(OCc3ccccc3)c2)N(c2ccc(Cl)cc2)C(N)=N1,6.657577319177793,1.3510131077356737,5,CHEMBL351099,"PfDHFR-TS K1 (P. falciparum, resistant)",True,1,C1=NC=NC(c2cccc(OCc3ccccc3)c2)N1c1ccccc1,train
NC1=NC(c2cccc(OCc3ccccc3)c2)N(c2cccc(Cl)c2)C(N)=N1,6.721246399047171,1.5875170505698135,11,CHEMBL354011,"PfDHFR-TS K1 (P. falciparum, resistant)",True,1,C1=NC=NC(c2cccc(OCc3ccccc3)c2)N1c1ccccc1,train
NC1=NC(c2cccc(Oc3cc(Cl)cc(Cl)c3)c2)N(c2cccc(Cl)c2)C(N)=N1,7.301029995663981,1.6976933117217485,11,CHEMBL161757,"PfDHFR-TS K1 (P. falciparum, resistant)",True,1,C1=NC=NC(c2cccc(Oc3ccccc3)c2)N1c1ccccc1,train
NC1=NC(c2cccc(Oc3ccc(Cl)cc3)c2)N(c2ccc(Cl)cc2)C(N)=N1,6.376750709602099,1.1968667432724784,11,CHEMBL352195,"PfDHFR-TS K1 (P. falciparum, resistant)",True,1,C1=NC=NC(c2cccc(Oc3ccccc3)c2)N1c1ccccc1,train
NC1=NC(c2cccc(Oc3ccc(Cl)cc3)c2)N(c2cccc(Cl)c2)C(N)=N1,6.4089353929735005,1.5020241651648127,11,CHEMBL158570,"PfDHFR-TS K1 (P. falciparum, resistant)",True,1,C1=NC=NC(c2cccc(Oc3ccccc3)c2)N1c1ccccc1,train
NC1=NC(c2cccc(Oc3cccc(C(F)(F)F)c3)c2)N(c2cccc(Cl)c2)C(N)=N1,6.7447274948966935,1.5669623346116113,11,CHEMBL348151,"PfDHFR-TS K1 (P. falciparum, resistant)",True,1,C1=NC=NC(c2cccc(Oc3ccccc3)c2)N1c1ccccc1,train
NC1=NC(c2cccc(Oc3ccccc3)c2)N(c2ccc(Cl)cc2)C(N)=N1,7.627087997029894,1.1302508862995408,5,CHEMBL159032,"PfDHFR-TS K1 (P. falciparum, resistant)",True,1,C1=NC=NC(c2cccc(Oc3ccccc3)c2)N1c1ccccc1,train
NC1=NC(c2cccc(Oc3ccccc3)c2)N(c2cccc(Cl)c2)C(N)=N1,7.221848749616356,1.5433667260186392,11,CHEMBL161117,"PfDHFR-TS K1 (P. falciparum, resistant)",True,1,C1=NC=NC(c2cccc(Oc3ccccc3)c2)N1c1ccccc1,train
NC1=NC(c2ccccc2)N(c2ccc(Br)cc2)C(N)=N1,7.79167974633086,1.054893370586128,2,CHEMBL93893,"PfDHFR-TS K1 (P. falciparum, resistant)",True,1,C1=NC=NC(c2ccccc2)N1c1ccccc1,train
NC1=NC(c2ccccc2)N(c2ccc(Cl)c(Cl)c2)C(N)=N1,8.377243666092925,0.5920412056417633,2,CHEMBL93974,"PfDHFR-TS K1 (P. falciparum, resistant)",True,1,C1=NC=NC(c2ccccc2)N1c1ccccc1,train
NC1=NC(c2ccccc2)N(c2ccc(Cl)cc2)C(N)=N1,7.30715308072277,1.1122734550194455,7,CHEMBL93889,"PfDHFR-TS K1 (P. falciparum, resistant)",True,1,C1=NC=NC(c2ccccc2)N1c1ccccc1,train
NC1=NC(c2ccccc2)N(c2cccc(Cl)c2)C(N)=N1,6.698970004336019,0.7714772420757461,13,CHEMBL329687,"PfDHFR-TS K1 (P. falciparum, resistant)",True,1,C1=NC=NC(c2ccccc2)N1c1ccccc1,train
NC1=NC2(CCCC2)N(OCc2ccccc2)C(N)=N1,6.761953896871205,,1,CHEMBL1824774,HsDHFR (H. sapiens),False,1,C1=NC=NC2(CCCC2)N1OCc1ccccc1,test
NC1=NC2(CCCCC2)N(OCc2ccccc2)C(N)=N1,5.747146969020107,,1,CHEMBL1824775,HsDHFR (H. sapiens),False,0,C1=NC=NC2(CCCCC2)N1OCc1ccccc1,test
NC1=NC2(CCCCC2)N(c2cccc(C(F)(F)F)c2)C(N)=N1,4.8804142250382165,,1,CHEMBL4105317,HsDHFR (H. sapiens),False,0,C1=NC=NC2(CCCCC2)N1c1ccccc1,test
NC1=NC2(CCN(C(=O)Nc3ccc(F)cc3)CC2)N(c2cccc(Cl)c2)C(N)=N1,6.275724130399211,,1,CHEMBL4170787,HsDHFR (H. sapiens),False,1,O=C(Nc1ccccc1)N1CCC2(CC1)N=CN=CN2c1ccccc1,test
NC1=NCN(c2ccc(Cl)cc2)C(N)=N1,7.61261017366127,1.4430234368144548,3,CHEMBL90018,"PfDHFR-TS K1 (P. falciparum, resistant)",True,1,C1=NC=NCN1c1ccccc1,external
NC1=NCN(c2ccc(F)cc2)C(N)=N1,6.568636235841012,0.37027921804796826,3,CHEMBL93001,"PfDHFR-TS K1 (P. falciparum, resistant)",True,1,C1=NC=NCN1c1ccccc1,external
NC1=NCN(c2ccccc2)C(N)=N1,6.482804102050025,0.43007071821894394,3,CHEMBL92846,"PfDHFR-TS K1 (P. falciparum, resistant)",True,1,C1=NC=NCN1c1ccccc1,external
NCCCC(NC(=O)c1ccc(NCC2CNc3nc(N)nc(O)c3C2)cc1)C(=O)O,5.698970004336019,,1,CHEMBL289923,HsDHFR (H. sapiens),False,0,c1ccc(NCC2CNc3ncncc3C2)cc1,train
NCCCC(NC(=O)c1ccc(NCc2ccc3nc(N)nc(N)c3c2)cc1)C(=O)O,7.455931955649724,,1,CHEMBL32439,HsDHFR (H. sapiens),False,1,c1ccc(NCc2ccc3ncncc3c2)cc1,train
NCCCC(NC(=O)c1ccc(NCc2ccc3nc(N)nc(N)c3c2Cl)cc1)C(=O)O,8.522878745280337,,1,CHEMBL38937,HsDHFR (H. sapiens),False,1,c1ccc(NCc2ccc3ncncc3c2)cc1,train
NCCCC(NC(=O)c1ccc(NCc2ccc3nc(N)nc(N)c3n2)cc1)C(=O)O,7.795880017344075,,1,CHEMBL35921,HsDHFR (H. sapiens),False,1,c1ccc(NCc2ccc3ncncc3n2)cc1,train
NCCCC(NC(=O)c1ccc(NCc2ccc3nc(N)nc(O)c3c2)cc1)C(=O)O,6.1249387366083,,1,CHEMBL35807,HsDHFR (H. sapiens),False,1,c1ccc(NCc2ccc3ncncc3c2)cc1,train
NCCCC(NC(=O)c1ccc(NCc2ccc3nc(N)nc(O)c3c2Cl)cc1)C(=O)O,6.366531544420413,0.0,2,CHEMBL288142,HsDHFR (H. sapiens),False,1,c1ccc(NCc2ccc3ncncc3c2)cc1,train
NCCCC(NC(=O)c1ccc(NCc2cnc3nc(N)nc(N)c3c2)cc1)C(=O)O,4.568636235841013,,1,CHEMBL287532,HsDHFR (H. sapiens),False,0,c1ccc(NCc2cnc3ncncc3c2)cc1,train
NCCCC(NC(=O)c1ccc(NCc2cnc3nc(N)nc(N)c3n2)cc1)C(=O)O,7.142667503568731,0.0,3,CHEMBL280864,HsDHFR (H. sapiens); MmDHFR (M. musculus),False,1,c1ccc(NCc2cnc3ncncc3n2)cc1,external
NCCCC(NC(=O)c1ccc(NCc2cnc3nc(N)nc(O)c3c2)cc1)C(=O)O,5.070581074285707,,1,CHEMBL35231,HsDHFR (H. sapiens),False,0,c1ccc(NCc2cnc3ncncc3c2)cc1,train
NCCCC(NC(=O)c1ccc(OCc2ccc3nc(N)nc(O)c3c2)cc1)C(=O)O,6.275724130399211,,1,CHEMBL289372,HsDHFR (H. sapiens),False,1,c1ccc(OCc2ccc3ncncc3c2)cc1,train
NCCCC(NC(=O)c1ccc(OCc2ccc3ncnc(O)c3c2)cc1)C(=O)O,5.42021640338319,,1,CHEMBL39107,HsDHFR (H. sapiens),False,0,c1ccc(OCc2ccc3ncncc3c2)cc1,train
NCCCC(NC(=O)c1ccc(SCc2ccc3nc(N)nc(O)c3c2)cc1)C(=O)O,5.823908740944319,,1,CHEMBL41161,HsDHFR (H. sapiens),False,0,c1ccc(SCc2ccc3ncncc3c2)cc1,train
NCCCC(NC(=O)c1ccc(SCc2ccc3ncnc(O)c3c2)cc1)C(=O)O,5.42021640338319,,1,CHEMBL43288,HsDHFR (H. sapiens),False,0,c1ccc(SCc2ccc3ncncc3c2)cc1,train
NCCCCCCNc1ccc(-c2cnc(N)nc2N)cc1[N+](=O)[O-],4.3979400086720375,,1,CHEMBL5565442,HsDHFR (H. sapiens),False,0,c1ccc(-c2cncnc2)cc1,train
NCc1ccc2nc(N)nc(N)c2c1,5.030000139977383,,1,CHEMBL6950,RnDHFR (R. norvegicus),False,0,c1ccc2ncncc2c1,train
NNC(=O)c1csc2nc(CN3CCOCC3)c(-c3ccc(Br)cc3)n12,5.484523558617624,,1,CHEMBL5204650,HsDHFR (H. sapiens),False,0,c1ccc(-c2c(CN3CCOCC3)nc3sccn23)cc1,train
NNc1nc2ccccc2nc1NN,5.443697499232712,0.405222621514063,7,CHEMBL95567,"PfDHFR-TS K1 (P. falciparum, resistant)",True,0,c1ccc2nccnc2c1,test
NS(=O)(=O)c1ccc(N2C(=O)/C(=C/c3ccc(OC(=O)c4ccccc4)cc3)N=C2c2ccccc2)cc1,6.552841968657781,,1,CHEMBL5271705,HsDHFR (H. sapiens),False,1,O=C(Oc1ccc(/C=C2\N=C(c3ccccc3)N(c3ccccc3)C2=O)cc1)c1ccccc1,train
N[C@H](Cc1c[nH]c2ccccc12)C(=O)O,3.0555173278498318,,1,CHEMBL292303,HsDHFR (H. sapiens),False,0,c1ccc2[nH]ccc2c1,train
Nc1c(/N=N/c2ccc(-c3ccc(/N=N/c4cc(S(=O)(=O)[O-])c5ccccc5c4N)cc3)cc2)cc(S(=O)(=O)[O-])c2ccccc12.[Na+].[Na+],6.3979400086720375,,1,CHEMBL429694,GgDHFR (G. gallus),False,1,c1ccc2cc(/N=N/c3ccc(-c4ccc(/N=N/c5ccc6ccccc6c5)cc4)cc3)ccc2c1,test
Nc1cc(C(F)(F)F)cc2nc(-c3ccccc3)c(Nc3ccc(C(=O)N4CCC(C(=O)O)CC4)cc3)nc12,4.267606240177032,,1,CHEMBL4776197,HsDHFR (H. sapiens),False,0,O=C(c1ccc(Nc2nc3ccccc3nc2-c2ccccc2)cc1)N1CCCCC1,test
Nc1cc(N)c2c(CCc3ccc(C(=O)NC(CCC(=O)O)C(=O)O)cc3)coc2n1,6.0,,1,CHEMBL57444,HsDHFR (H. sapiens),False,1,c1ccc(CCc2coc3ncccc23)cc1,train
Nc1cc(N)c2cc(CCc3ccc(C(=O)NC(CCC(=O)O)C(=O)O)cc3)ccc2c1,7.853871964321762,,1,CHEMBL109260,HsDHFR (H. sapiens),False,1,c1ccc(CCc2ccc3ccccc3c2)cc1,test
Nc1ccc(-c2ccc3c(N)nc(N)nc3c2)cc1,6.153662887870195,0.0,2,CHEMBL1818109,HsDHFR (H. sapiens),False,1,c1ccc(-c2ccc3cncnc3c2)cc1,train
Nc1ccc(C(=O)N[C@@H](CCC(=O)O)C(=O)O)cc1,3.7447274948966935,,1,CHEMBL3278332,HsDHFR (H. sapiens),False,0,c1ccccc1,train
Nc1ccc(Cc2cnc(N)nc2N)cc1,3.7300000085508787,,1,CHEMBL19672,GgDHFR (G. gallus),False,0,c1ccc(Cc2cncnc2)cc1,external
Nc1ccc(S(=O)(=O)Nc2ncccn2)cc1,6.886056647693163,,1,CHEMBL439,HsDHFR (H. sapiens),False,1,O=S(=O)(Nc1ncccn1)c1ccccc1,test
Nc1ccc(Sc2cccc3nc(N)nc(N)c23)cc1,6.494850021680094,,1,CHEMBL333769,HsDHFR (H. sapiens),False,1,c1ccc(Sc2cccc3ncncc23)cc1,train
Nc1ccc2c(c1)/C(=C/c1cn(CC(O)Cn3cc(/C=C4\C(=O)Nc5ccc(N)cc54)c4ccccc43)c3ccccc13)C(=O)N2,6.522878745280337,,1,CHEMBL3786413,HsDHFR (H. sapiens),False,1,O=C1Nc2ccccc2/C1=C/c1cn(CCCn2cc(/C=C3\C(=O)Nc4ccccc43)c3ccccc32)c2ccccc12,train
Nc1ccc2nc(N)nc(N)c2c1,4.569999968362492,,1,CHEMBL6885,RnDHFR (R. norvegicus),False,0,c1ccc2ncncc2c1,train
Nc1ccc2nc(SC/C=C/c3ccccc3)n(Cc3ccccc3)c(=O)c2c1,5.221848749616356,,1,CHEMBL1093818,HsDHFR (H. sapiens),False,0,O=c1c2ccccc2nc(SC/C=C/c2ccccc2)n1Cc1ccccc1,train
Nc1cccn2cc(Cc3ccccc3)c(=O)nc12,5.059483515067432,,1,CHEMBL3218941,HsDHFR (H. sapiens),False,0,O=c1nc2ccccn2cc1Cc1ccccc1,train
Nc1ccnc(N)n1,3.7447274948966935,,1,CHEMBL1233987,HsDHFR (H. sapiens),False,0,c1cncnc1,test
Nc1nc(=O)c2c([nH]1)NCC(CNc1ccc(C(=O)N[C@@H](CCC(=O)O)C(=O)O)cc1)N2C=O,5.625251653989896,,1,CHEMBL1679,HsDHFR (H. sapiens),False,0,O=c1nc[nH]c2c1NC(CNc1ccccc1)CN2,test
Nc1nc(=O)c2cc(CSc3ccc(C(=O)NC(CCC(=O)O)C(=O)O)cc3)ccc2[nH]1,6.481486060122112,0.0,3,CHEMBL138870,HsDHFR (H. sapiens),False,1,O=c1nc[nH]c2ccc(CSc3ccccc3)cc12,test
Nc1nc(=O)c2cc(NCc3ccc(C(=O)NC(CCC(=O)O)C(=O)O)cc3)ccc2[nH]1,6.958607314841775,0.0,2,CHEMBL36739,HsDHFR (H. sapiens),False,1,O=c1nc[nH]c2ccc(NCc3ccccc3)cc12,test
Nc1nc(Cl)c2cc(-c3cccc(Cl)c3)[nH]c2n1,5.376750709602099,,1,CHEMBL3935452,HsDHFR (H. sapiens),False,0,c1ccc(-c2cc3cncnc3[nH]2)cc1,test
Nc1nc(N)c(-c2c[nH]c3ccccc23)c(C2CC2)n1,5.821509299503434,0.3103481878751452,2,CHEMBL3910843,"HsDHFR (H. sapiens); TgDHFR-TS (T. gondii, apicomplexan)",False,0,c1ccc2c(-c3cncnc3C3CC3)c[nH]c2c1,train
Nc1nc(N)c(-c2ccc(Cl)cc2)c(CCCc2ccccc2)n1,7.82102305270683,1.3624122870065813,9,CHEMBL21691,"PfDHFR-TS K1 (P. falciparum, resistant)",True,1,c1ccc(CCCc2ncncc2-c2ccccc2)cc1,train
Nc1nc(N)c(-c2ccc(NC(=O)C3CC3)cc2)c(COCc2ccccc2)n1,4.552841968657781,,1,CHEMBL211265,HsDHFR (H. sapiens),False,0,O=C(Nc1ccc(-c2cncnc2COCc2ccccc2)cc1)C1CC1,test
Nc1nc(N)c(-c2ccc(NCc3ccc(Cl)cc3)cc2)c(COCc2ccccc2)n1,6.522878745280337,,1,CHEMBL425048,HsDHFR (H. sapiens),False,1,c1ccc(CNc2ccc(-c3cncnc3COCc3ccccc3)cc2)cc1,test
Nc1nc(N)c(-c2cccc(Cl)c2)c(CCCO)n1,6.601366229584642,1.315024558543937,8,CHEMBL422005,"PfDHFR-TS K1 (P. falciparum, resistant)",True,1,c1ccc(-c2cncnc2)cc1,train
Nc1nc(N)c(-c2cccc(Cl)c2)c(CCCOC(=O)OCc2ccccc2)n1,7.082471949139942,1.8024190842907615,8,CHEMBL352441,"PfDHFR-TS K1 (P. falciparum, resistant)",True,1,O=C(OCCCc1ncncc1-c1ccccc1)OCc1ccccc1,test
Nc1nc(N)c(-c2cccc(Cl)c2)c(CCCOC(=O)c2ccccc2)n1,7.082471949139942,1.7905443199120614,8,CHEMBL346932,"PfDHFR-TS K1 (P. falciparum, resistant)",True,1,O=C(OCCCc1ncncc1-c1ccccc1)c1ccccc1,train
Nc1nc(N)c(-c2cccc(Cl)c2)c(CCCc2ccccc2)n1,8.3767507096021,1.5660004399249539,13,CHEMBL21921,"PfDHFR-TS K1 (P. falciparum, resistant)",True,1,c1ccc(CCCc2ncncc2-c2ccccc2)cc1,train
Nc1nc(N)c(-c2cccc(Cl)c2)c(CCOCCCOc2ccccc2)n1,8.721246399047171,1.702788798234974,13,CHEMBL22403,"PfDHFR-TS K1 (P. falciparum, resistant)",True,1,c1ccc(OCCCOCCc2ncncc2-c2ccccc2)cc1,test
Nc1nc(N)c(-c2ccccc2)c(CCCO)n1,6.993897851984628,0.4264958039532384,4,CHEMBL159040,"PfDHFR-TS K1 (P. falciparum, resistant)",True,1,c1ccc(-c2cncnc2)cc1,train
Nc1nc(N)c(-c2ccccc2)c(CCCOC(=O)c2ccccc2)n1,8.518578659399378,0.5327765169367736,4,CHEMBL162126,"PfDHFR-TS K1 (P. falciparum, resistant)",True,1,O=C(OCCCc1ncncc1-c1ccccc1)c1ccccc1,train
Nc1nc(N)c(-c2ccccc2)c(CCCc2ccccc2)n1,8.473845450176338,1.7032519603028187,12,CHEMBL22693,"PfDHFR-TS K1 (P. falciparum, resistant)",True,1,c1ccc(CCCc2ncncc2-c2ccccc2)cc1,train
Nc1nc(N)c(N2CCN(c3ccccc3)CC2)c(CC2CC2)n1,5.230032198670557,,1,CHEMBL5975024,HsDHFR (H. sapiens),False,0,c1ccc(N2CCN(c3cncnc3CC3CC3)CC2)cc1,test
Nc1nc(N)c2[nH]c(-c3c(Cl)cccc3Cl)nc2n1,4.958607314841775,0.0,2,CHEMBL318601,"RnDHFR (R. norvegicus); TgDHFR-TS (T. gondii, apicomplexan)",False,0,c1ccc(-c2nc3ncncc3[nH]2)cc1,train
Nc1nc(N)c2[nH]c(-c3ccccc3)nc2n1,4.386286583509494,0.18085201067952236,6,CHEMBL66077,"RnDHFR (R. norvegicus); TgDHFR-TS (T. gondii, apicomplexan)",False,0,c1ccc(-c2nc3ncncc3[nH]2)cc1,train
Nc1nc(N)c2[nH]c(-c3ccncc3)nc2n1,4.721848749616356,0.03235543186553259,2,CHEMBL317618,"RnDHFR (R. norvegicus); TgDHFR-TS (T. gondii, apicomplexan)",False,0,c1cc(-c2nc3ncncc3[nH]2)ccn1,test
Nc1nc(N)c2[nH]c(Cc3ccc(Cl)c(Cl)c3)nc2n1,3.5985994592184563,,1,CHEMBL187611,RnDHFR (R. norvegicus),False,0,c1ccc(Cc2nc3ncncc3[nH]2)cc1,test
Nc1nc(N)c2c(/C=C/c3ccc4ccccc4c3)cccc2n1,5.520000247408364,,1,CHEMBL6823,RnDHFR (R. norvegicus),False,0,C(=C/c1cccc2ncncc12)\c1ccc2ccccc2c1,test
Nc1nc(N)c2c(/C=C/c3ccccc3)cccc2n1,7.094212497064703,1.533561975331857,4,CHEMBL164845,"HsDHFR (H. sapiens); RnDHFR (R. norvegicus); TgDHFR-TS (T. gondii, apicomplexan)",False,1,C(=C/c1cccc2ncncc12)\c1ccccc1,test
Nc1nc(N)c2c(/C=C\c3ccc4ccccc4c3)cccc2n1,5.280000380871156,,1,CHEMBL267928,RnDHFR (R. norvegicus),False,0,C(=C\c1cccc2ncncc12)\c1ccc2ccccc2c1,test
Nc1nc(N)c2c(C#Cc3ccccc3)cccc2n1,7.016373712875465,,1,CHEMBL355151,HsDHFR (H. sapiens),False,1,C(#Cc1cccc2ncncc12)c1ccccc1,train
Nc1nc(N)c2c(CCCCc3ccc(C(=O)N[C@@H](CCC(=O)O)C(=O)O)cc3)coc2n1,4.6777807052660805,,1,CHEMBL193275,HsDHFR (H. sapiens),False,0,c1ccc(CCCCc2coc3ncncc23)cc1,test
Nc1nc(N)c2c(CCCc3cc(Cl)ccc3Cl)c[nH]c2n1,5.320000083770781,0.3390200062936714,3,CHEMBL597383,"RnDHFR (R. norvegicus); TgDHFR-TS (T. gondii, apicomplexan)",False,0,c1ccc(CCCc2c[nH]c3ncncc23)cc1,train
Nc1nc(N)c2c(CCCc3ccc(C(=O)N[C@@H](CCC(=O)O)C(=O)O)cc3)coc2n1,5.045757490560675,0.0,2,CHEMBL223279,HsDHFR (H. sapiens),False,0,c1ccc(CCCc2coc3ncncc23)cc1,test
Nc1nc(N)c2c(CCCc3ccc(OCc4ccccc4)cc3)c[nH]c2n1,5.988168040901103,0.27193633079626606,2,CHEMBL597961,"RnDHFR (R. norvegicus); TgDHFR-TS (T. gondii, apicomplexan)",False,0,c1ccc(COc2ccc(CCCc3c[nH]c4ncncc34)cc2)cc1,test
Nc1nc(N)c2c(CCCc3ccc4c(c3)CCCC4)c[nH]c2n1,5.979126064138367,0.02120350868417535,4,CHEMBL597962,"RnDHFR (R. norvegicus); TgDHFR-TS (T. gondii, apicomplexan)",False,0,c1ncc2c(CCCc3ccc4c(c3)CCCC4)c[nH]c2n1,test
Nc1nc(N)c2c(CCCc3cccc4c3CCCC4)c[nH]c2n1,5.854982694318741,0.03821494387045409,4,CHEMBL591930,"RnDHFR (R. norvegicus); TgDHFR-TS (T. gondii, apicomplexan)",False,0,c1cc2c(c(CCCc3c[nH]c4ncncc34)c1)CCCC2,test
Nc1nc(N)c2c(CCCc3ccccc3)c[nH]c2n1,5.319318127666917,0.28958661814169895,4,CHEMBL607583,"RnDHFR (R. norvegicus); TgDHFR-TS (T. gondii, apicomplexan)",False,0,c1ccc(CCCc2c[nH]c3ncncc23)cc1,train
Nc1nc(N)c2c(CCc3ccc(C(=O)N[C@@H](CCC(=O)O)C(=O)O)cc3)coc2n1,6.0,0.3257104454936984,6,CHEMBL323565,HsDHFR (H. sapiens),False,1,c1ccc(CCc2coc3ncncc23)cc1,train
Nc1nc(N)c2c(CCc3ccc4ccccc4c3)cccc2n1,7.700057099977233,,1,CHEMBL7134,RnDHFR (R. norvegicus),False,1,c1ccc2cc(CCc3cccc4ncncc34)ccc2c1,test
Nc1nc(N)c2c(CCc3ccccc3)cccc2n1,7.035035219957706,1.0634180744558217,4,CHEMBL341703,"HsDHFR (H. sapiens); RnDHFR (R. norvegicus); TgDHFR-TS (T. gondii, apicomplexan)",False,1,c1ccc(CCc2cccc3ncncc23)cc1,train
Nc1nc(N)c2c(CNCc3ccc(C(=O)N[C@@H](CCC(=O)O)C(=O)O)cc3)coc2n1,4.757850080326607,0.34245170052966784,2,CHEMBL106699,HsDHFR (H. sapiens),False,0,c1ccc(CNCc2coc3ncncc23)cc1,test
Nc1nc(N)c2c(CNc3cc(Cl)c(-n4cccc4)c(Cl)c3)c(Br)sc2n1,4.792513326014591,0.2934304683618504,2,CHEMBL331351,"RnDHFR (R. norvegicus); TgDHFR-TS (T. gondii, apicomplexan)",False,0,c1ccn(-c2ccc(NCc3csc4ncncc34)cc2)c1,test
Nc1nc(N)c2c(CNc3cc(Cl)c(Cl)c(Cl)c3)coc2n1,4.591760034688151,0.001016177691708063,3,CHEMBL17235,RnDHFR (R. norvegicus),False,0,c1ccc(NCc2coc3ncncc23)cc1,train
Nc1nc(N)c2c(CNc3cc(Cl)ccc3Cl)coc2n1,4.1432711096171175,0.0,2,CHEMBL277438,RnDHFR (R. norvegicus),False,0,c1ccc(NCc2coc3ncncc23)cc1,train
Nc1nc(N)c2c(CNc3ccc(C(=O)NC(CCC(=O)O)C(=O)O)cc3)c[nH]c2n1,7.017164014389946,0.39188608976225997,4,CHEMBL17232,"RnDHFR (R. norvegicus); TgDHFR-TS (T. gondii, apicomplexan)",False,1,c1ccc(NCc2c[nH]c3ncncc23)cc1,train
Nc1nc(N)c2c(CNc3ccc(C(=O)NC(CCC(=O)O)C(=O)O)cc3)cccc2n1,8.918121238009022,0.4942464299119894,2,CHEMBL162476,HsDHFR (H. sapiens),False,1,c1ccc(NCc2cccc3ncncc23)cc1,train
Nc1nc(N)c2c(CNc3ccc(C(=O)NC(CCC(=O)O)C(=O)O)cc3)coc2n1,6.154901959985743,0.19840578737458917,5,CHEMBL17383,"HsDHFR (H. sapiens); RnDHFR (R. norvegicus); TgDHFR-TS (T. gondii, apicomplexan)",False,1,c1ccc(NCc2coc3ncncc23)cc1,train
Nc1nc(N)c2c(CNc3ccc(C(=O)N[C@@H](CCC(=O)O)C(=O)O)cc3)coc2n1,6.346787486224656,0.1806811615913414,5,CHEMBL106628,"HsDHFR (H. sapiens); TgDHFR-TS (T. gondii, apicomplexan)",False,1,c1ccc(NCc2coc3ncncc23)cc1,train
Nc1nc(N)c2c(CNc3ccc(Cl)c(Cl)c3)c[nH]c2n1,5.345999558888211,0.528408501199918,12,CHEMBL17873,"RnDHFR (R. norvegicus); TgDHFR-TS (T. gondii, apicomplexan)",False,0,c1ccc(NCc2c[nH]c3ncncc23)cc1,train
Nc1nc(N)c2c(CNc3ccc(Cl)c(Cl)c3)coc2n1,4.250000002701933,0.22066619716915487,6,CHEMBL274278,"RnDHFR (R. norvegicus); TgDHFR-TS (T. gondii, apicomplexan)",False,0,c1ccc(NCc2coc3ncncc23)cc1,train
Nc1nc(N)c2c(CNc3ccc(Oc4ccccc4)cc3)coc2n1,4.489999942195333,0.15854397100999645,9,CHEMBL23297,"RnDHFR (R. norvegicus); TgDHFR-TS (T. gondii, apicomplexan)",False,0,c1ccc(Oc2ccc(NCc3coc4ncncc34)cc2)cc1,test
Nc1nc(N)c2c(CNc3ccc4c(c3)C(O)c3ccccc3-4)coc2n1,4.2003297405812985,0.0004662803043213939,2,CHEMBL597784,"TgDHFR-TS (T. gondii, apicomplexan)",False,0,c1ccc2c(c1)Cc1cc(NCc3coc4ncncc34)ccc1-2,train
Nc1nc(N)c2c(CNc3ccc4c(c3)Cc3ccccc3-4)coc2n1,4.558760092078543,0.0017534284438780882,2,CHEMBL598605,"TgDHFR-TS (T. gondii, apicomplexan)",False,0,c1ccc2c(c1)Cc1cc(NCc3coc4ncncc34)ccc1-2,train
Nc1nc(N)c2c(CNc3ccc4ccccc4c3)coc2n1,4.437699996514828,0.00948930948595637,9,CHEMBL279914,"RnDHFR (R. norvegicus); TgDHFR-TS (T. gondii, apicomplexan)",False,0,c1ccc2cc(NCc3coc4ncncc34)ccc2c1,train
Nc1nc(N)c2c(CNc3cccc4c3CCCC4)c[nH]c2n1,5.958607314841775,0.8660632477982793,4,CHEMBL48648,"RnDHFR (R. norvegicus); TgDHFR-TS (T. gondii, apicomplexan)",False,0,c1cc2c(c(NCc3c[nH]c4ncncc34)c1)CCCC2,train
Nc1nc(N)c2c(CNc3cccc4cc5ccccc5cc34)coc2n1,4.81123958615253,0.0017531906693462008,2,CHEMBL598604,"TgDHFR-TS (T. gondii, apicomplexan)",False,0,c1ccc2cc3c(NCc4coc5ncncc45)cccc3cc2c1,test
Nc1nc(N)c2c(CNc3cccc4ccccc34)c[nH]c2n1,5.092776310738756,0.9256705994371448,8,CHEMBL276734,"RnDHFR (R. norvegicus); TgDHFR-TS (T. gondii, apicomplexan)",False,0,c1ccc2c(NCc3c[nH]c4ncncc34)cccc2c1,train
Nc1nc(N)c2c(CNc3cccc4ccccc34)coc2n1,4.676000066626369,0.25781715100649777,10,CHEMBL23846,"RnDHFR (R. norvegicus); TgDHFR-TS (T. gondii, apicomplexan)",False,0,c1ccc2c(NCc3coc4ncncc34)cccc2c1,test
Nc1nc(N)c2c(CNc3ccccc3)c[nH]c2n1,5.4089353929735005,0.0006147446023259397,3,CHEMBL432136,"TgDHFR-TS (T. gondii, apicomplexan)",False,0,c1ccc(NCc2c[nH]c3ncncc23)cc1,train
Nc1nc(N)c2c(CNc3ccccc3-c3ccccc3)coc2n1,4.101649998487993,0.25284799956467896,10,CHEMBL23960,"RnDHFR (R. norvegicus); TgDHFR-TS (T. gondii, apicomplexan)",False,0,c1ccc(-c2ccccc2NCc2coc3ncncc23)cc1,test
Nc1nc(N)c2c(COc3ccc(F)cc3F)cccc2n1,4.97061622231479,,1,CHEMBL251428,HsDHFR (H. sapiens),False,0,c1ccc(OCc2cccc3ncncc23)cc1,train
Nc1nc(N)c2c(COc3ccc4ccccc4c3)coc2n1,4.219682687859849,0.00018319445472715843,3,CHEMBL22477,RnDHFR (R. norvegicus),False,0,c1ccc2cc(OCc3coc4ncncc34)ccc2c1,test
Nc1nc(N)c2c(COc3cccc(Cl)c3)cccc2n1,4.747968558660654,0.4635115430904022,2,CHEMBL255019,HsDHFR (H. sapiens),False,0,c1ccc(OCc2cccc3ncncc23)cc1,train
Nc1nc(N)c2c(COc3ccccc3F)cccc2n1,7.4089353929735005,,1,CHEMBL251906,HsDHFR (H. sapiens),False,1,c1ccc(OCc2cccc3ncncc23)cc1,train
Nc1nc(N)c2c(CSc3ccc(-c4ccccc4)cc3)coc2n1,4.100000018985305,0.3732551282704118,3,CHEMBL597346,"RnDHFR (R. norvegicus); TgDHFR-TS (T. gondii, apicomplexan)",False,0,c1ccc(-c2ccc(SCc3coc4ncncc34)cc2)cc1,test
Nc1nc(N)c2c(CSc3ccc(Cl)c(Cl)c3)c[nH]c2n1,5.107861993614329,0.17931546930011763,10,CHEMBL17430,"RnDHFR (R. norvegicus); TgDHFR-TS (T. gondii, apicomplexan)",False,0,c1ccc(SCc2c[nH]c3ncncc23)cc1,train
Nc1nc(N)c2c(CSc3ccc(Cl)cc3)cccc2n1,7.700057099977233,,1,CHEMBL266875,RnDHFR (R. norvegicus),False,1,c1ccc(SCc2cccc3ncncc23)cc1,test
Nc1nc(N)c2c(CSc3ccc(Oc4ccccc4)cc3)coc2n1,3.8885433202228845,0.3465263738650079,4,CHEMBL605980,"RnDHFR (R. norvegicus); TgDHFR-TS (T. gondii, apicomplexan)",False,0,c1ccc(Oc2ccc(SCc3coc4ncncc34)cc2)cc1,test
Nc1nc(N)c2c(CSc3ccc4c(c3)CCCC4)c[nH]c2n1,4.558828821052085,0.5527479960385793,4,CHEMBL598190,"RnDHFR (R. norvegicus); TgDHFR-TS (T. gondii, apicomplexan)",False,0,c1ncc2c(CSc3ccc4c(c3)CCCC4)c[nH]c2n1,test
Nc1nc(N)c2c(CSc3ccc4ccccc4c3)c[nH]c2n1,4.558722633695325,0.522916794056377,6,CHEMBL275893,"RnDHFR (R. norvegicus); TgDHFR-TS (T. gondii, apicomplexan)",False,0,c1ccc2cc(SCc3c[nH]c4ncncc34)ccc2c1,test
Nc1nc(N)c2c(CSc3ccc4ccccc4c3)cccc2n1,8.0,,1,CHEMBL6975,RnDHFR (R. norvegicus),False,1,c1ccc2cc(SCc3cccc4ncncc34)ccc2c1,test
Nc1nc(N)c2c(CSc3ccc4ccccc4c3)coc2n1,4.9100973601692806,0.12541882248616648,12,CHEMBL283311,"RnDHFR (R. norvegicus); TgDHFR-TS (T. gondii, apicomplexan)",False,0,c1ccc2cc(SCc3coc4ncncc34)ccc2c1,test
Nc1nc(N)c2c(CSc3cccc(-c4ccccc4)c3)coc2n1,4.574136112382842,0.07495518300462356,4,CHEMBL604090,"RnDHFR (R. norvegicus); TgDHFR-TS (T. gondii, apicomplexan)",False,0,c1ccc(-c2cccc(SCc3coc4ncncc34)c2)cc1,test
Nc1nc(N)c2c(CSc3cccc(Oc4ccccc4)c3)coc2n1,4.5649999929727105,0.179646926889726,4,CHEMBL591935,"RnDHFR (R. norvegicus); TgDHFR-TS (T. gondii, apicomplexan)",False,0,c1ccc(Oc2cccc(SCc3coc4ncncc34)c2)cc1,test
Nc1nc(N)c2c(CSc3cccc4c3CCCC4)c[nH]c2n1,5.806439510533178,0.3286986591543418,4,CHEMBL602913,"RnDHFR (R. norvegicus); TgDHFR-TS (T. gondii, apicomplexan)",False,0,c1cc2c(c(SCc3c[nH]c4ncncc34)c1)CCCC2,test
Nc1nc(N)c2c(CSc3cccc4ccccc34)c[nH]c2n1,5.807249630600597,0.31142975538076917,6,CHEMBL17479,"RnDHFR (R. norvegicus); TgDHFR-TS (T. gondii, apicomplexan)",False,0,c1ccc2c(SCc3c[nH]c4ncncc34)cccc2c1,test
Nc1nc(N)c2c(CSc3cccc4ccccc34)coc2n1,4.679999934945437,0.04339338813815686,10,CHEMBL283515,"RnDHFR (R. norvegicus); TgDHFR-TS (T. gondii, apicomplexan)",False,0,c1ccc2c(SCc3coc4ncncc34)cccc2c1,test
Nc1nc(N)c2c(CSc3ccccc3)coc2n1,3.5985994592184563,0.0008086057425656442,3,CHEMBL22820,RnDHFR (R. norvegicus),False,0,c1ccc(SCc2coc3ncncc23)cc1,test
Nc1nc(N)c2c(CSc3ccccc3-c3ccccc3)coc2n1,4.144901969950251,0.19081294021559447,4,CHEMBL596970,"RnDHFR (R. norvegicus); TgDHFR-TS (T. gondii, apicomplexan)",False,0,c1ccc(-c2ccccc2SCc2coc3ncncc23)cc1,test
Nc1nc(N)c2c(CSc3ccccc3Oc3ccccc3)coc2n1,4.739999966255497,0.1860068659689948,3,CHEMBL597347,"RnDHFR (R. norvegicus); TgDHFR-TS (T. gondii, apicomplexan)",False,0,c1ccc(Oc2ccccc2SCc2coc3ncncc23)cc1,test
Nc1nc(N)c2c(Cl)c(Br)ccc2n1,7.0,,1,CHEMBL266638,RnDHFR (R. norvegicus),False,1,c1ccc2ncncc2c1,train
Nc1nc(N)c2c(Cl)c(CNc3ccc(C(=O)NC(CCC(=O)O)C(=O)O)cc3)ccc2n1,8.42021640338319,0.0,2,CHEMBL37061,HsDHFR (H. sapiens),False,1,c1ccc(NCc2ccc3ncncc3c2)cc1,train
Nc1nc(N)c2c(Cl)c(CNc3ccc(C(=O)N[C@@H](CC(=O)O)C(=O)O)cc3)ccc2n1,8.193820026016112,,1,CHEMBL475332,RnDHFR (R. norvegicus),False,1,c1ccc(NCc2ccc3ncncc3c2)cc1,train
Nc1nc(N)c2c(Cl)c(CNc3ccc(C(=O)N[C@@H](CCC(=O)O)C(=O)O)cc3)ccc2n1,8.1249387366083,,1,CHEMBL3244853,RnDHFR (R. norvegicus),False,1,c1ccc(NCc2ccc3ncncc3c2)cc1,train
Nc1nc(N)c2c(Cl)c(Cl)ccc2n1,6.699991797446187,,1,CHEMBL6772,RnDHFR (R. norvegicus),False,1,c1ccc2ncncc2c1,train
Nc1nc(N)c2c(Cl)c(N)ccc2n1,6.180002266489224,,1,CHEMBL6708,RnDHFR (R. norvegicus),False,1,c1ccc2ncncc2c1,train
Nc1nc(N)c2c(Cl)c(NC(=O)Cc3ccc(Br)cc3)ccc2n1,7.890084136976206,,1,CHEMBL6841,RnDHFR (R. norvegicus),False,1,O=C(Cc1ccccc1)Nc1ccc2ncncc2c1,train
Nc1nc(N)c2c(Cl)c(NC(=O)Cc3ccc(Cl)c(Cl)c3)ccc2n1,7.619969752032169,,1,CHEMBL266761,RnDHFR (R. norvegicus),False,1,O=C(Cc1ccccc1)Nc1ccc2ncncc2c1,train
Nc1nc(N)c2c(Cl)c(NC(=O)Cc3ccc4ccccc4c3)ccc2n1,8.299988937677888,,1,CHEMBL7176,RnDHFR (R. norvegicus),False,1,O=C(Cc1ccc2ccccc2c1)Nc1ccc2ncncc2c1,train
Nc1nc(N)c2c(Cl)c(NCc3cccc(Br)c3)ccc2n1,8.119987161633228,,1,CHEMBL355093,RnDHFR (R. norvegicus),False,1,c1ccc(CNc2ccc3ncncc3c2)cc1,train
Nc1nc(N)c2c(Cl)cccc2n1,6.250001023441651,,1,CHEMBL266320,RnDHFR (R. norvegicus),False,1,c1ccc2ncncc2c1,train
Nc1nc(N)c2c(OCC3CCN(Cc4cccc(Cl)c4)CC3)cccc2n1,4.2580609222708015,,1,CHEMBL251430,HsDHFR (H. sapiens),False,0,c1ccc(CN2CCC(COc3cccc4ncncc34)CC2)cc1,test
Nc1nc(N)c2c(OCC3CCOCC3)cccc2n1,4.552841968657781,,1,CHEMBL4068466,HsDHFR (H. sapiens),False,0,c1cc(OCC2CCOCC2)c2cncnc2c1,test
Nc1nc(N)c2c(OCc3cc(F)cc(F)c3)cccc2n1,6.200659450546418,,1,CHEMBL398675,HsDHFR (H. sapiens),False,1,c1ccc(COc2cccc3ncncc23)cc1,train
Nc1nc(N)c2c(OCc3cccc(Cl)c3)cccc2n1,4.008773924307505,,1,CHEMBL250231,HsDHFR (H. sapiens),False,0,c1ccc(COc2cccc3ncncc23)cc1,train
Nc1nc(N)c2c(OCc3ccccc3F)cccc2n1,9.4089353929735,,1,CHEMBL251427,HsDHFR (H. sapiens),False,1,c1ccc(COc2cccc3ncncc23)cc1,train
Nc1nc(N)c2c(S(=O)(=O)c3ccc(Cl)c(Cl)c3)cccc2n1,4.240000028179,,1,CHEMBL6552,RnDHFR (R. norvegicus),False,0,O=S(=O)(c1ccccc1)c1cccc2ncncc12,test
Nc1nc(N)c2c(S(=O)(=O)c3ccc4ccccc4c3)cccc2n1,4.820000071285178,,1,CHEMBL6693,RnDHFR (R. norvegicus),False,0,O=S(=O)(c1ccc2ccccc2c1)c1cccc2ncncc12,test
Nc1nc(N)c2c(Sc3ccc(Br)cc3)cccc2n1,5.508638306165727,,1,CHEMBL118316,HsDHFR (H. sapiens),False,0,c1ccc(Sc2cccc3ncncc23)cc1,train
Nc1nc(N)c2c(Sc3ccc(C(F)(F)F)cc3)cccc2n1,5.585026652029182,,1,CHEMBL413110,HsDHFR (H. sapiens),False,0,c1ccc(Sc2cccc3ncncc23)cc1,train
Nc1nc(N)c2c(Sc3ccc(Cl)c(Cl)c3)cccc2n1,6.699991797446187,,1,CHEMBL427605,RnDHFR (R. norvegicus),False,1,c1ccc(Sc2cccc3ncncc23)cc1,train
Nc1nc(N)c2c(Sc3ccc(Cl)cc3)cccc2n1,5.6777807052660805,,1,CHEMBL310759,HsDHFR (H. sapiens),False,0,c1ccc(Sc2cccc3ncncc23)cc1,train
Nc1nc(N)c2c(Sc3ccc(F)cc3)cccc2n1,5.698970004336019,,1,CHEMBL121644,HsDHFR (H. sapiens),False,0,c1ccc(Sc2cccc3ncncc23)cc1,train
Nc1nc(N)c2c(Sc3ccc(N4CCOCC4)cc3)cccc2n1,4.154901959985743,0.0,2,CHEMBL328827,HsDHFR (H. sapiens),False,0,c1cc(Sc2ccc(N3CCOCC3)cc2)c2cncnc2c1,test
Nc1nc(N)c2c(Sc3ccc(O)cc3)cccc2n1,6.7447274948966935,,1,CHEMBL123353,HsDHFR (H. sapiens),False,1,c1ccc(Sc2cccc3ncncc23)cc1,train
Nc1nc(N)c2c(Sc3ccc(OC4CCOCC4)cc3)cccc2n1,6.698970004336019,,1,CHEMBL121057,HsDHFR (H. sapiens),False,1,c1cc(Sc2ccc(OC3CCOCC3)cc2)c2cncnc2c1,test
Nc1nc(N)c2c(Sc3ccc([N+](=O)[O-])cc3)cccc2n1,4.619788758288394,,1,CHEMBL121680,HsDHFR (H. sapiens),False,0,c1ccc(Sc2cccc3ncncc23)cc1,train
Nc1nc(N)c2c(Sc3ccc4ccccc4c3)cccc2n1,8.15002808767115,,1,CHEMBL157652,RnDHFR (R. norvegicus),False,1,c1ccc2cc(Sc3cccc4ncncc34)ccc2c1,test
Nc1nc(N)c2c(Sc3cccc(Cl)c3)cccc2n1,6.568636235841012,,1,CHEMBL338742,HsDHFR (H. sapiens),False,1,c1ccc(Sc2cccc3ncncc23)cc1,train
Nc1nc(N)c2c(Sc3ccccc3)cccc2n1,6.207608310501746,0.0,2,CHEMBL100239,HsDHFR (H. sapiens),False,1,c1ccc(Sc2cccc3ncncc23)cc1,train
Nc1nc(N)c2c(Sc3ccccc3Cl)cccc2n1,7.036212172654444,,1,CHEMBL334307,HsDHFR (H. sapiens),False,1,c1ccc(Sc2cccc3ncncc23)cc1,train
Nc1nc(N)c2c([S+]([O-])c3ccc(Cl)c(Cl)c3)cccc2n1,4.259999979340046,,1,CHEMBL6642,RnDHFR (R. norvegicus),False,0,c1ccc([SH+]c2cccc3ncncc23)cc1,test
Nc1nc(N)c2c(ccc3[nH]ccc32)n1,7.5,2.1213203435596424,2,CHEMBL353764,HsDHFR (H. sapiens),False,1,c1ncc2c(ccc3[nH]ccc32)n1,train
Nc1nc(N)c2c(n1)CCC(CC1CCCO1)C2,6.983288122256525,0.5864063214324061,2,CHEMBL7170,"RnDHFR (R. norvegicus); TgDHFR-TS (T. gondii, apicomplexan)",False,1,c1ncc2c(n1)CCC(CC1CCCO1)C2,test
Nc1nc(N)c2c(n1)CCC(CN1CCc3ccccc31)C2,7.182271698719236,0.4232510565992571,6,CHEMBL120826,"RnDHFR (R. norvegicus); TgDHFR-TS (T. gondii, apicomplexan)",False,1,c1ccc2c(c1)CCN2CC1CCc2ncncc2C1,test
Nc1nc(N)c2c(n1)CCC(CNc1c(Cl)cccc1Cl)C2,7.483489076410036,0.5706133323227728,6,CHEMBL333791,"RnDHFR (R. norvegicus); TgDHFR-TS (T. gondii, apicomplexan)",False,1,c1ccc(NCC2CCc3ncncc3C2)cc1,train
Nc1nc(N)c2c(n1)CCC(CNc1cc(Cl)ccc1Cl)C2,6.816495174841636,0.21548421619948877,6,CHEMBL121319,"RnDHFR (R. norvegicus); TgDHFR-TS (T. gondii, apicomplexan)",False,1,c1ccc(NCC2CCc3ncncc3C2)cc1,train
Nc1nc(N)c2c(n1)CCC(CNc1ccc(C(=O)NC(CCC(=O)O)C(=O)O)cc1)N2,6.251811972993799,,1,CHEMBL476400,HsDHFR (H. sapiens),False,1,c1ccc(NCC2CCc3ncncc3N2)cc1,train
Nc1nc(N)c2c(n1)CCC(CNc1ccc(C(=O)NC(CCC(=O)O)C(=O)O)cc1Br)N2CC(Br)CBr,5.029653123769906,,1,CHEMBL477641,HsDHFR (H. sapiens),False,0,c1ccc(NCC2CCc3ncncc3N2)cc1,train
Nc1nc(N)c2c(n1)CCC(CNc1ccc(Cl)c(Cl)c1)C2,6.891301461684761,0.07383385077386335,6,CHEMBL120994,"RnDHFR (R. norvegicus); TgDHFR-TS (T. gondii, apicomplexan)",False,1,c1ccc(NCC2CCc3ncncc3C2)cc1,train
Nc1nc(N)c2c(n1)CCC(CNc1ccc(Cl)cc1)C2,7.000347713830825,0.15210953471300162,2,CHEMBL121947,"RnDHFR (R. norvegicus); TgDHFR-TS (T. gondii, apicomplexan)",False,1,c1ccc(NCC2CCc3ncncc3C2)cc1,train
Nc1nc(N)c2c(n1)CCC(CNc1cccc(Br)c1)C2,7.083436010212068,0.4814188212792567,6,CHEMBL123276,"RnDHFR (R. norvegicus); TgDHFR-TS (T. gondii, apicomplexan)",False,1,c1ccc(NCC2CCc3ncncc3C2)cc1,train
Nc1nc(N)c2c(n1)CCC(CNc1cccc(Cl)c1)C2,7.000449525463988,0.12417032047703362,4,CHEMBL178904,"RnDHFR (R. norvegicus); TgDHFR-TS (T. gondii, apicomplexan)",False,1,c1ccc(NCC2CCc3ncncc3C2)cc1,train
Nc1nc(N)c2c(n1)CCC(CNc1cccc3ccccc13)C2,7.150341349489309,0.3214216917322775,6,CHEMBL121264,"RnDHFR (R. norvegicus); TgDHFR-TS (T. gondii, apicomplexan)",False,1,c1ccc2c(NCC3CCc4ncncc4C3)cccc2c1,train
Nc1nc(N)c2c(n1)CCC(Cc1ccc(Cl)c(Cl)c1)C2,5.360851895954363,0.3170309803826895,2,CHEMBL6971,"RnDHFR (R. norvegicus); TgDHFR-TS (T. gondii, apicomplexan)",False,0,c1ccc(CC2CCc3ncncc3C2)cc1,train
Nc1nc(N)c2c(n1)CCC(Cc1ccc(OC(F)(F)F)cc1)C2,6.9531141092506346,0.2595973274657108,2,CHEMBL7062,"RnDHFR (R. norvegicus); TgDHFR-TS (T. gondii, apicomplexan)",False,1,c1ccc(CC2CCc3ncncc3C2)cc1,train
Nc1nc(N)c2c(n1)CCC(Cc1cccc(C(F)(F)F)c1)C2,6.7875591816844665,0.09378043656436218,2,CHEMBL267437,"RnDHFR (R. norvegicus); TgDHFR-TS (T. gondii, apicomplexan)",False,1,c1ccc(CC2CCc3ncncc3C2)cc1,train
Nc1nc(N)c2c(n1)CCC(Cc1cccc(OC(F)(F)F)c1)C2,7.47812243651566,0.5313900782786756,2,CHEMBL266024,"RnDHFR (R. norvegicus); TgDHFR-TS (T. gondii, apicomplexan)",False,1,c1ccc(CC2CCc3ncncc3C2)cc1,train
Nc1nc(N)c2c(n1)CCC(Cc1ccccc1)C2,7.119788758288394,0.5304167254093299,2,CHEMBL6970,"RnDHFR (R. norvegicus); TgDHFR-TS (T. gondii, apicomplexan)",False,1,c1ccc(CC2CCc3ncncc3C2)cc1,train
Nc1nc(N)c2c(n1)CCC(Cc1cccs1)C2,7.152259161754901,0.07827551682359359,2,CHEMBL267207,"RnDHFR (R. norvegicus); TgDHFR-TS (T. gondii, apicomplexan)",False,1,c1csc(CC2CCc3ncncc3C2)c1,test
Nc1nc(N)c2c(n1)CCC(Cc1ccsc1)C2,7.097930283832325,0.29963456973730457,2,CHEMBL7586,"RnDHFR (R. norvegicus); TgDHFR-TS (T. gondii, apicomplexan)",False,1,c1ncc2c(n1)CCC(Cc1ccsc1)C2,test
Nc1nc(N)c2c(n1)CCC(c1ccccc1)C2,5.803651523370167,0.1165384444266219,2,CHEMBL7535,"RnDHFR (R. norvegicus); TgDHFR-TS (T. gondii, apicomplexan)",False,0,c1ccc(C2CCc3ncncc3C2)cc1,test
Nc1nc(N)c2c(n1)CCC1CN(c3ccc(C(=O)N[C@@H](CCC(=O)O)C(=O)O)cc3)CN21,6.096910013008056,,1,CHEMBL2153704,HsDHFR (H. sapiens),False,1,c1ccc(N2CC3CCc4ncncc4N3C2)cc1,test
Nc1nc(N)c2c(n1)CCC2CCCc1ccc(C(=O)NC(CCC(=O)O)C(=O)O)cc1,8.148741651280925,,1,CHEMBL41056,MmDHFR (M. musculus),False,1,c1ccc(CCCC2CCc3ncncc32)cc1,train
Nc1nc(N)c2c(n1)CCC2CCc1ccc(C(=O)NC(CCC(=O)O)C(=O)O)cc1,7.142667503568731,,1,CHEMBL42159,MmDHFR (M. musculus),False,1,c1ccc(CCC2CCc3ncncc32)cc1,train
Nc1nc(N)c2c(n1)OCC(c1ccccc1)=N2,3.7746907182741367,,1,CHEMBL3228468,HsDHFR (H. sapiens),False,0,c1ccc(C2=Nc3cncnc3OC2)cc1,train
Nc1nc(N)c2c3c(cnc2n1)CC(c1ccc(C(=O)NC(CCC(=O)O)C(=O)O)cc1)CC3,10.769551078621726,,1,CHEMBL109229,MmDHFR (M. musculus),False,1,c1ccc(C2CCc3c(cnc4ncncc34)C2)cc1,test
Nc1nc(N)c2c3c(oc2n1)CN(Cc1c(Cl)cccc1Cl)CC3,4.294692354270537,0.28885083405504425,2,CHEMBL281962,"RnDHFR (R. norvegicus); TgDHFR-TS (T. gondii, apicomplexan)",False,0,c1ccc(CN2CCc3c(oc4ncncc34)C2)cc1,train
Nc1nc(N)c2c3c(oc2n1)CN(Cc1ccc(C(=O)N[C@@H](CCC(=O)O)C(=O)O)cc1)CC3,4.367037126117845,0.42500570205572163,2,CHEMBL418214,"RnDHFR (R. norvegicus); TgDHFR-TS (T. gondii, apicomplexan)",False,0,c1ccc(CN2CCc3c(oc4ncncc34)C2)cc1,train
Nc1nc(N)c2c3c(oc2n1)CN(Cc1ccc(Cl)c(Cl)c1)CC3,4.668913958291343,0.02435109066640539,2,CHEMBL31273,"RnDHFR (R. norvegicus); TgDHFR-TS (T. gondii, apicomplexan)",False,0,c1ccc(CN2CCc3c(oc4ncncc34)C2)cc1,train
Nc1nc(N)c2c3c(oc2n1)CN(Cc1ccc(Cl)cc1Cl)CC3,4.588005461003739,0.416801607878717,2,CHEMBL287579,"RnDHFR (R. norvegicus); TgDHFR-TS (T. gondii, apicomplexan)",False,0,c1ccc(CN2CCc3c(oc4ncncc34)C2)cc1,train
Nc1nc(N)c2c3c(oc2n1)CN(Cc1ccccc1)CC3,5.33889035263304,0.7282939796229448,2,CHEMBL30403,"RnDHFR (R. norvegicus); TgDHFR-TS (T. gondii, apicomplexan)",False,0,c1ccc(CN2CCc3c(oc4ncncc34)C2)cc1,train
Nc1nc(N)c2c3c(sc2n1)CCCC3,5.4089353929735005,,1,CHEMBL323155,RnDHFR (R. norvegicus),False,0,c1ncc2c3c(sc2n1)CCCC3,test
Nc1nc(N)c2c3c(sc2n1)CCCCC3,5.886056647693163,,1,CHEMBL325333,RnDHFR (R. norvegicus),False,0,c1ncc2c3c(sc2n1)CCCCC3,test
Nc1nc(N)c2c3c(sc2n1)CCCCCC3,5.721246399047171,,1,CHEMBL108006,RnDHFR (R. norvegicus),False,0,c1ncc2c3c(sc2n1)CCCCCC3,test
Nc1nc(N)c2c3c(sc2n1)CCCCCCCCCC3,5.031517051446064,,1,CHEMBL104770,RnDHFR (R. norvegicus),False,0,c1ncc2c3c(sc2n1)CCCCCCCCCC3,test
Nc1nc(N)c2c3c(sc2n1)CN(Cc1ccccc1)CC3,6.157353109306608,0.12271418876127094,2,CHEMBL317017,"RnDHFR (R. norvegicus); TgDHFR-TS (T. gondii, apicomplexan)",False,1,c1ccc(CN2CCc3c(sc4ncncc34)C2)cc1,test
Nc1nc(N)c2cc(/C=C/C(=O)Oc3ccccc3)ccc2n1,6.306474242763754,0.5898174987986338,2,CHEMBL80123,"RnDHFR (R. norvegicus); TgDHFR-TS (T. gondii, apicomplexan)",False,1,O=C(/C=C/c1ccc2ncncc2c1)Oc1ccccc1,test
Nc1nc(N)c2cc(Br)ccc2n1,5.59999938302362,,1,CHEMBL6549,RnDHFR (R. norvegicus),False,0,c1ccc2ncncc2c1,train
Nc1nc(N)c2cc(C(=O)OCc3ccccc3)ccc2n1,6.376750709602099,0.03865174701461577,3,CHEMBL306731,"RnDHFR (R. norvegicus); TgDHFR-TS (T. gondii, apicomplexan)",False,1,O=C(OCc1ccccc1)c1ccc2ncncc2c1,test
Nc1nc(N)c2cc(C=O)ccc2n1,5.0,,1,CHEMBL7275,RnDHFR (R. norvegicus),False,0,c1ccc2ncncc2c1,train
Nc1nc(N)c2cc(CN(C=O)c3ccc(C(=O)NC(CCC(=O)O)C(=O)O)cc3)ccc2n1,8.236572006437063,0.6357150340037774,3,CHEMBL303654,HsDHFR (H. sapiens); MmDHFR (M. musculus); RnDHFR (R. norvegicus),False,1,c1ccc(NCc2ccc3ncncc3c2)cc1,train
Nc1nc(N)c2cc(CN(C=O)c3ccc(C(=O)N[C@@H](CCC(=O)O)C(=O)O)cc3)ccc2n1,8.823908740944319,,1,CHEMBL3244854,RnDHFR (R. norvegicus),False,1,c1ccc(NCc2ccc3ncncc3c2)cc1,train
Nc1nc(N)c2cc(CNC(=O)Cc3ccc(Cl)c(Cl)c3)ccc2n1,5.820000358220838,,1,CHEMBL267617,RnDHFR (R. norvegicus),False,0,O=C(Cc1ccccc1)NCc1ccc2ncncc2c1,test
Nc1nc(N)c2cc(CNc3cc(Cl)c(Cl)c(Cl)c3)cnc2n1,5.337242168318426,,1,CHEMBL358351,RnDHFR (R. norvegicus),False,0,c1ccc(NCc2cnc3ncncc3c2)cc1,train
Nc1nc(N)c2cc(CNc3cc(Cl)ccc3Cl)cnc2n1,6.386880541462007,1.7334434696587833,2,CHEMBL145979,HsDHFR (H. sapiens); RnDHFR (R. norvegicus),False,1,c1ccc(NCc2cnc3ncncc3c2)cc1,train
Nc1nc(N)c2cc(CNc3ccc(C(=O)NC(CCC(=O)O)C(=O)O)c4c3CCCC4)cnc2n1,10.882728704344236,,1,CHEMBL134110,MmDHFR (M. musculus),False,1,c1cc2c(c(NCc3cnc4ncncc4c3)c1)CCCC2,train
Nc1nc(N)c2cc(CNc3ccc(C(=O)NC(CCC(=O)O)C(=O)O)c4ccccc34)ccc2n1,11.2839966563652,,1,CHEMBL134817,MmDHFR (M. musculus),False,1,c1ccc2c(NCc3ccc4ncncc4c3)cccc2c1,train
Nc1nc(N)c2cc(CNc3ccc(C(=O)NC(CCC(=O)O)C(=O)O)c4ccccc34)cnc2n1,11.67778070526608,0.18251510423794887,3,CHEMBL132142,HsDHFR (H. sapiens); MmDHFR (M. musculus); RnDHFR (R. norvegicus),False,1,c1ccc2c(NCc3cnc4ncncc4c3)cccc2c1,train
Nc1nc(N)c2cc(CNc3ccc(C(=O)NC(CCC(=O)O)C(=O)O)cc3)ccc2n1,8.332773124424534,1.5768575535408444,4,CHEMBL305177,HsDHFR (H. sapiens); MmDHFR (M. musculus); RnDHFR (R. norvegicus),False,1,c1ccc(NCc2ccc3ncncc3c2)cc1,train
Nc1nc(N)c2cc(CNc3ccc(C(=O)NC(CCC(=O)O)C(=O)O)cc3)cnc2n1,11.67778070526608,0.18251510423794887,3,CHEMBL275309,"MmDHFR (M. musculus); RnDHFR (R. norvegicus); TgDHFR-TS (T. gondii, apicomplexan)",False,1,c1ccc(NCc2cnc3ncncc3c2)cc1,train
Nc1nc(N)c2cc(CNc3ccc(C(=O)N[C@@H](CC(=O)O)C(=O)O)cc3)ccc2n1,8.769551078621726,,1,CHEMBL3244847,RnDHFR (R. norvegicus),False,1,c1ccc(NCc2ccc3ncncc3c2)cc1,train
Nc1nc(N)c2cc(CNc3ccc(C(=O)N[C@@H](CCC(=O)O)C(=O)O)cc3)ccc2n1,8.468521082957745,,1,CHEMBL3244851,RnDHFR (R. norvegicus),False,1,c1ccc(NCc2ccc3ncncc3c2)cc1,train
Nc1nc(N)c2cc(CNc3ccc(Cl)c(Cl)c3)cnc2n1,6.318758762624412,,1,CHEMBL147870,RnDHFR (R. norvegicus),False,1,c1ccc(NCc2cnc3ncncc3c2)cc1,train
Nc1nc(N)c2cc(CNc3ccc(Cl)cc3)ccc2n1,7.1308079382439225,0.008300304553398813,2,CHEMBL23092,"RnDHFR (R. norvegicus); TgDHFR-TS (T. gondii, apicomplexan)",False,1,c1ccc(NCc2ccc3ncncc3c2)cc1,train
Nc1nc(N)c2cc(CNc3ccc(Cl)cc3)cnc2n1,6.173925197299173,0.2110711611399777,3,CHEMBL23492,"HsDHFR (H. sapiens); RnDHFR (R. norvegicus); TgDHFR-TS (T. gondii, apicomplexan)",False,1,c1ccc(NCc2cnc3ncncc3c2)cc1,train
Nc1nc(N)c2cc(CNc3ccc4ccccc4c3)cnc2n1,5.309803919971486,,1,CHEMBL146039,RnDHFR (R. norvegicus),False,0,c1ccc2cc(NCc3cnc4ncncc4c3)ccc2c1,train
Nc1nc(N)c2cc(CNc3cccc4ccccc34)ccc2n1,7.414136773173384,0.21849523548391542,2,CHEMBL23211,"RnDHFR (R. norvegicus); TgDHFR-TS (T. gondii, apicomplexan)",False,1,c1ccc2c(NCc3ccc4ncncc4c3)cccc2c1,train
Nc1nc(N)c2cc(CNc3cccc4ccccc34)cnc2n1,6.4300604567993815,0.3461434634718348,4,CHEMBL22924,"HsDHFR (H. sapiens); RnDHFR (R. norvegicus); TgDHFR-TS (T. gondii, apicomplexan)",False,1,c1ccc2c(NCc3cnc4ncncc4c3)cccc2c1,train
Nc1nc(N)c2cc(CNc3ccccc3)ccc2n1,6.356547323513812,0.3714975759800858,3,CHEMBL80746,"RnDHFR (R. norvegicus); TgDHFR-TS (T. gondii, apicomplexan)",False,1,c1ccc(NCc2ccc3ncncc3c2)cc1,train
Nc1nc(N)c2cc(CNc3ccccc3)cnc2n1,5.638272163982407,,1,CHEMBL358003,RnDHFR (R. norvegicus),False,0,c1ccc(NCc2cnc3ncncc3c2)cc1,train
Nc1nc(N)c2cc(CO)ccc2n1,4.371224306427784,0.033192507914748516,2,CHEMBL309371,"RnDHFR (R. norvegicus); TgDHFR-TS (T. gondii, apicomplexan)",False,0,c1ccc2ncncc2c1,train
Nc1nc(N)c2cc(COC(=O)Cc3ccccc3)ccc2n1,5.638272163982407,0.0479051969504449,3,CHEMBL78631,"RnDHFR (R. norvegicus); TgDHFR-TS (T. gondii, apicomplexan)",False,0,O=C(Cc1ccccc1)OCc1ccc2ncncc2c1,test
Nc1nc(N)c2cc(COC(=O)c3ccc(C(=O)N[C@@H](CCC(=O)O)C(=O)O)cc3)ccc2n1,7.714442690992226,0.47041106409163574,3,CHEMBL117602,HsDHFR (H. sapiens); RnDHFR (R. norvegicus),False,1,O=C(OCc1ccc2ncncc2c1)c1ccccc1,train
Nc1nc(N)c2cc(COC(=O)c3ccc(C(=O)N[C@@H](CCCC(=O)O)C(=O)O)cc3)ccc2n1,6.795880017344075,,1,CHEMBL419946,RnDHFR (R. norvegicus),False,1,O=C(OCc1ccc2ncncc2c1)c1ccccc1,train
Nc1nc(N)c2cc(COC(=O)c3ccc(C(=O)N[C@H](CCC(=O)O)C(=O)O)cc3)ccc2n1,6.823908740944319,,1,CHEMBL119161,RnDHFR (R. norvegicus),False,1,O=C(OCc1ccc2ncncc2c1)c1ccccc1,train
Nc1nc(N)c2cc(COC(=O)c3ccc(C(=O)O)cc3)ccc2n1,5.958607314841775,0.023898077918582776,3,CHEMBL77409,"RnDHFR (R. norvegicus); TgDHFR-TS (T. gondii, apicomplexan)",False,0,O=C(OCc1ccc2ncncc2c1)c1ccccc1,train
Nc1nc(N)c2cc(COC(=O)c3ccccc3)ccc2n1,6.4089353929735005,0.34377133154927453,3,CHEMBL421319,"RnDHFR (R. norvegicus); TgDHFR-TS (T. gondii, apicomplexan)",False,1,O=C(OCc1ccc2ncncc2c1)c1ccccc1,train
Nc1nc(N)c2cc(COC(=O)c3ccccc3)cnc2n1,5.4089353929735005,0.18031284342751663,3,CHEMBL80935,"RnDHFR (R. norvegicus); TgDHFR-TS (T. gondii, apicomplexan)",False,0,O=C(OCc1cnc2ncncc2c1)c1ccccc1,train
Nc1nc(N)c2cc(CSC(=S)N3CCN(c4ccc(F)cc4)CC3)ccc2n1,5.675717544702307,,1,CHEMBL2387090,HsDHFR (H. sapiens),False,0,S=C(SCc1ccc2ncncc2c1)N1CCN(c2ccccc2)CC1,train
Nc1nc(N)c2cc(CSC(=S)N3CCN(c4ccc([N+](=O)[O-])cc4)CC3)ccc2n1,5.79317412396815,,1,CHEMBL2387094,HsDHFR (H. sapiens),False,0,S=C(SCc1ccc2ncncc2c1)N1CCN(c2ccccc2)CC1,train
Nc1nc(N)c2cc(Cl)ccc2n1,5.40000018605658,,1,CHEMBL267002,RnDHFR (R. norvegicus),False,0,c1ccc2ncncc2c1,train
Nc1nc(N)c2cc(Cn3ccnc3)c(-c3ccc(CO)c(CO)c3)cc2n1,7.27083521030723,,1,CHEMBL3681401,HsDHFR (H. sapiens),False,1,c1ccc(-c2cc3ncncc3cc2Cn2ccnc2)cc1,test
Nc1nc(N)c2cc(N(C=O)Cc3ccc(C(=O)NC(CCC(=O)O)C(=O)O)cc3)ccc2n1,8.244125144327509,0.6543896848481147,3,CHEMBL69713,HsDHFR (H. sapiens); MmDHFR (M. musculus); RnDHFR (R. norvegicus),False,1,c1ccc(CNc2ccc3ncncc3c2)cc1,train
Nc1nc(N)c2cc(NC(=O)Cc3ccc(Cl)cc3)ccc2n1,7.6399749108106025,,1,CHEMBL268310,RnDHFR (R. norvegicus),False,1,O=C(Cc1ccccc1)Nc1ccc2ncncc2c1,train
Nc1nc(N)c2cc(NC(=O)Cc3ccc4ccccc4c3)ccc2n1,8.299988937677888,,1,CHEMBL7403,RnDHFR (R. norvegicus),False,1,O=C(Cc1ccc2ccccc2c1)Nc1ccc2ncncc2c1,train
Nc1nc(N)c2cc(NCCc3ccccc3)cnc2n1,5.9522177143089,0.6579242308673507,6,CHEMBL33136,"RnDHFR (R. norvegicus); TgDHFR-TS (T. gondii, apicomplexan)",False,0,c1ccc(CCNc2cnc3ncncc3c2)cc1,train
Nc1nc(N)c2cc(NCc3ccc(C(=O)NC(=O)[C@H](N)CCC(=O)O)cc3)cnc2n1,6.494850021680094,,1,CHEMBL33045,HsDHFR (H. sapiens),False,1,c1ccc(CNc2cnc3ncncc3c2)cc1,train
Nc1nc(N)c2cc(NCc3ccc(C(=O)NC(CCC(=O)O)C(=O)O)cc3)ccc2n1,8.065501548756432,0.5108182663970589,3,CHEMBL423123,HsDHFR (H. sapiens); MmDHFR (M. musculus); RnDHFR (R. norvegicus),False,1,c1ccc(CNc2ccc3ncncc3c2)cc1,train
Nc1nc(N)c2cc(NCc3ccc(C(=O)N[C@@H](CCC(=O)O)C(=O)O)cc3)ccc2n1,7.585026652029182,,1,CHEMBL464048,RnDHFR (R. norvegicus),False,1,c1ccc(CNc2ccc3ncncc3c2)cc1,train
Nc1nc(N)c2cc(NCc3ccc(CCNC(=O)C4CCCCC4)cc3)ccc2n1,6.64685345378602,,1,CHEMBL4212687,"PfDHFR-TS K1 (P. falciparum, resistant)",True,1,O=C(NCCc1ccc(CNc2ccc3ncncc3c2)cc1)C1CCCCC1,train
Nc1nc(N)c2cc(NCc3ccc(CCNC(=O)CCc4ccccc4)cc3)ccc2n1,6.7318902701915215,,1,CHEMBL4211317,"PfDHFR-TS K1 (P. falciparum, resistant)",True,1,O=C(CCc1ccccc1)NCCc1ccc(CNc2ccc3ncncc3c2)cc1,test
Nc1nc(N)c2cc(NCc3ccc(CCNC(=O)Cc4ccccc4)cc3)ccc2n1,7.154281982033341,,1,CHEMBL4203015,"PfDHFR-TS K1 (P. falciparum, resistant)",True,1,O=C(Cc1ccccc1)NCCc1ccc(CNc2ccc3ncncc3c2)cc1,test
Nc1nc(N)c2cc(NCc3ccc(CCNC(=O)c4ccc(C(F)(F)F)cc4)cc3)ccc2n1,7.671620396561262,,1,CHEMBL4213489,"PfDHFR-TS K1 (P. falciparum, resistant)",True,1,O=C(NCCc1ccc(CNc2ccc3ncncc3c2)cc1)c1ccccc1,train
Nc1nc(N)c2cc(NCc3ccc(CCNC(=O)c4ccc(F)cc4)cc3)ccc2n1,6.928117992693874,,1,CHEMBL4218788,"PfDHFR-TS K1 (P. falciparum, resistant)",True,1,O=C(NCCc1ccc(CNc2ccc3ncncc3c2)cc1)c1ccccc1,train
Nc1nc(N)c2cc(NCc3ccc(CCNC(=O)c4ccc([N+](=O)[O-])cc4)cc3)ccc2n1,7.2549252084179425,,1,CHEMBL4213904,"PfDHFR-TS K1 (P. falciparum, resistant)",True,1,O=C(NCCc1ccc(CNc2ccc3ncncc3c2)cc1)c1ccccc1,train
Nc1nc(N)c2cc(NCc3ccc(CCNC(=O)c4ccc5c(c4)OCCO5)cc3)ccc2n1,7.092051478387727,,1,CHEMBL4210735,"PfDHFR-TS K1 (P. falciparum, resistant)",True,1,O=C(NCCc1ccc(CNc2ccc3ncncc3c2)cc1)c1ccc2c(c1)OCCO2,test
Nc1nc(N)c2cc(NCc3ccc(CCNC(=O)c4ccc5c(c4)OCO5)cc3)ccc2n1,7.581698708680254,,1,CHEMBL4207961,"PfDHFR-TS K1 (P. falciparum, resistant)",True,1,O=C(NCCc1ccc(CNc2ccc3ncncc3c2)cc1)c1ccc2c(c1)OCO2,test
Nc1nc(N)c2cc(NCc3ccc(CCNC(=O)c4ccc5ccccc5c4)cc3)ccc2n1,7.168130225719498,,1,CHEMBL4213293,"PfDHFR-TS K1 (P. falciparum, resistant)",True,1,O=C(NCCc1ccc(CNc2ccc3ncncc3c2)cc1)c1ccc2ccccc2c1,test
Nc1nc(N)c2cc(NCc3ccc(CCNC(=O)c4cccc(F)c4)cc3)ccc2n1,7.2958494831602,,1,CHEMBL4207059,"PfDHFR-TS K1 (P. falciparum, resistant)",True,1,O=C(NCCc1ccc(CNc2ccc3ncncc3c2)cc1)c1ccccc1,train
Nc1nc(N)c2cc(NCc3ccc(CCNC(=O)c4ccccc4F)cc3)ccc2n1,6.744245213356956,,1,CHEMBL4206536,"PfDHFR-TS K1 (P. falciparum, resistant)",True,1,O=C(NCCc1ccc(CNc2ccc3ncncc3c2)cc1)c1ccccc1,train
Nc1nc(N)c2cc(NCc3ccc(CCNC(=O)c4ccco4)cc3)ccc2n1,6.968995718636464,,1,CHEMBL4216274,"PfDHFR-TS K1 (P. falciparum, resistant)",True,1,O=C(NCCc1ccc(CNc2ccc3ncncc3c2)cc1)c1ccco1,test
Nc1nc(N)c2cc(NCc3ccc(CCNC(=O)c4cccs4)cc3)ccc2n1,7.075204004202088,,1,CHEMBL4209486,"PfDHFR-TS K1 (P. falciparum, resistant)",True,1,O=C(NCCc1ccc(CNc2ccc3ncncc3c2)cc1)c1cccs1,test
Nc1nc(N)c2cc(NCc3ccc(Cl)c(Cl)c3)ccc2n1,7.739928612014925,,1,CHEMBL414017,RnDHFR (R. norvegicus),False,1,c1ccc(CNc2ccc3ncncc3c2)cc1,train
Nc1nc(N)c2cc(NCc3ccc(Oc4ccccc4)cc3)cnc2n1,5.484800357827508,0.057913992864865954,6,CHEMBL33187,"RnDHFR (R. norvegicus); TgDHFR-TS (T. gondii, apicomplexan)",False,0,c1ccc(Oc2ccc(CNc3cnc4ncncc4c3)cc2)cc1,test
Nc1nc(N)c2cc(NCc3cccc4c3CCCC4)ccc2n1,6.86280560222481,0.3794438735550518,4,CHEMBL114839,"HsDHFR (H. sapiens); RnDHFR (R. norvegicus); TgDHFR-TS (T. gondii, apicomplexan)",False,1,c1cc2c(c(CNc3ccc4ncncc4c3)c1)CCCC2,train
Nc1nc(N)c2cc(NCc3cccc4ccccc34)ccc2n1,6.86280560222481,0.1635437472139879,4,CHEMBL179102,"RnDHFR (R. norvegicus); TgDHFR-TS (T. gondii, apicomplexan)",False,1,c1ccc2c(CNc3ccc4ncncc4c3)cccc2c1,train
Nc1nc(N)c2cc(NCc3cccc4ccccc34)cnc2n1,6.314294636433985,0.3346650569093017,6,CHEMBL32635,"RnDHFR (R. norvegicus); TgDHFR-TS (T. gondii, apicomplexan)",False,1,c1ccc2c(CNc3cnc4ncncc4c3)cccc2c1,train
Nc1nc(N)c2cc(NCc3ccccc3)ccc2n1,6.180456064458131,0.32008582971267774,8,CHEMBL115474,"HsDHFR (H. sapiens); RnDHFR (R. norvegicus); TgDHFR-TS (T. gondii, apicomplexan)",False,1,c1ccc(CNc2ccc3ncncc3c2)cc1,train
Nc1nc(N)c2cc(NCc3ccccc3)cnc2n1,5.677799318285587,0.42106587183200095,7,CHEMBL286700,"HsDHFR (H. sapiens); RnDHFR (R. norvegicus); TgDHFR-TS (T. gondii, apicomplexan)",False,0,c1ccc(CNc2cnc3ncncc3c2)cc1,train
Nc1nc(N)c2cc(Nc3cc(F)c(F)c(F)c3)cnc2n1,5.508638306165727,0.12969691698353553,3,CHEMBL2382325,HsDHFR (H. sapiens); RnDHFR (R. norvegicus),False,0,c1ccc(Nc2cnc3ncncc3c2)cc1,train
Nc1nc(N)c2cc(Nc3cc(F)ccc3F)cnc2n1,6.152697400533215,0.27448483150699166,2,CHEMBL2382324,HsDHFR (H. sapiens); RnDHFR (R. norvegicus),False,1,c1ccc(Nc2cnc3ncncc3c2)cc1,train
Nc1nc(N)c2cc(Nc3ccc([N+](=O)[O-])cc3)cnc2n1,5.031743128760553,0.15687075525148192,2,CHEMBL2382322,HsDHFR (H. sapiens); RnDHFR (R. norvegicus),False,0,c1ccc(Nc2cnc3ncncc3c2)cc1,train
Nc1nc(N)c2cc(Nc3ccc4ccccc4c3)cnc2n1,5.657577319177793,0.10166633581773762,3,CHEMBL2382321,HsDHFR (H. sapiens); RnDHFR (R. norvegicus),False,0,c1ccc2cc(Nc3cnc4ncncc4c3)ccc2c1,test
Nc1nc(N)c2cc(Nc3cccc4ccccc34)cnc2n1,5.6777807052660805,0.08093221200698611,3,CHEMBL2382323,HsDHFR (H. sapiens); RnDHFR (R. norvegicus),False,0,c1ccc2c(Nc3cnc4ncncc4c3)cccc2c1,train
Nc1nc(N)c2cc(Nc3ccccc3)cnc2n1,6.721246399047171,0.19889467903577812,3,CHEMBL2382314,HsDHFR (H. sapiens); RnDHFR (R. norvegicus),False,1,c1ccc(Nc2cnc3ncncc3c2)cc1,train
Nc1nc(N)c2cc(S(=O)(=O)c3ccc4ccccc4c3)ccc2n1,8.400007822415901,,1,CHEMBL268584,RnDHFR (R. norvegicus),False,1,O=S(=O)(c1ccc2ccccc2c1)c1ccc2ncncc2c1,test
Nc1nc(N)c2cc(Sc3ccc(Cl)c(Cl)c3)ccc2n1,7.96018944585165,,1,CHEMBL6877,RnDHFR (R. norvegicus),False,1,c1ccc(Sc2ccc3ncncc3c2)cc1,train
Nc1nc(N)c2cc(Sc3cccc(C(F)(F)F)c3)ccc2n1,7.439973751087107,,1,CHEMBL268089,RnDHFR (R. norvegicus),False,1,c1ccc(Sc2ccc3ncncc3c2)cc1,train
Nc1nc(N)c2cc([S+]([O-])c3ccc4ccccc4c3)ccc2n1,8.15002808767115,,1,CHEMBL6979,RnDHFR (R. norvegicus),False,1,c1ccc2cc([SH+]c3ccc4ncncc4c3)ccc2c1,test
Nc1nc(N)c2cc3c(nc2n1)CCN(C(=O)OCc1ccccc1)C3,4.590228032229065,0.09524627501904841,2,CHEMBL148599,"HsDHFR (H. sapiens); TgDHFR-TS (T. gondii, apicomplexan)",False,0,O=C(OCc1ccccc1)N1CCc2nc3ncncc3cc2C1,test
Nc1nc(N)c2cc3c(nc2n1)CCN(Cc1ccc(C(=O)N[C@@H](CCC(=O)O)C(=O)O)cc1)C3,5.656681865368853,0.5502360259350656,2,CHEMBL422316,"HsDHFR (H. sapiens); TgDHFR-TS (T. gondii, apicomplexan)",False,0,c1ccc(CN2CCc3nc4ncncc4cc3C2)cc1,train
Nc1nc(N)c2cc3c(nc2n1)CCN(Cc1ccc(Cl)c(Cl)c1)C3,5.292429823902063,,1,CHEMBL439816,"TgDHFR-TS (T. gondii, apicomplexan)",False,0,c1ccc(CN2CCc3nc4ncncc4cc3C2)cc1,train
Nc1nc(N)c2cc3c(nc2n1)CCN(Cc1ccc(Cl)cc1Cl)C3,5.781918676479622,0.14727333124820904,2,CHEMBL149027,"HsDHFR (H. sapiens); TgDHFR-TS (T. gondii, apicomplexan)",False,0,c1ccc(CN2CCc3nc4ncncc4cc3C2)cc1,train
Nc1nc(N)c2cc3c(nc2n1)CCN(Cc1ccccc1)C3,5.174360993000928,0.9609736314232388,2,CHEMBL421959,"HsDHFR (H. sapiens); TgDHFR-TS (T. gondii, apicomplexan)",False,0,c1ccc(CN2CCc3nc4ncncc4cc3C2)cc1,train
Nc1nc(N)c2ccc(-c3ccccc3)cc2n1,6.129011186239424,,1,CHEMBL1818107,HsDHFR (H. sapiens),False,1,c1ccc(-c2ccc3cncnc3c2)cc1,train
Nc1nc(N)c2ccc(-c3ccccc3N)cc2n1,5.406492410668235,,1,CHEMBL3681397,HsDHFR (H. sapiens),False,0,c1ccc(-c2ccc3cncnc3c2)cc1,train
Nc1nc(N)c2ccccc2n1,4.659999925349902,,1,CHEMBL268354,RnDHFR (R. norvegicus),False,0,c1ccc2ncncc2c1,train
Nc1nc(N)c2nc(-c3ccc(-c4ccccc4)cc3)[nH]c2n1,4.501402030920742,0.021439280745963043,6,CHEMBL103203,"RnDHFR (R. norvegicus); TgDHFR-TS (T. gondii, apicomplexan)",False,0,c1ccc(-c2ccc(-c3nc4cncnc4[nH]3)cc2)cc1,test
Nc1nc(N)c2nc(-c3ccc(Cl)c(Cl)c3)[nH]c2n1,4.384999994820227,0.8618704394903404,6,CHEMBL312688,"RnDHFR (R. norvegicus); TgDHFR-TS (T. gondii, apicomplexan)",False,0,c1ccc(-c2nc3cncnc3[nH]2)cc1,train
Nc1nc(N)c2nc(-c3ccc4ccccc4c3)[nH]c2n1,4.060739102249396,0.5571424744977426,6,CHEMBL105906,"RnDHFR (R. norvegicus); TgDHFR-TS (T. gondii, apicomplexan)",False,0,c1ccc2cc(-c3nc4cncnc4[nH]3)ccc2c1,test
Nc1nc(N)c2nc(-c3ccccc3)c(-c3ccccc3)nc2n1,5.743124924959088,1.2397898827362908,2,CHEMBL48296,"HsDHFR (H. sapiens); TgDHFR-TS (T. gondii, apicomplexan)",False,0,c1ccc(-c2nc3cncnc3nc2-c2ccccc2)cc1,test
Nc1nc(N)c2nc(-c3ccco3)c(-c3ccco3)nc2n1,4.982966660701219,,1,CHEMBL4644558,HsDHFR (H. sapiens),False,0,c1coc(-c2nc3cncnc3nc2-c2ccco2)c1,test
Nc1nc(N)c2nc(-c3cccs3)c(-c3cccs3)nc2n1,5.844663962534938,,1,CHEMBL4647373,HsDHFR (H. sapiens),False,0,c1csc(-c2nc3cncnc3nc2-c2cccs2)c1,test
Nc1nc(N)c2nc(/C=C/C(=O)/C=C/c3ccccc3)ccc2n1,4.151749285322958,,1,CHEMBL4227744,HsDHFR (H. sapiens),False,0,O=C(/C=C/c1ccccc1)/C=C/c1ccc2ncncc2n1,test
Nc1nc(N)c2nc(/C=C/C=C/c3ccccc3)ccc2n1,4.910448117113546,,1,CHEMBL4228007,HsDHFR (H. sapiens),False,0,C(/C=C/c1ccc2ncncc2n1)=C\c1ccccc1,test
Nc1nc(N)c2nc(/C=C/CCCc3ccccc3)ccc2n1,5.6777807052660805,,1,CHEMBL4225586,HsDHFR (H. sapiens),False,0,C(=C/c1ccc2ncncc2n1)\CCCc1ccccc1,test
Nc1nc(N)c2nc(/C=C/Cc3ccccc3)ccc2n1,6.229147988357855,,1,CHEMBL4227213,HsDHFR (H. sapiens),False,1,C(=C/c1ccc2ncncc2n1)\Cc1ccccc1,test
Nc1nc(N)c2nc(/C=C/c3ccc(Br)cc3)ccc2n1,4.8297382846050425,,1,CHEMBL4070083,HsDHFR (H. sapiens),False,0,C(=C/c1ccc2ncncc2n1)\c1ccccc1,train
Nc1nc(N)c2nc(/C=C/c3ccc(Cl)cc3)ccc2n1,4.772113295386326,,1,CHEMBL4063614,HsDHFR (H. sapiens),False,0,C(=C/c1ccc2ncncc2n1)\c1ccccc1,train
Nc1nc(N)c2nc(/C=C/c3ccc(F)cc3)ccc2n1,5.320572103387882,,1,CHEMBL4085240,HsDHFR (H. sapiens),False,0,C(=C/c1ccc2ncncc2n1)\c1ccccc1,train
Nc1nc(N)c2nc(/C=C/c3ccccc3)ccc2n1,5.273272790973428,,1,CHEMBL4066381,HsDHFR (H. sapiens),False,0,C(=C/c1ccc2ncncc2n1)\c1ccccc1,train
Nc1nc(N)c2nc(C(=O)NCc3cccc(C(F)(F)F)c3)cnc2n1,4.0,,1,CHEMBL5175397,HsDHFR (H. sapiens),False,0,O=C(NCc1ccccc1)c1cnc2ncncc2n1,train
Nc1nc(N)c2nc(C(=O)NCc3ccccc3)cnc2n1,4.0,,1,CHEMBL5198855,HsDHFR (H. sapiens),False,0,O=C(NCc1ccccc1)c1cnc2ncncc2n1,train
Nc1nc(N)c2nc(C(=O)c3ccccc3)c(-c3ccccc3)nc2n1,6.065501548756432,,1,CHEMBL50597,"TgDHFR-TS (T. gondii, apicomplexan)",False,1,O=C(c1ccccc1)c1nc2cncnc2nc1-c1ccccc1,test
Nc1nc(N)c2nc(C3c4ccccc4-c4ccccc43)[nH]c2n1,4.52074194828848,0.005821754896834914,4,CHEMBL103108,"RnDHFR (R. norvegicus); TgDHFR-TS (T. gondii, apicomplexan)",False,0,c1ccc2c(c1)-c1ccccc1C2c1nc2cncnc2[nH]1,test
Nc1nc(N)c2nc(CCC(=O)CCc3ccccc3)ccc2n1,5.100726812682396,,1,CHEMBL4225877,HsDHFR (H. sapiens),False,0,O=C(CCc1ccccc1)CCc1ccc2ncncc2n1,test
Nc1nc(N)c2nc(CCC(=O)c3ccccc3)ccc2n1,4.949620243738543,,1,CHEMBL4226633,HsDHFR (H. sapiens),False,0,O=C(CCc1ccc2ncncc2n1)c1ccccc1,test
Nc1nc(N)c2nc(CCC(O)CCc3ccccc3)ccc2n1,5.596879478824182,,1,CHEMBL4228675,HsDHFR (H. sapiens),False,0,c1ccc(CCCCCc2ccc3ncncc3n2)cc1,train
Nc1nc(N)c2nc(CCC(O)c3ccccc3)ccc2n1,5.5638373529592435,,1,CHEMBL4227478,HsDHFR (H. sapiens),False,0,c1ccc(CCCc2ccc3ncncc3n2)cc1,train
Nc1nc(N)c2nc(CCCCCc3ccccc3)ccc2n1,6.154901959985743,,1,CHEMBL4227367,HsDHFR (H. sapiens),False,1,c1ccc(CCCCCc2ccc3ncncc3n2)cc1,train
Nc1nc(N)c2nc(CCCCc3ccccc3)ccc2n1,6.214670164989233,,1,CHEMBL4227155,HsDHFR (H. sapiens),False,1,c1ccc(CCCCc2ccc3ncncc3n2)cc1,test
Nc1nc(N)c2nc(CCCc3ccccc3)ccc2n1,7.221848749616356,,1,CHEMBL4226361,HsDHFR (H. sapiens),False,1,c1ccc(CCCc2ccc3ncncc3n2)cc1,train
Nc1nc(N)c2nc(CCSc3ccc(C(=O)NC(CCC(=O)O)C(=O)O)cc3)cnc2n1,4.6020599913279625,,1,CHEMBL10592,HsDHFR (H. sapiens),False,0,c1ccc(SCCc2cnc3ncncc3n2)cc1,train
Nc1nc(N)c2nc(CCSc3ccccc3)cnc2n1,6.113509274827518,,1,CHEMBL50379,"TgDHFR-TS (T. gondii, apicomplexan)",False,1,c1ccc(SCCc2cnc3ncncc3n2)cc1,train
Nc1nc(N)c2nc(CCc3ccc(Br)cc3)ccc2n1,5.899629454882437,,1,CHEMBL4061867,HsDHFR (H. sapiens),False,0,c1ccc(CCc2ccc3ncncc3n2)cc1,train
Nc1nc(N)c2nc(CCc3ccc(C(=O)NC(C(=O)O)C(O)CC(=O)O)cc3)cnc2n1,8.229147988357855,,1,CHEMBL73267,HsDHFR (H. sapiens),False,1,c1ccc(CCc2cnc3ncncc3n2)cc1,train
Nc1nc(N)c2nc(CCc3ccc(C(=O)N[C@@H](CCC(=O)O)C(=O)O)cc3)cnc2n1,11.443697499232712,2.5521407881582974,5,CHEMBL293263,HsDHFR (H. sapiens); MmDHFR (M. musculus),False,1,c1ccc(CCc2cnc3ncncc3n2)cc1,train
Nc1nc(N)c2nc(CCc3ccc(Cl)cc3)ccc2n1,5.546681659952963,,1,CHEMBL4083636,HsDHFR (H. sapiens),False,0,c1ccc(CCc2ccc3ncncc3n2)cc1,train
Nc1nc(N)c2nc(CCc3ccc(F)cc3)ccc2n1,6.022276394711152,,1,CHEMBL4095728,HsDHFR (H. sapiens),False,1,c1ccc(CCc2ccc3ncncc3n2)cc1,train
Nc1nc(N)c2nc(CCc3cccc4ccccc34)cnc2n1,5.15401744861632,1.3182856165454317,2,CHEMBL276954,"RnDHFR (R. norvegicus); TgDHFR-TS (T. gondii, apicomplexan)",False,0,c1ccc2c(CCc3cnc4ncncc4n3)cccc2c1,test
Nc1nc(N)c2nc(CCc3ccccc3)ccc2n1,5.647817481888637,0.0,2,CHEMBL4065674,HsDHFR (H. sapiens),False,0,c1ccc(CCc2ccc3ncncc3n2)cc1,train
Nc1nc(N)c2nc(CN(C=O)c3ccc(C(=O)NC(CCCNC(=O)c4ccc(Cl)c(Cl)c4)C(=O)O)cc3)cnc2n1,7.251811972993799,,1,CHEMBL405237,MmDHFR (M. musculus),False,1,O=C(NCCCCNC(=O)c1ccc(NCc2cnc3ncncc3n2)cc1)c1ccccc1,train
Nc1nc(N)c2nc(CN(C=O)c3ccc(C(=O)NC(CCCNC(=O)c4ccc(Cl)cc4)C(=O)O)cc3)cnc2n1,7.823908740944319,,1,CHEMBL283702,MmDHFR (M. musculus),False,1,O=C(NCCCCNC(=O)c1ccc(NCc2cnc3ncncc3n2)cc1)c1ccccc1,train
Nc1nc(N)c2nc(CN(C=O)c3ccc(C(=O)NC(CCCNC(=O)c4ccccc4)C(=O)O)cc3)cnc2n1,7.468521082957745,,1,CHEMBL27514,MmDHFR (M. musculus),False,1,O=C(NCCCCNC(=O)c1ccc(NCc2cnc3ncncc3n2)cc1)c1ccccc1,train
Nc1nc(N)c2nc(CN(CCCC(=O)O)c3ccc(C(=O)NC(CCC(=O)O)C(=O)O)cc3)cnc2n1,9.3380749980766,0.894548378077732,2,CHEMBL35364,HsDHFR (H. sapiens),False,1,c1ccc(NCc2cnc3ncncc3n2)cc1,external
Nc1nc(N)c2nc(CN(CCCCC(=O)O)c3ccc(C(=O)NC(CCC(=O)O)C(=O)O)cc3)cnc2n1,9.360680351054631,0.7382878614367009,2,CHEMBL284943,HsDHFR (H. sapiens),False,1,c1ccc(NCc2cnc3ncncc3n2)cc1,external
Nc1nc(N)c2nc(CN(CCCCCC(=O)O)c3ccc(C(=O)NC(CCC(=O)O)C(=O)O)cc3)cnc2n1,9.262680652932806,0.6715651298661289,2,CHEMBL35427,HsDHFR (H. sapiens),False,1,c1ccc(NCc2cnc3ncncc3n2)cc1,external
Nc1nc(N)c2nc(CN(c3ccccc3)c3ccccc3)cnc2n1,5.6419983281826,0.34515058546182403,2,CHEMBL424113,"RnDHFR (R. norvegicus); TgDHFR-TS (T. gondii, apicomplexan)",False,0,c1ccc(N(Cc2cnc3ncncc3n2)c2ccccc2)cc1,test
Nc1nc(N)c2nc(CN3c4ccccc4C=Cc4c(C#CCC(=O)O)cccc43)cnc2n1,6.565384140134512,0.6146396434442178,2,CHEMBL190807,"RnDHFR (R. norvegicus); TgDHFR-TS (T. gondii, apicomplexan)",False,1,C1=Cc2ccccc2N(Cc2cnc3ncncc3n2)c2ccccc21,train
Nc1nc(N)c2nc(CN3c4ccccc4C=Cc4c(C#CCCC(=O)O)cccc43)cnc2n1,6.6826606239106585,0.6093120054567736,2,CHEMBL189369,"RnDHFR (R. norvegicus); TgDHFR-TS (T. gondii, apicomplexan)",False,1,C1=Cc2ccccc2N(Cc2cnc3ncncc3n2)c2ccccc21,train
Nc1nc(N)c2nc(CN3c4ccccc4C=Cc4c(C#CCCCC(=O)O)cccc43)cnc2n1,6.781918676479622,1.266940231124886,2,CHEMBL189012,"RnDHFR (R. norvegicus); TgDHFR-TS (T. gondii, apicomplexan)",False,1,C1=Cc2ccccc2N(Cc2cnc3ncncc3n2)c2ccccc21,train
Nc1nc(N)c2nc(CN3c4ccccc4C=Cc4cc(O)ccc43)cnc2n1,7.486121397654723,0.1398731521263203,2,CHEMBL81995,"RnDHFR (R. norvegicus); TgDHFR-TS (T. gondii, apicomplexan)",False,1,C1=Cc2ccccc2N(Cc2cnc3ncncc3n2)c2ccccc21,train
Nc1nc(N)c2nc(CN3c4ccccc4C=Cc4cc(OCC(=O)O)ccc43)cnc2n1,7.161196523639753,0.8603432623869545,2,CHEMBL310397,"RnDHFR (R. norvegicus); TgDHFR-TS (T. gondii, apicomplexan)",False,1,C1=Cc2ccccc2N(Cc2cnc3ncncc3n2)c2ccccc21,train
Nc1nc(N)c2nc(CN3c4ccccc4C=Cc4cc(OCCC(=O)O)ccc43)cnc2n1,6.755724641749778,1.1272941345158858,2,CHEMBL84273,"RnDHFR (R. norvegicus); TgDHFR-TS (T. gondii, apicomplexan)",False,1,C1=Cc2ccccc2N(Cc2cnc3ncncc3n2)c2ccccc21,train
Nc1nc(N)c2nc(CN3c4ccccc4C=Cc4cc(OCCCC(=O)O)ccc43)cnc2n1,6.914136773173384,1.541815269257676,2,CHEMBL430821,"RnDHFR (R. norvegicus); TgDHFR-TS (T. gondii, apicomplexan)",False,1,C1=Cc2ccccc2N(Cc2cnc3ncncc3n2)c2ccccc21,train
Nc1nc(N)c2nc(CN3c4ccccc4C=Cc4cc(OCCCCC(=O)O)ccc43)cnc2n1,6.781918676479622,1.266940231124886,2,CHEMBL82936,"RnDHFR (R. norvegicus); TgDHFR-TS (T. gondii, apicomplexan)",False,1,C1=Cc2ccccc2N(Cc2cnc3ncncc3n2)c2ccccc21,train
Nc1nc(N)c2nc(CN3c4ccccc4C=Cc4cc(OCc5ccc(C(=O)O)cc5)ccc43)cnc2n1,6.947074662807428,1.004802492741081,2,CHEMBL79464,"RnDHFR (R. norvegicus); TgDHFR-TS (T. gondii, apicomplexan)",False,1,C1=Cc2cc(OCc3ccccc3)ccc2N(Cc2cnc3ncncc3n2)c2ccccc21,test
Nc1nc(N)c2nc(CN3c4ccccc4C=Cc4ccccc43)cnc2n1,7.366531544420414,1.064869785577567,5,CHEMBL301769,"RnDHFR (R. norvegicus); TgDHFR-TS (T. gondii, apicomplexan)",False,1,C1=Cc2ccccc2N(Cc2cnc3ncncc3n2)c2ccccc21,train
Nc1nc(N)c2nc(CN3c4ccccc4CCc4ccccc43)cnc2n1,5.666694215790485,0.5292897789219245,2,CHEMBL342086,"RnDHFR (R. norvegicus); TgDHFR-TS (T. gondii, apicomplexan)",False,0,c1ccc2c(c1)CCc1ccccc1N2Cc1cnc2ncncc2n1,test
Nc1nc(N)c2nc(CN3c4ccccc4Cc4ccccc43)cnc2n1,7.553119118971028,0.021944517126459603,2,CHEMBL144839,"RnDHFR (R. norvegicus); TgDHFR-TS (T. gondii, apicomplexan)",False,1,c1ccc2c(c1)Cc1ccccc1N2Cc1cnc2ncncc2n1,test
Nc1nc(N)c2nc(CN3c4ccccc4Oc4ccccc43)cnc2n1,5.271816983435478,0.5455474986323807,2,CHEMBL423381,"RnDHFR (R. norvegicus); TgDHFR-TS (T. gondii, apicomplexan)",False,0,c1ccc2c(c1)Oc1ccccc1N2Cc1cnc2ncncc2n1,test
Nc1nc(N)c2nc(CN3c4ccccc4Sc4ccccc43)cnc2n1,6.828788659588897,0.18359130290765724,2,CHEMBL144200,"RnDHFR (R. norvegicus); TgDHFR-TS (T. gondii, apicomplexan)",False,1,c1ccc2c(c1)Sc1ccccc1N2Cc1cnc2ncncc2n1,test
Nc1nc(N)c2nc(CNCc3ccc(Oc4ccccc4)cc3)cnc2n1,4.0,,1,CHEMBL5201599,HsDHFR (H. sapiens),False,0,c1ccc(Oc2ccc(CNCc3cnc4ncncc4n3)cc2)cc1,train
Nc1nc(N)c2nc(CNc3c(Cl)cc(C(=O)NC(CCCNC(=O)c4ccccc4C(=O)O)C(=O)O)cc3Cl)cnc2n1,7.991399828238082,,1,CHEMBL309160,HsDHFR (H. sapiens),False,1,O=C(NCCCCNC(=O)c1ccc(NCc2cnc3ncncc3n2)cc1)c1ccccc1,train
Nc1nc(N)c2nc(CNc3c(Cl)cc(Cl)cc3Cl)ccc2n1,6.790683656322967,0.5987290251895933,6,CHEMBL51706,"RnDHFR (R. norvegicus); TgDHFR-TS (T. gondii, apicomplexan)",False,1,c1ccc(NCc2ccc3ncncc3n2)cc1,train
Nc1nc(N)c2nc(CNc3c(Cl)cccc3Cl)ccc2n1,7.319514058137032,0.25563660056120713,6,CHEMBL54913,"RnDHFR (R. norvegicus); TgDHFR-TS (T. gondii, apicomplexan)",False,1,c1ccc(NCc2ccc3ncncc3n2)cc1,train
Nc1nc(N)c2nc(CNc3cc(Cl)c(Cl)c(Cl)c3)ccc2n1,7.208514035447597,0.16225353123798622,6,CHEMBL53420,"RnDHFR (R. norvegicus); TgDHFR-TS (T. gondii, apicomplexan)",False,1,c1ccc(NCc2ccc3ncncc3n2)cc1,train
Nc1nc(N)c2nc(CNc3cc(Cl)ccc3Cl)ccc2n1,6.869975163640953,0.18731962256317303,6,CHEMBL292212,"RnDHFR (R. norvegicus); TgDHFR-TS (T. gondii, apicomplexan)",False,1,c1ccc(NCc2ccc3ncncc3n2)cc1,train
Nc1nc(N)c2nc(CNc3ccc(C(=O)N4CCC(C(=O)O)CC4)cc3)cnc2n1,5.0,0.9557520969920336,3,CHEMBL2178604,HsDHFR (H. sapiens),False,0,O=C(c1ccc(NCc2cnc3ncncc3n2)cc1)N1CCCCC1,train
Nc1nc(N)c2nc(CNc3ccc(C(=O)NC(C/C=C/C(=O)O)C(=O)O)cc3)cnc2n1,4.337242168318426,,1,CHEMBL166929,MmDHFR (M. musculus),False,0,c1ccc(NCc2cnc3ncncc3n2)cc1,external
Nc1nc(N)c2nc(CNc3ccc(C(=O)NC(CCC(=O)NCc4c(Cl)cccc4Cl)C(=O)O)cc3)cnc2n1,7.096910013008056,,1,CHEMBL48044,MmDHFR (M. musculus),False,1,O=C(CCCNC(=O)c1ccc(NCc2cnc3ncncc3n2)cc1)NCc1ccccc1,train
Nc1nc(N)c2nc(CNc3ccc(C(=O)NC(CCC(=O)NCc4ccc(Cl)c(Cl)c4)C(=O)O)cc3)cnc2n1,6.886056647693163,,1,CHEMBL416261,MmDHFR (M. musculus),False,1,O=C(CCCNC(=O)c1ccc(NCc2cnc3ncncc3n2)cc1)NCc1ccccc1,train
Nc1nc(N)c2nc(CNc3ccc(C(=O)NC(CCC(=O)NCc4ccccc4)C(=O)O)cc3)cnc2n1,7.060480747381382,,1,CHEMBL46140,MmDHFR (M. musculus),False,1,O=C(CCCNC(=O)c1ccc(NCc2cnc3ncncc3n2)cc1)NCc1ccccc1,train
Nc1nc(N)c2nc(CNc3ccc(C(=O)NC(CCC(=O)N[C@]45C[C@H]6C[C@H](C[C@H](C6)C4)C5)C(=O)O)cc3)cnc2n1,7.0,,1,CHEMBL45572,MmDHFR (M. musculus),False,1,O=C(CCCNC(=O)c1ccc(NCc2cnc3ncncc3n2)cc1)N[C@]12C[C@H]3C[C@H](C[C@H](C3)C1)C2,test
Nc1nc(N)c2nc(CNc3ccc(C(=O)NC(CCC(=O)Nc4ccc(O)c(O)c4)C(=O)O)cc3)cnc2n1,7.2441251443275085,,1,CHEMBL45679,MmDHFR (M. musculus),False,1,O=C(CCCNC(=O)c1ccc(NCc2cnc3ncncc3n2)cc1)Nc1ccccc1,train
Nc1nc(N)c2nc(CNc3ccc(C(=O)NC(CCC(=O)Nc4ccc5c(c4)OCO5)C(=O)O)cc3)cnc2n1,7.346787486224656,,1,CHEMBL47316,MmDHFR (M. musculus),False,1,O=C(CCCNC(=O)c1ccc(NCc2cnc3ncncc3n2)cc1)Nc1ccc2c(c1)OCO2,train
Nc1nc(N)c2nc(CNc3ccc(C(=O)NC(CCC(=O)Nc4cccc(C(=O)O)c4)C(=O)O)cc3)cnc2n1,7.494850021680094,,1,CHEMBL421973,HsDHFR (H. sapiens),False,1,O=C(CCCNC(=O)c1ccc(NCc2cnc3ncncc3n2)cc1)Nc1ccccc1,train
Nc1nc(N)c2nc(CNc3ccc(C(=O)NC(CCC(=O)Nc4ccccc4)C(=O)O)cc3)cnc2n1,7.221848749616356,,1,CHEMBL45735,MmDHFR (M. musculus),False,1,O=C(CCCNC(=O)c1ccc(NCc2cnc3ncncc3n2)cc1)Nc1ccccc1,train
Nc1nc(N)c2nc(CNc3ccc(C(=O)NC(CCC(=O)O)C(=O)O)c(F)c3)cnc2n1,7.568636235841012,,1,CHEMBL19227,HsDHFR (H. sapiens),False,1,c1ccc(NCc2cnc3ncncc3n2)cc1,external
Nc1nc(N)c2nc(CNc3ccc(C(=O)NC(CCC(=O)O)C(=O)O)c4ccccc34)cnc2n1,11.341988603342887,,1,CHEMBL335716,MmDHFR (M. musculus),False,1,c1ccc2c(NCc3cnc4ncncc4n3)cccc2c1,train
Nc1nc(N)c2nc(CNc3ccc(C(=O)NC(CCC(=O)O)C(=O)O)cc3F)cnc2n1,7.721246399047171,,1,CHEMBL18925,HsDHFR (H. sapiens),False,1,c1ccc(NCc2cnc3ncncc3n2)cc1,external
Nc1nc(N)c2nc(CNc3ccc(C(=O)NC(CCCCCCC(=O)O)C(=O)O)cc3)cnc2n1,6.267606240177031,,1,CHEMBL434004,MmDHFR (M. musculus),False,1,c1ccc(NCc2cnc3ncncc3n2)cc1,external
Nc1nc(N)c2nc(CNc3ccc(C(=O)NC(CCCCCCCCCC(=O)O)C(=O)O)cc3)cnc2n1,7.0915149811213505,,1,CHEMBL26148,MmDHFR (M. musculus),False,1,c1ccc(NCc2cnc3ncncc3n2)cc1,external
Nc1nc(N)c2nc(CNc3ccc(C(=O)NC(CCCCCCCCCCC(=O)O)C(=O)O)cc3)cnc2n1,7.173925197299173,,1,CHEMBL275229,MmDHFR (M. musculus),False,1,c1ccc(NCc2cnc3ncncc3n2)cc1,external
Nc1nc(N)c2nc(CNc3ccc(C(=O)NC(CCCCNC(=O)c4ccccc4C(=O)O)C(=O)O)cc3)cnc2n1,7.943095148663527,,1,CHEMBL44919,HsDHFR (H. sapiens),False,1,O=C(NCCCCCNC(=O)c1ccc(NCc2cnc3ncncc3n2)cc1)c1ccccc1,test
Nc1nc(N)c2nc(CNc3ccc(C(=O)NC(CCCCP(=O)(O)O)C(=O)O)cc3)cnc2n1,7.173925197299173,,1,CHEMBL283262,MmDHFR (M. musculus),False,1,c1ccc(NCc2cnc3ncncc3n2)cc1,external
Nc1nc(N)c2nc(CNc3ccc(C(=O)NC(CCCNC(=O)CCC(=O)O)C(=O)O)cc3)cnc2n1,7.494850021680094,,1,CHEMBL416193,MmDHFR (M. musculus),False,1,c1ccc(NCc2cnc3ncncc3n2)cc1,external
Nc1nc(N)c2nc(CNc3ccc(C(=O)NC(CCCNC(=O)c4ccc(Cl)c(Cl)c4)C(=O)O)cc3)cnc2n1,7.346787486224656,,1,CHEMBL27821,MmDHFR (M. musculus),False,1,O=C(NCCCCNC(=O)c1ccc(NCc2cnc3ncncc3n2)cc1)c1ccccc1,train
Nc1nc(N)c2nc(CNc3ccc(C(=O)NC(CCCNC(=O)c4ccc(Cl)cc4)C(=O)O)cc3)cnc2n1,7.552841968657781,,1,CHEMBL441418,MmDHFR (M. musculus),False,1,O=C(NCCCCNC(=O)c1ccc(NCc2cnc3ncncc3n2)cc1)c1ccccc1,train
Nc1nc(N)c2nc(CNc3ccc(C(=O)NC(CCCNC(=O)c4ccccc4)C(=O)O)cc3)cnc2n1,7.568636235841012,,1,CHEMBL27109,MmDHFR (M. musculus),False,1,O=C(NCCCCNC(=O)c1ccc(NCc2cnc3ncncc3n2)cc1)c1ccccc1,train
Nc1nc(N)c2nc(CNc3ccc(C(=O)NC(CCCNC(=O)c4ccccc4C(=O)O)C(=O)O)cc3)cnc2n1,7.750170202622,1.2200882312283468,6,CHEMBL18155,HsDHFR (H. sapiens); MmDHFR (M. musculus),False,1,O=C(NCCCCNC(=O)c1ccc(NCc2cnc3ncncc3n2)cc1)c1ccccc1,train
Nc1nc(N)c2nc(CNc3ccc(C(=O)NC(CCCP(=O)(O)O)C(=O)O)cc3)cnc2n1,7.080921907623926,,1,CHEMBL27335,MmDHFR (M. musculus),False,1,c1ccc(NCc2cnc3ncncc3n2)cc1,external
Nc1nc(N)c2nc(CNc3ccc(C(=O)NC(CCNC(=O)c4ccccc4C(=O)O)C(=O)O)cc3)cnc2n1,7.935542010773082,,1,CHEMBL42819,HsDHFR (H. sapiens),False,1,O=C(NCCCNC(=O)c1ccc(NCc2cnc3ncncc3n2)cc1)c1ccccc1,train
Nc1nc(N)c2nc(CNc3ccc(C(=O)NC(CCP(=O)(O)O)C(=O)O)cc3)cnc2n1,7.200659450546418,,1,CHEMBL27149,MmDHFR (M. musculus),False,1,c1ccc(NCc2cnc3ncncc3n2)cc1,external
Nc1nc(N)c2nc(CNc3ccc(C(=O)NC(CP(=O)(O)O)C(=O)O)cc3)cnc2n1,6.259637310505756,,1,CHEMBL28223,MmDHFR (M. musculus),False,1,c1ccc(NCc2cnc3ncncc3n2)cc1,external
Nc1nc(N)c2nc(CNc3ccc(C(=O)NCCc4ccccc4)cc3)cnc2n1,4.394694953858891,,1,CHEMBL5204239,HsDHFR (H. sapiens),False,0,O=C(NCCc1ccccc1)c1ccc(NCc2cnc3ncncc3n2)cc1,test
Nc1nc(N)c2nc(CNc3ccc(C(=O)N[C@@H](CCC(=O)O)C(=O)O)cc3)ccc2n1,7.7447274948966935,,1,CHEMBL2153707,HsDHFR (H. sapiens),False,1,c1ccc(NCc2ccc3ncncc3n2)cc1,train
Nc1nc(N)c2nc(CNc3ccc(C(=O)N[C@@H](CCC(=O)O)C(=O)O)cc3)cnc2n1,7.813543998514946,1.7630615971605959,18,CHEMBL376180,HsDHFR (H. sapiens); MmDHFR (M. musculus),False,1,c1ccc(NCc2cnc3ncncc3n2)cc1,external
Nc1nc(N)c2nc(CNc3ccc(C(=O)c4ccccc4)cc3)cnc2n1,5.220403508742176,,1,CHEMBL5175012,HsDHFR (H. sapiens),False,0,O=C(c1ccccc1)c1ccc(NCc2cnc3ncncc3n2)cc1,train
Nc1nc(N)c2nc(CNc3ccc(Cl)c(Cl)c3)ccc2n1,7.25586569225227,0.012861125871724352,6,CHEMBL292427,"RnDHFR (R. norvegicus); TgDHFR-TS (T. gondii, apicomplexan)",False,1,c1ccc(NCc2ccc3ncncc3n2)cc1,train
Nc1nc(N)c2nc(CNc3ccc(Cl)cc3)cnc2n1,6.376013366819096,0.20769901006294453,2,CHEMBL22672,"RnDHFR (R. norvegicus); TgDHFR-TS (T. gondii, apicomplexan)",False,1,c1ccc(NCc2cnc3ncncc3n2)cc1,external
Nc1nc(N)c2nc(CNc3ccc(Cl)cc3Cl)ccc2n1,7.178273661756906,0.13456299905349697,6,CHEMBL292634,"RnDHFR (R. norvegicus); TgDHFR-TS (T. gondii, apicomplexan)",False,1,c1ccc(NCc2ccc3ncncc3n2)cc1,train
Nc1nc(N)c2nc(CNc3ccc4c(c3)CN(C(CCC(=O)O)C(=O)O)C4=O)cnc2n1,10.113509274827518,,1,CHEMBL388501,HsDHFR (H. sapiens),False,1,O=C1NCc2cc(NCc3cnc4ncncc4n3)ccc21,train
Nc1nc(N)c2nc(CNc3ccc4c(c3)CN([C@@H](CCC(=O)O)C(=O)O)C4=O)cnc2n1,10.468521082957745,,1,CHEMBL390990,HsDHFR (H. sapiens),False,1,O=C1NCc2cc(NCc3cnc4ncncc4n3)ccc21,train
Nc1nc(N)c2nc(CNc3ccc4ccccc4c3)ccc2n1,6.736840701896091,0.06468683844111492,6,CHEMBL417746,"RnDHFR (R. norvegicus); TgDHFR-TS (T. gondii, apicomplexan)",False,1,c1ccc2cc(NCc3ccc4ncncc4n3)ccc2c1,train
Nc1nc(N)c2nc(CNc3cccc(C(=O)NC(CCC(=O)O)C(=O)O)c3)cnc2n1,3.6989700043360187,,1,CHEMBL166327,MmDHFR (M. musculus),False,0,c1ccc(NCc2cnc3ncncc3n2)cc1,external
Nc1nc(N)c2nc(CNc3cccc(Cl)c3)ccc2n1,6.870026356941147,0.01761178135479482,6,CHEMBL54618,"RnDHFR (R. norvegicus); TgDHFR-TS (T. gondii, apicomplexan)",False,1,c1ccc(NCc2ccc3ncncc3n2)cc1,train
Nc1nc(N)c2nc(CNc3cccc4ccccc34)ccc2n1,7.4915376239478295,0.10245175722868582,6,CHEMBL299140,"RnDHFR (R. norvegicus); TgDHFR-TS (T. gondii, apicomplexan)",False,1,c1ccc2c(NCc3ccc4ncncc4n3)cccc2c1,train
Nc1nc(N)c2nc(CNc3cccc4ccccc34)cnc2n1,5.899629454882437,0.9026953993266351,3,CHEMBL26006,"HsDHFR (H. sapiens); RnDHFR (R. norvegicus); TgDHFR-TS (T. gondii, apicomplexan)",False,0,c1ccc2c(NCc3cnc4ncncc4n3)cccc2c1,train
Nc1nc(N)c2nc(CNc3ccccc3)ccc2n1,6.8278038631574445,0.2660299131519755,6,CHEMBL54733,"RnDHFR (R. norvegicus); TgDHFR-TS (T. gondii, apicomplexan)",False,1,c1ccc(NCc2ccc3ncncc3n2)cc1,train
Nc1nc(N)c2nc(CNc3ccccc3Cl)ccc2n1,6.906301690515453,0.0574155707686298,6,CHEMBL53165,"RnDHFR (R. norvegicus); TgDHFR-TS (T. gondii, apicomplexan)",False,1,c1ccc(NCc2ccc3ncncc3n2)cc1,train
Nc1nc(N)c2nc(COC(=O)c3ccc(C(=O)N[C@@H](CCC(=O)O)C(=O)O)cc3)cnc2n1,6.920818753952375,0.8153227616739475,3,CHEMBL327066,HsDHFR (H. sapiens); RnDHFR (R. norvegicus),False,1,O=C(OCc1cnc2ncncc2n1)c1ccccc1,train
Nc1nc(N)c2nc(COC(=O)c3ccccc3)cnc2n1,5.154901959985743,0.047152223303398924,3,CHEMBL309784,"RnDHFR (R. norvegicus); TgDHFR-TS (T. gondii, apicomplexan)",False,0,O=C(OCc1cnc2ncncc2n1)c1ccccc1,train
Nc1nc(N)c2nc(COc3ccc(C(=O)NC(CCC(=O)O)C(=O)O)cc3)cnc2n1,6.130768280269024,,1,CHEMBL10804,HsDHFR (H. sapiens),False,1,c1ccc(OCc2cnc3ncncc3n2)cc1,test
Nc1nc(N)c2nc(CSc3ccc(C(=O)NC(CCC(=O)O)C(=O)O)cc3)cnc2n1,5.568636235841012,,1,CHEMBL10591,HsDHFR (H. sapiens),False,0,c1ccc(SCc2cnc3ncncc3n2)cc1,train
Nc1nc(N)c2nc(CSc3ccc(Cl)cc3)cnc2n1,4.809677340404537,0.04947855551843598,2,CHEMBL23787,"RnDHFR (R. norvegicus); TgDHFR-TS (T. gondii, apicomplexan)",False,0,c1ccc(SCc2cnc3ncncc3n2)cc1,train
Nc1nc(N)c2nc(CSc3ccc(Sc4ccccc4)cc3)cnc2n1,4.85778463307774,1.7758628189686316,2,CHEMBL83553,"RnDHFR (R. norvegicus); TgDHFR-TS (T. gondii, apicomplexan)",False,0,c1ccc(Sc2ccc(SCc3cnc4ncncc4n3)cc2)cc1,test
Nc1nc(N)c2nc(CSc3ccc4ccccc4c3)[nH]c2n1,4.158701854269723,0.21718258047976277,4,CHEMBL101908,"RnDHFR (R. norvegicus); TgDHFR-TS (T. gondii, apicomplexan)",False,0,c1ccc2cc(SCc3nc4cncnc4[nH]3)ccc2c1,test
Nc1nc(N)c2nc(CSc3ccc4ccccc4c3)ccc2n1,7.192130155690423,0.13880695645527868,6,CHEMBL292143,"RnDHFR (R. norvegicus); TgDHFR-TS (T. gondii, apicomplexan)",False,1,c1ccc2cc(SCc3ccc4ncncc4n3)ccc2c1,test
Nc1nc(N)c2nc(CSc3cccc(Cl)c3)cnc2n1,4.909621753848221,0.47305923147559203,2,CHEMBL409194,"RnDHFR (R. norvegicus); TgDHFR-TS (T. gondii, apicomplexan)",False,0,c1ccc(SCc2cnc3ncncc3n2)cc1,train
Nc1nc(N)c2nc(CSc3cccc4ccccc34)ccc2n1,7.052841968657781,0.3257315296294272,6,CHEMBL55656,"RnDHFR (R. norvegicus); TgDHFR-TS (T. gondii, apicomplexan)",False,1,c1ccc2c(SCc3ccc4ncncc4n3)cccc2c1,test
Nc1nc(N)c2nc(CSc3cccc4ccccc34)cnc2n1,5.120544053801013,0.048589416901187454,2,CHEMBL22434,"RnDHFR (R. norvegicus); TgDHFR-TS (T. gondii, apicomplexan)",False,0,c1ccc2c(SCc3cnc4ncncc4n3)cccc2c1,test
Nc1nc(N)c2nc(CSc3ccccc3)ccc2n1,6.585026652029182,0.32976793798665666,6,CHEMBL300886,"RnDHFR (R. norvegicus); TgDHFR-TS (T. gondii, apicomplexan)",False,1,c1ccc(SCc2ccc3ncncc3n2)cc1,test
Nc1nc(N)c2nc(CSc3ccccc3)cnc2n1,4.861287083862069,1.4459416380782493,4,CHEMBL279243,"RnDHFR (R. norvegicus); TgDHFR-TS (T. gondii, apicomplexan)",False,0,c1ccc(SCc2cnc3ncncc3n2)cc1,train
Nc1nc(N)c2nc(Cc3ccccc3)[nH]c2n1,6.049999238830475,0.2757455508860282,6,CHEMBL102303,"RnDHFR (R. norvegicus); TgDHFR-TS (T. gondii, apicomplexan)",False,1,c1ccc(Cc2nc3cncnc3[nH]2)cc1,test
Nc1nc(N)c2nc(Cn3c4ccccc4c4ccccc43)cnc2n1,7.590228032229065,0.4675258822558141,2,CHEMBL423200,"RnDHFR (R. norvegicus); TgDHFR-TS (T. gondii, apicomplexan)",False,1,c1ccc2c(c1)c1ccccc1n2Cc1cnc2ncncc2n1,test
Nc1nc(N)c2nc(Nc3cc(F)c(F)c(F)c3)ccc2n1,5.742801573860655,,1,CHEMBL4522888,HsDHFR (H. sapiens),False,0,c1ccc(Nc2ccc3ncncc3n2)cc1,train
Nc1nc(N)c2nc(Nc3ccc(Cl)cc3)ccc2n1,6.083461362596803,0.00285414029434989,6,CHEMBL138252,"RnDHFR (R. norvegicus); TgDHFR-TS (T. gondii, apicomplexan)",False,1,c1ccc(Nc2ccc3ncncc3n2)cc1,train
Nc1nc(N)c2nc(Nc3ccc(F)c(F)c3)ccc2n1,5.647238808276169,,1,CHEMBL4522334,HsDHFR (H. sapiens),False,0,c1ccc(Nc2ccc3ncncc3n2)cc1,train
Nc1nc(N)c2nc(Nc3ccc(O)cc3)ccc2n1,5.802443786846464,,1,CHEMBL4573954,HsDHFR (H. sapiens),False,0,c1ccc(Nc2ccc3ncncc3n2)cc1,train
Nc1nc(N)c2nc(Nc3ccc(OC(F)(F)F)cc3)ccc2n1,5.384576047114056,,1,CHEMBL4469864,HsDHFR (H. sapiens),False,0,c1ccc(Nc2ccc3ncncc3n2)cc1,train
Nc1nc(N)c2nc(Nc3ccc4ccccc4c3)ccc2n1,5.698970004336019,0.23145553644720163,3,CHEMBL138419,"HsDHFR (H. sapiens); RnDHFR (R. norvegicus); TgDHFR-TS (T. gondii, apicomplexan)",False,0,c1ccc2cc(Nc3ccc4ncncc4n3)ccc2c1,train
Nc1nc(N)c2nc(Nc3cccc4ccccc34)ccc2n1,5.959397659885926,,1,CHEMBL4449630,HsDHFR (H. sapiens),False,0,c1ccc2c(Nc3ccc4ncncc4n3)cccc2c1,train
Nc1nc(N)c2nc(Nc3ccccc3)ccc2n1,6.366531544420413,0.25000550238462294,7,CHEMBL139188,"HsDHFR (H. sapiens); RnDHFR (R. norvegicus); TgDHFR-TS (T. gondii, apicomplexan)",False,1,c1ccc(Nc2ccc3ncncc3n2)cc1,train
Nc1nc(N)c2nc3c(nc2n1)-c1cccc2cccc-3c12,6.09151498112135,,1,CHEMBL4641198,HsDHFR (H. sapiens),False,1,c1cc2c3c(cccc3c1)-c1nc3ncncc3nc1-2,test
Nc1nc(N)c2nc3c4cccnc4c4ncccc4c3nc2n1,5.236572006437063,,1,CHEMBL4635593,HsDHFR (H. sapiens),False,0,c1cnc2c(c1)c1nc3cncnc3nc1c1cccnc12,test
Nc1nc(N)nc(-c2ccc(OCc3ccc(Cl)cc3)cc2)n1,4.079354998593212,,1,CHEMBL4169358,HsDHFR (H. sapiens),False,0,c1ccc(COc2ccc(-c3ncncn3)cc2)cc1,train
Nc1nc(N)nc(-c2ccc(OCc3cccc(Cl)c3)cc2)n1,4.139721900247765,,1,CHEMBL4162075,HsDHFR (H. sapiens),False,0,c1ccc(COc2ccc(-c3ncncn3)cc2)cc1,train
Nc1nc(O)c2c(CNc3cc(Cl)cc(Cl)c3)c[nH]c2n1,4.793937796913341,0.8390222836943856,2,CHEMBL61108,"RnDHFR (R. norvegicus); TgDHFR-TS (T. gondii, apicomplexan)",False,0,c1ccc(NCc2c[nH]c3ncncc23)cc1,train
Nc1nc(O)c2c(CNc3cc(Cl)ccc3Cl)c[nH]c2n1,5.391258027893047,1.1160945667085598,2,CHEMBL418502,"RnDHFR (R. norvegicus); TgDHFR-TS (T. gondii, apicomplexan)",False,0,c1ccc(NCc2c[nH]c3ncncc23)cc1,train
Nc1nc(O)c2c(CNc3ccc(C(=O)N[C@@H](CCC(=O)O)C(=O)O)cc3)c[nH]c2n1,5.048455006504028,0.0685257273628731,2,CHEMBL61708,"HsDHFR (H. sapiens); TgDHFR-TS (T. gondii, apicomplexan)",False,0,c1ccc(NCc2c[nH]c3ncncc23)cc1,train
Nc1nc(O)c2c(CNc3ccc(Cl)cc3Cl)c[nH]c2n1,5.240743030061056,0.5894927049310378,2,CHEMBL303102,"RnDHFR (R. norvegicus); TgDHFR-TS (T. gondii, apicomplexan)",False,0,c1ccc(NCc2c[nH]c3ncncc23)cc1,train
Nc1nc(O)c2c(CNc3cccc(Cl)c3)c[nH]c2n1,5.020479303839453,0.6158230459614147,2,CHEMBL61110,"RnDHFR (R. norvegicus); TgDHFR-TS (T. gondii, apicomplexan)",False,0,c1ccc(NCc2c[nH]c3ncncc23)cc1,train
Nc1nc(O)c2c(Cl)c(CNc3ccc(C(=O)NC(CCC(=O)O)C(=O)O)cc3)ccc2n1,7.0,,1,CHEMBL38561,HsDHFR (H. sapiens),False,1,c1ccc(NCc2ccc3ncncc3c2)cc1,train
Nc1nc(O)c2c(Cl)c(NCc3ccc(C(=O)NC(CCC(=O)O)C(=O)O)cc3)ccc2n1,7.0,,1,CHEMBL39851,HsDHFR (H. sapiens),False,1,c1ccc(CNc2ccc3ncncc3c2)cc1,train
Nc1nc(O)c2c(n1)CCC2CCCc1ccc(C(=O)NC(CCC(=O)O)C(=O)O)cc1,7.221848749616356,,1,CHEMBL42301,MmDHFR (M. musculus),False,1,c1ccc(CCCC2CCc3ncncc32)cc1,train
Nc1nc(O)c2c(n1)CCC2CCc1ccc(C(=O)NC(CCC(=O)O)C(=O)O)cc1,8.67778070526608,,1,CHEMBL296190,MmDHFR (M. musculus),False,1,c1ccc(CCC2CCc3ncncc32)cc1,train
Nc1nc(O)c2c(n1)NCC(CNc1ccc(C(=O)NC(CCP(=O)(O)O)C(=O)O)cc1)C2,3.6575773191777934,,1,CHEMBL38902,HsDHFR (H. sapiens),False,0,c1ccc(NCC2CNc3ncncc3C2)cc1,train
Nc1nc(O)c2c(n1)NCC(CNc1ccc(C(=O)NC(CCS(=O)(=O)O)C(=O)O)cc1)C2,4.920818753952375,,1,CHEMBL417696,HsDHFR (H. sapiens),False,0,c1ccc(NCC2CNc3ncncc3C2)cc1,train
Nc1nc(O)c2c(n1)OCC(CCCCc1ccccc1)=N2,5.096910013008056,,1,CHEMBL3228464,HsDHFR (H. sapiens),False,0,c1ccc(CCCCC2=Nc3cncnc3OC2)cc1,test
Nc1nc(O)c2c(n1)OCC(CCCc1ccccc1)=N2,5.154901959985743,,1,CHEMBL3228463,HsDHFR (H. sapiens),False,0,c1ccc(CCCC2=Nc3cncnc3OC2)cc1,test
Nc1nc(O)c2c(n1)OCC(CCc1ccccc1)=N2,5.522878745280337,,1,CHEMBL3228462,HsDHFR (H. sapiens),False,0,c1ccc(CCC2=Nc3cncnc3OC2)cc1,test
Nc1nc(O)c2c(n1)OCC(Cc1ccccc1)=N2,4.552841968657781,,1,CHEMBL3228461,HsDHFR (H. sapiens),False,0,c1ccc(CC2=Nc3cncnc3OC2)cc1,test
Nc1nc(O)c2c(n1)OCC(c1ccccc1)=N2,4.2441251443275085,,1,CHEMBL3228459,HsDHFR (H. sapiens),False,0,c1ccc(C2=Nc3cncnc3OC2)cc1,train
Nc1nc(O)c2cc(CN(C=O)c3ccc(C(=O)NC(CCC(=O)O)C(=O)O)cc3)ccc2n1,7.958607314841775,,1,CHEMBL140448,HsDHFR (H. sapiens),False,1,c1ccc(NCc2ccc3ncncc3c2)cc1,train
Nc1nc(O)c2cc(CN(C=O)c3ccc(C(=O)N[C@@H](CCC(=O)O)C(=O)O)cc3)ccc2n1,7.920818753952375,,1,CHEMBL532231,RnDHFR (R. norvegicus),False,1,c1ccc(NCc2ccc3ncncc3c2)cc1,train
Nc1nc(O)c2cc(CNc3ccc(C(=O)NC(CCC(=O)O)C(=O)O)cc3)ccc2n1,8.352546544697404,1.2502007974753637,2,CHEMBL23977,HsDHFR (H. sapiens); RnDHFR (R. norvegicus),False,1,c1ccc(NCc2ccc3ncncc3c2)cc1,train
Nc1nc(O)c2cc(CNc3ccc(C(=O)NC(CCP(=O)(O)O)C(=O)O)cc3)cnc2n1,5.327902142064282,,1,CHEMBL40850,HsDHFR (H. sapiens),False,0,c1ccc(NCc2cnc3ncncc3c2)cc1,train
Nc1nc(O)c2cc(CNc3ccc(C(=O)NC(CCS(=O)(=O)O)C(=O)O)cc3)cnc2n1,6.3979400086720375,,1,CHEMBL39175,HsDHFR (H. sapiens),False,1,c1ccc(NCc2cnc3ncncc3c2)cc1,train
Nc1nc(O)c2cc(CNc3ccc(C(=O)N[C@@H](CCC(=O)O)C(=O)O)cc3)ccc2n1,7.638272163982407,,1,CHEMBL22973,RnDHFR (R. norvegicus),False,1,c1ccc(NCc2ccc3ncncc3c2)cc1,train
Nc1nc(O)c2cc(COc3ccc(C(=O)NC(CCC(=O)O)C(=O)O)cc3)ccc2n1,6.769551078621726,0.0,3,CHEMBL139551,HsDHFR (H. sapiens),False,1,c1ccc(OCc2ccc3ncncc3c2)cc1,train
Nc1nc(O)c2cc(N(C=O)Cc3ccc(C(=O)NC(CCC(=O)O)C(=O)O)cc3)ccc2n1,6.552841968657781,,1,CHEMBL77065,HsDHFR (H. sapiens),False,1,c1ccc(CNc2ccc3ncncc3c2)cc1,train
Nc1nc(O)c2cc(N(C=O)Cc3ccc(C(=O)NC(CCC(=O)O)C(=O)O)cc3)cnc2n1,5.709965388637482,,1,CHEMBL157775,HsDHFR (H. sapiens),False,0,c1ccc(CNc2cnc3ncncc3c2)cc1,train
Nc1nc(O)c2cc(NCc3ccc(C(=O)NC(CCC(=O)O)C(=O)O)cc3)cnc2n1,6.6777807052660805,,1,CHEMBL157857,HsDHFR (H. sapiens),False,1,c1ccc(CNc2cnc3ncncc3c2)cc1,train
Nc1nc(O)c2cc(NCc3ccc(C(=O)N[C@@H](CCC(=O)O)C(=O)O)cc3)ccc2n1,6.6777807052660805,,1,CHEMBL3244861,RnDHFR (R. norvegicus),False,1,c1ccc(CNc2ccc3ncncc3c2)cc1,train
Nc1nc2[nH]c(CCNC(=O)c3ccc(C(=O)NCc4ccccn4)cc3)cc2c(=O)[nH]1,7.533280628318401,,1,CHEMBL4444154,HsDHFR (H. sapiens),False,1,O=C(NCCc1cc2c(=O)[nH]cnc2[nH]1)c1ccc(C(=O)NCc2ccccn2)cc1,test
Nc1nc2[nH]c(CCNC(=O)c3ccc(C(=O)NCc4cccnc4)cc3)cc2c(=O)[nH]1,7.420902673447356,,1,CHEMBL4435374,HsDHFR (H. sapiens),False,1,O=C(NCCc1cc2c(=O)[nH]cnc2[nH]1)c1ccc(C(=O)NCc2cccnc2)cc1,test
Nc1nc2[nH]c(CCNC(=O)c3ccc(C(=O)NCc4ccncc4)cc3)cc2c(=O)[nH]1,7.3102473038608435,,1,CHEMBL4552684,HsDHFR (H. sapiens),False,1,O=C(NCCc1cc2c(=O)[nH]cnc2[nH]1)c1ccc(C(=O)NCc2ccncc2)cc1,test
Nc1nc2[nH]c(CCNC(=O)c3cccc(C(=O)NCc4ccccn4)c3)cc2c(=O)[nH]1,8.032452023781138,,1,CHEMBL4587332,HsDHFR (H. sapiens),False,1,O=C(NCCc1cc2c(=O)[nH]cnc2[nH]1)c1cccc(C(=O)NCc2ccccn2)c1,test
Nc1nc2[nH]c(CCNC(=O)c3cccc(C(=O)NCc4cccnc4)c3)cc2c(=O)[nH]1,7.272296116314646,,1,CHEMBL4531384,HsDHFR (H. sapiens),False,1,O=C(NCCc1cc2c(=O)[nH]cnc2[nH]1)c1cccc(C(=O)NCc2cccnc2)c1,test
Nc1nc2[nH]c(CCNC(=O)c3cccc(C(=O)NCc4ccncc4)c3)cc2c(=O)[nH]1,7.181246409502283,,1,CHEMBL4522253,HsDHFR (H. sapiens),False,1,O=C(NCCc1cc2c(=O)[nH]cnc2[nH]1)c1cccc(C(=O)NCc2ccncc2)c1,test
Nc1nc2[nH]c3cccc(Sc4ccc5ccccc5c4)c3c2c(=O)[nH]1,8.211254100081387,0.7544453101130233,2,CHEMBL3099582,"TgDHFR-TS (T. gondii, apicomplexan)",False,1,O=c1[nH]cnc2[nH]c3cccc(Sc4ccc5ccccc5c4)c3c12,test
Nc1nc2[nH]c3cccc(Sc4cccc5ccccc45)c3c2c(=O)[nH]1,7.977377639760926,0.751316039585038,2,CHEMBL3099581,"TgDHFR-TS (T. gondii, apicomplexan)",False,1,O=c1[nH]cnc2[nH]c3cccc(Sc4cccc5ccccc45)c3c12,test
Nc1nc2[nH]c3cccc(Sc4ccccc4)c3c2c(=O)[nH]1,8.168621084159213,0.7500266357039649,2,CHEMBL3099580,"TgDHFR-TS (T. gondii, apicomplexan)",False,1,O=c1[nH]cnc2[nH]c3cccc(Sc4ccccc4)c3c12,test
Nc1nc2[nH]cc(CCc3ccc(C(=O)N[C@@H](CCC(=O)O)C(=O)O)cc3)c2c(=O)[nH]1,5.638272163982407,0.8887836156956774,36,CHEMBL225072,"HsDHFR (H. sapiens); MmDHFR (M. musculus); TgDHFR-TS (T. gondii, apicomplexan)",False,0,O=c1[nH]cnc2[nH]cc(CCc3ccccc3)c12,test
Nc1nc2[nH]cc(Cc3ccc(C(=O)N[C@@H](CCC(=O)O)C(=O)O)cc3)c2c(=O)[nH]1,6.1938200260161125,,1,CHEMBL2426247,HsDHFR (H. sapiens),False,1,O=c1[nH]cnc2[nH]cc(Cc3ccccc3)c12,test
Nc1nc2c(nc(-c3ccc(Br)cc3)n2-c2ccccc2)c(=O)[nH]1,4.264002115908206,,1,CHEMBL5282297,HsDHFR (H. sapiens),False,0,O=c1[nH]cnc2c1nc(-c1ccccc1)n2-c1ccccc1,train
Nc1nc2c(nc(-c3ccc4c(c3)OCO4)n2-c2ccccc2)c(=O)[nH]1,4.681727919788373,,1,CHEMBL5281935,HsDHFR (H. sapiens),False,0,O=c1[nH]cnc2c1nc(-c1ccc3c(c1)OCO3)n2-c1ccccc1,test
Nc1nc2c(nc(-c3ccccc3O)n2-c2ccccc2)c(=O)[nH]1,4.113001954328901,,1,CHEMBL5269398,HsDHFR (H. sapiens),False,0,O=c1[nH]cnc2c1nc(-c1ccccc1)n2-c1ccccc1,train
Nc1nc2ccc(OC(F)(F)F)cc2s1,3.5058454059815576,,1,CHEMBL744,HsDHFR (H. sapiens),False,0,c1ccc2scnc2c1,test
Nc1nc2sc3cccc(CNc4ccc(C(=O)N[C@@H](CCC(=O)O)C(=O)O)cc4)c3c2c(=O)[nH]1,7.045757490560675,0.4430382490200718,3,CHEMBL1738741,"HsDHFR (H. sapiens); TgDHFR-TS (T. gondii, apicomplexan)",False,1,O=c1[nH]cnc2sc3cccc(CNc4ccccc4)c3c12,train
Nc1nc2sc3cccc(CNc4ccc5c(c4)CN([C@@H](CCC(=O)O)C(=O)O)C5=O)c3c2c(=O)[nH]1,7.0,0.654103872164731,3,CHEMBL1738740,"HsDHFR (H. sapiens); TgDHFR-TS (T. gondii, apicomplexan)",False,1,O=C1NCc2cc(NCc3cccc4sc5nc[nH]c(=O)c5c34)ccc21,train
Nc1ncc(-c2ccc(Cl)c(Cl)c2)c(N)n1,5.259637310505756,,1,CHEMBL586281,HsDHFR (H. sapiens),False,0,c1ccc(-c2cncnc2)cc1,train
Nc1ncc(-c2ccc(Cl)c([N+](=O)[O-])c2)c(N)n1,4.756961951313706,,1,CHEMBL5569615,HsDHFR (H. sapiens),False,0,c1ccc(-c2cncnc2)cc1,train
Nc1ncc(-c2ccc(Cl)cc2)c(N)n1,6.4333268623938835,1.863330814717261,5,CHEMBL279492,"PfDHFR-TS K1 (P. falciparum, resistant)",True,1,c1ccc(-c2cncnc2)cc1,train
Nc1ncc(-c2ccc3ccccc3c2)c(N)n1,4.87942606879415,,1,CHEMBL5575210,HsDHFR (H. sapiens),False,0,c1ccc2cc(-c3cncnc3)ccc2c1,test
Nc1ncc(-c2cccc(Cl)c2)c(N)n1,7.312625826994948,1.35135371031037,6,CHEMBL21414,"HsDHFR (H. sapiens); PfDHFR-TS K1 (P. falciparum, resistant)",True,1,c1ccc(-c2cncnc2)cc1,train
Nc1ncc(-c2ccccc2)c(N)n1,7.0915149811213505,1.0978113081966459,5,CHEMBL21690,"PfDHFR-TS K1 (P. falciparum, resistant)",True,1,c1ccc(-c2cncnc2)cc1,train
Nc1ncc(/C=C/c2ccccc2)c(N)n1,3.884056823060945,,1,CHEMBL362208,RnDHFR (R. norvegicus),False,0,C(=C/c1cncnc1)\c1ccccc1,test
Nc1ncc(CCCCc2ccc(C(=O)N[C@@H](CCC(=O)O)C(=O)O)cc2)c(N)n1,11.301029995663981,,1,CHEMBL145947,HsDHFR (H. sapiens),False,1,c1ccc(CCCCc2cncnc2)cc1,test
Nc1ncc(CCCc2ccc(C(=O)N[C@@H](CCC(=O)O)C(=O)O)cc2)c(N)n1,9.920818753952375,,1,CHEMBL443763,HsDHFR (H. sapiens),False,1,c1ccc(CCCc2cncnc2)cc1,train
Nc1ncc(CCc2ccccc2)c(N)n1,4.399027104313252,,1,CHEMBL361101,RnDHFR (R. norvegicus),False,0,c1ccc(CCc2cncnc2)cc1,train
Nc1ncc(CN2CCN(c3cc(Cl)ccc3OCc3cccc(C(F)(F)F)c3)CC2)c(N)n1,6.022276394711152,,1,CHEMBL3972872,"TgDHFR-TS (T. gondii, apicomplexan)",False,1,c1ccc(COc2ccccc2N2CCN(Cc3cncnc3)CC2)cc1,test
Nc1ncc(CN2CCN(c3cccc(C(F)(F)F)c3)CC2)c(N)n1,4.56656109283125,0.6641869266691302,2,CHEMBL3930739,"HsDHFR (H. sapiens); TgDHFR-TS (T. gondii, apicomplexan)",False,0,c1ccc(N2CCN(Cc3cncnc3)CC2)cc1,test
Nc1ncc(CN2CCc3c([nH]c4ccccc34)C2)c(N)n1,7.327902142064282,2.4370921295140002,3,CHEMBL75944,HsDHFR (H. sapiens),False,1,c1ccc2c3c([nH]c2c1)CN(Cc1cncnc1)CC3,test
Nc1ncc(CN2CCc3ccccc3C2)c(N)n1,5.609122312673765,0.4942464299119894,2,CHEMBL74782,HsDHFR (H. sapiens),False,0,c1ccc2c(c1)CCN(Cc1cncnc1)C2,train
Nc1ncc(CNc2ccccc2)c(N)n1,3.875821944525325,,1,CHEMBL177230,RnDHFR (R. norvegicus),False,0,c1ccc(NCc2cncnc2)cc1,test
Nc1ncc(CSc2ccc3ccccc3c2)c(N)n1,3.956244873031321,,1,CHEMBL425152,RnDHFR (R. norvegicus),False,0,c1ccc2cc(SCc3cncnc3)ccc2c1,test
Nc1ncc(Cc2cc(Br)c(N)c(Br)c2)c(N)n1,4.2441251443275085,,1,CHEMBL333424,RnDHFR (R. norvegicus),False,0,c1ccc(Cc2cncnc2)cc1,external
Nc1ncc(Cc2cc(CO)cc(CO)c2)c(N)n1,3.2299999965745707,,1,CHEMBL31619,GgDHFR (G. gallus),False,0,c1ccc(Cc2cncnc2)cc1,external
Nc1ncc(Cc2cc(Cl)c(N)c(Cl)c2)c(N)n1,3.886056647693163,,1,CHEMBL120807,RnDHFR (R. norvegicus),False,0,c1ccc(Cc2cncnc2)cc1,external
Nc1ncc(Cc2cc(I)c(O)c(I)c2)c(N)n1,6.140044467900831,1.6060935812165096,2,CHEMBL118480,"PbDHFR-TS (P. berghei, rodent malaria); RnDHFR (R. norvegicus)",False,1,c1ccc(Cc2cncnc2)cc1,external
Nc1ncc(Cc2cc(I)c(OCCCOc3ccccc3)c(I)c2)c(N)n1,5.801342913045577,,1,CHEMBL334021,RnDHFR (R. norvegicus),False,0,c1ccc(OCCCOc2ccc(Cc3cncnc3)cc2)cc1,train
Nc1ncc(Cc2ccc(-c3ccccc3)cc2)c(N)n1,5.259999900311453,,1,CHEMBL56101,GgDHFR (G. gallus),False,0,c1ccc(-c2ccc(Cc3cncnc3)cc2)cc1,train
Nc1ncc(Cc2ccc(Br)c3ccccc23)c(N)n1,5.549750891680639,,1,CHEMBL177408,RnDHFR (R. norvegicus),False,0,c1ccc2c(Cc3cncnc3)cccc2c1,train
Nc1ncc(Cc2ccc(Br)cc2)c(N)n1,4.790000026071145,,1,CHEMBL19293,GgDHFR (G. gallus),False,0,c1ccc(Cc2cncnc2)cc1,external
Nc1ncc(Cc2ccc(Cl)cc2)c(N)n1,4.830000113973616,,1,CHEMBL280884,GgDHFR (G. gallus),False,0,c1ccc(Cc2cncnc2)cc1,external
Nc1ncc(Cc2ccc(F)cc2)c(N)n1,4.790000026071145,,1,CHEMBL19780,GgDHFR (G. gallus),False,0,c1ccc(Cc2cncnc2)cc1,external
Nc1ncc(Cc2ccc(O)c(O)c2)c(N)n1,3.5899999970886247,,1,CHEMBL279273,GgDHFR (G. gallus),False,0,c1ccc(Cc2cncnc2)cc1,external
Nc1ncc(Cc2ccc(O)cc2)c(N)n1,4.169999984192581,,1,CHEMBL56668,GgDHFR (G. gallus),False,0,c1ccc(Cc2cncnc2)cc1,external
Nc1ncc(Cc2ccc(OC(F)(F)F)cc2)c(N)n1,4.319999993033794,,1,CHEMBL19771,GgDHFR (G. gallus),False,0,c1ccc(Cc2cncnc2)cc1,external
Nc1ncc(Cc2ccc(OCCCCN3C(=O)c4ccccc4C3=O)cc2)c(N)n1,5.43842163169904,,1,CHEMBL176848,RnDHFR (R. norvegicus),False,0,O=C1c2ccccc2C(=O)N1CCCCOc1ccc(Cc2cncnc2)cc1,train
Nc1ncc(Cc2ccc(OCCCOCCCOc3ccccc3)cc2)c(N)n1,6.773419445390023,0.9819002296837546,4,CHEMBL118425,"PfDHFR-TS K1 (P. falciparum, resistant)",True,1,c1ccc(OCCCOCCCOc2ccc(Cc3cncnc3)cc2)cc1,train
Nc1ncc(Cc2ccc(OCCCOc3cc(Cl)c(Cl)cc3Cl)cc2)c(N)n1,7.518377690166198,1.4764193335866467,4,CHEMBL25112,"PfDHFR-TS K1 (P. falciparum, resistant)",True,1,c1ccc(OCCCOc2ccc(Cc3cncnc3)cc2)cc1,train
Nc1ncc(Cc2ccc(OCCCOc3ccccc3)cc2)c(N)n1,6.548577349145476,1.0743211234746621,4,CHEMBL119568,"PfDHFR-TS K1 (P. falciparum, resistant)",True,1,c1ccc(OCCCOc2ccc(Cc3cncnc3)cc2)cc1,train
Nc1ncc(Cc2ccc(OCCCc3ccccc3)cc2)c(N)n1,6.665987264756494,1.2071434278760018,4,CHEMBL118668,"PfDHFR-TS K1 (P. falciparum, resistant)",True,1,c1ccc(CCCOc2ccc(Cc3cncnc3)cc2)cc1,train
Nc1ncc(Cc2ccc(OCc3ccccc3)c(OCc3ccccc3)c2)c(N)n1,6.327902142064282,1.3363257129750894,15,CHEMBL22138,"PfDHFR-TS K1 (P. falciparum, resistant)",True,1,c1ccc(COc2ccc(Cc3cncnc3)cc2OCc2ccccc2)cc1,train
Nc1ncc(Cc2ccc(OCc3ccccc3)cc2)c(N)n1,5.488882572685576,1.167189219335127,12,CHEMBL56146,"GgDHFR (G. gallus); PfDHFR-TS K1 (P. falciparum, resistant)",True,0,c1ccc(COc2ccc(Cc3cncnc3)cc2)cc1,train
Nc1ncc(Cc2ccc([N+](=O)[O-])cc2)c(N)n1,4.3700000191416315,,1,CHEMBL19414,GgDHFR (G. gallus),False,0,c1ccc(Cc2cncnc2)cc1,external
Nc1ncc(Cc2ccc3c(c2)CCCN3)c(N)n1,3.853871964321762,,1,CHEMBL58917,RnDHFR (R. norvegicus),False,0,c1ncc(Cc2ccc3c(c2)CCCN3)cn1,train
Nc1ncc(Cc2ccc3c(c2)OCO3)c(N)n1,4.68000002720016,,1,CHEMBL56129,GgDHFR (G. gallus),False,0,c1ncc(Cc2ccc3c(c2)OCO3)cn1,train
Nc1ncc(Cc2ccc3ccccc3c2)c(N)n1,4.213248577854439,,1,CHEMBL177125,RnDHFR (R. norvegicus),False,0,c1ccc2cc(Cc3cncnc3)ccc2c1,test
Nc1ncc(Cc2ccc3ncccc3c2)c(N)n1,4.7447274948966935,,1,CHEMBL57459,RnDHFR (R. norvegicus),False,0,c1cnc2ccc(Cc3cncnc3)cc2c1,train
Nc1ncc(Cc2cccc(Br)c2)c(N)n1,5.030000139977383,,1,CHEMBL18898,GgDHFR (G. gallus),False,0,c1ccc(Cc2cncnc2)cc1,external
Nc1ncc(Cc2cccc(C(F)(F)F)c2)c(N)n1,4.920000156997057,,1,CHEMBL19790,GgDHFR (G. gallus),False,0,c1ccc(Cc2cncnc2)cc1,external
Nc1ncc(Cc2cccc(CO)c2)c(N)n1,4.3100000171743025,,1,CHEMBL32067,GgDHFR (G. gallus),False,0,c1ccc(Cc2cncnc2)cc1,external
Nc1ncc(Cc2cccc(Cl)c2)c(N)n1,5.010000098195093,,1,CHEMBL417095,GgDHFR (G. gallus),False,0,c1ccc(Cc2cncnc2)cc1,external
Nc1ncc(Cc2cccc(F)c2)c(N)n1,4.70000006855703,,1,CHEMBL19772,GgDHFR (G. gallus),False,0,c1ccc(Cc2cncnc2)cc1,external
Nc1ncc(Cc2cccc(I)c2)c(N)n1,4.790000026071145,,1,CHEMBL29712,GgDHFR (G. gallus),False,0,c1ccc(Cc2cncnc2)cc1,external
Nc1ncc(Cc2cccc(O)c2)c(N)n1,5.742925432762281,1.0383930220802073,4,CHEMBL30734,GgDHFR (G. gallus); HsDHFR (H. sapiens),False,0,c1ccc(Cc2cncnc2)cc1,external
Nc1ncc(Cc2cccc(OC3CCCCO3)c2)c(N)n1,6.737607275339389,0.8553368009414738,4,CHEMBL344592,HsDHFR (H. sapiens),False,1,c1cc(Cc2cncnc2)cc(OC2CCCCO2)c1,test
Nc1ncc(Cc2cccc(OCc3ccccc3)c2)c(N)n1,6.314683602238048,1.0663967411225486,16,CHEMBL274031,"GgDHFR (G. gallus); HsDHFR (H. sapiens); PfDHFR-TS K1 (P. falciparum, resistant)",True,1,c1ccc(COc2cccc(Cc3cncnc3)c2)cc1,train
Nc1ncc(Cc2cccc(Oc3ccccc3)c2)c(N)n1,6.173018663088007,1.242750210017211,11,CHEMBL119224,"PfDHFR-TS K1 (P. falciparum, resistant)",True,1,c1ccc(Oc2cccc(Cc3cncnc3)c2)cc1,test
Nc1ncc(Cc2cccc3ccccc23)c(N)n1,4.531652669587842,,1,CHEMBL366989,RnDHFR (R. norvegicus),False,0,c1ccc2c(Cc3cncnc3)cccc2c1,train
Nc1ncc(Cc2ccccc2)c(N)n1,4.709999910852971,0.3859146090738353,4,CHEMBL265493,GgDHFR (G. gallus); RnDHFR (R. norvegicus),False,0,c1ccc(Cc2cncnc2)cc1,external
Nc1ncc(Cc2ccccc2Br)c(N)n1,4.909999919094989,,1,CHEMBL135424,GgDHFR (G. gallus),False,0,c1ccc(Cc2cncnc2)cc1,external
Nc1ncc(Cc2ccccc2Cl)c(N)n1,4.759999957202692,,1,CHEMBL334565,GgDHFR (G. gallus),False,0,c1ccc(Cc2cncnc2)cc1,external
Nc1ncc(Cc2ccccc2F)c(N)n1,4.360000032076103,,1,CHEMBL132812,GgDHFR (G. gallus),False,0,c1ccc(Cc2cncnc2)cc1,external
Nc1ncc(Cc2ccccc2I)c(N)n1,5.059999795537068,,1,CHEMBL336639,GgDHFR (G. gallus),False,0,c1ccc(Cc2cncnc2)cc1,external
Nc1ncc(Cc2ccccc2O)c(N)n1,4.050000018582057,,1,CHEMBL137456,GgDHFR (G. gallus),False,0,c1ccc(Cc2cncnc2)cc1,external
Nc1ncc(Cc2ccccc2OCc2ccccc2)c(N)n1,5.039999923502186,,1,CHEMBL135854,GgDHFR (G. gallus),False,0,c1ccc(COc2ccccc2Cc2cncnc2)cc1,test
Nc1ncc(Cn2cc(-c3cccc(C(F)(F)F)c3)c3ccccc32)c(N)n1,6.008773924307505,,1,CHEMBL3963161,"TgDHFR-TS (T. gondii, apicomplexan)",False,1,c1ccc(-c2cn(Cc3cncnc3)c3ccccc23)cc1,test
Nc1ncc(Cn2cc(CN3CCN(c4nc5c(cc4F)c(=O)c(C(=O)O)cn5C4CC4)CC3)nn2)c(N)n1,4.301029995663981,,1,CHEMBL2012918,HsDHFR (H. sapiens),False,0,O=c1ccn(C2CC2)c2nc(N3CCN(Cc4cn(Cc5cncnc5)nn4)CC3)ccc12,test
Nc1ncc(Cn2ccc3c(-c4ccc(C(F)(F)F)cc4)cccc32)c(N)n1,5.568636235841012,,1,CHEMBL3970251,"TgDHFR-TS (T. gondii, apicomplexan)",False,0,c1ccc(-c2cccc3c2ccn3Cc2cncnc2)cc1,test
Nc1ncc(N2CCC(c3ccccc3)CC2)c(N)n1,5.389978975335855,,1,CHEMBL5939499,HsDHFR (H. sapiens),False,0,c1ccc(C2CCN(c3cncnc3)CC2)cc1,train
Nc1ncc(N2CCN(c3ccc(-c4ccccc4)cc3)CC2)c(N)n1,6.980679985709763,0.736818645164689,2,CHEMBL4552468,"HsDHFR (H. sapiens); TgDHFR-TS (T. gondii, apicomplexan)",False,1,c1ccc(-c2ccc(N3CCN(c4cncnc4)CC3)cc2)cc1,test
Nc1ncc(N2CCN(c3ccc(C(F)(F)F)cc3)CC2)c(N)n1,6.089909454405932,,1,CHEMBL5838395,HsDHFR (H. sapiens),False,1,c1ccc(N2CCN(c3cncnc3)CC2)cc1,train
Nc1ncc(N2CCN(c3ccc(C(F)(F)F)nc3)CC2)c(N)n1,5.689944262249108,,1,CHEMBL5914970,HsDHFR (H. sapiens),False,0,c1cncc(N2CCN(c3cncnc3)CC2)c1,test
Nc1ncc(N2CCN(c3ccc(Cl)c(Cl)c3)CC2)c(N)n1,7.11975822410452,0.4014549886558075,3,CHEMBL3953069,"HsDHFR (H. sapiens); TgDHFR-TS (T. gondii, apicomplexan)",False,1,c1ccc(N2CCN(c3cncnc3)CC2)cc1,train
Nc1ncc(N2CCN(c3ccc(Cl)cc3)CC2)c(N)n1,6.309803919971486,0.5653291284686001,5,CHEMBL4456834,"HsDHFR (H. sapiens); TgDHFR-TS (T. gondii, apicomplexan)",False,1,c1ccc(N2CCN(c3cncnc3)CC2)cc1,train
Nc1ncc(N2CCN(c3ccc(F)cc3)CC2)c(N)n1,5.299988937677888,,1,CHEMBL5779394,HsDHFR (H. sapiens),False,0,c1ccc(N2CCN(c3cncnc3)CC2)cc1,train
Nc1ncc(N2CCN(c3cccc(-c4cccc(F)c4)c3)CC2)c(N)n1,5.969805214643249,,1,CHEMBL5891847,HsDHFR (H. sapiens),False,0,c1ccc(-c2cccc(N3CCN(c4cncnc4)CC3)c2)cc1,train
Nc1ncc(N2CCN(c3cccc(-c4ccccc4)c3)CC2)c(N)n1,6.161780778092375,1.0474032711976589,5,CHEMBL3953119,"HsDHFR (H. sapiens); TgDHFR-TS (T. gondii, apicomplexan)",False,1,c1ccc(-c2cccc(N3CCN(c4cncnc4)CC3)c2)cc1,train
Nc1ncc(N2CCN(c3cccc(-c4ccccn4)c3)CC2)c(N)n1,6.9268119334623055,1.4995625413932827,2,CHEMBL4519642,"HsDHFR (H. sapiens); TgDHFR-TS (T. gondii, apicomplexan)",False,1,c1ccc(-c2cccc(N3CCN(c4cncnc4)CC3)c2)nc1,test
Nc1ncc(N2CCN(c3cccc(-c4cccnc4)c3)CC2)c(N)n1,7.547371975625774,1.4488522209139396,2,CHEMBL4461133,"HsDHFR (H. sapiens); TgDHFR-TS (T. gondii, apicomplexan)",False,1,c1cncc(-c2cccc(N3CCN(c4cncnc4)CC3)c2)c1,train
Nc1ncc(N2CCN(c3cccc(-c4cccnn4)c3)CC2)c(N)n1,5.79997073344623,,1,CHEMBL5820611,HsDHFR (H. sapiens),False,0,c1cc(-c2cccnn2)cc(N2CCN(c3cncnc3)CC2)c1,test
Nc1ncc(N2CCN(c3cccc(-c4ccnc(F)c4)c3)CC2)c(N)n1,5.940058111938045,,1,CHEMBL5776717,HsDHFR (H. sapiens),False,0,c1cc(-c2ccncc2)cc(N2CCN(c3cncnc3)CC2)c1,train
Nc1ncc(N2CCN(c3cccc(-c4ccncc4)c3)CC2)c(N)n1,7.346132208706682,1.4373756394688963,2,CHEMBL4591654,"HsDHFR (H. sapiens); TgDHFR-TS (T. gondii, apicomplexan)",False,1,c1cc(-c2ccncc2)cc(N2CCN(c3cncnc3)CC2)c1,train
Nc1ncc(N2CCN(c3cccc(-c4ccncn4)c3)CC2)c(N)n1,5.779891911959945,,1,CHEMBL5993677,HsDHFR (H. sapiens),False,0,c1cc(-c2ccncn2)cc(N2CCN(c3cncnc3)CC2)c1,test
Nc1ncc(N2CCN(c3cccc(-c4ccnnc4)c3)CC2)c(N)n1,5.9593983803467125,1.1602333036755423,4,CHEMBL4464707,"HsDHFR (H. sapiens); TgDHFR-TS (T. gondii, apicomplexan)",False,0,c1cc(-c2ccnnc2)cc(N2CCN(c3cncnc3)CC2)c1,test
Nc1ncc(N2CCN(c3cccc(-c4cnc(C(F)(F)F)nc4)c3)CC2)c(N)n1,5.552841968657781,1.209215580243616,3,CHEMBL4591892,"HsDHFR (H. sapiens); TgDHFR-TS (T. gondii, apicomplexan)",False,0,c1cc(-c2cncnc2)cc(N2CCN(c3cncnc3)CC2)c1,train
Nc1ncc(N2CCN(c3cccc(-c4cnc(C5CC5)nc4)c3)CC2)c(N)n1,6.0798766737092755,1.1307357179269453,3,CHEMBL4550110,"HsDHFR (H. sapiens); TgDHFR-TS (T. gondii, apicomplexan)",False,1,c1cc(-c2cnc(C3CC3)nc2)cc(N2CCN(c3cncnc3)CC2)c1,test
Nc1ncc(N2CCN(c3cccc(-c4cnc(Cl)nc4)c3)CC2)c(N)n1,5.880084589742009,0.0,2,CHEMBL6014553,HsDHFR (H. sapiens),False,0,c1cc(-c2cncnc2)cc(N2CCN(c3cncnc3)CC2)c1,train
Nc1ncc(N2CCN(c3cccc(-c4cnc(N5CCC5)nc4)c3)CC2)c(N)n1,5.940058771007508,0.11304920209449383,2,CHEMBL5759188,HsDHFR (H. sapiens),False,0,c1cc(-c2cnc(N3CCC3)nc2)cc(N2CCN(c3cncnc3)CC2)c1,test
Nc1ncc(N2CCN(c3cccc(-c4cnccn4)c3)CC2)c(N)n1,5.880084589742009,1.2176600401049533,3,CHEMBL4466302,"HsDHFR (H. sapiens); TgDHFR-TS (T. gondii, apicomplexan)",False,0,c1cc(-c2cnccn2)cc(N2CCN(c3cncnc3)CC2)c1,test
Nc1ncc(N2CCN(c3cccc(-c4cncnc4)c3)CC2)c(N)n1,5.842398057721185,1.305285228978664,4,CHEMBL4573445,"HsDHFR (H. sapiens); TgDHFR-TS (T. gondii, apicomplexan)",False,0,c1cc(-c2cncnc2)cc(N2CCN(c3cncnc3)CC2)c1,train
Nc1ncc(N2CCN(c3cccc(-c4ncccn4)c3)CC2)c(N)n1,5.890084136976206,0.9675066014974293,3,CHEMBL4584470,"HsDHFR (H. sapiens); TgDHFR-TS (T. gondii, apicomplexan)",False,0,c1cnc(-c2cccc(N3CCN(c4cncnc4)CC3)c2)nc1,test
Nc1ncc(N2CCN(c3cccc(Br)c3)CC2)c(N)n1,6.359518563029578,,1,CHEMBL5976681,HsDHFR (H. sapiens),False,1,c1ccc(N2CCN(c3cncnc3)CC2)cc1,train
Nc1ncc(N2CCN(c3cccc(C(F)(F)F)c3)CC2)c(N)n1,6.270025714300445,0.541842261065964,3,CHEMBL4535103,"HsDHFR (H. sapiens); TgDHFR-TS (T. gondii, apicomplexan)",False,1,c1ccc(N2CCN(c3cncnc3)CC2)cc1,train
Nc1ncc(N2CCN(c3cccc(C4CC4)c3)CC2)c(N)n1,5.789949150124863,1.0096252377139194,3,CHEMBL4435247,"HsDHFR (H. sapiens); TgDHFR-TS (T. gondii, apicomplexan)",False,0,c1cc(C2CC2)cc(N2CCN(c3cncnc3)CC2)c1,test
Nc1ncc(N2CCN(c3cccc(C4CCOCC4)c3)CC2)c(N)n1,5.160011420602757,1.9082108101217106,4,CHEMBL5786336,"HsDHFR (H. sapiens); PfDHFR-TS K1 (P. falciparum, resistant)",True,0,c1cc(C2CCOCC2)cc(N2CCN(c3cncnc3)CC2)c1,test
Nc1ncc(N2CCN(c3cccc(Cl)c3)CC2)c(N)n1,6.606298103544924,1.122629347507225,2,CHEMBL4544894,"HsDHFR (H. sapiens); TgDHFR-TS (T. gondii, apicomplexan)",False,1,c1ccc(N2CCN(c3cncnc3)CC2)cc1,train
Nc1ncc(N2CCN(c3cccc(N4CCOCC4)c3)CC2)c(N)n1,4.850011543508524,,1,CHEMBL5985260,HsDHFR (H. sapiens),False,0,c1cc(N2CCOCC2)cc(N2CCN(c3cncnc3)CC2)c1,test
Nc1ncc(N2CCN(c3cccc(OC(F)(F)F)c3)CC2)c(N)n1,6.9880631939701665,1.2746972871877942,2,CHEMBL4439025,"HsDHFR (H. sapiens); TgDHFR-TS (T. gondii, apicomplexan)",False,1,c1ccc(N2CCN(c3cncnc3)CC2)cc1,train
Nc1ncc(N2CCN(c3ccccc3)CC2)c(N)n1,4.900008766455316,1.4055836928735426,8,CHEMBL4553229,"HsDHFR (H. sapiens); PfDHFR-TS K1 (P. falciparum, resistant); TgDHFR-TS (T. gondii, apicomplexan)",True,0,c1ccc(N2CCN(c3cncnc3)CC2)cc1,train
Nc1ncc(N2CCN(c3ccccc3-c3ccccc3)CC2)c(N)n1,6.209827235008307,0.8469594774311643,4,CHEMBL4544467,"HsDHFR (H. sapiens); TgDHFR-TS (T. gondii, apicomplexan)",False,1,c1ccc(-c2ccccc2N2CCN(c3cncnc3)CC2)cc1,test
Nc1ncc(N2CCN(c3cnc4ccccc4c3)CC2)c(N)n1,6.889410289700751,,1,CHEMBL6054471,HsDHFR (H. sapiens),False,1,c1ccc2ncc(N3CCN(c4cncnc4)CC3)cc2c1,test
Nc1ncc(NCc2ccc3ccccc3c2)c(N)n1,4.146910470148135,,1,CHEMBL177862,RnDHFR (R. norvegicus),False,0,c1ccc2cc(CNc3cncnc3)ccc2c1,test
Nc1ncc(NCc2cccc(Cl)c2)c(N)n1,4.302770657240282,,1,CHEMBL174753,RnDHFR (R. norvegicus),False,0,c1ccc(CNc2cncnc2)cc1,train
Nc1ncc(NCc2cccc3ccccc23)c(N)n1,5.229147988357855,,1,CHEMBL177796,RnDHFR (R. norvegicus),False,0,c1ccc2c(CNc3cncnc3)cccc2c1,test
Nc1ncc(NCc2ccccc2)c(N)n1,4.235077015350112,,1,CHEMBL435553,RnDHFR (R. norvegicus),False,0,c1ccc(CNc2cncnc2)cc1,train
Nc1ncc(NCc2ccccc2Cl)c(N)n1,4.14551177495557,,1,CHEMBL369501,RnDHFR (R. norvegicus),False,0,c1ccc(CNc2cncnc2)cc1,train
Nc1ncc(OCc2c(Cl)cccc2Cl)c(N)n1,5.590066876668706,,1,CHEMBL367308,RnDHFR (R. norvegicus),False,0,c1ccc(COc2cncnc2)cc1,train
Nc1ncc(OCc2ccc(Cl)c(Cl)c2)c(N)n1,4.24603413413484,,1,CHEMBL362254,RnDHFR (R. norvegicus),False,0,c1ccc(COc2cncnc2)cc1,train
Nc1ncc(OCc2ccc(OCCCCN3C(=O)c4ccccc4C3=O)cc2)c(N)n1,5.2168113089247425,,1,CHEMBL367882,RnDHFR (R. norvegicus),False,0,O=C1c2ccccc2C(=O)N1CCCCOc1ccc(COc2cncnc2)cc1,test
Nc1ncc(OCc2ccc(OCCCN3C(=O)c4ccccc4C3=O)cc2)c(N)n1,4.804100347590766,,1,CHEMBL174954,RnDHFR (R. norvegicus),False,0,O=C1c2ccccc2C(=O)N1CCCOc1ccc(COc2cncnc2)cc1,test
Nc1ncc(OCc2ccc(OCc3ccccc3)cc2)c(N)n1,4.404503778174426,,1,CHEMBL174617,RnDHFR (R. norvegicus),False,0,c1ccc(COc2ccc(COc3cncnc3)cc2)cc1,test
Nc1ncc(OCc2cccc3ccccc23)c(N)n1,5.580044251510242,,1,CHEMBL426768,RnDHFR (R. norvegicus),False,0,c1ccc2c(COc3cncnc3)cccc2c1,test
Nc1ncc(OCc2ccccc2)c(N)n1,4.995678626217358,,1,CHEMBL180585,RnDHFR (R. norvegicus),False,0,c1ccc(COc2cncnc2)cc1,train
Nc1ncc(OCc2ccccc2Cl)c(N)n1,5.452225294612178,,1,CHEMBL175752,RnDHFR (R. norvegicus),False,0,c1ccc(COc2cncnc2)cc1,train
Nc1ncnc2ncc(CNc3ccc(C(=O)NC(CCC(=O)O)C(=O)O)cc3)nc12,4.721246399047171,0.0,2,CHEMBL430797,HsDHFR (H. sapiens),False,0,c1ccc(NCc2cnc3ncncc3n2)cc1,external
Nc1nnc(CCC(=O)c2cccs2)s1,3.5228787452803374,,1,CHEMBL1650287,HsDHFR (H. sapiens),False,0,O=C(CCc1nncs1)c1cccs1,test
O=C(/C=C/c1ccccc1)Nc1ccc2nc(SC/C=C/c3ccccc3)n(Cc3ccccc3)c(=O)c2c1,6.301029995663981,,1,CHEMBL1089229,HsDHFR (H. sapiens),False,1,O=C(/C=C/c1ccccc1)Nc1ccc2nc(SC/C=C/c3ccccc3)n(Cc3ccccc3)c(=O)c2c1,test
O=C(CCc1ccc(S(=O)(=O)NCCc2ccccc2)cc1)Nc1ccc2c(c1)OCCO2,4.449771646944906,,1,CHEMBL549325,"PfDHFR-TS K1 (P. falciparum, resistant)",True,0,O=C(CCc1ccc(S(=O)(=O)NCCc2ccccc2)cc1)Nc1ccc2c(c1)OCCO2,test
O=C(N/N=C/c1ccccc1O)C(=O)N/N=C/c1ccccc1O,4.154901959985743,,1,CHEMBL46666,GgDHFR (G. gallus),False,0,O=C(N/N=C/c1ccccc1)C(=O)N/N=C/c1ccccc1,test
O=C(Nc1c(F)c(F)c(-c2cccc(OC(F)(F)F)c2)c(F)c1F)c1nonc1O,6.2225731776106885,,1,CHEMBL1946851,HsDHFR (H. sapiens),False,1,O=C(Nc1ccc(-c2ccccc2)cc1)c1cnon1,train
O=C(Nc1c(F)c(F)c(-c2cccc(OC(F)(F)F)c2)c(F)c1F)c1nsnc1O,7.356547323513812,,1,CHEMBL4081077,HsDHFR (H. sapiens),False,1,O=C(Nc1ccc(-c2ccccc2)cc1)c1cnsn1,train
O=C(Nc1c(F)c(F)c(-c2ccccc2)c(F)c1F)c1c(O)nnn1CC1CC1,7.443697499232712,,1,CHEMBL4090575,HsDHFR (H. sapiens),False,1,O=C(Nc1ccc(-c2ccccc2)cc1)c1cnnn1CC1CC1,test
O=C(Nc1c(F)c(F)c(-c2ccccc2)c(F)c1F)c1nn(CC2CC2)nc1O,6.96657624451305,,1,CHEMBL4071260,HsDHFR (H. sapiens),False,1,O=C(Nc1ccc(-c2ccccc2)cc1)c1cnn(CC2CC2)n1,test
O=C(Nc1c(F)c(F)c(-c2ccccc2)c(F)c1F)c1nonc1O,6.539102157243452,,1,CHEMBL1946659,HsDHFR (H. sapiens),False,1,O=C(Nc1ccc(-c2ccccc2)cc1)c1cnon1,train
O=C(Nc1c(F)c(F)c(-c2ccccc2)c(F)c1F)c1nsnc1O,7.795880017344075,,1,CHEMBL4105330,HsDHFR (H. sapiens),False,1,O=C(Nc1ccc(-c2ccccc2)cc1)c1cnsn1,train
O=C(Nc1ccccc1)OCc1ccc(-c2cc(C(F)(F)F)cc(C(F)(F)F)c2)o1,3.9260073396580975,0.2895756992562438,2,CHEMBL3112972,"TgDHFR-TS (T. gondii, apicomplexan)",False,0,O=C(Nc1ccccc1)OCc1ccc(-c2ccccc2)o1,test
O=C(Nc1nnc(Sc2nc3cc(Cl)ccc3s2)s1)c1ccc(Cl)c(Cl)c1,5.301029995663981,,1,CHEMBL49869,GgDHFR (G. gallus),False,0,O=C(Nc1nnc(Sc2nc3ccccc3s2)s1)c1ccccc1,test
O=C(O)C1CCN(C(=O)c2ccc(Nc3cnc4cc(C(F)(F)F)ccc4n3)cc2)CC1,4.251811972993799,,1,CHEMBL4763597,HsDHFR (H. sapiens),False,0,O=C(c1ccc(Nc2cnc3ccccc3n2)cc1)N1CCCCC1,train
O=C(O)CCC(=O)c1ccc(-c2ccccc2)cc1,3.443697499232713,,1,CHEMBL277522,HsDHFR (H. sapiens),False,0,c1ccc(-c2ccccc2)cc1,train
O=C(O)CCC(NC(=O)c1ccc(CNc2ccc3ncnc(O)c3c2)cc1)C(=O)O,6.494850021680094,,1,CHEMBL169376,HsDHFR (H. sapiens),False,1,c1ccc(CNc2ccc3ncncc3c2)cc1,train
O=C(O)CCC(NC(=O)c1ccc(NCc2ccc3ncnc(O)c3c2)cc1)C(=O)O,7.97061622231479,,1,CHEMBL89641,RnDHFR (R. norvegicus),False,1,c1ccc(NCc2ccc3ncncc3c2)cc1,train
O=C(O)CCC(NC(=O)c1ccc(OCc2ccc3ncnc(O)c3c2)cc1)C(=O)O,6.585026652029182,0.0,2,CHEMBL354121,HsDHFR (H. sapiens),False,1,c1ccc(OCc2ccc3ncncc3c2)cc1,train
O=C(O)CCC(NC(=O)c1ccc(SCc2ccc3ncnc(O)c3c2)cc1)C(=O)O,6.187086643357144,0.0,2,CHEMBL171790,HsDHFR (H. sapiens),False,1,c1ccc(SCc2ccc3ncncc3c2)cc1,train
O=C(O)Cc1ccccc1Nc1c(Cl)cccc1Cl,3.795880017344075,,1,CHEMBL139,HsDHFR (H. sapiens),False,0,c1ccc(Nc2ccccc2)cc1,train
O=C(O)c1cc(-c2ccc(F)cc2F)ccc1O,4.468521082957745,,1,CHEMBL898,HsDHFR (H. sapiens),False,0,c1ccc(-c2ccccc2)cc1,train
O=C(O)c1cc(-c2ccccc2)ccc1O,4.318758762624412,,1,CHEMBL121772,HsDHFR (H. sapiens),False,0,c1ccc(-c2ccccc2)cc1,train
O=C(OC[C@@H]1CO1)c1cccc2c(=O)c3ccccc3[nH]c12,7.518106086327222,0.6815009083410918,2,CHEMBL4453575,HsDHFR (H. sapiens),False,1,O=C(OC[C@@H]1CO1)c1cccc2c(=O)c3ccccc3[nH]c12,test
O=C1/C(=C\c2cn(CC(O)Cn3cc(/C=C4\C(=O)N(c5c(Cl)cccc5Cl)c5ccccc54)c4ccccc43)c3ccccc23)c2ccccc2N1c1c(Cl)cccc1Cl,5.096910013008056,,1,CHEMBL3785863,HsDHFR (H. sapiens),False,0,O=C1/C(=C\c2cn(CCCn3cc(/C=C4\C(=O)N(c5ccccc5)c5ccccc54)c4ccccc43)c3ccccc23)c2ccccc2N1c1ccccc1,test
O=C1C(I)=CC(=C(c2cc(I)c(O)c(I)c2)c2ccccc2C(=O)O)C=C1I,4.698970004336019,,1,CHEMBL1160008,GgDHFR (G. gallus),False,0,O=C1C=CC(=C(c2ccccc2)c2ccccc2)C=C1,test
O=C1C2C(C(=O)N1Nc1ccc([N+](=O)[O-])cc1[N+](=O)[O-])[C@@]1(Cl)C(Cl)=C(Cl)[C@]2(Cl)C1(Cl)Cl,4.6020599913279625,,1,CHEMBL298301,GgDHFR (G. gallus),False,0,O=C1C2C3C=CC(C3)C2C(=O)N1Nc1ccccc1,test
O=C1NC(=O)C(=Cc2cn(CC(O)Cn3cc(C=C4C(=O)NC(=O)NC4=O)c4ccccc43)c3ccccc23)C(=O)N1,5.301029995663981,,1,CHEMBL3786170,HsDHFR (H. sapiens),False,0,O=C1NC(=O)C(=Cc2cn(CCCn3cc(C=C4C(=O)NC(=O)NC4=O)c4ccccc43)c3ccccc23)C(=O)N1,train
O=C1NC(=S)NC(=O)C1=Cc1cn(CC(O)Cn2cc(C=C3C(=O)NC(=S)NC3=O)c3ccccc32)c2ccccc12,5.154901959985743,,1,CHEMBL3786155,HsDHFR (H. sapiens),False,0,O=C1NC(=S)NC(=O)C1=Cc1cn(CCCn2cc(C=C3C(=O)NC(=S)NC3=O)c3ccccc32)c2ccccc12,test
O=C1Nc2ccc([N+](=O)[O-])cc2/C1=C/c1cn(CC(O)Cn2cc(/C=C3\C(=O)Nc4ccc([N+](=O)[O-])cc43)c3ccccc32)c2ccccc12,6.154901959985743,,1,CHEMBL3785463,HsDHFR (H. sapiens),False,1,O=C1Nc2ccccc2/C1=C/c1cn(CCCn2cc(/C=C3\C(=O)Nc4ccccc43)c3ccccc32)c2ccccc12,train
O=C1Nc2ccccc2/C1=C/c1cn(CC(O)Cn2c3ccccc3c(=O)c3ccccc32)c2ccccc12,7.0,,1,CHEMBL4533705,HsDHFR (H. sapiens),False,1,O=C1Nc2ccccc2/C1=C/c1cn(CCCn2c3ccccc3c(=O)c3ccccc32)c2ccccc12,test
O=C1Nc2ccccc2/C1=C/c1cn(CC(O)Cn2cc(/C=C3\C(=O)Nc4ccccc43)c3ccccc32)c2ccccc12,7.878605095260662,0.5030730286356531,2,CHEMBL3787137,HsDHFR (H. sapiens),False,1,O=C1Nc2ccccc2/C1=C/c1cn(CCCn2cc(/C=C3\C(=O)Nc4ccccc43)c3ccccc32)c2ccccc12,train
O=C1OC(c2cc(Br)c(O)c(Br)c2)(c2cc(Br)c(O)c(Br)c2)c2c1ccc1ccccc21,4.161150909262744,,1,CHEMBL214872,HsDHFR (H. sapiens),False,0,O=C1OC(c2ccccc2)(c2ccccc2)c2c1ccc1ccccc21,train
O=C1OC(c2cc(Br)c(O)c(Br)c2)(c2cc(Br)c(O)c(Br)c2)c2cccc3cccc1c23,5.022276394711152,,1,CHEMBL385891,HsDHFR (H. sapiens),False,0,O=C1OC(c2ccccc2)(c2ccccc2)c2cccc3cccc1c23,train
O=C1OC(c2cc(Cl)c(O)c(Cl)c2)(c2cc(Cl)c(O)c(Cl)c2)c2cccc3cccc1c23,4.552841968657781,,1,CHEMBL386282,HsDHFR (H. sapiens),False,0,O=C1OC(c2ccccc2)(c2ccccc2)c2cccc3cccc1c23,train
O=C1OC(c2ccc(O)c(Br)c2)(c2ccc(O)c(Br)c2)c2c1ccc1ccccc21,4.481486060122113,,1,CHEMBL215133,HsDHFR (H. sapiens),False,0,O=C1OC(c2ccccc2)(c2ccccc2)c2c1ccc1ccccc21,train
O=C1OC(c2ccc(O)c(Br)c2)(c2ccc(O)c(Br)c2)c2ccc(Cl)c3cccc1c23,4.886056647693163,,1,CHEMBL216675,HsDHFR (H. sapiens),False,0,O=C1OC(c2ccccc2)(c2ccccc2)c2cccc3cccc1c23,train
O=C1OC(c2ccc(O)c(Br)c2)(c2ccc(O)c(Br)c2)c2cccc3cccc1c23,4.823908740944319,,1,CHEMBL387007,HsDHFR (H. sapiens),False,0,O=C1OC(c2ccccc2)(c2ccccc2)c2cccc3cccc1c23,train
O=C1OC(c2ccc(O)c(Cl)c2)(c2ccc(O)c(Cl)c2)c2ccc3ccccc3c21,4.455931955649724,,1,CHEMBL217760,HsDHFR (H. sapiens),False,0,O=C1OC(c2ccccc2)(c2ccccc2)c2ccc3ccccc3c21,train
O=C1OC(c2ccc(O)c(Cl)c2)(c2ccc(O)c(Cl)c2)c2cccc3cccc1c23,5.2839966563652006,,1,CHEMBL67116,HsDHFR (H. sapiens),False,0,O=C1OC(c2ccccc2)(c2ccccc2)c2cccc3cccc1c23,train
O=C1OC(c2ccc(O)c(F)c2)(c2ccc(O)c(F)c2)c2ccc(Cl)c3cccc1c23,4.920818753952375,,1,CHEMBL217227,HsDHFR (H. sapiens),False,0,O=C1OC(c2ccccc2)(c2ccccc2)c2cccc3cccc1c23,train
O=C1OC(c2ccc(O)c(F)c2)(c2ccc(O)c(F)c2)c2ccc3ccccc3c21,3.962573502059376,,1,CHEMBL411871,HsDHFR (H. sapiens),False,0,O=C1OC(c2ccccc2)(c2ccccc2)c2ccc3ccccc3c21,train
O=C1OC(c2ccc(O)c(F)c2)(c2ccc(O)c(F)c2)c2cccc3cccc1c23,4.376750709602099,,1,CHEMBL303171,HsDHFR (H. sapiens),False,0,O=C1OC(c2ccccc2)(c2ccccc2)c2cccc3cccc1c23,train
O=C1OC(c2ccc(O)c(I)c2)(c2ccc(O)c(I)c2)c2c1ccc1ccccc21,5.4089353929735005,,1,CHEMBL216560,HsDHFR (H. sapiens),False,0,O=C1OC(c2ccccc2)(c2ccccc2)c2c1ccc1ccccc21,train
O=C1OC(c2ccc(O)c(I)c2)(c2ccc(O)c(I)c2)c2cccc3cccc1c23,4.026872146400302,,1,CHEMBL385296,HsDHFR (H. sapiens),False,0,O=C1OC(c2ccccc2)(c2ccccc2)c2cccc3cccc1c23,train
O=C1OC(c2ccc(O)cc2)(c2ccc(O)c(Br)c2)c2cccc3cccc1c23,5.468521082957745,,1,CHEMBL217765,HsDHFR (H. sapiens),False,0,O=C1OC(c2ccccc2)(c2ccccc2)c2cccc3cccc1c23,train
O=C1OC(c2ccc(O)cc2)(c2ccc(O)cc2)c2c1ccc1ccccc21,3.9586073148417746,,1,CHEMBL386685,HsDHFR (H. sapiens),False,0,O=C1OC(c2ccccc2)(c2ccccc2)c2c1ccc1ccccc21,train
O=C1OC(c2ccc(O)cc2)(c2ccc(O)cc2)c2ccc3ccccc3c21,4.455931955649724,,1,CHEMBL386442,HsDHFR (H. sapiens),False,0,O=C1OC(c2ccccc2)(c2ccccc2)c2ccc3ccccc3c21,train
O=c1c(O)c(-c2cccc(O)c2)oc2ccc(O)cc12,4.301029995663981,,1,CHEMBL4464764,HsDHFR (H. sapiens),False,0,O=c1cc(-c2ccccc2)oc2ccccc12,test
O=c1c2cc([N+](=O)[O-])ccc2nc(SC/C=C/c2ccccc2)n1Cc1ccccc1,5.522878745280337,,1,CHEMBL1091603,HsDHFR (H. sapiens),False,0,O=c1c2ccccc2nc(SC/C=C/c2ccccc2)n1Cc1ccccc1,train
O=c1c2ccccc2n(CC2CO2)c2ccccc12,6.747425010840047,1.345687835010222,2,CHEMBL4458303,HsDHFR (H. sapiens),False,1,O=c1c2ccccc2n(CC2CO2)c2ccccc12,test
O=c1nc2ccc(Br)cn2cc1Cc1cccc(Oc2nc(Cl)c(Cl)cc2Cl)c1,5.5638373529592435,,1,CHEMBL3218935,HsDHFR (H. sapiens),False,0,O=c1nc2ccccn2cc1Cc1cccc(Oc2ccccn2)c1,test
O=c1nc2ccccn2cc1Cc1ccc(F)cc1C(F)(F)F,5.508638306165727,,1,CHEMBL3218936,HsDHFR (H. sapiens),False,0,O=c1nc2ccccn2cc1Cc1ccccc1,train
Oc1ccc(-c2csc(Nc3ccc(F)cc3F)n2)cc1O,3.8239087409443187,,1,CHEMBL34034,GgDHFR (G. gallus),False,0,c1ccc(Nc2nc(-c3ccccc3)cs2)cc1,test
Oc1ccc(/N=N/c2ccc(Br)cc2)cc1,4.455931955649724,,1,CHEMBL34712,GgDHFR (G. gallus),False,0,c1ccc(/N=N/c2ccccc2)cc1,test
[C-]#[N+]Cc1cccc(-c2cc3nc(N)nc(N)c3cc2C)c1,7.356547323513812,,1,CHEMBL3681404,HsDHFR (H. sapiens),False,1,c1ccc(-c2ccc3cncnc3c2)cc1,train
[C-]#[N+]c1cc(N)cc(-c2cc3nc(N)nc(N)c3cc2C)c1,7.356547323513812,,1,CHEMBL3681403,HsDHFR (H. sapiens),False,1,c1ccc(-c2ccc3cncnc3c2)cc1,train
[C-]#[N+]c1cccc(-c2cc3nc(N)nc(N)c3cc2C)c1,7.259637310505756,,1,CHEMBL3681402,HsDHFR (H. sapiens),False,1,c1ccc(-c2ccc3cncnc3c2)cc1,train
