np_id,inchi,inchikey_npass,smiles_npass,pref_name,iupac_name,chembl_id,pubchem_id,num_of_organism,num_of_target,source_species,source_genus,source_family,source_kingdom,source_org_name,collection_location,n_source_organisms,dhfr_activity_type,dhfr_activity_value,dhfr_activity_units,dhfr_activity_relation,dhfr_assay_organism,has_npass_dhfr_activity,source_database,mw,logp,hbd,hba,tpsa,rot_bonds,qed,n_rings,n_aromatic_rings,lipinski_pass,inchikey_14,is_african_np
NPC81384,"InChI=1S/C8H20NO6P/c1-9(2,3)4-5-14-16(12,13)15-7-8(11)6-10/h8,10-11H,4-7H2,1-3H3/t8-/m1/s1",SUHOQUVVVLNYQR-MRVPVSSYSA-N,OC[C@H](COP(=O)(OCC[N+](C)(C)C)[O-])O,Choline Alfoscerate,"[(2R)-2,3-dihydroxypropyl] 2-(trimethylazaniumyl)ethyl phosphate",CHEMBL1567463,657272,9,67,Escherichia coli; Homo sapiens; Mus musculus; Saccharomyces cerevisiae,Escherichia; Homo; Mus; Saccharomyces,Enterobacteriaceae; Hominidae; Muridae; Saccharomycetaceae,Fungi; Metazoa; n.a.,Escherichia coli; Homo sapiens; Mus musculus; Saccharomyces cerevisiae,blood; breast milk; cerebrospinal fluid; n.a.; saliva; semen,4,,,,,,False,NPASS,257.22299999999996,-1.452599999999998,2.0,6.0,99.05000000000001,8.0,0.4073945988300894,0.0,0.0,True,SUHOQUVVVLNYQR,False
NPC109991,"InChI=1S/C24H21NO5/c1-3-13(2)21(24(29)30)25-12-15-11-18(26)22(27)20-16(14-7-5-4-6-8-14)9-10-17(19(15)20)23(25)28/h4-13,21,26H,3H2,1-2H3,(H,29,30)/t13-,21+/m0/s1",RVOHRYJJXCFNQS-YEJXKQKISA-N,CC[C@H](C)[C@H](C(=O)O)n1cc2C=C(C(=O)c3c(ccc(c23)c1=O)c1ccccc1)O,RVOHRYJJXCFNQS-YEJXKQKISA-N,n.a.,n.a.,n.a.,6,0,Terminalia catappa,Terminalia,Combretaceae,Viridiplantae,Terminalia catappa,n.a.,6,,,,,,False,NPASS,403.4340000000001,4.435500000000003,2.0,5.0,96.60000000000001,5.0,0.6566585596392601,4.0,3.0,True,RVOHRYJJXCFNQS,False
NPC4649,"InChI=1S/C20H20O7/c1-5-6-14(22)26-19-18(24-11(2)21)16-13(27-20(19,3)4)9-7-12-8-10-15(23)25-17(12)16/h5-10,18-19H,1-4H3/b6-5+/t18-,19-/m0/s1",MHLKYRDXNNGAMX-WLMAVBAVSA-N,C/C=C/C(=O)O[C@H]1[C@H](c2c(ccc3ccc(=O)oc23)OC1(C)C)OC(=O)C,MHLKYRDXNNGAMX-WLMAVBAVSA-N,n.a.,n.a.,5320691,1,0,Peucedanum praeruptorum,Peucedanum,Apiaceae,Viridiplantae,Peucedanum praeruptorum,n.a.,1,,,,,,False,NPASS,372.37300000000016,3.0561000000000016,0.0,7.0,92.04000000000002,3.0,0.4643702639735138,3.0,2.0,True,MHLKYRDXNNGAMX,False
NPC90844,"InChI=1S/C23H25NO3/c1-25-15-6-7-16-18(10-15)20-12-23(27-3)22(26-2)11-19(20)17-9-14-5-4-8-24(14)13-21(16)17/h6-7,10-12,14H,4-5,8-9,13H2,1-3H3/t14-/m0/s1",NCVWJDISIZHFQS-AWEZNQCLSA-N,COc1ccc2c(c1)c1cc(c(cc1c1C[C@@H]3CCCN3Cc21)OC)OC,Hypoestestatin 1,"(13aS)-2,3,6-trimethoxy-9,11,12,13,13a,14-hexahydrophenanthro[9,10-f]indolizine",CHEMBL483423,12019847,1,4,Vincetoxicum pycnostelma,Vincetoxicum,Apocynaceae,Viridiplantae,Vincetoxicum pycnostelma,n.a.,1,,,,,,False,NPASS,363.45700000000016,4.539300000000004,0.0,4.0,30.930000000000003,3.0,0.6394713005283346,5.0,3.0,True,NCVWJDISIZHFQS,False
NPC18064,"InChI=1S/C30H48O3/c1-18-10-15-30(25(32)33)17-16-28(6)20(24(30)19(18)2)8-9-22-27(5)13-12-23(31)26(3,4)21(27)11-14-29(22,28)7/h10,19-24,31H,8-9,11-17H2,1-7H3,(H,32,33)/t19-,20-,21+,22-,23+,24-,27+,28-,29-,30+/m1/s1",HNJKFVJZKCXLRL-SILQXMKOSA-N,CC1=CC[C@]2([C@H]([C@@H]1C)[C@H]1CC[C@H]3[C@@]([C@@]1(CC2)C)(C)CC[C@@H]1[C@]3(C)CC[C@@H](C1(C)C)O)C(=O)O,"3Beta-Hydroxy-18Alpha,19Alpha-Urs-20-En-28-Oic Acid","(1S,4aR,6aR,6aR,6bR,8aR,10S,12aR,14aR,14bR)-10-hydroxy-1,2,6a,6b,9,9,12a-heptamethyl-4,5,6,6a,7,8,8a,10,11,12,13,14,14a,14b-tetradecahydro-1H-picene-4a-carboxylic acid",CHEMBL517086,44575399,2,7,Calyptranthes pallens; Syzygium nervosum,Calyptranthes; Syzygium,Myrtaceae,Viridiplantae,Calyptranthes pallens; Syzygium nervosum,Southern Florida; n.a.,2,,,,,,False,NPASS,456.71100000000024,7.089500000000008,2.0,2.0,57.53,1.0,0.4141086905846976,5.0,0.0,True,HNJKFVJZKCXLRL,False
NPC212965,"InChI=1S/C22H30O3/c1-16(7-5-8-17(2)15-23)9-6-11-22(4)12-10-19-20(24)13-18(3)14-21(19)25-22/h8-10,12-14,23-24H,5-7,11,15H2,1-4H3/b16-9+,17-8+/t22-/m1/s1",MYAKCCHNPIRCLY-PSMGVCQDSA-N,OC/C(=C/CC/C(=C/CC[C@]1(C)C=Cc2c(O1)cc(cc2O)C)/C)/C,Daurichromene D,"(2R)-2-[(3E,7E)-9-hydroxy-4,8-dimethylnona-3,7-dienyl]-2,7-dimethylchromen-5-ol",CHEMBL487803,10427504,3,1,Rhododendron dauricum,Rhododendron,Ericaceae,Viridiplantae,Rhododendron dauricum,n.a.,1,,,,,,False,NPASS,342.4790000000001,5.310220000000006,2.0,3.0,49.69,7.0,0.6602059058114057,2.0,1.0,True,MYAKCCHNPIRCLY,False
NPC81135,"InChI=1S/C15H14O5/c1-15(2,19)14-12(18)9-10(16)7-5-3-4-6-8(7)11(17)13(9)20-14/h3-6,12,14,18-19H,1-2H3/t12-,14-/m0/s1",AAULQOBOWPLXLU-JSGCOSHPSA-N,O=C1c2ccccc2C(=O)C2=C1O[C@@H]([C@H]2O)C(O)(C)C,Avicequinone A,"(2S,3S)-3-hydroxy-2-(2-hydroxypropan-2-yl)-2,3-dihydrobenzo[f][1]benzofuran-4,9-dione",CHEMBL375700,16757531,1,7,Avicennia marina,Avicennia,Acanthaceae,Viridiplantae,Avicennia marina,n.a.,1,,,,,,False,NPASS,274.272,0.8503000000000001,2.0,5.0,83.83000000000001,1.0,0.7928593117506447,3.0,1.0,True,AAULQOBOWPLXLU,False
NPC483076,"InChI=1S/C31H48O5/c1-18(2)12-11-15-30(10)21(14-13-19(3)4)17-29(9)26-22(16-23(36-26)28(7,8)35)25(33)31(30,27(29)34)24(32)20(5)6/h13,18,20-21,23,35H,11-12,14-17H2,1-10H3/t21-,23+,29+,30+,31-/m0/s1",JZXCMDTZJYOYJA-DVXSWTTMSA-N,CC(C)CCC[C@]1(C)[C@@H](CC=C(C)C)C[C@]2(C)C3=C(C[C@H](C(C)(C)O)O3)C(=O)[C@@]1(C(=O)C(C)C)C2=O,JZXCMDTZJYOYJA-DVXSWTTMSA-N,n.a.,n.a.,134139360,1,1,Hypericum scabrum,Hypericum,Hypericaceae,Viridiplantae,Hypericum scabrum,n.a.,1,,,,,,False,NPASS,500.7200000000003,6.378700000000008,1.0,5.0,80.67,9.0,0.2934666088473114,3.0,0.0,True,JZXCMDTZJYOYJA,False
NPC194055,"InChI=1S/C10H10O3/c1-2-9(11)7-5-3-4-6-8-10(12)13/h6,8-9,11H,2H2,1H3,(H,12,13)/b8-6-/t9-/m1/s1",CRRZPEMJSQSTDV-JGAIRUGNSA-N,CC[C@H](C#CC#C/C=C\C(=O)O)O,CRRZPEMJSQSTDV-JGAIRUGNSA-N,n.a.,n.a.,n.a.,10,0,Caesalpinia minax; Camptotheca acuminata; Hypericum erectum,Caesalpinia; Camptotheca; Hypericum,Fabaceae; Hypericaceae; Nyssaceae,Viridiplantae,Caesalpinia minax; Camptotheca acuminata; Hypericum erectum,n.a.,10,,,,,,False,NPASS,178.18699999999998,0.40489999999999987,2.0,2.0,57.53,2.0,0.47519195792856683,0.0,0.0,True,CRRZPEMJSQSTDV,False
NPC488668,"InChI=1S/C16H17ClO6/c1-10(18)23-12-7-8-13(17)16(21,14(12)19)9-22-15(20)11-5-3-2-4-6-11/h2-8,12-14,19,21H,9H2,1H3/t12-,13-,14+,16+/m0/s1",YEEMXVYHDPMVQJ-TTZDDIAXSA-N,CC(=O)O[C@H]1C=C[C@@H]([C@](COC(=O)c2ccccc2)([C@@H]1O)O)Cl,YEEMXVYHDPMVQJ-TTZDDIAXSA-N,n.a.,n.a.,n.a.,1,2,Cleistochlamys kirkii,Cleistochlamys,Annonaceae,Viridiplantae,Cleistochlamys kirkii,n.a.,1,,,,,,False,NPASS,340.759,1.0442999999999998,2.0,6.0,93.06,4.0,0.48318145048182737,2.0,1.0,True,YEEMXVYHDPMVQJ,False
NPC50871,"InChI=1S/C20H28O4/c1-11-8-14(22)9-12(10-21)4-5-13-6-7-15-17(20(13,2)3)19(24)16(11)18(15)23/h4,8,13-14,16,18,21-23H,5-7,9-10H2,1-3H3/b11-8+,12-4-/t13-,14-,16+,18+/m1/s1",PLSLPANFUZMMNZ-DNLMZOLDSA-N,C/C/1=C\[C@H](C/C(=C/C[C@@H]2CCC3=C(C(=O)[C@@H]1[C@H]3O)C2(C)C)/CO)O,PLSLPANFUZMMNZ-DNLMZOLDSA-N,n.a.,n.a.,n.a.,30,0,Acacia cyperophylla; Balanophora indica; Cyclolepis genistoides; Dahlia sherffii; Debregeasia salicifolia; Hedypnois rhagadioloides; Lactarius glyciosmus; Noctiluca scintillans; Persicaria tomentosa; Phyllanthus oxyphyllus; Pseudocyphellaria granulata; Quercus lusitanica; Solanum vespertilio; Tanacetum microphyllum; Thorecta reticulata; Usnea ceratina; n.a.,Acacia; Agathosma; Aster; Balanophora; Beschorneria; Cespitularia; Crucigenia; Cyclolepis; Cystodytes; Dahlia; Debregeasia; Fagus; Flagelloscypha; Hedypnois; Heterophragma; Lactarius; Michelia; Noctiluca; Persicaria; Phyllanthus; Picris; Pseudocyphellaria; Quercus; Solanum; Tanacetum; Thorecta; Thymus; Usnea; n.a.,Asparagaceae; Asteraceae; Balanophoraceae; Bignoniaceae; Fabaceae; Fagaceae; Lamiaceae; Lobariaceae; Magnoliaceae; Noctilucaceae; Parmeliaceae; Phyllanthaceae; Polycitoridae; Polygonaceae; Russulaceae; Rutaceae; Scenedesmaceae; Solanaceae; Thorectidae; Tricholomataceae; Urticaceae; Xeniidae; n.a.,Fungi; Metazoa; Viridiplantae; n.a.,Acacia cyperophylla; Agathosma lanceolata; Aster patagonicus; Balanophora indica; Beschorneria bracteata; Cespitularia hypotentaculata; Crucigenia apiculata; Cyclolepis genistoides; Cystodytes solitus; Dahlia sherffii; Debregeasia salicifolia; Fagus dombeyi; Flagelloscypha pilatii; Hedypnois rhagadioloides; Heterophragma quadriloculare; Lactarius glyciosmus; Michelia excelsa; Noctiluca scintillans; Ottonia vahlii; Persicaria tomentosa; Phyllanthus oxyphyllus; Picris kamtschatica; Pseudocyphellaria granulata; Quercus lusitanica; Rhipidothuria racowitzai; Solanum vespertilio; Tanacetum microphyllum; Thorecta reticulata; Thymus borgiae; Usnea ceratina,n.a.,30,,,,,,False,NPASS,332.44000000000005,2.298700000000001,3.0,4.0,77.76,1.0,0.6439909352966929,3.0,0.0,True,PLSLPANFUZMMNZ,False
NPC84892,"InChI=1S/C57H93NO25/c1-21-6-9-29-22(2)35-30(58(29)16-21)15-28-26-8-7-24-14-25(10-12-56(24,4)27(26)11-13-57(28,35)5)76-55-50(83-52-44(70)40(66)36(62)23(3)75-52)46(72)48(33(19-61)79-55)81-54-47(73)49(39(65)32(18-60)78-54)82-53-45(71)42(68)38(64)34(80-53)20-74-51-43(69)41(67)37(63)31(17-59)77-51/h7,21-23,25-55,59-73H,6,8-20H2,1-5H3/t21?,22?,23-,25?,26?,27?,28?,29?,30?,31+,32+,33+,34+,35?,36-,37+,38+,39+,40+,41-,42-,43+,44+,45+,46-,47+,48+,49-,50+,51-,52-,53-,54-,55+,56?,57?/m0/s1",OTYARJKFYSYAGC-MGYUSXJNSA-N,CC1CCC2C(C)C3C(CC4C5CC=C6CC(CCC6(C)C5CCC34C)O[C@H]3[C@@H]([C@H]([C@@H]([C@@H](CO)O3)O[C@H]3[C@@H]([C@H]([C@@H]([C@@H](CO)O3)O)O[C@H]3[C@@H]([C@H]([C@@H]([C@@H](CO[C@@H]4[C@@H]([C@H]([C@@H]([C@@H](CO)O4)O)O)O)O3)O)O)O)O)O)O[C@H]3[C@@H]([C@@H]([C@H]([C@H](C)O3)O)O)O)N2C1,OTYARJKFYSYAGC-MGYUSXJNSA-N,n.a.,n.a.,11968796,2,0,Adiantum pedatum; Lilium brownii,Adiantum; Lilium,Liliaceae; Pteridaceae,Viridiplantae,Adiantum pedatum; Lilium brownii var. viridulum,n.a.,2,,,,,,False,NPASS,1192.3530000000012,-4.196399999999993,15.0,26.0,398.99000000000007,14.0,0.07335462400553591,11.0,0.0,False,OTYARJKFYSYAGC,False
NPC76939,"InChI=1S/C42H32O9/c43-23-7-1-19(2-8-23)33-35(22-13-26(46)15-27(47)14-22)40-34(20-3-9-24(44)10-4-20)36-29(16-28(48)17-30(36)49)37-39-32(18-31(50)38(33)41(39)40)51-42(37)21-5-11-25(45)12-6-21/h1-18,33-35,37,40,42-50H/t33-,34+,35-,37+,40+,42-/m0/s1",QDEHKEFWCRAFDN-ZYLOEWDGSA-N,c1cc(ccc1[C@H]1[C@H](c2cc(cc(c2)O)O)[C@H]2[C@H](c3ccc(cc3)O)c3c(cc(cc3O)O)[C@@H]3c4c(cc(c1c24)O)O[C@H]3c1ccc(cc1)O)O,QDEHKEFWCRAFDN-ZYLOEWDGSA-N,n.a.,n.a.,101383933,59,0,Acacia adunca; Alnus glutinosa; Annona cornifolia; Artemisia assoana; Asterospicularia laurae; Blastochloris viridis; Calostephane divaricata; Caragana aurantiaca; Chaenomeles sinensis; Drechslera avenae; Dumortiera hirsuta; Eucalyptus melliodora; Gnetum latifolium; Goniothalamus malayanus; Guizotia abyssinica; Hypericum laricifolium; Ilex pubescens; Leccinum aurantiacum; Lepisorus ussuriensis; Lysimachia mauritiana; Morinda longiflora; Nasutitermes ephratae; Naucleopsis ternstroemiiflora; Pastinaca sativa; Pelophylax plancyi; Peltostigma guatemalense; Phyllanthus acidus; Premna odorata; Pseudoalteromonas luteoviolacea; Rauvolfia vomitoria; Rumex maritimus; Salvia syriaca; Scutellaria amoena; Shorea hemsleyana; Sinularia depressa; Solanum laxum; Streptomyces avermitilis; Swertia franchetiana; Vaccinium oxycoccos; Viguiera incana; Vitis vinifera; Wikstroemia retusa; n.a.,Acacia; Adiantum; Alnus; Alstonia; Amathia; Annona; Artemisia; Asterospicularia; Astragalus; Blastochloris; Calostephane; Caragana; Chaenomeles; Cotyledon; Drechslera; Dumortiera; Eucalyptus; Gnetum; Goniothalamus; Guizotia; Hedysarum; Helipterum; Hypericum; Ilex; Ipomoea; Laurencia; Leathesia; Leccinum; Lepisorus; Lysimachia; Marrubium; Morinda; Nasutitermes; Naucleopsis; Pastinaca; Pelophylax; Peltostigma; Phoebe; Phyllanthus; Premna; Pseudoalteromonas; Rauvolfia; Rumex; Salvia; Scutellaria; Shorea; Sinularia; Solanum; Streptomyces; Swertia; Vaccinium; Viguiera; Vitis; Wikstroemia; Zanthoxylum; n.a.,Alcyoniidae; Annonaceae; Apiaceae; Apocynaceae; Aquifoliaceae; Asteraceae; Betulaceae; Boletaceae; Chordariaceae; Convolvulaceae; Crassulaceae; Dipterocarpaceae; Dumortieraceae; Ericaceae; Fabaceae; Gentianaceae; Gnetaceae; Hypericaceae; Hyphomicrobiaceae; Lamiaceae; Lauraceae; Moraceae; Myrtaceae; Phyllanthaceae; Pleosporaceae; Polygonaceae; Polypodiaceae; Primulaceae; Pseudoalteromonadaceae; Pteridaceae; Ranidae; Rhodomelaceae; Rosaceae; Rubiaceae; Rutaceae; Solanaceae; Streptomycetaceae; Termitoidae; Thymelaeaceae; Vesiculariidae; Vitaceae; Xeniidae; n.a.,Fungi; Metazoa; Viridiplantae; n.a.,Acacia adunca; Adiantum lunulatum; Alnus glutinosa; Alstonia spathulata; Amathia pinnata; Anacystis montana; Annona cornifolia; Artemisia assoana; Asterospicularia laurae; Astragalus sempervirens; Bishovia boliviensis; Blastochloris viridis; Calostephane divaricata; Caragana aurantiaca; Chaenomeles sinensis; Cotyledon secunda; Drechslera avenae; Dumortiera hirsuta; Eucalyptus melliodora; Gnetum latifolium; Goniothalamus malayanus; Guizotia abyssinica; Hedysarum connatum; Helipterum roseum; Hypericum laricifolium; Ilex pubescens; Ipomoea digitata; Laurencia spectabilis; Leathesia nana; Leccinum aurantiacum; Lepisorus ussuriensis; Lysimachia mauritiana; Marrubium anisodon; Morinda longiflora; Nasutitermes ephratae; Naucleopsis ternstroemiiflora; Pastinaca sativa; Pelophylax plancyi; Peltostigma guatemalense; Phoebe pittieri; Phyllanthus acidus; Premna odorata; Pseudoalteromonas luteoviolacea; Rauvolfia vomitoria; Rumex maritimus; Sabina sargentii; Salvia syriaca; Scutellaria amoena; Shorea hemsleyana; Sinularia depressa; Solanum laxum; Streptomyces avermectinius; Swertia franchetiana; Vaccinium oxycoccos; Viguiera greggii; Viguiera incana; Vitis vinifera; Wikstroemia retusa; Zanthoxylum tetraspermum,n.a.,59,,,,,,False,NPASS,680.7090000000004,7.755400000000005,8.0,9.0,171.07,4.0,0.09269344267784092,9.0,6.0,False,QDEHKEFWCRAFDN,False
NPC73171,"InChI=1S/C20H26O5/c1-10-11-4-5-12-19(3)13(8-15(22)20(12,9-11)16(10)23)18(2,17(24)25)7-6-14(19)21/h11-13,15,22H,1,4-9H2,2-3H3,(H,24,25)/t11-,12+,13-,15+,18-,19+,20-/m1/s1",CLGOGJHVMHIUDO-VRHUIZLCSA-N,C=C1[C@@H]2CC[C@H]3[C@@]4(C)[C@H](C[C@@H]([C@]3(C2)C1=O)O)[C@@](C)(CCC4=O)C(=O)O,CLGOGJHVMHIUDO-VRHUIZLCSA-N,n.a.,n.a.,57380177,2,0,n.a.,Geopyxis,Pyronemataceae,Fungi,geopyxis aff. majalis; geopyxis sp. az0066,n.a.,2,,,,,,False,NPASS,346.4230000000001,2.3689,2.0,4.0,91.67,1.0,0.7113253803102835,4.0,0.0,True,CLGOGJHVMHIUDO,False
NPC134882,"InChI=1S/C19H22O2/c1-11(2)14-10-16(20)17-12-6-5-9-19(3,4)15(12)8-7-13(17)18(14)21/h7-8,10-11H,5-6,9H2,1-4H3",MRPWFJPXXDIFAE-UHFFFAOYSA-N,CC(C1=CC(=O)c2c(C1=O)ccc1c2CCCC1(C)C)C,Sibiriquinone B,"8,8-dimethyl-2-propan-2-yl-6,7-dihydro-5H-phenanthrene-1,4-dione",CHEMBL227074,9971020,2,3,Salvia miltiorrhiza; Veronicastrum sibiricum,Salvia; Veronicastrum,Lamiaceae; Plantaginaceae,Viridiplantae,Salvia miltiorrhiza; Veronicastrum sibiricum,n.a.,2,,,,,,False,NPASS,282.383,4.261900000000003,0.0,2.0,34.14,1.0,0.7708512907071219,3.0,1.0,True,MRPWFJPXXDIFAE,False
NPC210303,"InChI=1S/C17H26O2/c1-3-4-5-6-7-8-9-10-11-12-13-16-14-15(2)19-17(16)18/h3,12-15H,1,4-11H2,2H3/b13-12+/t15-/m0/s1",OOSLHKAKZTXLFK-LHNRBYRGSA-N,C=CCCCCCCCC/C=C/C1=C[C@@H](OC1=O)C,Hamabiwalactone B,"(2S)-4-[(1E)-dodeca-1,11-dienyl]-2-methyl-2H-furan-5-one",CHEMBL500274,10879902,1,1,Litsea japonica,Litsea,Lauraceae,Viridiplantae,Litsea japonica,n.a.,1,,,,,,False,NPASS,262.39300000000003,4.721100000000004,0.0,2.0,26.3,10.0,0.32329640575225255,1.0,0.0,True,OOSLHKAKZTXLFK,False
NPC121872,"InChI=1S/C25H37NO/c1-2-3-4-5-6-7-8-9-10-11-12-13-14-15-19-22-25(27)26-23-24-20-17-16-18-21-24/h3-4,6-7,9-10,16-18,20-21H,2,5,8,11-15,19,22-23H2,1H3,(H,26,27)/b4-3-,7-6-,10-9-",VCMMYRWIEZCYDK-PDBXOOCHSA-N,CC/C=C\C/C=C\C/C=C\CCCCCCCC(=NCc1ccccc1)O,"N-Benzyl-(9Z,12Z,15Z)-Octadecatrienamide","(9Z,12Z,15Z)-N-benzyloctadeca-9,12,15-trienamide",CHEMBL2413161,68741582,4,8,Lepidium meyenii; n.a.,Lepidium; n.a.,Brassicaceae; n.a.,Viridiplantae; n.a.,Heliopsis helianthoides; Lepidium meyenii,n.a.,2,,,,,,False,NPASS,367.577,7.732600000000008,1.0,1.0,32.59,15.0,0.14617545019640224,1.0,1.0,True,VCMMYRWIEZCYDK,False
NPC469815,"InChI=1S/C20H21NO6/c1-24-15-4-3-12(18(20(22)23)19(15)25-2)7-14-13-9-17-16(26-10-27-17)8-11(13)5-6-21-14/h3-4,8-9,14,21H,5-7,10H2,1-2H3,(H,22,23)/t14-/m0/s1",KMFUNEOFNWQPNI-AWEZNQCLSA-N,COC1=C(C(=C(C=C1)CC2C3=CC4=C(C=C3CCN2)OCO4)C(=O)O)OC,Coryternatine B,"2,3-dimethoxy-6-[[(5S)-5,6,7,8-tetrahydro-[1,3]dioxolo[4,5-g]isoquinolin-5-yl]methyl]benzoic acid",CHEMBL1209535,49862537,1,4,n.a.,Corydalis,Papaveraceae,Viridiplantae,Corydalis ternata,n.a.,1,,,,,,False,NPASS,371.3890000000001,2.5602,2.0,6.0,86.25,5.0,0.8352739113985278,4.0,2.0,True,KMFUNEOFNWQPNI,False
NPC473510,"InChI=1S/C32H50O7/c1-17(2)18(3)15-27(36)32(8,37)26-10-9-22-21-16-25(38-19(4)33)28-29(39-20(5)34)24(35)12-14-31(28,7)23(21)11-13-30(22,26)6/h16-17,22-29,35-37H,3,9-15H2,1-2,4-8H3/t22-,23-,24-,25-,26-,27?,28-,29-,30-,31+,32?/m0/s1",VADVFHPNQHOFEA-QFFOTPQNSA-N,CC(C)C(=C)CC(C(C)(C1CCC2C1(CCC3C2=CC(C4C3(CCC(C4OC(=O)C)O)C)OC(=O)C)C)O)O,Agosterol C7,"[(3S,4R,5S,6S,9R,10R,13S,14R,17S)-4-acetyloxy-17-(2,3-dihydroxy-6-methyl-5-methylideneheptan-2-yl)-3-hydroxy-10,13-dimethyl-2,3,4,5,6,9,11,12,14,15,16,17-dodecahydro-1H-cyclopenta[a]phenanthren-6-yl] acetate",CHEMBL444231,11827717,1,2,n.a.,Acanthodendrilla,Dictyodendrillidae,Metazoa,Acanthodendrilla sp.,n.a.,1,,,,,,False,NPASS,546.7450000000005,4.723700000000007,3.0,7.0,113.29000000000002,7.0,0.31268264421426467,4.0,0.0,True,VADVFHPNQHOFEA,False
NPC475978,"InChI=1S/C27H44O4/c1-22(14-10-7-5-6-8-11-15-24-16-12-9-13-17-24)18-23(2)19-26(3)21-27(4,31-30-26)20-25(28)29/h9,12-13,16-17,22-23H,5-8,10-11,14-15,18-21H2,1-4H3,(H,28,29)/t22?,23?,26-,27-/m0/s1",BXUWJKHPMWARGU-LYHBZKKCSA-N,CC(CCCCCCCCC1=CC=CC=C1)CC(C)CC2(CC(OO2)(C)CC(=O)O)C,Epiplakinic Acid G,"2-[(3R,5S)-5-(2,4-dimethyl-12-phenyldodecyl)-3,5-dimethyldioxolan-3-yl]acetic acid",CHEMBL520155,10410583,1,1,n.a.,Plakortis,Plakinidae,Metazoa,Plakortis nigra,Palauan,1,,,,,,False,NPASS,432.6450000000004,7.356200000000008,1.0,3.0,55.760000000000005,15.0,0.23231573938324526,2.0,1.0,True,BXUWJKHPMWARGU,False
NPC194970,"InChI=1S/C24H28O5/c1-23(2)13-12-21(24(3)19(15-26)17(14-25)7-10-20(23)24)29-22(28)11-6-16-4-8-18(27)9-5-16/h4-9,11,14-15,19-21,27H,10,12-13H2,1-3H3/b11-6+/t19-,20-,21+,24+/m0/s1",OOBNDBQPMFZTTD-TWEQYNAUSA-N,CC1(C)CC[C@H]([C@]2(C)[C@@H](C=O)C(=CC[C@@H]12)C=O)OC(=O)/C=C/c1ccc(cc1)O,1Beta-P-Coumaroyloxypolygodial,"[(1R,4aS,8R,8aS)-7,8-diformyl-4,4,8a-trimethyl-1,2,3,4a,5,8-hexahydronaphthalen-1-yl] (E)-3-(4-hydroxyphenyl)prop-2-enoate",CHEMBL2333577,14241022,5,2,Helenium arizonicum; Neoscopelus microchir; Placida dendritica; Triticum aestivum; n.a.,Helenium; Neoscopelus; Pittosporum; Placida; Triticum,Asteraceae; Limapontiidae; Neoscopelidae; Pittosporaceae; Poaceae,Metazoa; Viridiplantae,Helenium arizonicum; Neoscopelus microchir; Pittosporum phillyraeoides; Placida dendritica; Triticum aestivum,n.a.,5,,,,,,False,NPASS,396.4830000000001,4.103800000000004,1.0,5.0,80.67,5.0,0.46030337131394544,3.0,1.0,True,OOBNDBQPMFZTTD,False
NPC266200,"InChI=1S/C43H77NO4/c1-3-5-7-9-11-13-15-17-19-20-22-24-26-28-30-32-34-36-43(46)48-40-41(37-38-44)39-47-42(45)35-33-31-29-27-25-23-21-18-16-14-12-10-8-6-4-2/h11,13,37H,3-10,12,14-36,39-40H2,1-2H3/b13-11-,41-37-",QYWYFOXGSYMIMO-LAZCQPEQSA-N,CCCCC/C=C\CCCCCCCCCCCCC(=O)OC/C(=C\C#N)/COC(=O)CCCCCCCCCCCCCCCCC,QYWYFOXGSYMIMO-LAZCQPEQSA-N,n.a.,n.a.,n.a.,1,0,n.a.,Ekebergia,Meliaceae,Viridiplantae,Ekebergia senegalensis,n.a.,1,,,,,,False,NPASS,672.0919999999996,13.601979999999974,0.0,5.0,76.39000000000001,37.0,0.028420338751002146,0.0,0.0,False,QYWYFOXGSYMIMO,False
NPC63318,"InChI=1S/C56H112N36O11/c1-29(93)84-39(95)30(11-2-20-75-48(57)58)85-40(96)31(12-3-21-76-49(59)60)86-41(97)32(13-4-22-77-50(61)62)87-42(98)33(14-5-23-78-51(63)64)88-43(99)34(15-6-24-79-52(65)66)89-44(100)35(16-7-25-80-53(67)68)90-45(101)36(17-8-26-81-54(69)70)91-46(102)37(18-9-27-82-55(71)72)92-47(103)38(94)19-10-28-83-56(73)74/h30-38,94H,2-28H2,1H3,(H,85,96)(H,86,97)(H,87,98)(H,88,99)(H,89,100)(H,90,101)(H,91,102)(H,92,103)(H4,57,58,75)(H4,59,60,76)(H4,61,62,77)(H4,63,64,78)(H4,65,66,79)(H4,67,68,80)(H4,69,70,81)(H4,71,72,82)(H4,73,74,83)(H,84,93,95)/t30-,31-,32-,33-,34-,35-,36-,37-,38-/m0/s1",BQBYFXPRRYAIMP-IWLMWFOOSA-N,CC(=NC(=O)[C@H](CCCNC(=N)N)N=C([C@H](CCCNC(=N)N)N=C([C@H](CCCNC(=N)N)N=C([C@H](CCCNC(=N)N)N=C([C@H](CCCNC(=N)N)N=C([C@H](CCCNC(=N)N)N=C([C@H](CCCNC(=N)N)N=C([C@H](CCCNC(=N)N)N=C([C@H](CCCNC(=N)N)O)O)O)O)O)O)O)O)O)O,BQBYFXPRRYAIMP-IWLMWFOOSA-N,n.a.,n.a.,49769220,11,0,Asparagus officinalis; Medicago sativa; Pinellia ternata; Pseudostellaria heterophylla; Trigonella foenum-graecum; n.a.; trigonella foenum,Asparagus; Medicago; Pinellia; Pseudostellaria; Trigonella; n.a.,Araceae; Asparagaceae; Caryophyllaceae; Fabaceae; n.a.,Viridiplantae; n.a.,Asparagus officinalis; Concha meretricis seu cyclinae; Medicago sativa; Pinellia ternata; Pseudostellaria heterophylla; Trigonella foenum; Trigonella foenum-graecum,n.a.,7,,,,,,False,NPASS,1465.7530000000002,-4.179469999999967,37.0,19.0,887.7100000000002,53.0,0.015603610304427765,0.0,0.0,False,BQBYFXPRRYAIMP,False
NPC181244,"InChI=1S/C21H20N2O4/c1-3-11-9-23-8-7-12-17-14(5-4-6-15(17)26-2)22-18(12)19(23)20-16(11)13(10-24)21(25)27-20/h4-6,10-11,22H,3,7-9H2,1-2H3/t11-/m1/s1",WTWCPWQXRBJBIQ-LLVKDONJSA-N,CC[C@@H]1CN2CCc3c4c(cccc4OC)[nH]c3C2=C2C1=C(C=O)C(=O)O2,WTWCPWQXRBJBIQ-LLVKDONJSA-N,n.a.,n.a.,10690137,10,0,Anthyllis onobrychoides; Cryptocarya lividula; Euphorbia pannonica; Ixeris chinensis; Knautia montana; Mitragyna speciosa; Penstemon gentianoides; n.a.,Anthyllis; Corticium; Cryptocarya; Euphorbia; Ixeris; Knautia; Mitragyna; Paralemnalia; Penstemon; Picris,Asteraceae; Caprifoliaceae; Euphorbiaceae; Fabaceae; Lauraceae; Nephtheidae; Plakinidae; Plantaginaceae; Rubiaceae,Metazoa; Viridiplantae,Anthyllis onobrychoides; Corticium simplex; Cryptocarya lividula; Euphorbia pannonica; Ixeris chinensis; Knautia montana; Mitragyna speciosa; Paralemnalia clavata; Penstemon gentianoides; Picris conyzoides,n.a.,10,,,,,,False,NPASS,364.4010000000002,2.795300000000001,1.0,5.0,71.63,3.0,0.5151326138071927,5.0,2.0,True,WTWCPWQXRBJBIQ,False
NPC74348,"InChI=1S/C18H23NO5/c1-23-16-7-12-11(6-14(16)21)15(22)9-19-4-3-10-5-13(20)17(24-2)8-18(10,12)19/h5-7,13,15,17,20-22H,3-4,8-9H2,1-2H3/t13-,15+,17+,18-/m0/s1",MCEJYFLCRIAFPY-NZPGVSJUSA-N,COc1cc2c(cc1O)[C@@H](CN1CCC3=C[C@@H]([C@@H](C[C@]213)OC)O)O,MCEJYFLCRIAFPY-NZPGVSJUSA-N,n.a.,n.a.,n.a.,3,0,Bulla gouldiana; Erythrina berteroana; Sulfolobus shibatae,Bulla; Erythrina; Sulfolobus,Bullidae; Fabaceae; Sulfolobaceae,Metazoa; Viridiplantae; n.a.,Bulla gouldiana; Erythrina berteroana; Sulfolobus shibatae,n.a.,3,,,,,,False,NPASS,333.38400000000007,1.0547999999999997,3.0,6.0,82.39000000000001,2.0,0.7021441677567514,4.0,1.0,True,MCEJYFLCRIAFPY,False
NPC121810,"InChI=1S/C29H44O/c1-7-21(19(2)3)9-8-20(4)25-12-13-26-24-11-10-22-18-23(30)14-16-28(22,5)27(24)15-17-29(25,26)6/h8-9,14,16,18-21,24-27H,7,10-13,15,17H2,1-6H3/b9-8+/t20-,21-,24+,25-,26+,27+,28+,29-/m1/s1",KQLIEAJMXAYVAV-LPJPOILFSA-N,CC[C@H](/C=C/[C@@H](C)[C@H]1CC[C@H]2[C@@H]3CCC4=CC(=O)C=C[C@]4(C)[C@H]3CC[C@]12C)C(C)C,KQLIEAJMXAYVAV-LPJPOILFSA-N,n.a.,n.a.,n.a.,1,0,Gynura segetum,Gynura,Asteraceae,Viridiplantae,Gynura segetum,n.a.,1,,,,,,False,NPASS,408.6700000000002,7.785000000000009,0.0,1.0,17.07,5.0,0.4242999568278568,4.0,0.0,True,KQLIEAJMXAYVAV,False
NPC479630,"InChI=1S/C23H30N2O4/c1-14(2)6-8-25-12-15-9-18-19(29-13-28-18)11-17(15)23-7-5-16(27-4)10-20(23)24(3)22(26)21(23)25/h5,7,9,11,14,16,20-21H,6,8,10,12-13H2,1-4H3/t16-,20+,21-,23+/m1/s1",FREHAHMPISDGJP-QSABTFIQSA-N,CC(C)CCN1Cc2cc3c(cc2[C@@]24C=C[C@H](C[C@@H]2N(C)C(=O)[C@@H]14)OC)OCO3,FREHAHMPISDGJP-QSABTFIQSA-N,n.a.,n.a.,n.a.,2,1,Zephyranthes candida; Zephyranthes carinata,Zephyranthes,Amaryllidaceae,Viridiplantae,Zephyranthes candida; Zephyranthes carinata,n.a.,2,,,,,,False,NPASS,398.5030000000002,2.698900000000001,0.0,5.0,51.24000000000001,4.0,0.7302561535202812,5.0,1.0,True,FREHAHMPISDGJP,False
NPC227577,"InChI=1S/C22H26O9/c1-24-14-8-11(9-15(25-2)17(14)26-3)13-10-12(23)16-18(27-4)20(28-5)22(30-7)21(29-6)19(16)31-13/h8-9,13H,10H2,1-7H3/t13-/m0/s1",CILDMLWCNDIKLD-ZDUSSCGKSA-N,COc1cc(cc(c1OC)OC)[C@@H]1CC(=O)c2c(c(c(c(c2O1)OC)OC)OC)OC,CILDMLWCNDIKLD-ZDUSSCGKSA-N,n.a.,n.a.,n.a.,10,0,Adiantum sulphureum; Cicuta maculata; Hypholoma sublateritium,Adiantum; Cicuta; Hypholoma,Apiaceae; Pteridaceae; Strophariaceae,Fungi; Viridiplantae,Adiantum sulphureum; Cicuta maculata; Hypholoma sublateritium,n.a.,10,,,,,,False,NPASS,434.44100000000026,3.4533000000000014,0.0,9.0,90.91000000000003,8.0,0.6194018638484935,3.0,2.0,True,CILDMLWCNDIKLD,False
NPC328786,"InChI=1S/C26H56NO6P/c1-5-6-7-8-9-10-11-12-13-14-15-16-17-18-19-20-22-31-24-26(28)25-33-34(29,30)32-23-21-27(2,3)4/h26,28H,5-25H2,1-4H3",XKBJVQHMEXMFDZ-UHFFFAOYSA-N,CCCCCCCCCCCCCCCCCCOCC(COP(=O)([O-])OCC[N+](C)(C)C)O,(2-Hydroxy-3-Octadecoxypropyl) 2-(Trimethylazaniumyl)Ethyl Phosphate,(2-hydroxy-3-octadecoxypropyl) 2-(trimethylazaniumyl)ethyl phosphate,CHEMBL229361,3985,4,5,Homo sapiens,Homo,Hominidae,Metazoa,Homo sapiens,n.a.,1,,,,,,False,NPASS,509.70900000000023,5.833200000000007,1.0,6.0,88.05000000000001,26.0,0.08961545603273013,0.0,0.0,True,XKBJVQHMEXMFDZ,False
NPC305693,"InChI=1S/C9H16O3/c10-8-6-4-2-1-3-5-7-9(11)12/h8H,1-7H2,(H,11,12)",WLGDDELKYAWBBL-UHFFFAOYSA-N,C(CCCC=O)CCCC(=O)O,WLGDDELKYAWBBL-UHFFFAOYSA-N,n.a.,n.a.,75704,3,0,Cynomorium songaricum; Patrinia scabiosifolia; Patrinia villosa,Cynomorium; Patrinia,Caprifoliaceae; Cynomoriaceae,Viridiplantae,Cynomorium songaricum; Patrinia scabiosifolia; Patrinia villosa,n.a.,3,,,,,,False,NPASS,172.224,2.0006,1.0,2.0,54.370000000000005,8.0,0.4497370335945002,0.0,0.0,True,WLGDDELKYAWBBL,False
NPC480317,"InChI=1S/C12H12N2O4/c15-11(16)10(14-12(17)18)5-7-6-13-9-4-2-1-3-8(7)9/h1-4,6,10,13-14H,5H2,(H,15,16)(H,17,18)",XAVFGDZINHIWPZ-UHFFFAOYSA-N,c1ccc2c(c1)c(CC(C(=O)O)NC(=O)O)c[nH]2,XAVFGDZINHIWPZ-UHFFFAOYSA-N,n.a.,n.a.,45271403,1,2,Aspergillus fumigatus,Aspergillus,Aspergillaceae,Fungi,Aspergillus fumigatus,n.a.,1,,,,,,False,NPASS,248.238,1.4311999999999996,4.0,2.0,102.42000000000002,4.0,0.6568134580295644,2.0,2.0,True,XAVFGDZINHIWPZ,False
NPC319367,"InChI=1S/C40H76NO10P/c1-3-5-7-9-11-13-15-17-18-20-22-24-26-28-30-32-39(43)51-36(34-49-52(46,47)50-35-37(41)40(44)45)33-48-38(42)31-29-27-25-23-21-19-16-14-12-10-8-6-4-2/h14,16,36-37H,3-13,15,17-35,41H2,1-2H3,(H,44,45)(H,46,47)/b16-14-/t36-,37+/m1/s1",QRWCPZZFGKGUHF-FQGNUJBYSA-N,CCCCCCCCCCCCCCCCCC(=O)OC(COC(=O)CCCCCCCC=CCCCCCC)COP(=O)(O)OCC(C(=O)O)N,QRWCPZZFGKGUHF-FQGNUJBYSA-N,n.a.,n.a.,52925321,1,0,Homo sapiens,Homo,Hominidae,Metazoa,Homo sapiens,blood,1,,,,,,False,NPASS,762.0190000000002,10.5057,3.0,9.0,171.68,39.0,0.023546924047289055,0.0,0.0,False,QRWCPZZFGKGUHF,False
NPC145899,"InChI=1S/C43H69NO14/c1-20(45)44-30-33(51)32(50)24(19-56-36-34(52)31(49)23(46)18-55-36)57-35(30)58-29-12-13-40(6)25(39(29,4)5)11-14-41(7)26(40)10-9-21-22-15-38(2,3)27(47)17-43(22,37(53)54)28(48)16-42(21,41)8/h9,22-36,46-52H,10-19H2,1-8H3,(H,44,45)(H,53,54)/t22-,23-,24+,25-,26+,27-,28+,29-,30+,31-,32+,33+,34+,35-,36-,40-,41+,42+,43+/m0/s1",QKFYNNDXDDJFOQ-OZVWKUOPSA-N,CC(=N[C@H]1[C@@H](O[C@@H]([C@H]([C@@H]1O)O)CO[C@@H]1OC[C@@H]([C@@H]([C@H]1O)O)O)O[C@H]1CC[C@]2([C@H](C1(C)C)CC[C@@]1([C@@H]2CC=C2[C@@]1(C)C[C@H]([C@@]1([C@H]2CC(C)(C)[C@H](C1)O)C(=O)O)O)C)C)O,"(3S,4Ar,5R,6Ar,6As,6Br,8Ar,10S,12Ar,14Bs)-10-[(2R,3R,4R,5S,6R)-3-Acetamido-4,5-Dihydroxy-6-[[(2S,3R,4S,5S)-3,4,5-Trihydroxyoxan-2-Yl]Oxymethyl]Oxan-2-Yl]Oxy-3,5-Dihydroxy-2,2,6A,6B,9,9,12A-Heptamethyl-1,3,4,5,6,6A,7,8,8A,10,11,12,13,14B-Tetradecahydropicene-4A-Carboxylic Acid","(3S,4aR,5R,6aR,6aS,6bR,8aR,10S,12aR,14bS)-10-[(2R,3R,4R,5S,6R)-3-acetamido-4,5-dihydroxy-6-[[(2S,3R,4S,5S)-3,4,5-trihydroxyoxan-2-yl]oxymethyl]oxan-2-yl]oxy-3,5-dihydroxy-2,2,6a,6b,9,9,12a-heptamethyl-1,3,4,5,6,6a,7,8,8a,10,11,12,13,14b-tetradecahydropicene-4a-carboxylic acid",CHEMBL503926,10509669,1,1,Acacia concinna,Acacia,Fabaceae,Viridiplantae,Acacia concinna,myanmar,1,,,,,,False,NPASS,824.0180000000001,2.446800000000004,9.0,13.0,248.41999999999996,7.0,0.07752988047666579,7.0,0.0,False,QKFYNNDXDDJFOQ,False
NPC261043,"InChI=1S/C22H22O4/c1-26-22-14-19(24)13-17(9-8-16-4-2-3-5-21(16)25)20(22)12-15-6-10-18(23)11-7-15/h2-7,10-11,13-14,23-25H,8-9,12H2,1H3",RSNSWDOUDHQRNM-UHFFFAOYSA-N,COc1cc(cc(CCc2ccccc2O)c1Cc1ccc(cc1)O)O,RSNSWDOUDHQRNM-UHFFFAOYSA-N,n.a.,n.a.,n.a.,4,0,Sargassum siliquastrum; Syzygium aromaticum; Tolpis webbii; n.a.,Ariocarpus; Sargassum; Syzygium; Tolpis,Asteraceae; Cactaceae; Myrtaceae; Sargassaceae,Viridiplantae; n.a.,Ariocarpus scapharostrus; Sargassum siliquastrum; Syzygium aromaticum; Tolpis webbii,n.a.,4,,,,,,False,NPASS,350.41400000000004,4.188000000000005,3.0,4.0,69.92,6.0,0.62343056212777,3.0,3.0,True,RSNSWDOUDHQRNM,False
NPC322272,"InChI=1S/C18H22O10/c1-25-17(24)16-14(22)13(21)15(23)18(28-16)27-11-6-8(4-9(19)7-11)5-10-2-3-12(20)26-10/h4,6-7,10,13-16,18-19,21-23H,2-3,5H2,1H3/t10?,13-,14-,15+,16-,18?/m0/s1",SNIRJYJBIJKJEM-LQOUNWOVSA-N,COC(=O)C1C(C(C(C(O1)OC2=CC(=CC(=C2)O)CC3CCC(=O)O3)O)O)O,SNIRJYJBIJKJEM-LQOUNWOVSA-N,n.a.,n.a.,124202096,1,0,Homo sapiens,Homo,Hominidae,Metazoa,Homo sapiens,urine,1,,,,,,False,NPASS,398.3640000000002,-1.000300000000001,4.0,10.0,151.98,5.0,0.4544621981947673,3.0,1.0,True,SNIRJYJBIJKJEM,False
NPC259665,"InChI=1S/C22H27NO/c1-16-21-14-18-8-9-19(24)15-20(18)22(16,2)11-13-23(21)12-10-17-6-4-3-5-7-17/h3-9,15-16,21,24H,10-14H2,1-2H3",ZQHYKVKNPWDQSL-UHFFFAOYSA-N,Oc1ccc2c(c1)C1(C)CCN(C(C2)C1C)CCc1ccccc1,Phenazocine,n.a.,CHEMBL46399,14707,1,8,Papaver somniferum,Papaver,Papaveraceae,Viridiplantae,Papaver somniferum,n.a.,1,,,,,,False,NPASS,321.464,4.159100000000003,1.0,2.0,23.47,3.0,0.9174127798087979,4.0,2.0,True,ZQHYKVKNPWDQSL,False
NPC116525,"InChI=1S/C10H22O4S/c1-2-3-4-5-6-7-8-9-10-14-15(11,12)13/h2-10H2,1H3,(H,11,12,13)/p-1",CSMFSDCPJHNZRY-UHFFFAOYSA-M,CCCCCCCCCCOS(=O)(=O)[O-],CSMFSDCPJHNZRY-UHFFFAOYSA-M,n.a.,n.a.,5003059,2,0,Apostichopus japonicus; Daphnia pulex,Apostichopus; Daphnia,Daphniidae; Stichopodidae,Metazoa,Apostichopus japonicus; Daphnia pulex,n.a.,2,,,,,,False,NPASS,237.34099999999998,2.603900000000001,0.0,4.0,66.43,10.0,0.33258740358981054,0.0,0.0,True,CSMFSDCPJHNZRY,False
NPC323196,"InChI=1S/C28H52NO7P/c1-5-6-7-8-9-10-11-12-13-14-15-16-17-18-19-20-21-22-28(31)34-25-27(30)26-36-37(32,33)35-24-23-29(2,3)4/h9-10,12-13,15-16,27,30H,5-8,11,14,17-26H2,1-4H3/b10-9-,13-12-,16-15-/t27-/m1/s1",BBNHCUBQEQJHIG-FZZJNMCHSA-N,CCCCCC=CCC=CCC=CCCCCCCC(=O)OCC(COP(=O)([O-])OCC[N+](C)(C)C)O,BBNHCUBQEQJHIG-FZZJNMCHSA-N,n.a.,n.a.,52924055,1,0,Homo sapiens,Homo,Hominidae,Metazoa,Homo sapiens,blood,1,,,,,,False,NPASS,545.6980000000003,5.468000000000005,1.0,7.0,105.12,24.0,0.05638409137939578,0.0,0.0,True,BBNHCUBQEQJHIG,False
NPC151040,"InChI=1S/C17H27N3O17P2/c1-6(22)18-10-13(26)11(24)7(4-21)35-16(10)36-39(31,32)37-38(29,30)33-5-8-12(25)14(27)15(34-8)20-3-2-9(23)19-17(20)28/h2-3,7-8,10-16,21,24-27H,4-5H2,1H3,(H,18,22)(H,29,30)(H,31,32)(H,19,23,28)/t7-,8-,10-,11-,12-,13-,14-,15-,16-/m1/s1",LFTYTUAZOPRMMI-CFRASDGPSA-N,CC(=N[C@@H]1[C@H]([C@@H]([C@@H](CO)O[C@@H]1OP(=O)(O)OP(=O)(O)OC[C@@H]1[C@H]([C@H]([C@H](n2ccc(nc2=O)O)O1)O)O)O)O)O,LFTYTUAZOPRMMI-CFRASDGPSA-N,n.a.,n.a.,445675,3,0,Escherichia coli; Homo sapiens; Mus musculus,Escherichia; Homo; Mus,Enterobacteriaceae; Hominidae; Muridae,Metazoa; n.a.,Escherichia coli; Homo sapiens; Mus musculus,n.a.; saliva,3,,,,,,False,NPASS,607.3550000000005,-3.3972999999999973,9.0,17.0,309.61,10.0,0.07107607288992393,3.0,1.0,False,LFTYTUAZOPRMMI,False
NPC286701,"InChI=1S/C15H22O3/c1-9(10-4-5-15(2,3)8-10)6-11-7-12(16)14(18)13(11)17/h4,9,12,16-17H,5-8H2,1-3H3/t9-,12-/m0/s1",NVTYJBBZLQJJLC-CABZTGNLSA-N,C[C@@H](CC1=C(C(=O)[C@H](C1)O)O)C1=CCC(C)(C)C1,NVTYJBBZLQJJLC-CABZTGNLSA-N,n.a.,n.a.,n.a.,7,0,Euphorbia supina; Lactarius necator; Microdochium nivale; Penicillium sclerotigenum; Stephania delavayi; Suillellus luridus; n.a.,Euphorbia; Hosta; Lactarius; Microdochium; Penicillium; Stephania; Suillellus,Asparagaceae; Aspergillaceae; Boletaceae; Euphorbiaceae; Menispermaceae; Microdochiaceae; Russulaceae,Fungi; Viridiplantae,Euphorbia supina; Hosta undulata; Lactarius necator; Microdochium nivale; Penicillium sclerotigenum; Stephania delavayi; Suillellus luridus,n.a.,7,,,,,,False,NPASS,250.33799999999997,2.9048000000000016,2.0,3.0,57.53,3.0,0.7571355267572831,2.0,0.0,True,NVTYJBBZLQJJLC,False
NPC473883,"InChI=1S/C29H34O12/c1-29(2,41-28-26(34)25(33)24(32)19(10-30)40-28)21-8-14-15(38-21)6-5-12-23(31)22-13-7-17(35-3)18(36-4)9-16(13)37-11-20(22)39-27(12)14/h5-7,9,19-22,24-26,28,30,32-34H,8,10-11H2,1-4H3/t19-,20-,21-,22+,24-,25+,26-,28+/m1/s1",XLAVQLXQQIQYSX-VAQNTZKMSA-N,CC(C)([C@H]1Cc2c(ccc3C(=O)[C@H]4c5cc(c(cc5OC[C@H]4Oc23)OC)OC)O1)O[C@H]1[C@@H]([C@H]([C@@H]([C@@H](CO)O1)O)O)O,XLAVQLXQQIQYSX-VAQNTZKMSA-N,n.a.,CHEMBL454244,10325785,3,8,Amorpha fruticosa,Amorpha,Fabaceae,Viridiplantae,Amorpha fruticosa,n.a.,1,,,,,,False,NPASS,574.5790000000005,0.7222999999999997,4.0,12.0,162.60000000000002,6.0,0.3831170358811632,6.0,2.0,True,XLAVQLXQQIQYSX,False
NPC483646,"InChI=1S/C16H14O6/c1-7-10(18)6-11-12(13(7)19)14(20)15(21)16(22-11)8-2-4-9(17)5-3-8/h2-6,15-19,21H,1H3/t15-,16+/m0/s1",SHFQHROZLCTSKD-JKSUJKDBSA-N,Cc1c(cc2c(c1O)C(=O)[C@@H]([C@@H](c1ccc(cc1)O)O2)O)O,SHFQHROZLCTSKD-JKSUJKDBSA-N,n.a.,n.a.,21721860,1,0,Lespedeza cyrtobotrya,Lespedeza,Fabaceae,Viridiplantae,Lespedeza cyrtobotrya,n.a.,1,,,,,,False,NPASS,302.28200000000004,1.789120000000001,4.0,6.0,107.22000000000001,1.0,0.6395283282775728,3.0,2.0,True,SHFQHROZLCTSKD,False
NPC263977,"InChI=1S/C26H36O6/c1-14-23(5)13-16-22(4)11-10-17(27)21(2,3)15(22)9-12-24(16,6)26(14,20(30)32-8)19(29)25(7,31)18(23)28/h15-16,31H,1,9-13H2,2-8H3/t15-,16+,22-,23-,24+,25+,26+/m1/s1",IRPHRMHQEPXQQF-RFMSQVAGSA-N,COC(=O)[C@@]12C(=O)[C@@](C)(O)C(=O)[C@](C1=C)(C)C[C@@H]1[C@]2(C)CC[C@H]2[C@@]1(C)CCC(=O)C2(C)C,Preaustinoid A,n.a.,CHEMBL1911626,57398141,8,2,Globularia nudicaulis; Gyrophyllum sibogae; Helianthus pumilus; Leucas aspera; Stemona parviflora; Talaromyces ruber; n.a.,Clibadium; Globularia; Gyrophyllum; Helianthus; Leucas; Schkuhria; Stemona; Talaromyces,Asteraceae; Lamiaceae; Pennatulidae; Plantaginaceae; Stemonaceae; Trichocomaceae,Fungi; Metazoa; Viridiplantae,Clibadium microcephalum; Globularia nudicaulis; Gyrophyllum sibogae; Helianthus pumilus; Leucas aspera; Schkuhria anthemoidea; Stemona parviflora; Talaromyces ruber,n.a.,8,,,,,,False,NPASS,444.5680000000003,3.442700000000002,1.0,6.0,97.74000000000001,1.0,0.3779555957328239,4.0,0.0,True,IRPHRMHQEPXQQF,False
NPC485580,"InChI=1S/C60H100O29/c1-23(9-13-35(57(4,5)79)87-55-50(89-53-47(77)43(73)38(68)29(20-63)83-53)44(74)39(69)31(85-55)22-80-51-45(75)41(71)36(66)27(18-61)81-51)24-15-16-58(6)32-12-10-25-26(60(32,8)33(65)17-59(24,58)7)11-14-34(56(25,2)3)86-54-48(78)49(40(70)30(21-64)84-54)88-52-46(76)42(72)37(67)28(19-62)82-52/h10,23-24,26-32,34-55,61-64,66-79H,9,11-22H2,1-8H3/t23-,24-,26-,27-,28-,29-,30-,31-,32+,34+,35-,36-,37-,38-,39-,40-,41+,42+,43+,44+,45-,46-,47-,48-,49+,50-,51-,52+,53+,54+,55+,58+,59-,60+/m1/s1",JMSYCIAIHHGASE-HMKMZFLBSA-N,C[C@H](CC[C@H](C(C)(C)O)O[C@H]1[C@@H]([C@H]([C@@H]([C@@H](CO[C@H]2[C@@H]([C@H]([C@@H]([C@@H](CO)O2)O)O)O)O1)O)O)O[C@H]1[C@@H]([C@H]([C@@H]([C@@H](CO)O1)O)O)O)[C@H]1CC[C@@]2(C)[C@@H]3CC=C4[C@@H](CC[C@@H](C4(C)C)O[C@H]4[C@@H]([C@H]([C@@H]([C@@H](CO)O4)O)O[C@H]4[C@@H]([C@H]([C@@H]([C@@H](CO)O4)O)O)O)O)[C@]3(C)C(=O)C[C@]12C,JMSYCIAIHHGASE-HMKMZFLBSA-N,n.a.,n.a.,n.a.,1,1,Siraitia grosvenorii,Siraitia,Cucurbitaceae,Viridiplantae,Siraitia grosvenorii,n.a.,1,,,,,,False,NPASS,1285.4310000000003,-5.199400000000007,18.0,29.0,473.51000000000016,20.0,0.050675490200658466,9.0,0.0,False,JMSYCIAIHHGASE,False
NPC481053,"InChI=1S/C39H56O5/c1-25-27(40)11-12-30-36(25,4)15-14-31-37(30,5)19-21-39(7)32-23-34(2,16-17-35(32,3)18-20-38(31,39)6)24-44-33(43)13-9-26-8-10-28(41)29(42)22-26/h8-10,13,22,25,30-32,41-42H,11-12,14-21,23-24H2,1-7H3/b13-9+/t25-,30+,31-,32+,34+,35+,36+,37-,38+,39-/m0/s1",KYOOOUAZCVJQRO-LWALCNCISA-N,C[C@H]1C(=O)CC[C@@H]2[C@]1(C)CC[C@H]1[C@@]2(C)CC[C@@]2(C)[C@@H]3C[C@@](C)(CC[C@]3(C)CC[C@]12C)COC(=O)/C=C/c1ccc(c(c1)O)O,KYOOOUAZCVJQRO-LWALCNCISA-N,n.a.,n.a.,132582241,1,2,Celastrus orbiculatus,Celastrus,Celastraceae,Viridiplantae,Celastrus orbiculatus,n.a.,1,,,,,,False,NPASS,604.8720000000005,9.1049,2.0,5.0,83.83000000000001,4.0,0.20343410670821693,6.0,1.0,False,KYOOOUAZCVJQRO,False
NPC60173,"InChI=1S/C15H19NO/c1-4-5-6-7-8-9-10-11-12-15(17)16-13-14(2)3/h9-12,14H,8,13H2,1-3H3,(H,16,17)/b10-9+,12-11+",LFYBJVLJNNOYNG-HULFFUFUSA-N,CC#CC#CC/C=C/C=C/C(=NCC(C)C)O,LFYBJVLJNNOYNG-HULFFUFUSA-N,n.a.,n.a.,636555,1,0,Artemisia dracunculus,Artemisia,Asteraceae,Viridiplantae,Artemisia dracunculus,n.a.,1,,,,,,False,NPASS,229.32299999999998,3.1281000000000017,1.0,1.0,32.59,5.0,0.33390032028521566,0.0,0.0,True,LFYBJVLJNNOYNG,False
NPC280664,"InChI=1S/C18H12O6/c19-11-5-1-9(2-6-11)13-15(21)17(23)14(18(24)16(13)22)10-3-7-12(20)8-4-10/h1-8,19-21,24H/p-2",FKQQKMGWCJGUCS-UHFFFAOYSA-N,c1cc(ccc1C1=C(C(=O)C(=C(C1=O)O)c1ccc(cc1)[O-])O)[O-],FKQQKMGWCJGUCS-UHFFFAOYSA-N,n.a.,n.a.,99148,28,2,Abies nordmanniana; Carassea connexa; Clostridium tertium; Comatula solaris; Coprinopsis psychromorbida; Duranta erecta; Dysphania botrys; Garcinia opaca; Phalaenopsis amabilis; Pimpinella heyneana; Planobispora rosea; Reseda alba; Rheum rhabarbarum; Tapinella atrotomentosa; Thelephora aurantiotincta; Vigna angularis; Withania somnifera; n.a.,Abies; Acacia; Blumea; Carassea; Clostridium; Comanthus; Comatula; Coprinopsis; Doris; Duranta; Dysphania; Garcinia; Haematomma; Leucadendron; Manglietia; Phalaenopsis; Pimpinella; Planobispora; Reseda; Rheum; Rhodophyllus; Tapinella; Thelephora; Vepris; Vigna; Withania; n.a.,Apiaceae; Asteraceae; Chenopodiaceae; Cladoniaceae; Clostridiaceae; Clusiaceae; Comatulidae; Dorididae; Entolomataceae; Fabaceae; Haematommataceae; Magnoliaceae; Orchidaceae; Pinaceae; Polygonaceae; Proteaceae; Psathyrellaceae; Resedaceae; Rutaceae; Solanaceae; Streptosporangiaceae; Tapinellaceae; Thelephoraceae; Verbenaceae; n.a.,Fungi; Metazoa; Viridiplantae; n.a.,Abies nordmanniana; Acacia latifolia; Blumea wightiana; Carassea connexa; Clostridium tertium; Comanthus japonicus; Comatula solaris; Coprinopsis psychromorbida; Doris nobilis; Duranta erecta; Dysphania botrys; Garcinia opaca; Haematomma ochrophaeum; Leucadendron adscendens; Manglietia phuthoensis; Ophistreptus levis; Phalaenopsis amabilis; Pimpinella heyneana; Planobispora rosea; Reseda alba; Rheum rhabarbarum; Rhodophyllus nidorosus; Tapinella atrotomentosa; Thelephora aurantiotincta; Vepris fitoravina; Vigna angularis; Withania somnifera,n.a.,27,,,,,,False,NPASS,322.272,1.2239999999999995,2.0,6.0,120.72000000000001,2.0,0.8020387504791056,3.0,2.0,True,FKQQKMGWCJGUCS,False
NPC474507,"InChI=1S/C18H19NO4/c1-22-17-15-11-4-3-10(20)7-9(11)8-13-14(15)12(5-6-19-13)16(21)18(17)23-2/h3-4,7,13,19-21H,5-6,8H2,1-2H3/t13-/m0/s1",FGQHCEDYOQVMBK-ZDUSSCGKSA-N,COC1=C2C3=C(CC4C2=C(CCN4)C(=C1OC)O)C=C(C=C3)O,(+)-Norguattevaline,"(6aS)-1,2-dimethoxy-5,6,6a,7-tetrahydro-4H-dibenzo[de,g]quinoline-3,9-diol",CHEMBL470272,10380851,1,1,Guatteria foliosa,Guatteria,Annonaceae,Viridiplantae,guatteria foliosa,n.a.,1,,,,,,False,NPASS,313.353,2.5249,3.0,5.0,70.95,2.0,0.7945636322097155,4.0,2.0,True,FGQHCEDYOQVMBK,False
NPC105377,"InChI=1S/C22H30O6/c1-12-14-5-6-15-21(9-14,18(12)25)19(26)28-11-22(15)16(10-27-13(2)23)20(3,4)8-7-17(22)24/h14-17,24H,1,5-11H2,2-4H3/t14-,15-,16-,17+,21+,22+/m1/s1",PLUCPUGZZMBUKF-PTMKQUBYSA-N,C=C1[C@@H]2CC[C@@H]3[C@@](C2)(C1=O)C(=O)OC[C@]13[C@H](COC(=O)C)C(C)(C)CC[C@@H]1O,PLUCPUGZZMBUKF-PTMKQUBYSA-N,n.a.,n.a.,101707490,1,0,Rabdosia longituba,Isodon,Lamiaceae,Viridiplantae,Rabdosia longituba,n.a.,1,,,,,,False,NPASS,390.47600000000017,2.4314000000000004,1.0,6.0,89.90000000000002,2.0,0.4424634552999121,4.0,0.0,True,PLUCPUGZZMBUKF,False
NPC309096,"InChI=1S/C32H44O16/c1-11(2)6-17(34)48-22-24-31-10-44-32(24,29(42)43-5)26(40)21(38)23(31)30(4)13(8-16(31)47-27(22)41)12(3)7-14(25(30)39)45-28-20(37)19(36)18(35)15(9-33)46-28/h7,11-13,15-16,18-24,26,28,33,35-38,40H,6,8-10H2,1-5H3/t12-,13+,15-,16-,18-,19+,20-,21-,22-,23-,24-,26+,28-,30+,31-,32+/m1/s1",NLCZJLRVAIBIDP-FCODWIRGSA-N,CC(C)CC(=O)O[C@@H]1[C@@H]2[C@]34CO[C@@]2([C@H]([C@@H]([C@@H]4[C@]2(C)[C@@H](C[C@H]3OC1=O)[C@H](C)C=C(C2=O)O[C@H]1[C@@H]([C@H]([C@@H]([C@@H](CO)O1)O)O)O)O)O)C(=O)OC,Javanicoside B,n.a.,CHEMBL503591,11169907,25,1,Amycolatopsis azurea; Aplysina cauliformis; Asplenium normale; Brucea javanica; Carpobrotus edulis; Castanea crenata; Centrolobium tomentosum; Cephalonomia gallicola; Ceratophyllum submersum; Chelidonura fulvipunctata; Dracocephalum kotschyi; Oecophylla smaragdina; Psilostrophe cooperi; Sideritis tragoriganum; Solanum jamaicense; Trifolium alexandrinum; Yponomeuta malinellus; n.a.,Amycolatopsis; Aplysina; Asplenium; Brucea; Carpobrotus; Castanea; Centrolobium; Cephalonomia; Ceratophyllum; Chelidonura; Dracocephalum; Lippia; Myrica; Oecophylla; Parmelia; Psilostrophe; Sideritis; Solanum; Trifolium; Yponomeuta; n.a.,Aglajidae; Aizoaceae; Aplysinidae; Aspleniaceae; Asteraceae; Bethylidae; Ceratophyllaceae; Fabaceae; Fagaceae; Formicidae; Lamiaceae; Myricaceae; Parmeliaceae; Pseudonocardiaceae; Simaroubaceae; Solanaceae; Verbenaceae; Yponomeutidae; n.a.,Fungi; Metazoa; Viridiplantae; n.a.,Amycolatopsis azurea; Aplysina cauliformis; Asplenium normale; Brucea amarissima; Brucea javanica; Carpobrotus edulis; Castanea crenata; Centrolobium tomentosum; Cephalonomia gallicola; Ceratophyllum submersum; Chelidonura fulvipunctata; Dracocephalum kotschyi; Lippia carviodora; Myrica nana; Oecophylla smaragdina; Parmelia metastrigosa; Pneumatospora obcoronata; Psilostrophe cooperi; Sideritis tragoriganum; Solanum jamaicense; Trifolium alexandrinum; Yponomeuta malinellus,n.a.,22,,,,,,False,NPASS,684.6880000000007,-2.2886999999999915,6.0,16.0,245.03999999999996,7.0,0.12207590820008075,6.0,0.0,False,NLCZJLRVAIBIDP,False
NPC470847,"InChI=1S/C35H36N2O10/c1-19(2)32(39)36-25-11-8-16-37(25)33(40)27-28(20-9-6-5-7-10-20)35(34(41)42,21-12-14-22(43-3)15-13-21)47-23-17-24-30(46-18-45-24)31(44-4)26(23)29(27)38/h5-7,9-10,12-15,17,19,25,27-28H,8,11,16,18H2,1-4H3,(H,36,39)(H,41,42)/t25?,27-,28-,35+/m1/s1",FMHVIGUSSUUWEI-NZCFYVQDSA-N,COc1c2c(cc3c1OCO3)O[C@@]([C@@H]([C@H](C2=O)C(=O)N1CCCC1N=C(C(C)C)O)c1ccccc1)(C(=O)O)c1ccc(cc1)OC,Thapoxepine A,"(6R,7S,8R)-10-methoxy-6-(4-methoxyphenyl)-8-[2-(2-methylpropanoylamino)pyrrolidine-1-carbonyl]-9-oxo-7-phenyl-7,8-dihydro-[1,3]dioxolo[4,5-h][1]benzoxepine-6-carboxylic acid",CHEMBL2269308,76315894,1,1,n.a.,Aglaia,Meliaceae,Viridiplantae,aglaia sp.,n.a.,1,,,,,,False,NPASS,644.6770000000002,4.948700000000004,2.0,9.0,153.42,8.0,0.19569201921694876,6.0,3.0,True,FMHVIGUSSUUWEI,False
NPC111929,"InChI=1S/C21H20O10/c1-8-15(25)17(27)18(28)21(29-8)31-20-16(26)14-12(24)6-11(23)7-13(14)30-19(20)9-2-4-10(22)5-3-9/h2-8,15,17-18,21-25,27-28H,1H3/t8-,15-,17+,18+,21-/m0/s1",SOSLMHZOJATCCP-AEIZVZFYSA-N,Oc1ccc(cc1)c1oc2cc(O)cc(c2c(=O)c1O[C@@H]1O[C@@H](C)[C@@H]([C@H]([C@H]1O)O)O)O,Afzelin,"5,7-dihydroxy-2-(4-hydroxyphenyl)-3-[(2S,3R,4R,5R,6S)-3,4,5-trihydroxy-6-methyloxan-2-yl]oxychromen-4-one",CHEMBL240528,5316673,267,17,Acer carpinifolium; Acer pictum; Aconitum gigas; Actinidia deliciosa; Actinoplanes friuliensis; Alcea rosea; Alpinia blepharocalyx; Alternaria kikuchiana; Anguilla japonica; Angylocalyx braunii; Anisodus tanguticus; Aonidiella aurantii; Aplysina archeri; Araiostegiella perdurans; Archidendron lucidum; Artemisia anomala; Artemisia ludoviciana; Artemisia mesatlantica; Aspergillus carneus; Aspergillus striatus; Aster ageratoides; Asteriscus aquaticus; Austrocedrus chilensis; Balanops australiana; Balanus glandula; Betula platyphylla; Boronia pinnata; Bufotes viridis; Burkholderia gladioli; Callerya cinerea; Canarium album; Capparis ovata; Carlina acanthifolia; Ceanothus sanguineus; Charpentiera obovata; Chrysotila lamellosa; Cichorium endivia; Cineraria geifolia; Cinnamomum subavenium; Clathria prolifera; Clematis angustifolia; Clostridium butyricum; Conus pulicarius; Coprinopsis cinerea; Cortinarius odoratus; Corylus avellana; Crassostrea gigas; Cratena peregrina; Croton montevidensis; Crypteronia paniculata; Cucumis myriocarpus; Cynoglossum germanicum; Cyrtomium falcatum; Daphne oleoides; Datisca glomerata; Delphinium cashmerianum; Dendronephthya gigantea; Diaporthe helianthi; Dichotomophthora lutea; Diospyros kaki; Dipteryx odorata; Dorycnium hirsutum; Dysosma versipellis; Ecballium elaterium; Echinacea pallida; Elymus repens; Epilobium hirsutum; Epimedium brevicornu; Epimedium grandiflorum; Epimedium koreanum; Epimedium pubescens; Epimedium sagittatum; Epimedium sempervirens; Epimedium wushanense; Eremanthus arboreus; Eriobotrya japonica; Euonymus tingens; Euphorbia hirta; Euphorbia sieboldiana; Excoecaria agallocha; Fallopia multiflora; Glochidion sphaerogynum; Gremmeniella abietina; Gymnopus confluens; Halocarpus biformis; Helichrysum auriceps; Helichrysum lepidissimum; Helleborus multifidus; Heuchera cylindrica; Houttuynia cordata; Hubertia tomentosa; Hylocomium splendens; Hymenidium lindleyanum; Hypericum revolutum; Ilex hainanensis; Inocybe geophylla; Iochroma australe; Jacobaea analoga; Kandelia candel; Kigelia africana; Kokoona reflexa; Larix decidua; Leontopodium nanum; Lespedeza virgata; Leuzea centauroides; Ligustrum obtusifolium; Litsea salicifolia; Lotus ucrainicus; Macrolepiota neomastoidea; Maesa ramentacea; Maytenus hookeri; Melanophryniscus moreirae; Melolontha melolontha; Mesembryanthemum expansum; Metridium senile; Monascus pilosus; Monodora tenuifolia; Morinda morindoides; Morus rubra; Narthecium asiaticum; Nephelium lappaceum; Nototodarus sloanii; Nymphaea odorata; Ocimum tenuiflorum; Ophidiaster ophidianus; Osmanthus heterophyllus; Osmorhiza aristata; Osteospermum junceum; Passiflora edulis; Passiflora foetida; Penicillium janczewskii; Penicillium meleagrinum; Penicillium olsonii; Petrorhagia dubia; Phyllanthus oligospermus; Pilocarpus spicatus; Pinguicula vulgaris; Pinus strobus; Pinus sylvestris; Piper sanctum; Plinia cauliflora; Pluchea odorata; Polygonum cuspidatum; Prunus lusitanica; Pseudoplexaura flagellosa; Pseudowintera colorata; Psychotria serpens; Pycnandra acuminata; Quercus imbricaria; Ranunculus acris; Ranunculus fluitans; Reseda luteola; Rosa chinensis; Rosa x damascena; Salacia lehmbachii; Salvia bucharica; Salvia yosgadensis; Sargassum muticum; Senecio rupestris; Sideritis nutans; Sideroxylon cubense; Spiracantha cornifolia; Stachyurus himalaicus; Stenomesson miniatum; Stereocaulon corticatulum; Stevia connata; Stichopus chloronotus; Streptomyces blastmyceticus; Streptomyces lomondensis; Streptomyces platensis; Streptomyces sparsogenes; Strophanthus preussii; Strychnos mellodora; Tadehagi triquetrum; Tarenaya spinosa; Tephrosia pumila; Tephrosia vogelii; Toona sinensis; Tripterygium regelii; Tsuga diversifolia; Tylophora tanakae; Uncaria guianensis; Veronica persica; Vicia benghalensis; Viguiera decurrens; Vismia orientalis; Walsura tubulata; Xylopia brasiliensis; cornus macrophylla ; n.a.,Acer; Aconitum; Actinidia; Actinoplanes; Ajuga; Alcea; Alcyonium; Aldisa; Alectoria; Alpinia; Alstonia; Alternaria; Amelanchier; Anguilla; Angylocalyx; Anisodus; Aonidiella; Aplysina; Araiostegiella; Archidendron; Artemisia; Aspergillus; Aster; Asteriscus; Austrocedrus; Balanops; Balanus; Betula; Boronia; Brachychiton; Burkholderia; Calea; Callerya; Canarium; Capparis; Carlina; Cassine; Ceanothus; Centipeda; Charpentiera; Chrysocoma; Chrysotila; Cichorium; Cineraria; Cinnamomum; Clathria; Cleistanthus; Cleistopholis; Clematis; Clostridium; Conus; Coprinopsis; Cornus; Cortinarius; Corylus; Crassostrea; Cratena; Croton; Crypteronia; Cucumis; Cynoglossum; Cyrtomium; Daphne; Datisca; Delphinium; Dendrilla; Dendronephthya; Diaporthe; Dichotomophthora; Dioscorea; Diospyros; Dipteryx; Dorycnium; Dysidea; Dysosma; Ecballium; Echinacea; Echinus; Ekebergia; Eleutherobia; Elymus; Epilobium; Epimedium; Eremanthus; Eremostachys; Eria; Eriobotrya; Eucalyptus; Euonymus; Euphorbia; Evernia; Excoecaria; Fagus; Fallopia; Galium; Glochidion; Gremmeniella; Guarea; Gymnopus; Halocarpus; Haloxylon; Helichrysum; Heliotropium; Helleborus; Heuchera; Hippocratea; Hopea; Houttuynia; Hubertia; Hylocomium; Hymenidium; Hypericum; Ilex; Inocybe; Inula; Iochroma; Iotrochota; Jacobaea; Kandelia; Kigelia; Kokoona; Larix; Lecidella; Leontopodium; Lespedeza; Leuzea; Ligustrum; Litsea; Lotus; Macrolepiota; Maesa; Maytenus; Melanophryniscus; Melicope; Melolontha; Mesembryanthemum; Metridium; Millettia; Monascus; Monodora; Morinda; Morus; Mussaenda; Myelobia; Myristica; Narthecium; Nepeta; Nephelium; Nototodarus; Nymphaea; Ocimum; Ophidiaster; Osmanthus; Osmorhiza; Osteospermum; Panax; Passiflora; Penicillium; Petrorhagia; Phebalium; Phyllanthus; Picea; Pilocarpus; Pinguicula; Pinus; Piper; Plectranthus; Plinia; Pluchea; Polygonum; Pongamiopsis; Prunus; Pseudoplexaura; Pseudowintera; Psychotria; Pteris; Pycnandra; Quercus; Ranunculus; Reseda; Rosa; Salacia; Salvia; Sargassum; Scabiosa; Scrophularia; Senecio; Sideritis; Sideroxylon; Solanum; Spiracantha; Stachyurus; Stenomesson; Stereocaulon; Stevia; Stichopus; Stipa; Streptomyces; Strophanthus; Strychnos; Tadehagi; Tarenaya; Tephrosia; Thaminophyllum; Toona; Tripterygium; Tsuga; Tylophora; Uncaria; Vernonanthura; Vernonia; Veronica; Vicia; Viguiera; Vismia; Vitis; Viviparus; Walsura; Wedelia; Xylopia; Zingiber; n.a.,Actinidiaceae; Agaricaceae; Aizoaceae; Alcyoniidae; Amaranthaceae; Amaryllidaceae; Anguillidae; Annonaceae; Apiaceae; Aplysinidae; Apocynaceae; Aquifoliaceae; Araliaceae; Aspergillaceae; Asteraceae; Balanidae; Balanopaceae; Berberidaceae; Betulaceae; Bignoniaceae; Boraginaceae; Bufonidae; Burkholderiaceae; Burseraceae; Capparaceae; Caprifoliaceae; Caryophyllaceae; Celastraceae; Chenopodiaceae; Cleomaceae; Clostridiaceae; Conidae; Cornaceae; Cortinariaceae; Crambidae; Crypteroniaceae; Cucurbitaceae; Cupressaceae; Darwinellidae; Datiscaceae; Davalliaceae; Diaporthaceae; Diaspididae; Dioscoreaceae; Dipterocarpaceae; Dorididae; Dryopteridaceae; Dysideidae; Ebenaceae; Echinidae; Euphorbiaceae; Fabaceae; Facelinidae; Fagaceae; Heliotropiaceae; Helotiaceae; Hylocomiaceae; Hypericaceae; Inocybaceae; Iotrochotidae; Isochrysidaceae; Lamiaceae; Lauraceae; Lecanoraceae; Lentibulariaceae; Loganiaceae; Malvaceae; Meliaceae; Metridiidae; Microcionidae; Micromonosporaceae; Moraceae; Myristicaceae; Myrtaceae; Nartheciaceae; Nephtheidae; Nymphaeaceae; Oleaceae; Ommastrephidae; Omphalotaceae; Onagraceae; Ophidiasteridae; Orchidaceae; Ostreidae; Parmeliaceae; Passifloraceae; Phyllanthaceae; Pinaceae; Piperaceae; Plantaginaceae; Pleosporaceae; Plexauridae; Poaceae; Podocarpaceae; Polygonaceae; Primulaceae; Psathyrellaceae; Pteridaceae; Ranunculaceae; Resedaceae; Rhamnaceae; Rhizophoraceae; Rosaceae; Rubiaceae; Rutaceae; Sapindaceae; Sapotaceae; Sargassaceae; Saururaceae; Saxifragaceae; Scarabaeidae; Scrophulariaceae; Solanaceae; Stachyuraceae; Stereocaulaceae; Stichopodidae; Streptomycetaceae; Thymelaeaceae; Vitaceae; Viviparidae; Winteraceae; Zingiberaceae; n.a.,Fungi; Metazoa; Viridiplantae; n.a.,Acer carpinifolium; Acer pictum subsp. okamotoanum; Aconitum gigas; Actinidia deliciosa; Actinoplanes friuliensis; Ajuga genevensis; Alcea rosea; Alcyonium utinomii; Aldisa sanguinea; Alectoria japonica; Alpinia blepharocalyx; Alstonia undulifolia; Alternaria kikuchiana; Amelanchier vulgaris; Anguilla japonica; Angylocalyx braunii; Anisodus tanguticus; Aonidiella aurantii; Aplysina archeri; Aplysina laevis; Araiostegiella perdurans; Araliopsis soyauxii; Archidendron lucidum; Artemisia anomala; Artemisia ludoviciana subsp. mexicana; Artemisia mesatlantica; Aspergillus carneus; Aspergillus striatus; Aster ageratoides; Asteriscus aquaticus; Austrocedrus chilensis; Balanops australiana; Balanus glandula; Betula platyphylla; Boronia pinnata; Brachychiton populneum; Bufotes viridis; Burkholderia gladioli; Calea pilosa; Callerya cinerea; Canarium album; Capparis ovata; Carlina acanthifolia; Cassine papillosa; Ceanothus sanguineus; Centipeda orbicularis; Charpentiera obovata; Chavica betle; Chrysocoma peduncularis; Chrysotila lamellosa; Cichorium endivia; Cineraria geifolia; Cinnamomum subavenium; Clathria prolifera; Cleistanthus indochinensis; Cleistopholis staudtii; Clematis angustifolia; Clostridium butyricum; Conus pulicarius; Coprinopsis cinerea; Cornus macrophylla; Cortinarius odoratus; Corylus avellana; Crassostrea gigas; Cratena peregrina; Croton montevidensis; Crypteronia paniculata; Cucumis myriocarpus; Cynoglossum germanicum; Cyrtomium falcatum; Daphne oleoides; Datisca glomerata; Delphinium cashmerianum; Dendrilla membranosa; Dendronephthya gigantea; Diaporthe helianthi; Dichotomophthora lutea; Dioscorea olfersiana; Diospyros kaki; Dipteryx odorata; Dorycnium hirsutum; Dysidea tupha; Dysosma versipellis; Ecballium elaterium; Echinacea pallida; Echinus microtuberculatus; Ekebergia senegalensis; Eleutherobia albiflora; Elymus repens; Epilobium hirsutum; Epimedium brevicornu; Epimedium grandiflorum; Epimedium koreanum; Epimedium pubescens; Epimedium sagittatum; Epimedium sempervirens; Epimedium wushanense; Eremanthus arboreus; Eremocarpus setiger; Eremostachys moluccelloides; Eria multiflora; Eriobotrya japonica; Eucalyptus jenseni; Euonymus tingens; Euphorbia cornigera; Euphorbia hirta; Euphorbia sieboldiana; Evernia vulpina; Excoecaria agallocha; Fagara zanthoxyloides; Fagus fusca; Fallopia multiflora; Galium dasypodum; Glochidion sphaerogynum; Gremmeniella abietina; Guarea trichilioides; Gymnopus confluens; Halocarpus biformis; Haloxylon recurvum; Helichrysum auriceps; Helichrysum davenportii; Helichrysum lepidissimum; Heliotropium ternatum; Helleborus multifidus; Herba glechomae longitubae; Heuchera cylindrica; Hippocratea excelsa; Hopea utilis; Houttuynia cordata; Hubertia tomentosa; Hylocomium splendens; Hymenidium lindleyanum; Hypericum mysorense; Hypericum revolutum; Ilex hainanensis; Inella verrucosa; Inocybe geophylla; Inula salicifolia; Iochroma australe; Iotrochota purpurea; Jacobaea analoga; Kandelia candel; Kigelia pinnata; Kokoona reflexa; Larix decidua; Lastrea thelypteris; Lecidella chodati; Leontopodium nanum; Lespedeza virgata; Leuzea centauroides; Ligustrum obtusifolium; Litsea salicifolia; Lotus ucrainicus; Macrolepiota neomastoidea; Maesa ramentacea; Maytenus hookeri; Melanophryniscus moreirae; Melicope sarcococca; Melolontha melolontha; Mesembryanthemum expansum; Metridium senile; Millettia laurentii; Monascus pilosus; Monodora tenuifolia; Morinda morindoides; Morus rubra; Mussaenda parviflora; Myelobia smerintha; Myristica cagayanensis; Narthecium asiaticum; Nepeta multifida; Nephelium lappaceum; Nototodarus sloanii; Nymphaea odorata; Ocimum tenuiflorum; Ophidiaster ophidianus; Osmanthus heterophyllus; Osmorhiza aristata; Osteospermum junceum; Panax papyrifer; Passiflora edulis; Passiflora foetida; Penicillium janczewskii; Penicillium meleagrinum; Penicillium olsonii; Petrorhagia dubia; Phebalium ambiens; Phebalium dentatum; Phyllanthus oligospermus; Picea alba; Pilocarpus spicatus; Pinguicula vulgaris; Pinus strobus; Pinus sylvestris; Piper sanctum; Plectranthus purpuratus; Plinia cauliflora; Pluchea odorata; Pluchea suaveolens; Polygonum cuspidatum; Polygonum flaccidum; Pongamiopsis pervilleana; Prunus lusitanica; Pseudoplexaura flagellosa; Pseudowintera colorata; Psychotria serpens; Pteris australis; Pycnandra acuminata; Quercus imbricaria; Ranunculus acris; Ranunculus fluitans; Reseda luteola; Rosa chinensis; Rosa damascena; Salacia lehmbachii; Salvia bucharica; Salvia yosgadensis; Sargassum muticum; Scabiosa succisa; Scrophularia koelzii; Senecio carthamoides; Senecio dolichodoryius; Senecio oryzetorum; Senecio rupestris; Sideritis brevibracteata; Sideritis nutans; Sideroxylon cubense; Solanum andigena; Solanum orbignianum; Spiracantha cornifolia; Stachyurus himalaicus; Stenomesson miniatum; Stereocaulon corticatulum; Stereocaulon leprocauloides; Stevia connata; Stichopus chloronotus; Stipa vaseyi; Streptomyces blastmyceticus; Streptomyces lomondensis; Streptomyces platensis; Streptomyces sparsogenes; Strophanthus preussii; Strychnos mellodora; Tadehagi triquetrum; Tarenaya spinosa; Tephrosia pumila; Tephrosia vogelii; Thaminophyllum multiflorum; Toona sinensis; Tripterygium regelii; Tsuga diversifolia; Tylophora tanakae; Uncaria guianensis; Vernonanthura pinguis; Vernonia anisochaetoides; Veronica persica; Vicia benghalensis; Viguiera decurrens; Vismia orientalis; Vitis silvestris; Viviparus japonicus; Walsura tubulata; Wedelia scaberrima; Xylopia brasiliensis; Zingiber aromaticum,"Ha Long, Quang Ninh province, Vietnam; leaf; n.a.",265,,,,,,False,NPASS,432.3810000000001,0.7830999999999995,6.0,10.0,170.05,3.0,0.3475813424445771,4.0,3.0,True,SOSLMHZOJATCCP,False
NPC128348,"InChI=1S/C17H18O5/c1-21-16-9-13(19)10-17(22-2)14(16)7-8-15(20)11-3-5-12(18)6-4-11/h3-6,9-10,18-19H,7-8H2,1-2H3",WRSUVSOOJHAIRI-UHFFFAOYSA-N,COc1cc(O)cc(c1CCC(=O)c1ccc(cc1)O)OC,"4,4'-Dihydroxy-2,6-Dimethoxydihydrochalcone","3-(4-hydroxy-2,6-dimethoxyphenyl)-1-(4-hydroxyphenyl)propan-1-one",CHEMBL400283,10424988,2,6,Dracaena cochinchinensis; Soymida febrifuga,Dracaena; Soymida,Asparagaceae; Meliaceae,Viridiplantae,Dracaena cochinchinensis; Soymida febrifuga,"Myanmar; Ningming County, Guangxi autonomous region, China",2,,,,,,False,NPASS,302.326,2.930500000000001,2.0,5.0,75.99000000000001,6.0,0.8023743088284231,2.0,2.0,True,WRSUVSOOJHAIRI,False
NPC479944,"InChI=1S/C21H30N2O2/c1-12-15-16(24)13-8-18(4,5)23-14-9-17(2,3)10-20(15,21(13,14)25)11-19(6,7)22-12/h8,22,25H,9-11H2,1-7H3/t20-,21-/m0/s1",FLTZLWRXMQFEQB-SFTDATJTSA-N,CC1=C2C(=O)C3=CC(C)(C)N=C4CC(C)(C)C[C@@]2(CC(C)(C)N1)[C@]34O,FLTZLWRXMQFEQB-SFTDATJTSA-N,n.a.,n.a.,n.a.,1,1,Anacyclus pyrethrum,Anacyclus,Asteraceae,Viridiplantae,Anacyclus pyrethrum,n.a.,1,,,,,,False,NPASS,342.483,3.3121000000000023,2.0,4.0,61.69,0.0,0.7098296299945415,4.0,0.0,True,FLTZLWRXMQFEQB,False
NPC75384,"InChI=1S/C30H53NO8/c1-20(25(33)24-21(2)31(4)22(3)26(24)34)17-15-13-11-9-7-5-6-8-10-12-14-16-18-38-30-29(37)28(36)27(35)23(19-32)39-30/h20,22-23,27-30,32,35-37H,5-19H2,1-4H3/t20-,22-,23+,27+,28-,29+,30+/m0/s1",TZLFGPZAGYEXAS-IMQJRXMUSA-N,C[C@@H](CCCCCCCCCCCCCCO[C@H]1[C@@H]([C@H]([C@@H]([C@@H](CO)O1)O)O)O)C(=O)C1=C(C)N(C)[C@@H](C)C1=O,TZLFGPZAGYEXAS-IMQJRXMUSA-N,n.a.,n.a.,n.a.,47,0,Aconitum sachalinense; Amanita cokeri; Asteriscus graveolens; Bombus muscorum; Ceratozamia fuscoviridis; Citrus glauca; Codium decorticatum; Critonia quadrangularis; Cryptotermes cynocephalus; Ficus simplicissima; Haplophyllum dauricum; Marrubium supinum; Orthosphenia mexicana; Oxyanthus speciosus; Quercus dentata; Rheum tanguticum; Rhinoceros sondaicus; Salmonella enterica; Senecio latifolius; Solanum elaeagnifolium; Streptomyces xantholiticus; Strychnos tabascana; Styrax perkinsiae; Swinglea glutinosa; Symploca hydnoides; Theobroma cacao; Thuja standishii; n.a.,Aconitum; Alcyonium; Alstonia; Amanita; Asteriscus; Baccharis; Bombus; Cacalia; Centrosema; Ceratozamia; Citrus; Codium; Critonia; Cryptotermes; Dacrydium; Erigeron; Eupatorium; Ficus; Flemingia; Fomes; Haplophyllum; Lecanora; Marrubium; Metalasia; Orthosphenia; Oxyanthus; Pseudocyphellaria; Quercus; Relhania; Rheum; Rhinoceros; Salacia; Salmonella; Senecio; Solanum; Stevia; Streptomyces; Strychnos; Styrax; Swinglea; Symploca; Theobroma; Thuja; Verbesina; n.a.,Alcyoniidae; Amanitaceae; Apidae; Apocynaceae; Asteraceae; Celastraceae; Codiaceae; Coriolaceae; Cupressaceae; Enterobacteriaceae; Fabaceae; Fagaceae; Lamiaceae; Lecanoraceae; Lobariaceae; Loganiaceae; Malvaceae; Microcoleaceae; Moraceae; Mytilidae; Polygonaceae; Ranunculaceae; Rhinocerotidae; Rubiaceae; Rutaceae; Sertulariidae; Solanaceae; Streptomycetaceae; Styracaceae; Termitoidae; Zamiaceae; n.a.,Fungi; Metazoa; Viridiplantae; n.a.,Aconitum pseudohuiliense; Aconitum sachalinense; Alcyonium molle; Alstonia deplanchei; Amanita cokeri; Aplophyllum popovii; Asteriscus graveolens; Baccharis megapotamica; Bombus muscorum; Cacalia bicolor; Centrosema pascuorum; Ceratozamia fuscoviridis; Citrus glauca; Codium decorticatum; Critonia quadrangularis; Cryptotermes cynocephalus; Dacrydium fonki; Erigeron crispus; Eupatorium gracile; Ficus simplicissima; Flemingia congesta; Fomes cajanderi; Haplophyllum dauricum; Lecanora planaica; Marrubium supinum; Metalasia bolusii; Orthosphenia mexicana; Oxyanthus speciosus; Pseudocyphellaria impressa; Quercus dentata; Relhania pumila; Rheum tanguticum; Rhinoceros sondaicus; Salacia prinoides; Salmonella enterica subsp. enterica serovar typhimurium; Senecio latifolius; Senecio rivularis; Solanum elaeagnifolium; Stevia mercedensis; Streptomyces xantholiticus; Strychnos tabascana; Styrax perkinsiae; Swinglea glutinosa; Symploca hydnoides; Theobroma cacao; Thuja standishii; Verbesina rupestris,n.a.,47,,,,,,False,NPASS,555.7530000000002,3.256400000000003,4.0,9.0,136.76000000000002,19.0,0.13980012521122265,2.0,0.0,True,TZLFGPZAGYEXAS,False
NPC185498,"InChI=1S/C29H32O13/c1-11-36-9-20-27(40-11)24(31)25(32)29(41-20)42-26-14-7-17-16(38-10-39-17)6-13(14)21(22-15(26)8-37-28(22)33)12-4-18(34-2)23(30)19(5-12)35-3/h4-7,11,15,20-22,24-27,29-32H,8-10H2,1-3H3/t11-,15+,20-,21-,22+,24-,25-,26-,27-,29+/m1/s1",VJJPUSNTGOMMGY-MRVIYFEKSA-N,COc1cc(cc(c1O)OC)[C@H]1[C@H]2C(=O)OC[C@@H]2[C@@H](c2c1cc1OCOc1c2)O[C@@H]1O[C@@H]2CO[C@H](O[C@H]2[C@@H]([C@H]1O)O)C,Etoposide,"(5S,5aR,8aR,9R)-5-[[(2R,4aR,6R,7R,8R,8aS)-7,8-dihydroxy-2-methyl-4,4a,6,7,8,8a-hexahydropyrano[3,2-d][1,3]dioxin-6-yl]oxy]-9-(4-hydroxy-3,5-dimethoxyphenyl)-5a,6,8a,9-tetrahydro-5H-[2]benzofuro[6,5-f][1,3]benzodioxol-8-one",CHEMBL44657,36462,33,941,Abies balsamea; Abies holophylla; Aspergillus alliaceus; Aspergillus porosus; Aspergillus versicolor; Asteriscus graveolens; Asteriscus schultzii; Chrysopogon zizanioides; Eucalyptus globulus; Gardenia carinata; Glycyrrhiza glabra; Impatiens balsamina; Linum flavum; Linum leonii; Nuphar lutea; Phytolacca americana; Sambucus williamsii; Securinega suffruticosa; Spergula fallax; Streptomyces sp.; Streptomyces sp. CNR698; Stylissa flabelliformis; Trichoderma cornu-damae; Trichoderma gamsii; Umbilicaria sp.; Withania somnifera; n.a.,Abies; Actinocyclus; Aspergillus; Asteriscus; Chrysopogon; Eucalyptus; Eupatorium; Gardenia; Glycyrrhiza; Impatiens; Linum; Lissoclinum; Nuphar; Phytolacca; Sambucus; Securinega; Spergula; Streptomyces; Stylissa; Trichoderma; Umbilicaria; Vallaris; Withania,Adoxaceae; Aspergillaceae; Asteraceae; Axinellidae; Balsaminaceae; Caryophyllaceae; Didemnidae; Fabaceae; Hypocreaceae; Linaceae; Myrtaceae; Nymphaeaceae; Phyllanthaceae; Phytolaccaceae; Pinaceae; Poaceae; Rubiaceae; Solanaceae; Streptomycetaceae; Umbilicariaceae; n.a.,Fungi; Metazoa; Viridiplantae; n.a.,Abies balsamea; Abies holophylla; Actinocyclus papillatus; Aspergillus alliaceus; Aspergillus porosus; Aspergillus versicolor Y10; Asteriscus graveolens subsp. Stenophyllus; Asteriscus schultzii; Eucalyptus globulus; Eupatorium obtusissmum; Gardenia carinata; Glycyrrhiza glabra; Impatiens balsamina; Linum flavum; Linum leonii; Nuphar lutea; Phytolacca americana; Sambucus williamsii; Sambucus williamsii var. coreana; Securinega suffruticosa; Spergula fallax; Streptomyces sp.; Streptomyces sp. SD53; Streptomyces strain CNR-698; Stylissa flabelliformis; Trichoderma cornu-damae; Trichoderma gamsii; Umbilicaria sp.; Vallaris glabra; Vetiveria zizanioides; Withania somnifera; lissoclinum cf. badium,n.a.,32,,,,,,False,NPASS,588.5620000000005,1.3385999999999993,3.0,13.0,160.83,5.0,0.4298292584463983,7.0,2.0,True,VJJPUSNTGOMMGY,False
NPC44210,"InChI=1S/C5H6/c1-4-5(2)3/h1H,2H2,3H3",BOFLDKIFLIFLJA-UHFFFAOYSA-N,C#CC(=C)C,BOFLDKIFLIFLJA-UHFFFAOYSA-N,n.a.,n.a.,62323,1,1,Chrysanthemum x morifolium,Chrysanthemum,Asteraceae,Viridiplantae,Chrysanthemum x morifolium,n.a.,1,,,,,,False,NPASS,66.103,1.1957,0.0,0.0,0.0,0.0,0.37253922246462745,0.0,0.0,True,BOFLDKIFLIFLJA,False
NPC6700,"InChI=1S/C82H54O52/c83-23-1-14(2-24(84)45(23)93)71(112)133-81-70-68(130-77(118)20-9-30(90)50(98)57(105)39(20)41-22(79(120)132-70)11-32(92)52(100)59(41)107)65-35(126-81)13-123-74(115)17-6-27(87)53(101)60(108)42(17)43-44(80(121)128-65)66(63(111)62(110)61(43)109)124-33-4-15(3-25(85)46(33)94)72(113)134-82-69-67(129-76(117)19-8-29(89)49(97)56(104)38(19)40-21(78(119)131-69)10-31(91)51(99)58(40)106)64-34(125-82)12-122-73(114)16-5-26(86)47(95)54(102)36(16)37-18(75(116)127-64)7-28(88)48(96)55(37)103/h1-11,34-35,64-65,67-70,81-111H,12-13H2",FFZOOOCGCNFHAQ-UHFFFAOYSA-N,c1c(cc(c(c1O)O)O)C(=O)OC1C2C(C3C(COC(=O)c4cc(c(c(c4-c4c(c(c(c(c4O)O)O)Oc4cc(cc(c4O)O)C(=O)OC4C5C(C6C(COC(=O)c7cc(c(c(c7-c7c(cc(c(c7O)O)O)C(=O)O6)O)O)O)O4)OC(=O)c4cc(c(c(c4-c4c(cc(c(c4O)O)O)C(=O)O5)O)O)O)C(=O)O3)O)O)O)O1)OC(=O)c1cc(c(c(c1-c1c(cc(c(c1O)O)O)C(=O)O2)O)O)O,FFZOOOCGCNFHAQ-UHFFFAOYSA-N,n.a.,n.a.,16181831,3,0,Rubus chingii; Rubus coreanus; Rubus idaeus,Rubus,Rosaceae; n.a.,Viridiplantae; n.a.,Rubus chingii; Rubus coreanus; Rubus idaeus,n.a.,3,,,,,,False,NPASS,1871.2820000000008,3.6938999999999984,29.0,52.0,877.3600000000006,6.0,0.06408700931240265,16.0,10.0,False,FFZOOOCGCNFHAQ,False
NPC63244,"InChI=1S/C21H30O7/c1-9-10-5-6-11-19-12(22)7-8-18(2,3)13(19)16(25)21(26,28-17(19)27-4)20(11,14(9)23)15(10)24/h10-13,15-17,22,24-26H,1,5-8H2,2-4H3/t10-,11-,12+,13+,15+,16-,17?,19-,20-,21-/m0/s1",UHERRNNNKBWWKU-PMFNZFMJSA-N,COC1O[C@@]2(O)[C@H]([C@H]3[C@@]1([C@H](O)CCC3(C)C)[C@H]1[C@@]32[C@H](O)[C@@H](CC1)C(=C)C3=O)O,Rabdoternin E,n.a.,CHEMBL252115,44445766,3,9,Isodon rosthornii; Isodon xerophilus; n.a.,Isodon,Lamiaceae,Viridiplantae,Isodon rosthornii; Isodon ternifolia; Isodon xerophilus,n.a.,3,,,,,,False,NPASS,394.46400000000017,0.3480999999999988,4.0,7.0,116.45,1.0,0.47426536881891207,6.0,0.0,True,UHERRNNNKBWWKU,False
NPC54983,"InChI=1S/C27H41NO7/c1-15-9-8-10-27(7)22(35-27)12-20(16(2)11-19-14-33-18(4)28-19)34-23(30)13-21(29)26(5,6)25(32)17(3)24(15)31/h11,14-15,17,20-22,24,29,31H,8-10,12-13H2,1-7H3/b16-11+/t15-,17+,20-,21-,22-,24-,27+/m0/s1",WFXWKMLJLRBVHH-PVYNADRNSA-N,C[C@H]1CCC[C@]2(C)[C@H](C[C@@H](/C(=C/c3coc(C)n3)/C)OC(=O)C[C@@H](C(C)(C)C(=O)[C@H](C)[C@H]1O)O)O2,Epothilone G2,"(1S,3S,7S,10R,11S,12S,16R)-7,11-dihydroxy-8,8,10,12,16-pentamethyl-3-[(E)-1-(2-methyl-1,3-oxazol-4-yl)prop-1-en-2-yl]-4,17-dioxabicyclo[14.1.0]heptadecane-5,9-dione",CHEMBL471485,9870258,1,1,n.a.,Sorangium,Polyangiaceae,n.a.,"sorangium cellulosum, strains so ce90/b2",n.a.,1,,,,,,False,NPASS,491.62500000000034,4.009020000000005,2.0,8.0,122.39000000000001,2.0,0.4699876041539225,3.0,1.0,True,WFXWKMLJLRBVHH,False
NPC223049,"InChI=1S/C10H14O4/c1-14-10-5-7(2-3-9(10)13)4-8(12)6-11/h2-3,5,8,11-13H,4,6H2,1H3/t8-/m0/s1",QGFJORGLNPWXMK-QMMMGPOBSA-N,COc1cc(ccc1O)C[C@@H](CO)O,QGFJORGLNPWXMK-QMMMGPOBSA-N,n.a.,n.a.,10750461,14,0,Antitrogus consanguineus; Artemisia afra; Berberis aquifolium; Centaurea napifolia; Diplopteraster multipes; Epipactis palustris; Gmelina arborea; Hornschuchia citriodora; Popillia japonica; Rhizopogon pumilionus; Rumex obtusifolius; Zantedeschia aethiopica; n.a.,Antitrogus; Artemisia; Berberis; Centaurea; Diplopteraster; Epipactis; Gmelina; Hornschuchia; Hydnocarpus; Knema; Popillia; Rhizopogon; Rumex; Zantedeschia,Achariaceae; Annonaceae; Araceae; Asteraceae; Berberidaceae; Lamiaceae; Myristicaceae; Orchidaceae; Polygonaceae; Pterasteridae; Rhizopogonaceae; Scarabaeidae,Fungi; Metazoa; Viridiplantae,Antitrogus consanguineus; Artemisia afra; Berberis aquifolium; Centaurea napifolia; Diplopteraster multipes; Epipactis palustris; Gmelina arborea; Hornschuchia citriodora; Hydnocarpus octandra; Knema attenuata; Popillia japonica; Rhizopogon pumilionus; Rumex obtusifolius; Zantedeschia aethiopica,n.a.,14,,,,,,False,NPASS,198.21799999999996,0.2964999999999998,3.0,4.0,69.92,4.0,0.6503098862220918,1.0,1.0,True,QGFJORGLNPWXMK,False
NPC278010,"InChI=1S/C16H14O5/c1-16(2)13(21-16)8-19-15-9-3-4-14(17)20-12(9)7-11-10(15)5-6-18-11/h3-7,13H,8H2,1-2H3",QTAGQHZOLRFCBU-UHFFFAOYSA-N,O=c1ccc2c(o1)cc1c(c2OCC2OC2(C)C)cco1,"4-[(3,3-Dimethyloxiran-2-Yl)Methoxy]Furo[3,2-G]Chromen-7-One","4-[(3,3-dimethyloxiran-2-yl)methoxy]furo[3,2-g]chromen-7-one",CHEMBL1510267,160544,34,9,Anethum foeniculum; Angelica archangelica; Angelica dahurica; Arachis hypogaea; Bertholletia excelsa; Brassica oleracea; Citrus maxima; Citrus medica; Coriandrum sativum; Cucumis melo; Fagopyrum esculentum; Glehnia littoralis; Hansenia forbesii; Hansenia weberbaueriana; Juglans nigra; Oryza sativa; Ostericum grosseserratum; Petroselinum crispum; Peucedanum palustre; Prangos pabularia; Solanum lycopersicum; Solanum tuberosum; Sus scrofa; Triticum turgidum; Zea mays; citrus hystrix ,Anethum; Angelica; Arachis; Bertholletia; Brassica; Citrus; Coriandrum; Cucumis; Fagopyrum; Glehnia; Hansenia; Juglans; Oryza; Ostericum; Petroselinum; Peucedanum; Prangos; Solanum; Sus; Triticum; Zea,Apiaceae; Brassicaceae; Cucurbitaceae; Juglandaceae; Lecythidaceae; Poaceae; Polygonaceae; Rutaceae; Solanaceae; Suidae; n.a.,Metazoa; Viridiplantae; n.a.,Angelica archangelica; Angelica dahurica; Arachis hypogaea; Bertholletia excelsa; Brassica oleracea; Citrus hystrix; Citrus maxima; Citrus medica; Coriandrum sativum; Cucumis melo; Fagopyrum esculentum; Foeniculum vulgare; Glehnia littoralis; Hansenia forbesii; Hansenia weberbaueriana; Juglans nigra; Oryza sativa; Ostericum grosseserratum; Petroselinum crispum; Peucedanum palustre; Prangos pabularia; Solanum lycopersicum; Solanum tuberosum; Sus scrofa; Triticum durum; Zea mays,n.a.,26,,,,,,False,NPASS,286.28299999999996,3.0954000000000015,0.0,5.0,65.11,3.0,0.5465179006847264,4.0,3.0,True,QTAGQHZOLRFCBU,False
NPC471727,"InChI=1S/C21H30O4/c1-12-10-15(22)14-11-13-6-7-16-19(2,3)17(23)8-9-20(16,4)21(13,5)25-18(14)24-12/h10,13,16-17,23H,6-9,11H2,1-5H3/t13-,16-,17-,20-,21-/m0/s1",RCJJNXSFMKDPPQ-BKRLDNPDSA-N,CC1=CC(=O)C2=C(O1)OC3(C(C2)CCC4C3(CCC(C4(C)C)O)C)C,RCJJNXSFMKDPPQ-BKRLDNPDSA-N,n.a.,CHEMBL3109293,76335680,1,12,Penicillium sp.,Penicillium,Aspergillaceae,Fungi,Penicillium sp.,n.a.,1,,,,,,False,NPASS,346.46700000000004,3.8552200000000028,1.0,4.0,59.67,0.0,0.7749046433472062,4.0,1.0,True,RCJJNXSFMKDPPQ,False
NPC143979,"InChI=1S/C15H18O2/c1-8-4-7-12-10(3)15(16)17-14(12)13-9(2)5-6-11(8)13/h11-14H,1-7H2/t11-,12-,13-,14-/m0/s1",NETSQGRTUNRXEO-XUXIUFHCSA-N,C=C1CC[C@H]2C(=C)C(=O)O[C@@H]2[C@H]2C(=C)CC[C@@H]12,Dehydrocostuslactone,"(3aS,6aR,9aR,9bS)-3,6,9-trimethylidene-3a,4,5,6a,7,8,9a,9b-octahydroazuleno[4,5-b]furan-2-one",CHEMBL88985,73174,76,26,Adiscanthus fusciflorus; Aframomum melegueta; Allium tripedale; Allophylus cobbe; Anamirta cocculus; Ballota africana; Browallia speciosa; Citrus aurantium; Cliona nigricans; Commiphora myrrha; Diaporthe eres; Dolomiaea souliei; Eccremocarpus scaber; Eucampia zodiacus; Genista ephedroides; Hypomyces aurantius; Hypselodoris infucata; Laurus nobilis; Lilium candidum; Marshallia obovata; Maytenus rigida; Methanosarcina barkeri; Miltochrista calamina; Panax japonicus; Penicillium brefeldianum; Penicillium nalgiovense; Piper rusbyi; Pseudomonas tolaasii; Quercus phillyraeoides; Reseda duriaeana; Rubus niveus; Saussurea costus; Saussurea katochaete; Schisandra sphenanthera; Serratula tinctoria; Streptomyces piomogenus; Strychnos solimoesana; Tamarix nilotica; Triopha catalinae; Vigna radiata; Withania aristata; Zea mays; n.a.,Adiscanthus; Aframomum; Allium; Allophylus; Alstonia; Anamirta; Ballota; Browallia; Callyspongia; Cineraria; Cistus; Citrus; Cliona; Commiphora; Dehaasia; Diaporthe; Dolomiaea; Eccremocarpus; Eria; Eucampia; Genista; Hypomyces; Hypselodoris; Jacaranda; Laurus; Lilium; Marshallia; Maytenus; Melilotus; Methanosarcina; Miltochrista; Myrtopsis; Panax; Penicillium; Piper; Platanus; Polyalthia; Polyporus; Prismatomeris; Prunus; Pseudomonas; Quercus; Radix; Reseda; Rubus; Saussurea; Schisandra; Serratula; Streptomyces; Strychnos; Swertia; Tamarix; Tanacetum; Tetragonotheca; Teucrium; Thymus; Tolypocladium; Triopha; Veronica; Vigna; Withania; Zea; n.a.,Amaryllidaceae; Annonaceae; Apocynaceae; Araliaceae; Aspergillaceae; Asteraceae; Bignoniaceae; Burseraceae; Callyspongiidae; Celastraceae; Chromodorididae; Cistaceae; Clionaidae; Diaporthaceae; Erebidae; Fabaceae; Fagaceae; Gentianaceae; Hemiaulaceae; Hypocreaceae; Lamiaceae; Lauraceae; Liliaceae; Loganiaceae; Lymnaeidae; Menispermaceae; Methanosarcinaceae; Ophiocordycipitaceae; Orchidaceae; Piperaceae; Plantaginaceae; Platanaceae; Poaceae; Polyporaceae; Pseudomonadaceae; Resedaceae; Rosaceae; Rubiaceae; Rutaceae; Sapindaceae; Schisandraceae; Solanaceae; Streptomycetaceae; Tamaricaceae; Zingiberaceae; n.a.,Fungi; Metazoa; Viridiplantae; n.a.,Adiscanthus fusciflorus; Aframomum melegueta; Allium tripedale; Allophylus cobbe; Alstonia sphaerocapitata; Anamirta cocculus; Ballota africana; Browallia speciosa; Callyspongia flammea; Cineraria dieterlenii; Cistus villosus; Citrus aurantium; Cliona nigricans; Commiphora myrrha; Dehaasia triandra; Diaporthe eres; Dolomiaea souliei; Eccremocarpus scaber; Eria latifolia; Eucampia zodiacus; Genista ephedroides; Hypomyces aurantius; Hypselodoris infucata; Jacaranda racemosa; Laurus nobilis; Lilium candidum; Marshallia obovata; Maytenus rigida; Melilotus altissima; Methanosarcina barkeri; Miltochrista calamina; Myrtopsis macrocarpa; Panax japonicus var. bipinnatifidus; Penicillium brefeldianum; Penicillium nalgiovense; Piper rusbyi; Platanus hybrida; Polyalthia beccarii; Polyporus officinalis; Prismatomeris connata; Prunus triflora; Pseudomonas tolaasii; Quamoclit angulata; Quercus phillyraeoides; Radix aucklandiae; Reseda duriaeana; Rubus niveus; Saussurea katochaete; Saussurea lappa; Schisandra sphenanthera; Serratula tinctoria; Streptomyces piomogenus; Strychnos solimoesana; Swertia davidi; Tamarix nilotica; Tanacetum cadmeum; Tetragonotheca ludoviciana; Teucrium buxifolium; Thymus algeriensis; Tolypocladium terricola; Triopha catalinae; Veronica hirsuta; Vigna radiata var. radiata; Vladimiria denticulata; Vladimiria souliei; Withania aristata; Zea mays,leaf; n.a.; root,68,,,,,,False,NPASS,230.30699999999996,3.0166000000000013,0.0,2.0,26.3,0.0,0.363074700508831,3.0,0.0,True,NETSQGRTUNRXEO,False
NPC226391,"InChI=1S/C27H34O13/c1-35-18-8-4-16(5-9-18)24(33)38-13-27(34)14-39-26(23(27)32)37-12-19-20(29)21(30)22(31)25(40-19)36-11-10-15-2-6-17(28)7-3-15/h2-9,19-23,25-26,28-32,34H,10-14H2,1H3/t19-,20-,21+,22-,23+,25-,26-,27-/m1/s1",USMNLFDFNCAKRV-AFBUJPPUSA-N,COc1ccc(cc1)C(=O)OC[C@]1(CO[C@H]([C@@H]1O)OC[C@@H]1[C@H]([C@@H]([C@H]([C@H](OCCc2ccc(cc2)O)O1)O)O)O)O,USMNLFDFNCAKRV-AFBUJPPUSA-N,n.a.,n.a.,21579201,3,0,n.a.,Hydnellum; Tabebuia; n.a.,Bignoniaceae; Thelephoraceae; n.a.,Fungi; Viridiplantae; n.a.,Hydnellum zonatum; Orthantha lutea; Tabebuia avellanedae,n.a.,3,,,,,,False,NPASS,566.5560000000005,-0.910599999999999,6.0,13.0,193.82999999999998,11.0,0.1832739269995792,4.0,2.0,False,USMNLFDFNCAKRV,False
NPC85354,"InChI=1S/C24H26O12/c1-11(26)33-22-21(30)20(29)17(10-25)36-23(22)34-12-3-5-24(31,6-4-12)18-9-15(28)19-14(27)7-13(32-2)8-16(19)35-18/h3-9,12,17,20-23,25,27,29-31H,10H2,1-2H3/t12-,17-,20-,21+,22-,23-,24-/m1/s1",FUVPZBDBYVKXLS-SHYHHOGCSA-N,CC(=O)O[C@@H]1[C@H]([C@@H]([C@@H](CO)O[C@H]1O[C@@H]1C=C[C@@](C=C1)(c1cc(=O)c2c(cc(cc2o1)OC)O)O)O)O,FUVPZBDBYVKXLS-SHYHHOGCSA-N,n.a.,n.a.,n.a.,2,0,Ailanthus altissima,Ailanthus,Simaroubaceae,Viridiplantae,Ailanthus altissima,n.a.,2,,,,,,False,NPASS,506.46000000000026,-0.4232999999999998,5.0,12.0,185.35,6.0,0.25200903164046584,4.0,2.0,True,FUVPZBDBYVKXLS,False
NPC61980,"InChI=1S/C40H44O22/c1-4-18-19-11-12-53-35(50)22(19)14-55-38(18)62-40-34(61-36(51)20-7-5-9-23(44)27(20)45)33(56-17(3)43)32(26(59-40)15-54-16(2)42)60-37(52)21-8-6-10-24(28(21)46)57-39-31(49)30(48)29(47)25(13-41)58-39/h4-10,14,18-19,25-26,29-34,38-41,44-49H,1,11-13,15H2,2-3H3/t18-,19+,25-,26?,29-,30+,31-,32?,33?,34?,38?,39-,40?/m1/s1",FEBKVXNFFBMVHS-AMBZEXHHSA-N,C=C[C@@H]1[C@@H]2CCOC(=O)C2=COC1OC1C(C(C(C(COC(=O)C)O1)OC(=O)c1cccc(c1O)O[C@H]1[C@@H]([C@H]([C@@H]([C@@H](CO)O1)O)O)O)OC(=O)C)OC(=O)c1cccc(c1O)O,FEBKVXNFFBMVHS-AMBZEXHHSA-N,n.a.,n.a.,11968715,2,0,Gentiana tibetica; Senecio nemorensis,Gentiana; Senecio,Asteraceae; Gentianaceae,Viridiplantae,Gentiana tibetica; Senecio nemorensis,n.a.,2,,,,,,False,NPASS,876.7700000000007,-0.42509999999999815,7.0,22.0,319.26,13.0,0.05812459651853826,6.0,2.0,False,FEBKVXNFFBMVHS,False
NPC15396,"InChI=1S/C32H48O6/c1-17(15-33)18(2)27(36)28(37)20(4)26-24(38-21(5)34)14-30(7)25-9-8-22-19(3)23(35)10-11-31(22)16-32(25,31)13-12-29(26,30)6/h17,19-20,22,24-26,28,33,37H,2,8-16H2,1,3-7H3/t17-,19-,20-,22-,24-,25-,26-,28+,29+,30-,31+,32-/m0/s1",QAXBLEMBJSUBCG-SXJDHWIHSA-N,C[C@@H](CO)C(=C)C(=O)[C@@H]([C@@H](C)[C@H]1[C@H](C[C@@]2(C)[C@@H]3CC[C@H]4[C@H](C)C(=O)CC[C@]54C[C@@]35CC[C@]12C)OC(=O)C)O,QAXBLEMBJSUBCG-SXJDHWIHSA-N,n.a.,CHEMBL1941154,57331838,2,1,n.a.,Neoboutonia,Euphorbiaceae,Viridiplantae,Neoboutonia melleri,n.a.,1,,,,,,False,NPASS,528.7300000000006,4.896800000000006,2.0,6.0,100.89999999999999,7.0,0.36020874497709016,5.0,0.0,True,QAXBLEMBJSUBCG,False
NPC480917,"InChI=1S/C26H42O6/c1-7-16(2)10-17(3)12-26(31,15-28)24(30)32-23-9-8-19(5)25(6)13-20(18(4)14-27)22(29)11-21(23)25/h11,13,16-19,23,27-28,31H,7-10,12,14-15H2,1-6H3/t16?,17?,18-,19-,23+,25+,26?/m0/s1",BGVIFZCMSUQDTG-HOFJSUAUSA-N,CCC(C)CC(C)CC(CO)(C(=O)O[C@@H]1CC[C@H](C)[C@@]2(C)C=C([C@@H](C)CO)C(=O)C=C12)O,BGVIFZCMSUQDTG-HOFJSUAUSA-N,n.a.,n.a.,76321673,1,2,Camarops sp.,Camarops,Boliniaceae,Fungi,Camarops sp.,n.a.,1,,,,,,False,NPASS,450.6160000000002,3.5841000000000025,3.0,6.0,104.06000000000002,10.0,0.4395951875720779,2.0,0.0,True,BGVIFZCMSUQDTG,False
NPC283773,"InChI=1S/C19H19NO5/c1-24-17-7-10-3-4-20-14(12(10)8-16(17)22)5-11-6-15(21)18(25-2)9-13(11)19(20)23/h6-9,14,21-22H,3-5H2,1-2H3/t14-/m0/s1",VTOBHWOZXDRRAP-AWEZNQCLSA-N,COc1cc2CCN3[C@@H](Cc4cc(c(cc4C3=O)OC)O)c2cc1O,VTOBHWOZXDRRAP-AWEZNQCLSA-N,n.a.,n.a.,46879819,1,0,Monoon longifolium,Monoon,Annonaceae,Viridiplantae,Polyalthia longifolia var. pendula,n.a.,1,,,,,,False,NPASS,341.36300000000006,2.4107000000000007,2.0,5.0,79.23,2.0,0.8768796890432633,4.0,2.0,True,VTOBHWOZXDRRAP,False
NPC22140,"InChI=1S/C35H60O6/c1-7-22(20(2)3)9-8-21(4)26-12-13-27-25-11-10-23-18-24(14-16-34(23,5)28(25)15-17-35(26,27)6)40-33-32(39)31(38)30(37)29(19-36)41-33/h10,20-22,24-33,36-39H,7-9,11-19H2,1-6H3/t21-,22+,24+,25+,26-,27+,28+,29-,30-,31+,32-,33-,34+,35-/m1/s1",NPJICTMALKLTFW-VPFCYKORSA-N,CC[C@@H](CC[C@@H](C)[C@H]1CC[C@H]2[C@@H]3CC=C4C[C@H](CC[C@]4(C)[C@H]3CC[C@]12C)O[C@H]1[C@@H]([C@H]([C@@H]([C@@H](CO)O1)O)O)O)C(C)C,NPJICTMALKLTFW-VPFCYKORSA-N,n.a.,n.a.,12309067,69,1,Acer spicatum; Achyranthes bidentata; Alangium ridleyi; Atractylodes lancea; Bletilla formosana; Boehmeria nivea; Brucea javanica; Cirsium japonicum; Cistanche deserticola; Citrus x paradisi; Clematis chinensis; Cremastra appendiculata; Curcuma kwangsiensis; Cynomorium songaricum; Deltocyathus magnificus; Diospyros kaki; Diospyros maritima; Domohinea perrieri; Dracaena mannii; Lilium lancifolium; Limnodynastes interioris; Litchi chinensis; Lobelia chinensis; Lycium barbarum; Mannia fragrans; Menisporopsis theobromae; Millettia pinnata; Peucedanum praeruptorum; Phytolacca acinosa; Pittosporum undulatum; Plantago depressa; Pogostemon cablin; Polygonatum kingianum; Pseudostellaria heterophylla; Retiboletus ornatipes; Rosa laevigata; Salvia miltiorrhiza; Scaphium lychnophorum; Schisandra chinensis; Senecio nemorensis; Spongia officinalis; Stephanitis rhododendri; Streptomyces luteosporeus; Uncaria macrophylla; morinda officinalis ; n.a.,Acer; Achyranthes; Alangium; Atractylodes; Bletilla; Boehmeria; Boswellia; Brucea; Cephalaria; Cirsium; Cistanche; Citrus; Clematis; Cremastra; Curcuma; Cynomorium; Cytisus; Deltocyathus; Diospyros; Domohinea; Dracaena; Hedysarum; Helichrysum; Helipterum; Laurencia; Ligularia; Lilium; Limnodynastes; Litchi; Lobelia; Lobophytum; Lycium; Mannia; Menisporopsis; Mesua; Millettia; Morinda; Nephthea; Parthenium; Peucedanum; Phytolacca; Pittosporum; Plantago; Pogostemon; Polygonatum; Pseudostellaria; Pteraster; Retiboletus; Rosa; Salvia; Scaphium; Schisandra; Senecio; Spongia; Stephanitis; Streptomyces; Uncaria; n.a.,Alcyoniidae; Amaranthaceae; Apiaceae; Asparagaceae; Asteraceae; Aytoniaceae; Boletaceae; Burseraceae; Calophyllaceae; Campanulaceae; Caprifoliaceae; Caryophyllaceae; Caryophylliidae; Cornaceae; Cynomoriaceae; Ebenaceae; Euphorbiaceae; Fabaceae; Lamiaceae; Liliaceae; Malvaceae; Myobatrachidae; Nephtheidae; Orchidaceae; Orobanchaceae; Phytolaccaceae; Pittosporaceae; Plantaginaceae; Pterasteridae; Ranunculaceae; Rhodomelaceae; Rosaceae; Rubiaceae; Rutaceae; Sapindaceae; Schisandraceae; Simaroubaceae; Solanaceae; Spongiidae; Streptomycetaceae; Tingidae; Urticaceae; Zingiberaceae; n.a.,Fungi; Metazoa; Viridiplantae; n.a.,Acer spicatum; Achyranthes bidentata; Alangium ridleyi; Atractylodes lancea; Bletilla formosana; Boehmeria nivea; Boswellia carterii; Brucea javanica; Cephalaria procera; Cimicifuga foetida; Cirsium japonicum; Cistanche deserticola; Citrus paradisi; Clematis chinensis; Cremastra appendiculata; Curcuma kwangsiensis; Cynomorium songaricum; Cyphus niveus; Cytisus ciliatus; Deltocyathus magnificus; Diospyros kaki; Diospyros maritima; Domohinea perrieri; Dracaena mannii; Hedysarum denticulatum; Helichrysum nitens; Helipterum propinquum; Laurencia composita; Ligularia songarica; Lilium lancifolium; Limnodynastes interioris; Litchi chinensis; Lobelia chinensis; Lobophytum denticulatum; Lycium barbarum; Mannia fragrans; Menisporopsis theobromae; Mesua beccariana; Millettia pinnata; Morinda officinalis; Nephthea armata; Parthenium bipinnatifidum; Peucedanum praeruptorum; Phytolacca acinosa; Pittosporum undulatum; Plantago depressa; Pogostemon cablin; Polygonatum kingianum; Pseudostellaria heterophylla; Pteraster multipes; Retiboletus ornatipes; Rosa laevigata; Salvia miltiorrhiza; Schisandra chinensis; Senecio nemorensis; Spongia officinalis; Stephanitis rhododendri; Sterculia lychnophora; Stiff silkworm; Streptomyces luteosporeus; Uncaria macrophylla,n.a.,68,,,,,,False,NPASS,576.8590000000004,5.849000000000009,4.0,6.0,99.38000000000001,9.0,0.2571732771347303,5.0,0.0,True,NPJICTMALKLTFW,False
NPC488685,"InChI=1S/C59H96O27/c1-23-34(64)37(67)41(71)50(79-23)85-47-28(20-61)81-48(44(74)40(47)70)78-22-29-36(66)39(69)43(73)52(82-29)86-53(76)59-16-15-54(2,3)17-25(59)24-9-10-31-56(6)13-12-33(55(4,5)30(56)11-14-57(31,7)58(24,8)18-32(59)63)83-49-45(75)46(26(62)21-77-49)84-51-42(72)38(68)35(65)27(19-60)80-51/h9,23,25-52,60-75H,10-22H2,1-8H3/t23-,25-,26-,27+,28+,29+,30-,31+,32-,33-,34-,35+,36+,37+,38-,39-,40+,41+,42+,43+,44+,45+,46-,47+,48+,49-,50-,51-,52-,56-,57+,58+,59+/m0/s1",DNLFOVXBQZOAAN-CGJSVNAMSA-N,C[C@H]1[C@@H]([C@H]([C@H]([C@@H](O1)O[C@@H]1[C@@H](CO)O[C@H]([C@@H]([C@H]1O)O)OC[C@@H]1[C@H]([C@@H]([C@H]([C@@H](O1)OC(=O)[C@]12CCC(C)(C)C[C@H]1C1=CC[C@@H]3[C@@]4(C)CC[C@@H](C(C)(C)[C@@H]4CC[C@@]3(C)[C@]1(C)C[C@@H]2O)O[C@H]1[C@@H]([C@H]([C@H](CO1)O)O[C@H]1[C@@H]([C@H]([C@@H]([C@@H](CO)O1)O)O)O)O)O)O)O)O)O)O,DNLFOVXBQZOAAN-CGJSVNAMSA-N,n.a.,n.a.,134154726,1,0,Eleutherococcus senticosus,Eleutherococcus,Araliaceae,Viridiplantae,Eleutherococcus senticosus,n.a.,1,,,,,,False,NPASS,1237.3900000000008,-3.5735999999999915,16.0,27.0,433.05000000000007,13.0,0.04817369091514966,10.0,0.0,False,DNLFOVXBQZOAAN,False
NPC314678,"InChI=1S/C28H39NO4/c1-3-4-5-8-17-24-18-13-11-15-23(2)16-12-14-19-25(30)22-27(32)26(31)20-9-6-7-10-21-28(33)29-24/h5-16,19-21,24-27,30-32H,3-4,17-18,22H2,1-2H3,(H,29,33)/b7-6+,8-5+,13-11+,16-12+,19-14-,20-9+,21-10+,23-15+",VMKRIAILWBEBLR-TWCCLTHVSA-N,CCC/C=C/CC1C/C=C/C=C(\C)/C=C/C=C\C(CC(C(/C=C/C=C/C=C/C(=N1)O)O)O)O,Aureoverticillactam,"(3E,5E,7E,13Z,15E,17E,19E)-22-[(E)-hex-2-enyl]-9,10,12-trihydroxy-17-methyl-1-azacyclodocosa-3,5,7,13,15,17,19-heptaen-2-one",CHEMBL458037,9868536,1,3,Streptomyces aureoverticillatus,Streptomyces,Streptomycetaceae,n.a.,Streptomyces aureoverticillatus,n.a.,1,,,,,,False,NPASS,453.6230000000001,5.217900000000009,4.0,4.0,93.28000000000002,4.0,0.4392722746320973,1.0,0.0,True,VMKRIAILWBEBLR,False
NPC258044,"InChI=1S/C28H24O16/c1-8-19(35)23(39)26(43-27(40)10-4-15(33)21(37)16(34)5-10)28(41-8)44-25-22(38)18-12(30)6-11(29)7-17(18)42-24(25)9-2-13(31)20(36)14(32)3-9/h2-8,19,23,26,28-37,39H,1H3/t8-,19-,23+,26+,28-/m1/s1",IXDHJNNHLVGCLC-QDSJJBNCSA-N,Oc1cc(O)c2c(c1)oc(c(c2=O)O[C@H]1O[C@H](C)[C@H]([C@@H]([C@@H]1OC(=O)c1cc(O)c(c(c1)O)O)O)O)c1cc(O)c(c(c1)O)O,Myricetin 3-O-(2''-Galloyl)-Alpha-Rhamnopyranoside,"[(2R,3S,4S,5S,6R)-2-[5,7-dihydroxy-4-oxo-2-(3,4,5-trihydroxyphenyl)chromen-3-yl]oxy-4,5-dihydroxy-6-methyloxan-3-yl] 3,4,5-trihydroxybenzoate",CHEMBL444120,44583690,1,1,Acacia confusa,Acacia,Fabaceae,Viridiplantae,Acacia confusa,n.a.,1,,,,,,False,NPASS,616.4840000000003,1.1757999999999997,10.0,16.0,277.27,5.0,0.11124425093687855,5.0,4.0,False,IXDHJNNHLVGCLC,False
NPC301586,"InChI=1S/C4H10O4/c5-1-3(7)4(8)2-6/h3-8H,1-2H2",UNXHWFMMPAWVPI-UHFFFAOYSA-N,C(C(C(CO)O)O)O,"Butane-1,2,3,4-Tetrol","butane-1,2,3,4-tetrol",CHEMBL402812,8998,12,4,Anethum graveolens; Citrullus lanatus; Glehnia littoralis; Papaver somniferum; Pinellia pedatisecta; Primula malacoides; Zingiber officinale; armillariella mellea ; n.a.,Anethum; Armillariella; Citrullus; Glehnia; Papaver; Pinellia; Primula; Zingiber; n.a.,Apiaceae; Araceae; Cucurbitaceae; Papaveraceae; Primulaceae; Tricholomataceae; Zingiberaceae; n.a.,Fungi; Viridiplantae; n.a.,Anethum graveolens; Armillariella mellea; Citrullus lanatus; Glehnia littoralis; Papaver somniferum; Pinellia pedatisecta; Primula malacoides; Stiff silkworm; Zingiber officinale,n.a.,9,,,,,,False,NPASS,122.11999999999996,-2.3072,4.0,4.0,80.92,3.0,0.33893341850704395,0.0,0.0,True,UNXHWFMMPAWVPI,False
NPC141215,"InChI=1S/C33H44O16/c1-6-12(2)7-18(35)49-24-26-32-11-45-33(26,30(43)44-5)27(41)23(40)25(32)31(4)9-15(19(36)13(3)14(31)8-17(32)48-28(24)42)46-29-22(39)21(38)20(37)16(10-34)47-29/h7,9,13-14,16-17,20-27,29,34,37-41H,6,8,10-11H2,1-5H3/b12-7+/t13-,14-,16+,17+,20+,21-,22+,23+,24+,25+,26+,27-,29+,31-,32+,33-/m0/s1",SVLMUIWHTIHSPF-JNNRAAQNSA-N,CC/C(=C/C(=O)O[C@H]1C(=O)O[C@H]2[C@]34[C@@H]1[C@@](OC3)(C(=O)OC)[C@H]([C@@H]([C@@H]4[C@@]1([C@@H](C2)[C@H](C)C(=O)C(=C1)O[C@@H]1O[C@H](CO)[C@H]([C@@H]([C@H]1O)O)O)C)O)O)/C,Javanicoside F,n.a.,CHEMBL510116,11445415,24,1,Amycolatopsis azurea; Aplysina cauliformis; Asplenium normale; Brucea javanica; Carpobrotus edulis; Castanea crenata; Centrolobium tomentosum; Cephalonomia gallicola; Ceratophyllum submersum; Chelidonura fulvipunctata; Dracocephalum kotschyi; Oecophylla smaragdina; Psilostrophe cooperi; Sideritis tragoriganum; Solanum jamaicense; Trifolium alexandrinum; Yponomeuta malinellus; n.a.,Amycolatopsis; Aplysina; Asplenium; Brucea; Carpobrotus; Castanea; Centrolobium; Cephalonomia; Ceratophyllum; Chelidonura; Dracocephalum; Lippia; Myrica; Oecophylla; Parmelia; Psilostrophe; Sideritis; Solanum; Trifolium; Yponomeuta; n.a.,Aglajidae; Aizoaceae; Aplysinidae; Aspleniaceae; Asteraceae; Bethylidae; Ceratophyllaceae; Fabaceae; Fagaceae; Formicidae; Lamiaceae; Myricaceae; Parmeliaceae; Pseudonocardiaceae; Simaroubaceae; Solanaceae; Verbenaceae; Yponomeutidae; n.a.,Fungi; Metazoa; Viridiplantae; n.a.,Amycolatopsis azurea; Aplysina cauliformis; Asplenium normale; Brucea javanica; Carpobrotus edulis; Castanea crenata; Centrolobium tomentosum; Cephalonomia gallicola; Ceratophyllum submersum; Chelidonura fulvipunctata; Dracocephalum kotschyi; Lippia carviodora; Myrica nana; Oecophylla smaragdina; Parmelia metastrigosa; Pneumatospora obcoronata; Psilostrophe cooperi; Sideritis tragoriganum; Solanum jamaicense; Trifolium alexandrinum; Yponomeuta malinellus,n.a.,21,,,,,,False,NPASS,696.6990000000005,-1.9784999999999944,6.0,16.0,245.03999999999996,7.0,0.09595398398288033,6.0,0.0,False,SVLMUIWHTIHSPF,False
NPC486944,"InChI=1S/C22H27NO6/c1-11-16-13-10-15-21(7-4-5-9-24)14(6-8-23(13)21)22(16,28-15)29-18(11)19-17(26-3)12(2)20(25)27-19/h4,7,11,13-16,24H,5-6,8-10H2,1-3H3/b7-4+,19-18-/t11-,13?,14?,15?,16?,21?,22-/m1/s1",JCGJDQPGZSCGOQ-TZAPWFKTSA-N,C[C@@H]1C2C3CC4C5(/C=C/CCO)C(CCN35)[C@@]2(O4)O/C/1=C\1/C(=C(C)C(=O)O1)OC,JCGJDQPGZSCGOQ-TZAPWFKTSA-N,n.a.,n.a.,46889801,1,1,Stemona aphylla,Stemona,Stemonaceae,Viridiplantae,Stemona aphylla,n.a.,1,,,,,,False,NPASS,401.4590000000002,1.8379999999999999,1.0,7.0,77.46000000000001,4.0,0.5689043615494508,6.0,0.0,True,JCGJDQPGZSCGOQ,False
NPC116513,"InChI=1S/C30H38O5/c1-20(2)7-5-8-21(3)9-6-10-22(4)11-14-24-17-23(12-15-26(24)32)13-16-27(33)30-28(34)18-25(31)19-29(30)35/h7,9,11-12,15,17-19,31-32,34-35H,5-6,8,10,13-14,16H2,1-4H3/b21-9+,22-11+",SJBBGMVJNAOUOI-VLURGLOZSA-N,C/C(=C\Cc1cc(CCC(=O)c2c(O)cc(cc2O)O)ccc1O)/CC/C=C(/CCC=C(C)C)\C,Bipinnatone A,"3-[4-hydroxy-3-[(2E,6E)-3,7,11-trimethyldodeca-2,6,10-trienyl]phenyl]-1-(2,4,6-trihydroxyphenyl)propan-1-one",CHEMBL525006,25016410,1,1,n.a.,Boronia,Rutaceae,Viridiplantae,Boronia bipinnata,aerial part,1,,,,,,False,NPASS,478.62900000000036,7.286200000000009,4.0,5.0,97.99000000000001,12.0,0.18967334137263575,2.0,2.0,True,SJBBGMVJNAOUOI,False
NPC62943,"InChI=1S/C31H24O12/c1-41-20-7-4-13(8-16(20)34)30-28(40)27(39)24-19(37)11-18(36)23(31(24)43-30)25-26(38)22-17(35)9-15(33)10-21(22)42-29(25)12-2-5-14(32)6-3-12/h2-11,25,28-30,32-37,40H,1H3",GJWXCPDVDRIBKP-UHFFFAOYSA-N,COc1ccc(cc1O)C1C(C(=O)c2c(cc(c(C3C(=O)c4c(cc(cc4OC3c3ccc(cc3)O)O)O)c2O1)O)O)O,GJWXCPDVDRIBKP-UHFFFAOYSA-N,n.a.,n.a.,3512640,6,0,Garcinia kola; Orixa japonica; Ruta graveolens,Garcinia; Orixa; Ruta,Clusiaceae; Rutaceae,Viridiplantae,Garcinia kola; Orixa japonica; Ruta graveolens,n.a.,3,,,,,,False,NPASS,588.5210000000004,3.706300000000006,7.0,12.0,203.43999999999997,4.0,0.1823463992542018,6.0,4.0,False,GJWXCPDVDRIBKP,False
NPC272233,"InChI=1S/C13H14O4/c1-6-5-16-13-9-3-8(7(2)14)10(15)4-11(9)17-12(6)13/h3-4,6,12-13,15H,5H2,1-2H3/t6-,12-,13-/m1/s1",CVBFRNFTZXHUAN-AJJMPYILSA-N,C[C@@H]1CO[C@@H]2c3cc(C(=O)C)c(cc3O[C@H]12)O,CVBFRNFTZXHUAN-AJJMPYILSA-N,n.a.,n.a.,10561655,1,0,n.a.,Gynura,Asteraceae,Viridiplantae,Gynura elliptica,n.a.,1,,,,,,False,NPASS,234.25099999999998,2.0631999999999997,1.0,4.0,55.760000000000005,1.0,0.7555668057160084,3.0,1.0,True,CVBFRNFTZXHUAN,False
NPC75113,"InChI=1S/C20H18O7/c1-10(2)5-6-26-17-7-11(3-4-13(17)21)20-19(25)18(24)12-8-14(22)15(23)9-16(12)27-20/h3-5,7-9,21-23,25H,6H2,1-2H3",XHGNOEWBXVPYDM-UHFFFAOYSA-N,CC(=CCOc1cc(ccc1O)c1c(c(=O)c2cc(c(cc2o1)O)O)O)C,XHGNOEWBXVPYDM-UHFFFAOYSA-N,n.a.,n.a.,5487011,2,0,Glycyrrhiza uralensis; Tripterygium wilfordii,Glycyrrhiza; Tripterygium,Celastraceae; Fabaceae,Viridiplantae,Glycyrrhiza uralensis; Tripterygium wilfordii,n.a.,2,,,,,,False,NPASS,370.3570000000001,3.6274000000000024,4.0,7.0,120.36000000000001,4.0,0.40871866160865344,3.0,3.0,True,XHGNOEWBXVPYDM,False
NPC190117,"InChI=1S/C5H11NO2/c1-5(2)3-4-8-6-7/h5H,3-4H2,1-2H3",OWFXIOWLTKNBAP-UHFFFAOYSA-N,CC(C)CCON=O,3-Methylbutyl Nitrite,3-methylbutyl nitrite,CHEMBL1535371,8053,1,8,Leibnitzia anandria,Leibnitzia,Asteraceae,Viridiplantae,Leibnitzia anandria,n.a.,1,,,,,,False,NPASS,117.148,1.7305,0.0,3.0,38.66,4.0,0.319285843467913,0.0,0.0,True,OWFXIOWLTKNBAP,False
NPC475831,"InChI=1S/C32H46O4/c1-8-9-10-11-20-17-24-27(22-16-19(2)12-13-23(22)31(5,6)36-24)28(33)26(20)29(34)35-25-18-21-14-15-32(25,7)30(21,3)4/h16-17,21-23,25,33H,8-15,18H2,1-7H3/t21-,22-,23-,25+,32-/m1/s1",YEGSYHNTNPSTNB-VEHIDTHESA-N,CCCCCC1=CC2=C(C3C=C(CCC3C(O2)(C)C)C)C(=C1C(=O)OC4CC5CCC4(C5(C)C)C)O,YEGSYHNTNPSTNB-VEHIDTHESA-N,n.a.,n.a.,24862478,1,0,Cannabis sativa,Cannabis,Cannabaceae,Viridiplantae,Cannabis sativa,n.a.,1,,,,,,False,NPASS,494.71600000000035,8.107400000000005,1.0,4.0,55.760000000000005,6.0,0.24646994176807752,5.0,1.0,True,YEGSYHNTNPSTNB,False
NPC164086,"InChI=1S/C10H10O2/c1-8(11)7-10(12)9-5-3-2-4-6-9/h2-6H,7H2,1H3",CVBUKMMMRLOKQR-UHFFFAOYSA-N,O=C(c1ccccc1)CC(=O)C,"1-Phenylbutane-1,3-Dione","1-phenylbutane-1,3-dione",CHEMBL3186793,7166,5,2,Schisandra chinensis; Scutellaria baicalensis; scutellaria balcalensis,Schisandra; Scutellaria,Lamiaceae; Schisandraceae,Viridiplantae,Schisandra chinensis; Scutellaria baicalensis; Scutellaria balcalensis,n.a.,3,,,,,,False,NPASS,162.18799999999996,1.8484,0.0,2.0,34.14,3.0,0.5017346708508192,1.0,1.0,True,CVBUKMMMRLOKQR,False
NPC472024,"InChI=1S/C16H24O9/c1-23-11-5-8(4-9(19)6-17)2-3-10(11)24-16-15(22)14(21)13(20)12(7-18)25-16/h2-3,5,9,12-22H,4,6-7H2,1H3/t9-,12-,13-,14+,15-,16-/m1/s1",LRRJMKSXWYAANN-YYMOATHLSA-N,COC1=C(C=CC(=C1)CC(CO)O)OC2C(C(C(C(O2)CO)O)O)O,LRRJMKSXWYAANN-YYMOATHLSA-N,n.a.,CHEMBL3326611,n.a.,1,2,Piper retrofractum,Piper,Piperaceae,Viridiplantae,Piper retrofractum,n.a.,1,,,,,,False,NPASS,360.3590000000001,-2.230399999999999,6.0,9.0,149.07,7.0,0.31753543794261535,2.0,1.0,True,LRRJMKSXWYAANN,False
NPC44707,"InChI=1S/C32H51NO9/c1-6-16(3)27(37)41-26-24(36)23-17(14-33-13-15(2)7-8-21(33)29(23,5)38)18-12-30-25(31(18,26)39)19(34)11-20-28(30,4)10-9-22(35)32(20,40)42-30/h15-26,34-36,38-40H,6-14H2,1-5H3/t15-,16+,17-,18-,19+,20-,21-,22-,23+,24+,25+,26-,28-,29+,30+,31-,32+/m0/s1",MVWBBTKAXTUNEE-FXWKDPFOSA-N,CC[C@@H](C)C(=O)O[C@H]1[C@@H]([C@H]2[C@@H](CN3C[C@@H](C)CC[C@H]3[C@@]2(C)O)[C@@H]2C[C@@]34[C@@H]([C@@H](C[C@H]5[C@]3(C)CC[C@@H]([C@]5(O)O4)O)O)[C@]12O)O,MVWBBTKAXTUNEE-FXWKDPFOSA-N,n.a.,n.a.,101428718,12,0,Artemisia spicigera; Phyllanthus acuminatus; Sigmadocia symbiotica; Stemonoporus canaliculatus; Tetrapleura tetraptera; n.a.,Artemisia; Bauhinia; Bulnesia; Delphinium; Haliclona; Perezia; Phyllanthus; Pteronia; Sarcodontia; Stemonoporus; Tetrapleura; Uncaria,Asteraceae; Chalinidae; Dipterocarpaceae; Fabaceae; Meruliaceae; Pereziidae; Phyllanthaceae; Ranunculaceae; Rubiaceae; Zygophyllaceae,Fungi; Metazoa; Viridiplantae,Artemisia spicigera; Bauhinia manca; Bulnesia retama; Delphinium ternatum; Perezia cuernavacana; Phyllanthus acuminatus; Pteronia stricta; Sarcodontia setosa; Sigmadocia symbiotica; Stemonoporus canaliculatus; Tetrapleura tetraptera; Uncaria borneensis,n.a.,12,,,,,,False,NPASS,593.7580000000005,0.7829000000000015,6.0,10.0,160.15,3.0,0.2582739965082699,7.0,0.0,True,MVWBBTKAXTUNEE,False
NPC4390,"InChI=1S/C22H20O12/c1-31-21(30)20-18(28)17(27)19(29)22(34-20)33-14-4-8(2-3-10(14)24)13-7-12(26)16-11(25)5-9(23)6-15(16)32-13/h2-7,17-20,22-25,27-29H,1H3/t17-,18-,19+,20-,22+/m0/s1",YJPDUFUDVOEGKU-SXFAUFNYSA-N,COC(=O)[C@@H]1[C@H]([C@@H]([C@H]([C@H](Oc2cc(ccc2O)c2cc(=O)c3c(cc(cc3o2)O)O)O1)O)O)O,"Methyl (2S,3S,4S,5R,6S)-6-[5-(5,7-Dihydroxy-4-Oxochromen-2-Yl)-2-Hydroxyphenoxy]-3,4,5-Trihydroxyoxane-2-Carboxylate","methyl (2S,3S,4S,5R,6S)-6-[5-(5,7-dihydroxy-4-oxochromen-2-yl)-2-hydroxyphenoxy]-3,4,5-trihydroxyoxane-2-carboxylate",CHEMBL239349,44439687,1,11,Vitex negundo,Vitex,Lamiaceae,Viridiplantae,Vitex negundo,n.a.,1,,,,,,False,NPASS,476.3900000000002,-0.0638000000000008,6.0,12.0,196.35,4.0,0.27479868696990634,4.0,3.0,False,YJPDUFUDVOEGKU,False
NPC324353,"InChI=1S/C4H9ClO/c5-3-1-2-4-6/h6H,1-4H2",HXHGULXINZUGJX-UHFFFAOYSA-N,C(CCCl)CO,4-Chlorobutan-1-Ol,4-chlorobutan-1-ol,CHEMBL2260957,13569,1,3,Vitis vinifera,Vitis,Vitaceae,Viridiplantae,Vitis vinifera,n.a.,1,,,,,,False,NPASS,108.56799999999998,0.9977,1.0,1.0,20.23,3.0,0.4225232157140757,0.0,0.0,True,HXHGULXINZUGJX,False
NPC233225,"InChI=1S/C13H10O5/c1-15-9-5-11(18-13(14)6-9)8-2-3-10-12(4-8)17-7-16-10/h2-6H,7H2,1H3",ZSJPJQCPMSZDJX-UHFFFAOYSA-N,COc1cc(c2ccc3c(c2)OCO3)oc(=O)c1,ZSJPJQCPMSZDJX-UHFFFAOYSA-N,n.a.,n.a.,249889,6,0,Aedes aegypti; n.a.,Aedes; Calea,Culicidae; n.a.,Metazoa; n.a.,Aedes aegypti; Calea urticifolia,n.a.,6,,,,,,False,NPASS,246.21799999999996,2.0441000000000003,0.0,5.0,57.9,2.0,0.8111381187253518,3.0,2.0,True,ZSJPJQCPMSZDJX,False
NPC275992,"InChI=1S/C4H6BrIO2/c1-2-8-4(7)3(5)6/h3H,2H2,1H3/t3-/m1/s1",CVMRTPHUCUFKLQ-GSVOUGTGSA-N,CCOC(=O)[C@H](Br)I,CVMRTPHUCUFKLQ-GSVOUGTGSA-N,n.a.,n.a.,n.a.,4,0,Ainsliaea dissecta; Platycarphella carlinoides; Pulicaria dysenterica; n.a.,Ainsliaea; Platycarphella; Pulicaria; Uncaria,Asteraceae; Rubiaceae,Viridiplantae,Ainsliaea dissecta; Platycarphella carlinoides; Pulicaria dysenterica; Uncaria quadrangularis,n.a.,4,,,,,,False,NPASS,292.89799999999997,1.7055,0.0,2.0,26.3,2.0,0.4399422194364568,0.0,0.0,True,CVMRTPHUCUFKLQ,False
NPC329656,"InChI=1S/C22H34O3/c1-15(2)19-12-10-16(3)8-7-9-17(4)11-13-20-22(6,25-20)21(14-19)24-18(5)23/h9-10,12,15,20-21H,7-8,11,13-14H2,1-6H3/b16-10-,17-9+,19-12-/t20-,21-,22+/m0/s1",DGDSKYGEKMVUCF-AZVOUQKQSA-N,CC1=CCCC(=CC=C(CC(C2(C(O2)CC1)C)OC(=O)C)C(C)C)C,Gibberosene B,"[(1S,4E,8Z,10Z,13S,14R)-4,8,14-trimethyl-11-propan-2-yl-15-oxabicyclo[12.1.0]pentadeca-4,8,10-trien-13-yl] acetate",CHEMBL404665,44448197,1,4,Sinularia gibberosa,Sinularia,Alcyoniidae,Metazoa,Sinularia gibberosa,Formosan soft coral,1,,,,,,False,NPASS,346.5110000000001,5.514700000000006,0.0,3.0,38.83,2.0,0.3755562464852572,2.0,0.0,True,DGDSKYGEKMVUCF,False
NPC147800,"InChI=1S/C49H78O16/c1-25(2)26(3)19-38(51)63-37-24-36-45(8)15-14-32(20-31(45)13-16-48(36,54)49(55)18-17-47(53,30(7)50)46(37,49)9)62-39-22-34(57-11)43(28(5)60-39)65-41-23-35(58-12)44(29(6)61-41)64-40-21-33(56-10)42(52)27(4)59-40/h13,19,25,27-29,32-37,39-44,52-55H,14-18,20-24H2,1-12H3/b26-19+/t27-,28-,29-,32-,33-,34-,35-,36-,37-,39+,40+,41+,42-,43-,44-,45+,46-,47-,48-,49+/m1/s1",YLHXSKZGPASTOD-UPPXEMQLSA-N,CC(C)/C(=C/C(=O)O[C@@H]1C[C@@H]2[C@@]3(C)CC[C@H](CC3=CC[C@@]2([C@@]2(CC[C@@](C(=O)C)([C@@]12C)O)O)O)O[C@H]1C[C@H]([C@@H]([C@@H](C)O1)O[C@H]1C[C@H]([C@@H]([C@@H](C)O1)O[C@H]1C[C@H]([C@@H]([C@@H](C)O1)O)OC)OC)OC)/C,YLHXSKZGPASTOD-UPPXEMQLSA-N,n.a.,n.a.,n.a.,33,0,Actinodaphne pruinosa; Axinella polypoides; Bromelia pinguin; Croton urucurana; Cynanchum wilfordii; Dendrobium gibsonii; Flemingia philippinensis; Harpullia ramiflora; Helicoon richonis; Indigofera tinctoria; Jacobaea othonnae; Marsupella aquatica; Mesembryanthemum tortuosum; Paenibacillus thiaminolyticus; Periplaneta americana; Picea engelmannii; Polypodium niponicum; Sulla coronaria; Thalictrum aquilegiifolium; n.a.,Actinodaphne; Artemisia; Axinella; Bromelia; Centaurea; Croton; Cynanchum; Dendrobium; Dysidea; Flemingia; Harpullia; Helicoon; Indigofera; Jacobaea; Marsupella; Mesembryanthemum; Paenibacillus; Periplaneta; Picea; Polypodium; Polyporus; Randia; Sulla; Thalictrum,Aizoaceae; Apocynaceae; Asteraceae; Axinellidae; Blattoidae; Bromeliaceae; Dysideidae; Euphorbiaceae; Fabaceae; Gymnomitriaceae; Lauraceae; Orbiliaceae; Orchidaceae; Paenibacillaceae; Pinaceae; Polypodiaceae; Polyporaceae; Ranunculaceae; Rubiaceae; Sapindaceae,Fungi; Metazoa; Viridiplantae; n.a.,Actinodaphne pruinosa; Artemisia latifolia; Axinella polypoides; Bromelia pinguin; Centaurea ferox; Croton urucurana; Cynanchum wilfordii; Dendrobium gibsonii; Dysidea chlorea; Flemingia philippinensis; Harpullia ramiflora; Hedysarum coronarium; Helicoon richonis; Indigofera tinctoria; Jacobaea othonnae; Marsupella aquatica; Mesembryanthemum tortuosum; Paenibacillus thiaminolyticus; Periplaneta americana; Picea engelmannii; Polypodium niponicum; Polyporus fomentarius; Randia formosa; Thalictrum aquilegiifolium,n.a.,33,,,,,,False,NPASS,923.1470000000003,4.589300000000007,4.0,16.0,207.35999999999996,13.0,0.11325740631112191,7.0,0.0,False,YLHXSKZGPASTOD,False
NPC485497,"InChI=1S/C20H32O3/c1-7-13(2)14-12-15-18(5,23-14)10-11-20(22)17(3,4)9-8-16(21)19(15,20)6/h7,14-15,22H,8-12H2,1-6H3/b13-7+/t14-,15-,18+,19-,20+/m0/s1",FQYUAQGDVORRCL-OOJYTEFNSA-N,C/C=C(\C)/[C@@H]1C[C@H]2[C@@](C)(CC[C@]3(C(C)(C)CCC(=O)[C@]23C)O)O1,FQYUAQGDVORRCL-OOJYTEFNSA-N,n.a.,n.a.,122184649,1,6,Scapania irrigua,Scapania,Scapaniaceae,Viridiplantae,Scapania irrigua,n.a.,1,,,,,,False,NPASS,320.473,4.036700000000004,1.0,3.0,46.53,1.0,0.7418319990659545,3.0,0.0,True,FQYUAQGDVORRCL,False
NPC191310,"InChI=1S/C19H21NO4/c1-5-23-18(21)15-12(3)20-13(4)16(19(22)24-6-2)17(15)14-10-8-7-9-11-14/h7-11H,5-6H2,1-4H3",VQDKSJMDSZZJER-UHFFFAOYSA-N,CCOC(=O)c1c(C)nc(C)c(c1c1ccccc1)C(=O)OCC,"Diethyl 2,6-Dimethyl-4-Phenylpyridine-3,5-Dicarboxylate","diethyl 2,6-dimethyl-4-phenylpyridine-3,5-dicarboxylate",CHEMBL1583690,629929,14,18,Alphonsea mollis; Callicarpa pentandra; Cassia abbreviata; Holcus mollis; Kadsura coccinea; Meehania fargesii; Rhamnus prinoides; n.a.,Alphonsea; Callicarpa; Cassia; Haliclona; Holcus; Jatropha; Kadsura; Meehania; Rhamnus; Rubia; Styrax; Vernonia; n.a.,Annonaceae; Asteraceae; Chalinidae; Euphorbiaceae; Fabaceae; Lamiaceae; Poaceae; Rhamnaceae; Rubiaceae; Schisandraceae; Styracaceae; n.a.,Metazoa; Viridiplantae; n.a.,Alphonsea mollis; Callicarpa pentandra; Cassia abbreviata; Haliclona tulearensis; Holcus mollis; Jatropha elliptica; Kadsura coccinea; Lesquerella angustifolia; Meehania fargesii; Piptothrix sinaloae; Rhamnus prinoides; Rubia sikkimensis; Styrax macranthus; Vernonia sublutea,n.a.,14,,,,,,False,NPASS,327.3800000000001,3.718840000000003,0.0,5.0,65.49,5.0,0.7831297961081164,2.0,2.0,True,VQDKSJMDSZZJER,False
NPC119059,"InChI=1S/C16H12O7/c17-6-9-15(22)14-12(21)4-8(18)5-13(14)23-16(9)7-1-2-10(19)11(20)3-7/h1-5,17-21H,6H2",NWYYMLNNXGJOKK-UHFFFAOYSA-N,c1cc(c(cc1c1c(CO)c(=O)c2c(cc(cc2o1)O)O)O)O,Ophioglonol,"2-(3,4-dihydroxyphenyl)-5,7-dihydroxy-3-(hydroxymethyl)chromen-4-one",CHEMBL1773608,11347622,1,0,Ophioglossum pedunculosum,Ophioglossum,Ophioglossaceae,Viridiplantae,Ophioglossum pedunculosum,whole plant,1,,,,,,False,NPASS,316.265,1.774700000000001,5.0,7.0,131.36,2.0,0.45520903514879596,3.0,3.0,True,NWYYMLNNXGJOKK,False
NPC471886,"InChI=1S/C32H52O4/c1-20(2)18-22(34-8)19-21(3)23-12-14-30(7)24-13-15-32-25(10-11-26(33)28(32,4)5)31(24,27(35-9)36-32)17-16-29(23,30)6/h13,15,18,21-27,33H,10-12,14,16-17,19H2,1-9H3/t21-,22-,23+,24-,25-,26-,27+,29-,30+,31+,32-/m0/s1",CRZHMFVUXYIFSA-LUOBXCQLSA-N,CC(CC(C=C(C)C)OC)C1CCC2(C1(CCC34C2C=CC5(C3CCC(C5(C)C)O)OC4OC)C)C,CRZHMFVUXYIFSA-LUOBXCQLSA-N,n.a.,CHEMBL3264660,90677196,1,1,Momordica charantia,Momordica,Cucurbitaceae,Viridiplantae,Momordica charantia,n.a.,1,,,,,,False,NPASS,500.76400000000024,6.92120000000001,1.0,4.0,47.92,6.0,0.4021535603273941,5.0,0.0,True,CRZHMFVUXYIFSA,False
NPC320543,"InChI=1S/C11H16O6/c1-3-17-9(12)6-4-5-8(11(15)16)7(2)10(13)14/h8H,2-6H2,1H3,(H,13,14)(H,15,16)",DFYGVGBRRIMUSH-UHFFFAOYSA-N,CCOC(=O)CCCC(C(=C)C(=O)O)C(=O)O,DFYGVGBRRIMUSH-UHFFFAOYSA-N,n.a.,n.a.,23652019,1,0,Aspergillus niger,Aspergillus,Aspergillaceae,Fungi,Aspergillus niger,n.a.,1,,,,,,False,NPASS,244.24299999999997,1.0614,2.0,4.0,100.90000000000002,8.0,0.48876755480899736,0.0,0.0,True,DFYGVGBRRIMUSH,False
NPC469926,"InChI=1S/C24H44O4/c1-4-5-6-7-8-9-10-11-12-13-14-15-16-17-18-23(2)20-24(3)21(27-28-23)19-22(25)26-24/h21H,4-20H2,1-3H3/t21-,23+,24-/m0/s1",RQLPMLXGGRXMIS-QTJGBDASSA-N,CCCCCCCCCCCCCCCC[C@@]1(C)OO[C@@H]2[C@@](C1)(C)OC(=O)C2,"(3R,4As,7As)-3-Hexadecyl-3,4A-Dimethyltetrahydrofuro[3,2-C][1,2]Dioxin-6(3H)-One","(3R,4aS,7aS)-3-hexadecyl-3,4a-dimethyl-7,7a-dihydro-4H-furo[3,2-c][1,2]dioxin-6-one",CHEMBL1271158,52944481,1,4,Plakortis halichondrioides,Plakortis,Plakinidae,Metazoa,Plakortis halichondrioides,Puerto Rican,1,,,,,,False,NPASS,396.61200000000014,7.042600000000007,0.0,4.0,44.760000000000005,15.0,0.16904160202802496,2.0,0.0,True,RQLPMLXGGRXMIS,False
NPC100558,"InChI=1S/C22H26O11/c23-10-17-19(29)21(33-18(28)9-12-2-4-14(25)16(27)8-12)20(30)22(32-17)31-6-5-11-1-3-13(24)15(26)7-11/h1-4,7-8,17,19-27,29-30H,5-6,9-10H2/t17-,19-,20-,21+,22-/m1/s1",FLSBWXVHDVCNEZ-OHLDOZIISA-N,OC[C@H]1O[C@@H](OCCc2ccc(c(c2)O)O)[C@@H]([C@H]([C@@H]1O)OC(=O)Cc1ccc(c(c1)O)O)O,Ternstroside C,"[(2R,3R,4S,5R,6R)-2-[2-(3,4-dihydroxyphenyl)ethoxy]-3,5-dihydroxy-6-(hydroxymethyl)oxan-4-yl] 2-(3,4-dihydroxyphenyl)acetate",CHEMBL446760,16091521,2,2,Ternstroemia japonica,Ternstroemia,Pentaphylacaceae,Viridiplantae,Ternstroemia japonica,leaf; n.a.,1,,,,,,False,NPASS,466.43900000000025,-0.3384000000000006,7.0,11.0,186.36999999999998,8.0,0.19927350309577951,3.0,2.0,False,FLSBWXVHDVCNEZ,False
NPC302146,"InChI=1S/C20H28O8/c1-7-4-10(21)15(24)18(3)9(7)5-11-19-6-27-20(26,17(18)19)14(23)8(2)12(19)13(22)16(25)28-11/h4,8-15,17,21-24,26H,5-6H2,1-3H3/t8-,9+,10+,11-,12-,13-,14-,15-,17-,18-,19+,20+/m1/s1",YJIBLZYQKYKXFP-GVLZQXCASA-N,CC1=C[C@@H]([C@H]([C@@]2(C)[C@H]1C[C@@H]1[C@@]34CO[C@@]([C@@H]([C@H](C)[C@@H]3[C@H](C(=O)O1)O)O)([C@H]24)O)O)O,Glaucarubol,n.a.,CHEMBL472650,12310233,1,5,Simaba cedron,Simaba,Simaroubaceae,Viridiplantae,Simaba cedron,n.a.,1,,,,,,False,NPASS,396.4360000000001,-1.0711999999999993,5.0,8.0,136.68,0.0,0.2578831535360648,5.0,0.0,True,YJIBLZYQKYKXFP,False
